id,word,created_at,context_id,reading,part_of_speech,updated_at,meanings,sub_part_of_speech,jlpt,source_id,kana_type,learned,language,concept_id,gender,plural,cefr
1,おにぎり,2026-06-28T05:34:01.023883+00:00,1,,noun,2026-08-28T15:27:38.173273+00:00,"[""rice ball""]",,,39,hiragana,true,ja,32,,,
2,レジ,2026-06-28T05:34:01.023883+00:00,1,,noun,2026-08-28T15:27:38.173273+00:00,"[""cashier / register""]",,,39,katakana,false,ja,807,,,
3,割引,2026-06-28T05:34:01.023883+00:00,1,わりびき,noun,2026-08-28T15:27:38.173273+00:00,"[""discount""]",,n3,39,kanji,false,ja,310,,,
4,弁当,2026-06-28T05:34:01.023883+00:00,1,べんとう,noun,2026-08-28T15:27:38.173273+00:00,"[""bento box""]",,,37,kanji,false,ja,788,,,
5,温める,2026-06-28T05:34:01.023883+00:00,1,あたためる,verb,2026-08-28T15:27:38.173273+00:00,"[""to heat up""]",ichidan verb,,39,kanji,false,ja,1202,,,
6,袋,2026-06-28T05:34:01.023883+00:00,1,ふくろ,noun,2026-08-28T15:27:38.173273+00:00,"[""bag""]",,,39,kanji,false,ja,887,,,
7,レシート,2026-06-28T05:34:01.023883+00:00,1,,noun,2026-08-28T15:27:38.173273+00:00,"[""receipt""]",,,39,katakana,false,ja,594,,,
8,店員,2026-06-28T05:34:01.023883+00:00,1,てんいん,noun,2026-08-28T15:27:38.173273+00:00,"[""store staff""]",,n4,39,kanji,false,ja,765,,,
9,飲み物,2026-06-28T05:34:01.023883+00:00,1,のみもの,noun,2026-08-28T15:27:38.173273+00:00,"[""drink / beverage""]",,n5,39,kanji,false,ja,1123,,,
10,コピー,2026-06-28T05:34:01.023883+00:00,1,,noun,2026-08-28T15:27:38.173273+00:00,"[""photocopy""]",,,39,katakana,false,ja,886,,,
11,出口,2026-06-28T05:34:01.023883+00:00,2,でぐち,noun,2026-08-28T15:27:38.173273+00:00,"[""exit""]",,n5,,kanji,false,ja,51,,,
12,入口,2026-06-28T05:34:01.023883+00:00,2,いりぐち,noun,2026-08-28T15:27:38.173273+00:00,"[""entrance""]",,n5,,kanji,false,ja,1469,,,
13,乗り換え,2026-06-28T05:34:01.023883+00:00,2,のりかえ,noun,2026-08-28T15:27:38.173273+00:00,"[""transfer (train)""]",,n3,19,kanji,false,ja,1259,,,
14,改札,2026-06-28T05:34:01.023883+00:00,2,かいさつ,noun,2026-08-28T15:27:38.173273+00:00,"[""ticket gate""]",,,,kanji,false,ja,188,,,
15,ホーム,2026-06-28T05:34:01.023883+00:00,2,,noun,2026-08-28T15:27:38.173273+00:00,"[""platform""]",,,,katakana,true,ja,414,,,
16,定期券,2026-06-28T05:34:01.023883+00:00,2,ていきけん,noun,2026-08-28T15:27:38.173273+00:00,"[""commuter pass""]",,,,kanji,false,ja,450,,,
17,遅延,2026-06-28T05:34:01.023883+00:00,2,ちえん,noun,2026-08-28T15:27:38.173273+00:00,"[""delay""]",,,,kanji,false,ja,926,,,
18,終電,2026-06-28T05:34:01.023883+00:00,2,しゅうでん,noun,2026-08-28T15:27:38.173273+00:00,"[""last train""]",,,,kanji,false,ja,1009,,,
19,運賃,2026-06-28T05:34:01.023883+00:00,2,うんちん,noun,2026-08-28T15:27:38.173273+00:00,"[""fare""]",,,,kanji,false,ja,172,,,
20,自由席,2026-06-28T05:34:01.023883+00:00,2,じゆうせき,noun,2026-08-28T15:27:38.173273+00:00,"[""unreserved seat""]",,,,kanji,false,ja,373,,,
21,試着,2026-06-28T05:34:01.023883+00:00,3,しちゃく,noun,2026-08-28T15:27:38.173273+00:00,"[""fitting / trying on clothes""]",,,,kanji,false,ja,375,,,
22,サイズ,2026-06-28T05:34:01.023883+00:00,3,,noun,2026-08-28T15:27:38.173273+00:00,"[""size""]",,,,katakana,false,ja,1250,,,
23,在庫,2026-06-28T05:34:01.023883+00:00,3,ざいこ,noun,2026-08-28T15:27:38.173273+00:00,"[""stock / inventory""]",,,,kanji,false,ja,589,,,
24,返品,2026-06-28T05:34:01.023883+00:00,3,へんぴん,noun,2026-08-28T15:27:38.173273+00:00,"[""return of goods""]",,,,kanji,false,ja,7,,,
25,セール,2026-06-28T05:34:01.023883+00:00,3,,noun,2026-08-28T15:27:38.173273+00:00,"[""sale""]",,,,katakana,false,ja,708,,,
26,送料,2026-06-28T05:34:01.023883+00:00,3,そうりょう,noun,2026-08-28T15:27:38.173273+00:00,"[""shipping fee""]",,,,kanji,false,ja,1467,,,
27,綿,2026-06-28T05:34:01.023883+00:00,3,めん,noun,2026-08-28T15:27:38.173273+00:00,"[""cotton""]",,,,kanji,false,ja,933,,,
28,色違い,2026-06-28T05:34:01.023883+00:00,3,いろちがい,noun,2026-08-28T15:27:38.173273+00:00,"[""different color variant""]",,,,kanji,false,ja,1007,,,
29,会計,2026-06-28T05:34:01.023883+00:00,3,かいけい,noun,2026-08-28T15:27:38.173273+00:00,"[""checkout / payment""]",,,,kanji,false,ja,665,,,
30,ポイント,2026-06-28T05:34:01.023883+00:00,3,,noun,2026-08-28T15:27:38.173273+00:00,"[""points / rewards""]",,,21,katakana,false,ja,990,,,
31,充電器,2026-06-28T05:34:01.023883+00:00,4,じゅうでんき,noun,2026-08-28T15:27:38.173273+00:00,"[""charger""]",,,,kanji,false,ja,405,,,
32,保証,2026-06-28T05:34:01.023883+00:00,4,ほしょう,noun,2026-08-28T15:27:38.173273+00:00,"[""warranty""]",,,,kanji,false,ja,899,,,
33,展示品,2026-06-28T05:34:01.023883+00:00,4,てんじひん,noun,2026-08-28T15:27:38.173273+00:00,"[""display item""]",,,,kanji,false,ja,1044,,,
34,在庫切れ,2026-06-28T05:34:01.023883+00:00,4,ざいこぎれ,noun,2026-08-28T15:27:38.173273+00:00,"[""out of stock""]",,,,kanji,false,ja,275,,,
35,修理,2026-06-28T05:34:01.023883+00:00,4,しゅうり,noun,2026-08-28T15:27:38.173273+00:00,"[""repair""]",,,18,kanji,false,ja,973,,,
36,新品,2026-06-28T05:34:01.023883+00:00,4,しんぴん,noun,2026-08-28T15:27:38.173273+00:00,"[""brand new""]",,,,kanji,false,ja,90,,,
37,中古,2026-06-28T05:34:01.023883+00:00,4,ちゅうこ,noun,2026-08-28T15:27:38.173273+00:00,"[""secondhand""]",,,15,kanji,false,ja,987,,,
38,取扱説明書,2026-06-28T05:34:01.023883+00:00,4,とりあつかいせつめいしょ,noun,2026-08-28T15:27:38.173273+00:00,"[""instruction manual""]",,,,kanji,false,ja,1260,,,
39,電池,2026-06-28T05:34:01.023883+00:00,4,でんち,noun,2026-08-28T15:27:38.173273+00:00,"[""battery""]",,,28,kanji,false,ja,904,,,
40,対応,2026-06-28T05:34:01.023883+00:00,4,たいおう,noun,2026-08-28T15:27:38.173273+00:00,"[""compatible / support""]",,n3,21,kanji,false,ja,1178,,,
41,野菜,2026-06-28T05:34:01.023883+00:00,5,やさい,noun,2026-08-28T15:27:38.173273+00:00,"[""vegetables""]",,n5,,kanji,false,ja,1158,,,
42,果物,2026-06-28T05:34:01.023883+00:00,5,くだもの,noun,2026-08-28T15:27:38.173273+00:00,"[""fruit""]",,n5,,kanji,false,ja,1420,,,
43,肉,2026-06-28T05:34:01.023883+00:00,5,にく,noun,2026-08-28T15:27:38.173273+00:00,"[""meat""]",,n5,,kanji,false,ja,804,,,
44,魚,2026-06-28T05:34:01.023883+00:00,5,さかな,noun,2026-08-28T15:27:38.173273+00:00,"[""fish""]",,n5,,kanji,false,ja,696,,,
45,冷凍,2026-06-28T05:34:01.023883+00:00,5,れいとう,noun,2026-08-28T15:27:38.173273+00:00,"[""frozen""]",,,,kanji,false,ja,746,,,
46,賞味期限,2026-06-28T05:34:01.023883+00:00,5,しょうみきげん,noun,2026-08-28T15:27:38.173273+00:00,"[""best before date""]",,,,kanji,false,ja,141,,,
47,特売,2026-06-28T05:34:01.023883+00:00,5,とくばい,noun,2026-08-28T15:27:38.173273+00:00,"[""special sale""]",,,,kanji,false,ja,1274,,,
48,国産,2026-06-28T05:34:01.023883+00:00,5,こくさん,noun,2026-08-28T15:27:38.173273+00:00,"[""domestically produced""]",,,,kanji,false,ja,1452,,,
49,有機,2026-06-28T05:34:01.023883+00:00,5,ゆうき,noun,2026-08-28T15:27:38.173273+00:00,"[""organic""]",,,,kanji,false,ja,448,,,
50,豆腐,2026-06-28T05:34:01.023883+00:00,5,とうふ,noun,2026-08-28T15:27:38.173273+00:00,"[""tofu""]",,n4,37,kanji,false,ja,745,,,
51,散髪,2026-06-28T05:34:01.023883+00:00,6,さんぱつ,noun,2026-08-28T15:27:38.173273+00:00,"[""haircut""]",,,,kanji,false,ja,918,,,
52,予約,2026-06-28T05:34:01.023883+00:00,6,よやく,noun,2026-08-28T15:27:38.173273+00:00,"[""reservation""]",,n4,,kanji,false,ja,415,,,
53,整髪料,2026-06-28T05:34:01.023883+00:00,6,せいはつりょう,noun,2026-08-28T15:27:38.173273+00:00,"[""hair styling product""]",,,,kanji,false,ja,866,,,
54,髭剃り,2026-06-28T05:34:01.023883+00:00,6,ひげそり,noun,2026-08-28T15:27:38.173273+00:00,"[""shaving""]",,,,kanji,false,ja,163,,,
55,前髪,2026-06-28T05:34:01.023883+00:00,6,まえがみ,noun,2026-08-28T15:27:38.173273+00:00,"[""bangs / fringe""]",,,,kanji,false,ja,296,,,
56,短め,2026-06-28T05:34:01.023883+00:00,6,みじかめ,noun,2026-08-28T15:27:38.173273+00:00,"[""shorter (than usual)""]",,,,kanji,false,ja,1331,,,
57,仕上げ,2026-06-28T05:34:01.023883+00:00,6,しあげ,noun,2026-08-28T15:27:38.173273+00:00,"[""finishing touches""]",,,,kanji,false,ja,264,,,
58,洗髪,2026-06-28T05:34:01.023883+00:00,6,せんぱつ,noun,2026-08-28T15:27:38.173273+00:00,"[""hair washing""]",,,,kanji,false,ja,255,,,
59,眉毛,2026-06-28T05:34:01.023883+00:00,6,まゆげ,noun,2026-08-28T15:27:38.173273+00:00,"[""eyebrows""]",,,,kanji,false,ja,41,,,
60,カット,2026-06-28T05:34:01.023883+00:00,6,,noun,2026-08-28T15:27:38.173273+00:00,"[""cut""]",,,,katakana,false,ja,262,,,
61,注文,2026-06-28T05:34:01.023883+00:00,7,ちゅうもん,noun,2026-08-28T15:27:38.173273+00:00,"[""order""]",,n4,,kanji,false,ja,1441,,,
62,定食,2026-06-28T05:34:01.023883+00:00,7,ていしょく,noun,2026-08-28T15:27:38.173273+00:00,"[""set meal""]",,,,kanji,false,ja,549,,,
63,おすすめ,2026-06-28T05:34:01.023883+00:00,7,,noun,2026-08-28T15:27:38.173273+00:00,"[""recommendation""]",,,,hiragana,false,ja,146,,,
64,メニュー,2026-06-28T05:34:01.023883+00:00,7,,noun,2026-08-28T15:27:38.173273+00:00,"[""menu""]",,,,katakana,false,ja,516,,,
65,お会計,2026-06-28T05:34:01.023883+00:00,7,おかいけい,noun,2026-08-28T15:27:38.173273+00:00,"[""bill / check""]",,,,kanji,false,ja,934,,,
66,満席,2026-06-28T05:34:01.023883+00:00,7,まんせき,noun,2026-08-28T15:27:38.173273+00:00,"[""fully occupied / full""]",,,,kanji,false,ja,1163,,,
67,持ち帰り,2026-06-28T05:34:01.023883+00:00,7,もちかえり,noun,2026-08-28T15:27:38.173273+00:00,"[""takeout""]",,,,kanji,false,ja,1459,,,
68,辛さ,2026-06-28T05:34:01.023883+00:00,7,からさ,noun,2026-08-28T15:27:38.173273+00:00,"[""spiciness level""]",,,,kanji,false,ja,349,,,
69,禁煙,2026-06-28T05:34:01.023883+00:00,7,きんえん,noun,2026-08-28T15:27:38.173273+00:00,"[""no smoking""]",,n2,,kanji,false,ja,851,,,
70,食べ放題,2026-06-28T05:34:01.023883+00:00,7,たべほうだい,noun,2026-08-28T15:27:38.173273+00:00,"[""all you can eat""]",,,6,kanji,false,ja,452,,,
71,政見,2026-07-11T13:14:50.449003+00:00,,せいけん,noun,2026-08-28T15:27:38.173273+00:00,"[""political views, political opinions""]",,n1,,kanji,false,ja,704,,,
72,小さい,2026-07-11T13:14:50.449003+00:00,21,ちいさい,adjective,2026-08-28T15:27:38.173273+00:00,"[""small, little, tiny"", ""quiet (voice), young""]",i-adjective,n5,,kanji,false,ja,312,,,
73,宮殿,2026-07-11T13:14:50.449003+00:00,,きゅうでん,noun,2026-08-28T15:27:38.173273+00:00,"[""palace"", ""royal residence""]",,n2,,kanji,false,ja,287,,,
74,短い,2026-07-11T13:14:50.449003+00:00,21,みじかい,adjective,2026-08-28T15:27:38.173273+00:00,"[""short (length, time)"", ""brief""]",i-adjective,n4,,kanji,false,ja,957,,,
75,潔い,2026-07-11T13:14:50.449003+00:00,,いさぎよい,adjective,2026-08-28T15:27:38.173273+00:00,"[""upright, manly, gallant"", ""pure, clean, righteous""]",i-adjective,n2,,kanji,false,ja,1068,,,
76,困難,2026-07-11T13:14:50.449003+00:00,,こんなん,noun,2026-08-28T15:27:38.173273+00:00,"[""difficulty, hardship"", ""trouble, obstacle""]",,n2,,kanji,false,ja,269,,,
77,仮面,2026-07-11T13:14:50.449003+00:00,,かめん,noun,2026-08-28T15:27:38.173273+00:00,"[""mask"", ""facade, disguise""]",,n2,,kanji,false,ja,79,,,
78,意義,2026-07-11T13:14:50.449003+00:00,,いぎ,noun,2026-08-28T15:27:38.173273+00:00,"[""meaning, significance"", ""importance, purpose""]",,n2,,kanji,false,ja,424,,,
79,多い,2026-07-11T13:14:50.449003+00:00,19,おおい,adjective,2026-08-28T15:27:38.173273+00:00,"[""many, numerous, a lot"", ""frequent, common""]",i-adjective,n4,,kanji,false,ja,686,,,
80,高い,2026-07-11T13:14:50.449003+00:00,21,たかい,adjective,2026-08-28T15:27:38.173273+00:00,"[""tall, high, expensive, loud""]",i-adjective,n5,,kanji,false,ja,655,,,
81,黒い,2026-07-11T13:14:50.449003+00:00,16,くろい,adjective,2026-08-28T15:27:38.173273+00:00,"[""black, dark""]",i-adjective,n4,,kanji,false,ja,112,,,
82,遠い,2026-07-11T13:14:50.449003+00:00,22,とおい,adjective,2026-08-28T15:27:38.173273+00:00,"[""far, distant"", ""remote""]",i-adjective,n4,,kanji,false,ja,960,,,
83,株価,2026-07-11T13:14:50.449003+00:00,23,かぶか,noun,2026-08-28T15:27:38.173273+00:00,"[""stock price, share price""]",,n2,,kanji,false,ja,388,,,
84,閣僚,2026-07-11T13:14:50.449003+00:00,11,かくりょう,noun,2026-08-28T15:27:38.173273+00:00,"[""cabinet minister"", ""member of the cabinet""]",,n1,,kanji,false,ja,1093,,,
85,新しい,2026-07-11T13:14:50.449003+00:00,,あたらしい,adjective,2026-08-28T15:27:38.173273+00:00,"[""new, fresh, recent"", ""novel, modern""]",i-adjective,n5,,kanji,false,ja,1241,,,
86,美しい,2026-07-11T13:14:50.449003+00:00,,うつくしい,adjective,2026-08-28T15:27:38.173273+00:00,"[""beautiful, lovely, pretty""]",i-adjective,n4,,kanji,false,ja,965,,,
87,供給,2026-07-11T13:14:50.449003+00:00,25,きょうきゅう,noun,2026-08-28T15:27:38.173273+00:00,"[""supply, provision"", ""distribution""]",,n2,,kanji,false,ja,132,,,
88,十分,2026-07-11T13:14:50.449003+00:00,19,じゅうぶん,adjective,2026-08-28T15:27:38.173273+00:00,"[""sufficient, enough, adequate"", ""thorough, fully""]",na-adjective,n4,,kanji,false,ja,1146,,,
89,元気,2026-07-11T13:14:50.449003+00:00,15,げんき,adjective,2026-08-28T15:27:38.173273+00:00,"[""healthy, energetic, lively"", ""cheerful, in good spirits""]",na-adjective,n5,,kanji,false,ja,1253,,,
90,幸せ,2026-07-11T13:14:50.449003+00:00,15,しあわせ,adjective,2026-08-28T15:27:38.173273+00:00,"[""happiness, good fortune"", ""lucky, happy""]",na-adjective,n3,,kanji,false,ja,1321,,,
91,排除,2026-07-11T13:14:50.449003+00:00,,はいじょ,noun,2026-08-28T15:27:38.173273+00:00,"[""exclusion, elimination"", ""removal, rejection""]",,n2,,kanji,false,ja,55,,,
92,可能,2026-07-11T13:14:50.449003+00:00,,かのう,adjective,2026-08-28T15:27:38.173273+00:00,"[""possible, potential"", ""feasible, achievable""]",na-adjective,n3,,kanji,false,ja,1133,,,
93,容易,2026-07-11T13:14:50.449003+00:00,,ようい,adjective,2026-08-28T15:27:38.173273+00:00,"[""easy, simple"", ""readily, without difficulty""]",na-adjective,n2,,kanji,false,ja,582,,,
94,速い,2026-07-11T13:14:50.449003+00:00,20,はやい,adjective,2026-08-28T15:27:38.173273+00:00,"[""fast, quick, speedy (refers to speed of movement)""]",i-adjective,n4,,kanji,false,ja,854,,,
95,故郷,2026-07-11T13:14:50.449003+00:00,10,こきょう,noun,2026-08-28T15:27:38.173273+00:00,"[""hometown, birthplace"", ""native land""]",,n2,,kanji,false,ja,279,,,
96,早い,2026-07-11T13:14:50.449003+00:00,13,はやい,adjective,2026-08-28T15:27:38.173273+00:00,"[""early, too soon"", ""fast, quick (速い is more common for speed)""]",i-adjective,n5,,kanji,false,ja,856,,,
97,安易,2026-07-11T13:14:50.449003+00:00,,あんい,adjective,2026-08-28T15:27:38.173273+00:00,"[""easy-going, careless"", ""taking the easy way out, thoughtless""]",na-adjective,n2,,kanji,false,ja,1244,,,
98,鉄鋼,2026-07-11T13:14:50.449003+00:00,,てっこう,noun,2026-08-28T15:27:38.173273+00:00,"[""iron and steel"", ""steel industry""]",,n1,,kanji,false,ja,410,,,
99,灰色,2026-07-11T13:14:50.449003+00:00,16,はいいろ,noun,2026-08-28T15:27:38.173273+00:00,"[""gray, grey"", ""ashen color""]",,n2,,kanji,false,ja,6,,,
100,上映,2026-07-11T13:14:50.449003+00:00,,じょうえい,noun,2026-08-28T15:27:38.173273+00:00,"[""screening, showing (of a film)""]",,n2,,kanji,false,ja,1282,,,
101,苦しい,2026-07-11T13:14:50.449003+00:00,15,くるしい,adjective,2026-08-28T15:27:38.173273+00:00,"[""painful, difficult, hard (physically/emotionally)"", ""suffering, agonizing""]",i-adjective,n3,,kanji,false,ja,1059,,,
102,株式,2026-07-11T13:14:50.449003+00:00,33,かぶしき,noun,2026-08-28T15:27:38.173273+00:00,"[""stock, shares"", ""equity""]",,n2,,kanji,false,ja,1145,,,
103,快適,2026-07-11T13:14:50.449003+00:00,15,かいてき,adjective,2026-08-28T15:27:38.173273+00:00,"[""comfortable, pleasant"", ""cozy, agreeable""]",na-adjective,n2,,kanji,false,ja,1193,,,
104,大きい,2026-07-11T13:14:50.449003+00:00,21,おおきい,adjective,2026-08-28T15:27:38.173273+00:00,"[""big, large, great"", ""important, serious""]",i-adjective,n5,,kanji,false,ja,692,,,
105,定義,2026-07-11T13:14:50.449003+00:00,,ていぎ,noun,2026-08-28T15:27:38.173273+00:00,"[""definition"", ""defining, specification""]",,n2,,kanji,false,ja,920,,,
106,爽快,2026-07-11T13:14:50.449003+00:00,15,そうかい,adjective,2026-08-28T15:27:38.173273+00:00,"[""refreshing, exhilarating"", ""invigorating, brisk""]",na-adjective,n2,,kanji,false,ja,1213,,,
107,近い,2026-07-11T13:14:50.449003+00:00,22,ちかい,adjective,2026-08-28T15:27:38.173273+00:00,"[""near, close, short (distance)"", ""soon (time)""]",i-adjective,n4,,kanji,false,ja,1166,,,
108,亡命,2026-07-11T13:14:50.449003+00:00,,ぼうめい,noun,2026-08-28T15:27:38.173273+00:00,"[""exile, defection"", ""seeking political asylum""]",,n2,,kanji,false,ja,1002,,,
109,同じ,2026-07-11T13:14:50.449003+00:00,28,おなじ,adjective,2026-08-28T15:27:38.173273+00:00,"[""same, identical, equal""]",na-adjective,n5,,kanji,false,ja,52,,,
110,優しい,2026-07-11T13:14:50.449003+00:00,,やさしい,adjective,2026-08-28T15:27:38.173273+00:00,"[""kind, gentle"", ""tender, mild""]",i-adjective,n4,,kanji,false,ja,5,,,
111,有名,2026-07-11T13:14:50.449003+00:00,,ゆうめい,adjective,2026-08-28T15:27:38.173273+00:00,"[""famous, well-known, renowned""]",na-adjective,n4,,kanji,false,ja,445,,,
112,太い,2026-07-11T13:14:50.449003+00:00,21,ふとい,adjective,2026-08-28T15:27:38.173273+00:00,"[""fat, thick, broad"", ""bold (of lines/type)""]",i-adjective,n4,,kanji,false,ja,867,,,
113,簡潔,2026-07-11T13:14:50.449003+00:00,,かんけつ,adjective,2026-08-28T15:27:38.173273+00:00,"[""concise, brief"", ""to the point""]",na-adjective,n2,,kanji,false,ja,644,,,
114,幹線,2026-07-11T13:14:50.449003+00:00,2,かんせん,noun,2026-08-28T15:27:38.173273+00:00,"[""main line, trunk line"", ""main route""]",,n2,,kanji,false,ja,427,,,
115,明るい,2026-07-11T13:14:50.449003+00:00,,あかるい,adjective,2026-08-28T15:27:38.173273+00:00,"[""bright, well-lit"", ""cheerful, lively, optimistic""]",i-adjective,n5,,kanji,false,ja,493,,,
116,暑い,2026-07-11T13:14:50.449003+00:00,14,あつい,adjective,2026-08-28T15:27:38.173273+00:00,"[""hot (weather, air temperature)"", ""sweltering""]",i-adjective,n5,,kanji,false,ja,4,,,
117,異国,2026-07-11T13:14:50.449003+00:00,12,いこく,noun,2026-08-28T15:27:38.173273+00:00,"[""foreign country"", ""strange land""]",,n1,,kanji,false,ja,1226,,,
118,幹部,2026-07-11T13:14:50.449003+00:00,25,かんぶ,noun,2026-08-28T15:27:38.173273+00:00,"[""executive, management"", ""leaders, senior officials""]",,n2,,kanji,false,ja,59,,,
119,平均,2026-07-11T13:14:50.449003+00:00,19,へいきん,noun,2026-08-28T15:27:38.173273+00:00,"[""average, mean"", ""balance, equilibrium""]",,n2,,kanji,false,ja,794,,,
120,実現,2026-07-11T13:14:50.449003+00:00,30,じつげん,noun,2026-08-28T15:27:38.173273+00:00,"[""realization, actualization"", ""coming true, achievement""]",,n2,16,kanji,false,ja,96,,,
121,正直,2026-07-11T13:14:50.449003+00:00,,しょうじき,adjective,2026-08-28T15:27:38.173273+00:00,"[""honest, frank, truthful"", ""straightforward, sincere""]",na-adjective,n4,,kanji,false,ja,1020,,,
122,内閣,2026-07-11T13:14:50.449003+00:00,11,ないかく,noun,2026-08-28T15:27:38.173273+00:00,"[""cabinet (government)"", ""the government ministry""]",,n2,,kanji,false,ja,1101,,,
123,難しい,2026-07-11T13:14:50.449003+00:00,,むずかしい,adjective,2026-08-28T15:27:38.173273+00:00,"[""difficult, hard"", ""complicated, tricky""]",i-adjective,n5,,kanji,false,ja,956,,,
124,丁寧,2026-07-11T13:14:50.449003+00:00,,ていねい,adjective,2026-08-28T15:27:38.173273+00:00,"[""polite, courteous"", ""careful, thorough, meticulous""]",na-adjective,n4,,kanji,false,ja,103,,,
125,制限,2026-07-11T13:14:50.449003+00:00,,せいげん,noun,2026-08-28T15:27:38.173273+00:00,"[""restriction, limitation"", ""limit, constraint""]",,n2,,kanji,false,ja,1159,,,
126,政党,2026-07-11T13:14:50.449003+00:00,11,せいとう,noun,2026-08-28T15:27:38.173273+00:00,"[""political party""]",,n2,,kanji,false,ja,212,,,
127,往来,2026-07-11T13:14:50.449003+00:00,20,おうらい,noun,2026-08-28T15:27:38.173273+00:00,"[""coming and going, traffic"", ""interaction, exchange""]",,n2,,kanji,false,ja,77,,,
128,利益,2026-07-11T13:14:50.449003+00:00,25,りえき,noun,2026-08-28T15:27:38.173273+00:00,"[""profit, benefit, gain"", ""advantage, interest""]",,n2,,kanji,false,ja,82,,,
129,寒い,2026-07-11T13:14:50.449003+00:00,14,さむい,adjective,2026-08-28T15:27:38.173273+00:00,"[""cold (weather, air temperature)"", ""chilly""]",i-adjective,n5,,kanji,false,ja,1433,,,
130,仁義,2026-07-11T13:14:50.449003+00:00,,じんぎ,noun,2026-08-28T15:27:38.173273+00:00,"[""humanity and justice"", ""duty, obligation""]",,n1,,kanji,false,ja,284,,,
131,恩人,2026-07-11T13:14:50.449003+00:00,,おんじん,noun,2026-08-28T15:27:38.173273+00:00,"[""benefactor, person one is indebted to"", ""someone who helped greatly""]",,n2,,kanji,false,ja,658,,,
132,条件,2026-07-11T13:14:50.449003+00:00,,じょうけん,noun,2026-08-28T15:27:38.173273+00:00,"[""condition, requirement"", ""terms, stipulation""]",,n2,,kanji,false,ja,471,,,
133,並行,2026-07-11T13:14:50.449003+00:00,,へいこう,noun,2026-08-28T15:27:38.173273+00:00,"[""parallel, concurrent"", ""running side by side""]",,n2,,kanji,false,ja,1028,,,
134,確実,2026-07-11T13:14:50.449003+00:00,,かくじつ,adjective,2026-08-28T15:27:38.173273+00:00,"[""certain, reliable"", ""definite, sure""]",na-adjective,n3,,kanji,false,ja,1187,,,
135,拡張,2026-07-11T13:14:50.449003+00:00,,かくちょう,noun,2026-08-28T15:27:38.173273+00:00,"[""expansion, extension"", ""enlargement""]",,n2,,kanji,false,ja,855,,,
136,干潮,2026-07-11T13:14:50.449003+00:00,14,かんちょう,noun,2026-08-28T15:27:38.173273+00:00,"[""low tide, ebb tide""]",,n1,,kanji,false,ja,864,,,
137,境界,2026-07-11T13:14:50.449003+00:00,22,きょうかい,noun,2026-08-28T15:27:38.173273+00:00,"[""boundary, border"", ""dividing line""]",,n2,,kanji,false,ja,806,,,
138,大事,2026-07-11T13:14:50.449003+00:00,,だいじ,adjective,2026-08-28T15:27:38.173273+00:00,"[""important, precious"", ""serious, significant""]",na-adjective,n4,,kanji,false,ja,91,,,
139,与党,2026-07-11T13:14:50.449003+00:00,11,よとう,noun,2026-08-28T15:27:38.173273+00:00,"[""ruling party, governing party""]",,n2,,kanji,false,ja,884,,,
140,赤い,2026-07-11T13:14:50.449003+00:00,16,あかい,adjective,2026-08-28T15:27:38.173273+00:00,"[""red"", ""crimson, scarlet""]",i-adjective,n5,,kanji,false,ja,1104,,,
141,技能,2026-07-11T13:14:50.449003+00:00,,ぎのう,noun,2026-08-28T15:27:38.173273+00:00,"[""skill, ability, technique"", ""technical skill, proficiency""]",,n2,,kanji,false,ja,365,,,
142,優秀,2026-07-11T13:14:50.449003+00:00,,ゆうしゅう,adjective,2026-08-28T15:27:38.173273+00:00,"[""excellent, outstanding"", ""superior, talented""]",na-adjective,n2,,kanji,false,ja,999,,,
143,有益,2026-07-11T13:14:50.449003+00:00,,ゆうえき,adjective,2026-08-28T15:27:38.173273+00:00,"[""profitable, beneficial"", ""useful, instructive""]",na-adjective,n2,,kanji,false,ja,1310,,,
144,圧力,2026-07-11T13:14:50.449003+00:00,,あつりょく,noun,2026-08-28T15:27:38.173273+00:00,"[""pressure, force"", ""coercion, stress""]",,n2,,kanji,false,ja,1287,,,
145,指針,2026-07-11T13:14:50.449003+00:00,,ししん,noun,2026-08-28T15:27:38.173273+00:00,"[""guideline, policy"", ""pointer, indicator""]",,n2,,kanji,false,ja,1222,,,
146,傷口,2026-07-11T13:14:50.449003+00:00,17,きずぐち,noun,2026-08-28T15:27:38.173273+00:00,"[""wound, cut"", ""injury opening""]",,n2,,kanji,false,ja,177,,,
147,広い,2026-07-11T13:14:50.449003+00:00,21,ひろい,adjective,2026-08-28T15:27:38.173273+00:00,"[""wide, spacious, broad"", ""large (area)""]",i-adjective,n4,,kanji,false,ja,706,,,
148,危機,2026-07-11T13:14:50.449003+00:00,,きき,noun,2026-08-28T15:27:38.173273+00:00,"[""crisis, emergency"", ""critical moment""]",,n2,,kanji,false,ja,1263,,,
149,延期,2026-07-11T13:14:50.449003+00:00,13,えんき,noun,2026-08-28T15:27:38.173273+00:00,"[""postponement, delay"", ""deferment""]",,n2,,kanji,false,ja,529,,,
150,中央,2026-07-11T13:14:50.449003+00:00,22,ちゅうおう,noun,2026-08-28T15:27:38.173273+00:00,"[""center, middle"", ""central area""]",,n2,,kanji,false,ja,302,,,
151,正確,2026-07-11T13:14:50.449003+00:00,,せいかく,adjective,2026-08-28T15:27:38.173273+00:00,"[""accurate, precise"", ""exact, correct""]",na-adjective,n3,,kanji,false,ja,682,,,
152,本当,2026-07-11T13:14:50.449003+00:00,,ほんとう,adjective,2026-08-28T15:27:38.173273+00:00,"[""real, genuine, true"", ""really, truly, indeed""]",na-adjective,n5,,kanji,false,ja,85,,,
153,青い,2026-07-11T13:14:50.449003+00:00,16,あおい,adjective,2026-08-28T15:27:38.173273+00:00,"[""blue, green (for traffic lights, plants)"", ""pale, unripe, inexperienced""]",i-adjective,n5,,kanji,false,ja,862,,,
154,楽しい,2026-07-11T13:14:50.449003+00:00,15,たのしい,adjective,2026-08-28T15:27:38.173273+00:00,"[""fun, enjoyable, pleasant"", ""delightful, cheerful""]",i-adjective,n4,,kanji,false,ja,646,,,
155,深い,2026-07-11T13:14:50.449003+00:00,15,ふかい,adjective,2026-08-28T15:27:38.173273+00:00,"[""deep, profound"", ""intense, strong (feeling)""]",i-adjective,n3,,kanji,false,ja,1143,,,
156,割合,2026-07-11T13:14:50.449003+00:00,19,わりあい,noun,2026-08-28T15:27:38.173273+00:00,"[""ratio, proportion"", ""rate, percentage""]",,n2,,kanji,false,ja,126,,,
157,貴重,2026-07-11T13:14:50.449003+00:00,,きちょう,adjective,2026-08-28T15:27:38.173273+00:00,"[""precious, valuable"", ""rare, important""]",na-adjective,n2,,kanji,false,ja,627,,,
158,細かい,2026-07-11T13:14:50.449003+00:00,21,こまかい,adjective,2026-08-28T15:27:38.173273+00:00,"[""detailed, fine, small, precise""]",i-adjective,n3,,kanji,false,ja,180,,,
159,提供,2026-07-11T13:14:50.449003+00:00,,ていきょう,noun,2026-08-28T15:27:38.173273+00:00,"[""offer, provision"", ""supply, service""]",,n2,,kanji,false,ja,1232,,,
160,大学院,2026-07-11T13:14:50.449003+00:00,8,だいがくいん,noun,2026-08-28T15:27:38.173273+00:00,"[""graduate school"", ""postgraduate school""]",,n2,,kanji,false,ja,1197,,,
161,軽い,2026-07-11T13:14:50.449003+00:00,21,かるい,adjective,2026-08-28T15:27:38.173273+00:00,"[""light (not heavy), easy, casual"", ""trivial, slight""]",i-adjective,n4,,kanji,false,ja,659,,,
162,重い,2026-07-11T13:14:50.449003+00:00,21,おもい,adjective,2026-08-28T15:27:38.173273+00:00,"[""heavy (weight), serious, severe""]",i-adjective,n4,,kanji,false,ja,825,,,
163,乗車券,2026-07-11T13:14:50.449003+00:00,2,じょうしゃけん,noun,2026-08-28T15:27:38.173273+00:00,"[""train ticket, boarding pass"", ""ticket for public transportation""]",,n2,,kanji,false,ja,155,,,
164,悲しい,2026-07-11T13:14:50.449003+00:00,15,かなしい,adjective,2026-08-28T15:27:38.173273+00:00,"[""sad, sorrowful, grieving""]",i-adjective,n4,,kanji,false,ja,521,,,
165,延長,2026-07-11T13:14:50.449003+00:00,13,えんちょう,noun,2026-08-28T15:27:38.173273+00:00,"[""extension, prolongation"", ""extra time""]",,n2,,kanji,false,ja,889,,,
166,援助,2026-07-11T13:14:50.449003+00:00,,えんじょ,noun,2026-08-28T15:27:38.173273+00:00,"[""aid, assistance"", ""support, relief""]",,n2,,kanji,false,ja,1079,,,
167,上手,2026-07-11T13:14:50.449003+00:00,,じょうず,adjective,2026-08-28T15:27:38.173273+00:00,"[""skilled, good at, proficient"", ""clever, tactful""]",na-adjective,n5,,kanji,false,ja,203,,,
168,意識,2026-07-11T13:14:50.449003+00:00,26,いしき,noun,2026-08-28T15:27:38.173273+00:00,"[""consciousness, awareness"", ""sense of, realization""]",,n2,,kanji,false,ja,228,,,
169,危険,2026-07-11T13:14:50.449003+00:00,,きけん,adjective,2026-08-28T15:27:38.173273+00:00,"[""danger, hazard, peril"", ""dangerous, risky"", ""hazardous""]",na-adjective,n2,,kanji,false,ja,1067,,,
171,遺産,2026-07-11T13:14:50.449003+00:00,,いさん,noun,2026-08-28T15:27:38.173273+00:00,"[""inheritance, legacy"", ""heritage""]",,n1,,kanji,false,ja,1115,,,
172,遺族,2026-07-11T13:14:50.449003+00:00,10,いぞく,noun,2026-08-28T15:27:38.173273+00:00,"[""bereaved family"", ""surviving family members""]",,n1,,kanji,false,ja,1247,,,
173,医学,2026-07-11T13:14:50.449003+00:00,9,いがく,noun,2026-08-28T15:27:38.173273+00:00,"[""medical science, medicine (as a field)""]",,n2,,kanji,false,ja,1265,,,
174,鋼鉄,2026-07-11T13:14:50.449003+00:00,,こうてつ,noun,2026-08-28T15:27:38.173273+00:00,"[""steel"", ""hard steel""]",,n1,,kanji,false,ja,200,,,
175,文句,2026-07-11T13:14:50.449003+00:00,24,もんく,noun,2026-08-28T15:27:38.173273+00:00,"[""complaint, grumble"", ""phrase, wording""]",,n2,,kanji,false,ja,1162,,,
176,復旧,2026-07-11T13:14:50.449003+00:00,,ふっきゅう,noun,2026-08-28T15:27:38.173273+00:00,"[""restoration, recovery"", ""restoring to original state""]",,n2,,kanji,false,ja,311,,,
177,正しい,2026-07-11T13:14:50.449003+00:00,,ただしい,adjective,2026-08-28T15:27:38.173273+00:00,"[""correct, right, proper"", ""just, righteous, lawful""]",i-adjective,n4,,kanji,false,ja,1416,,,
178,指揮,2026-07-11T13:14:50.449003+00:00,,しき,noun,2026-08-28T15:27:38.173273+00:00,"[""command, direction"", ""conducting (music)""]",,n1,,kanji,false,ja,1246,,,
179,公開,2026-07-11T13:14:50.449003+00:00,24,こうかい,noun,2026-08-28T15:27:38.173273+00:00,"[""public release, making public"", ""open to the public""]",,n2,,kanji,false,ja,707,,,
180,旧式,2026-07-11T13:14:50.449003+00:00,,きゅうしき,adjective,2026-08-28T15:27:38.173273+00:00,"[""old-fashioned, obsolete"", ""outdated, conventional""]",na-adjective,n2,,kanji,false,ja,1106,,,
181,弓道,2026-07-11T13:14:50.449003+00:00,27,きゅうどう,noun,2026-08-28T15:27:38.173273+00:00,"[""Japanese archery"", ""kyudo (martial art)""]",,n2,,kanji,false,ja,31,,,
182,国境,2026-07-11T13:14:50.449003+00:00,12,こっきょう,noun,2026-08-28T15:27:38.173273+00:00,"[""national border, frontier"", ""boundary between countries""]",,n2,,kanji,false,ja,397,,,
183,苦手,2026-07-11T13:14:50.449003+00:00,,にがて,adjective,2026-08-28T15:27:38.173273+00:00,"[""poor at, not good at, bad with, dislike""]",na-adjective,n4,,kanji,false,ja,346,,,
184,拡大,2026-07-11T13:14:50.449003+00:00,21,かくだい,noun,2026-08-28T15:27:38.173273+00:00,"[""expansion, enlargement"", ""magnification""]",,n2,,kanji,false,ja,743,,,
185,強い,2026-07-11T13:14:50.449003+00:00,,つよい,adjective,2026-08-28T15:27:38.173273+00:00,"[""strong, powerful, tough"", ""good at, skilled in""]",i-adjective,n4,,kanji,false,ja,539,,,
186,引用,2026-07-11T13:14:50.449003+00:00,24,いんよう,noun,2026-08-28T15:27:38.173273+00:00,"[""quotation, citation""]",,n2,,kanji,false,ja,511,,,
187,面白い,2026-07-11T13:14:50.449003+00:00,,おもしろい,adjective,2026-08-28T15:27:38.173273+00:00,"[""interesting, funny, amusing, entertaining""]",i-adjective,n5,,kanji,false,ja,281,,,
188,永遠,2026-07-11T13:14:50.449003+00:00,13,えいえん,adjective,2026-08-28T15:27:38.173273+00:00,"[""eternal, everlasting"", ""forever, immortal""]",na-adjective,n2,,kanji,false,ja,380,,,
189,恩返し,2026-07-11T13:14:50.449003+00:00,,おんがえし,noun,2026-08-28T15:27:38.173273+00:00,"[""repaying a favor"", ""returning a kindness, reciprocating""]",,n2,,kanji,false,ja,1465,,,
190,黄色い,2026-07-11T13:14:50.449003+00:00,16,きいろい,adjective,2026-08-28T15:27:38.173273+00:00,"[""yellow""]",i-adjective,n5,,kanji,false,ja,72,,,
191,弱い,2026-07-11T13:14:50.449003+00:00,,よわい,adjective,2026-08-28T15:27:38.173273+00:00,"[""weak, feeble, frail"", ""mild, gentle, poor (at)""]",i-adjective,n4,,kanji,false,ja,599,,,
192,簡単,2026-07-11T13:14:50.449003+00:00,33,かんたん,adjective,2026-08-28T15:27:38.173273+00:00,"[""simple, easy"", ""brief, uncomplicated""]",na-adjective,n5,21,kanji,false,ja,1261,,,
193,安い,2026-07-11T13:14:50.449003+00:00,23,やすい,adjective,2026-08-28T15:27:38.173273+00:00,"[""cheap, inexpensive"", ""low-priced""]",i-adjective,n5,,kanji,false,ja,394,,,
194,改革,2026-07-11T13:14:50.449003+00:00,11,かいかく,noun,2026-08-28T15:27:38.173273+00:00,"[""reform, reformation"", ""improvement""]",,n2,,kanji,false,ja,429,,,
195,不安,2026-07-11T13:14:50.449003+00:00,15,ふあん,adjective,2026-08-28T15:27:38.173273+00:00,"[""anxious, uneasy"", ""worried, insecure""]",na-adjective,n3,,kanji,false,ja,94,,,
196,真面目,2026-07-11T13:14:50.449003+00:00,,まじめ,adjective,2026-08-28T15:27:38.173273+00:00,"[""serious, earnest, diligent, sincere""]",na-adjective,n3,,kanji,false,ja,520,,,
197,白い,2026-07-11T13:14:50.449003+00:00,16,しろい,adjective,2026-08-28T15:27:38.173273+00:00,"[""white"", ""pale, blank""]",i-adjective,n5,,kanji,false,ja,951,,,
198,仮定,2026-07-11T13:14:50.449003+00:00,26,かてい,noun,2026-08-28T15:27:38.173273+00:00,"[""assumption, hypothesis"", ""supposition, if""]",,n2,,kanji,false,ja,1000,,,
199,温かい,2026-07-11T13:14:50.449003+00:00,14,あたたかい,adjective,2026-08-28T15:27:38.173273+00:00,"[""warm (temperature), warm-hearted"", ""cozy, friendly""]",i-adjective,n4,,kanji,false,ja,985,,,
200,区域,2026-07-11T13:14:50.449003+00:00,22,くいき,noun,2026-08-28T15:27:38.173273+00:00,"[""zone, area, district"", ""designated area""]",,n2,,kanji,false,ja,106,,,
201,月刊,2026-07-11T13:14:50.449003+00:00,13,げっかん,noun,2026-08-28T15:27:38.173273+00:00,"[""monthly publication"", ""monthly""]",,n2,,kanji,false,ja,1389,,,
202,出勤,2026-07-11T13:14:50.449003+00:00,25,しゅっきん,noun,2026-08-28T15:27:38.173273+00:00,"[""going to work, attendance"", ""reporting for duty""]",,n2,,kanji,false,ja,171,,,
203,年賀,2026-07-11T13:14:50.449003+00:00,13,ねんが,noun,2026-08-28T15:27:38.173273+00:00,"[""New Year's greetings"", ""New Year's congratulations""]",,n2,,kanji,false,ja,33,,,
204,下手,2026-07-11T13:14:50.449003+00:00,,へた,adjective,2026-08-28T15:27:38.173273+00:00,"[""unskilled, poor at, clumsy"", ""bad at something""]",na-adjective,n4,,kanji,false,ja,785,,,
205,古い,2026-07-11T13:14:50.449003+00:00,,ふるい,adjective,2026-08-28T15:27:38.173273+00:00,"[""old, ancient, antique"", ""used, secondhand""]",i-adjective,n5,,kanji,false,ja,28,,,
206,丸い,2026-07-11T13:14:50.449003+00:00,,まるい,adjective,2026-08-28T15:27:38.173273+00:00,"[""round, circular, spherical"", ""curved""]",i-adjective,n4,,kanji,false,ja,1340,,,
207,少ない,2026-07-11T13:14:50.449003+00:00,19,すくない,adjective,2026-08-28T15:27:38.173273+00:00,"[""few, scarce, little"", ""not many, insufficient""]",i-adjective,n4,,kanji,false,ja,1477,,,
208,見事,2026-07-11T13:14:50.449003+00:00,,みごと,adjective,2026-08-28T15:27:38.173273+00:00,"[""splendid, magnificent, admirable, skillful""]",na-adjective,n2,,kanji,false,ja,248,,,
209,勤務,2026-07-11T13:14:50.449003+00:00,25,きんむ,noun,2026-08-28T15:27:38.173273+00:00,"[""work, duty, service"", ""working hours""]",,n2,,kanji,false,ja,483,,,
210,異常,2026-07-11T13:14:50.449003+00:00,,いじょう,adjective,2026-08-28T15:27:38.173273+00:00,"[""abnormal, unusual"", ""extraordinary""]",na-adjective,n2,,kanji,false,ja,114,,,
211,大切,2026-07-11T13:14:50.449003+00:00,,たいせつ,adjective,2026-08-28T15:27:38.173273+00:00,"[""important, precious, valued"", ""careful, cherished""]",na-adjective,n4,,kanji,false,ja,1117,,,
212,券売機,2026-07-11T13:14:50.449003+00:00,2,けんばいき,noun,2026-08-28T15:27:38.173273+00:00,"[""ticket vending machine"", ""ticket machine""]",,n2,,kanji,false,ja,1296,,,
213,吸収,2026-07-11T13:14:50.449003+00:00,,きゅうしゅう,noun,2026-08-28T15:27:38.173273+00:00,"[""absorption, assimilation"", ""taking in, merger""]",,n2,,kanji,false,ja,1072,,,
214,後見,2026-07-11T13:14:50.449003+00:00,,こうけん,noun,2026-08-28T15:27:38.173273+00:00,"[""guardianship, guardian, backing, support""]",,n1,,kanji,false,ja,1212,,,
215,句読点,2026-07-11T13:14:50.449003+00:00,24,くとうてん,noun,2026-08-28T15:27:38.173273+00:00,"[""punctuation marks"", ""punctuation""]",,n2,,kanji,false,ja,428,,,
216,細い,2026-07-11T13:14:50.449003+00:00,21,ほそい,adjective,2026-08-28T15:27:38.173273+00:00,"[""thin, slender, narrow, fine""]",i-adjective,n4,,kanji,false,ja,1252,,,
217,長い,2026-07-11T13:14:50.449003+00:00,21,ながい,adjective,2026-08-28T15:27:38.173273+00:00,"[""long, lengthy""]",i-adjective,n5,,kanji,false,ja,120,,,
218,基礎,2026-07-11T13:14:50.449003+00:00,,きそ,noun,2026-08-28T15:27:38.173273+00:00,"[""foundation, basis"", ""basics, groundwork""]",,n2,,kanji,false,ja,53,,,
219,我々,2026-07-11T13:14:50.449003+00:00,,われわれ,noun,2026-08-28T15:27:38.173273+00:00,"[""we, us"", ""our (formal/written style)""]",,n2,,kanji,false,ja,968,,,
220,暗い,2026-07-11T13:14:50.449003+00:00,,くらい,adjective,2026-08-28T15:27:38.173273+00:00,"[""dark, dim"", ""gloomy, depressing""]",i-adjective,n4,,kanji,false,ja,815,,,
221,障害,2026-07-11T13:15:53.37627+00:00,,しょうがい,noun,2026-08-28T15:27:38.173273+00:00,"[""disability, handicap"", ""obstacle, impediment""]",,n2,,kanji,false,ja,1254,,,
222,古典,2026-07-11T13:15:53.37627+00:00,,こてん,noun,2026-08-28T15:27:38.173273+00:00,"[""classical literature, classic"", ""classical (art, music)""]",,n3,,kanji,false,ja,1064,,,
223,疑惑,2026-07-11T13:15:53.37627+00:00,26,ぎわく,noun,2026-08-28T15:27:38.173273+00:00,"[""suspicion, doubt"", ""distrust""]",,n2,,kanji,false,ja,832,,,
224,気圧,2026-07-11T13:15:53.37627+00:00,14,きあつ,noun,2026-08-28T15:27:38.173273+00:00,"[""atmospheric pressure"", ""air pressure""]",,n2,,kanji,false,ja,1329,,,
225,反省,2026-07-11T13:15:53.37627+00:00,26,はんせい,noun,2026-08-28T15:27:38.173273+00:00,"[""reflection, self-examination"", ""reconsideration, repentance""]",,n3,,kanji,false,ja,938,,,
226,許可証,2026-07-11T13:15:53.37627+00:00,11,きょかしょう,noun,2026-08-28T15:27:38.173273+00:00,"[""permit, license"", ""authorization document""]",,n2,,kanji,false,ja,1045,,,
227,営業,2026-07-11T13:15:53.37627+00:00,12,えいぎょう,noun,2026-08-28T15:27:38.173273+00:00,"[""business, sales, operation"", ""business hours, commercial activity""]",,n3,26,kanji,false,ja,869,,,
228,運営,2026-07-11T13:15:53.37627+00:00,25,うんえい,noun,2026-08-28T15:27:38.173273+00:00,"[""operation, management"", ""administration, running""]",,n2,,kanji,false,ja,1122,,,
229,経営,2026-07-11T13:15:53.37627+00:00,25,けいえい,noun,2026-08-28T15:27:38.173273+00:00,"[""management, administration"", ""running a business, operation""]",,n2,,kanji,false,ja,1312,,,
230,革命,2026-07-11T13:15:53.37627+00:00,11,かくめい,noun,2026-08-28T15:27:38.173273+00:00,"[""revolution"", ""radical change""]",,n2,,kanji,false,ja,318,,,
231,回答,2026-07-11T13:15:53.37627+00:00,24,かいとう,noun,2026-08-28T15:27:38.173273+00:00,"[""answer, reply, response""]",,n3,,kanji,false,ja,1014,,,
232,半島,2026-07-11T13:15:53.37627+00:00,14,はんとう,noun,2026-08-28T15:27:38.173273+00:00,"[""peninsula""]",,n3,,kanji,false,ja,1348,,,
233,入門,2026-07-11T13:15:53.37627+00:00,8,にゅうもん,noun,2026-08-28T15:27:38.173273+00:00,"[""introduction, primer, beginning level""]",,n3,,kanji,false,ja,377,,,
234,共通,2026-07-11T13:15:53.37627+00:00,,きょうつう,noun,2026-08-28T15:27:38.173273+00:00,"[""common, shared, mutual""]",,n3,,kanji,false,ja,668,,,
235,分野,2026-07-11T13:15:53.37627+00:00,,ぶんや,noun,2026-08-28T15:27:38.173273+00:00,"[""field, area, domain, sector""]",,n3,,kanji,false,ja,360,,,
236,同時,2026-07-11T13:15:53.37627+00:00,13,どうじ,noun,2026-08-28T15:27:38.173273+00:00,"[""simultaneous, at the same time, concurrent""]",,n3,,kanji,false,ja,1270,,,
237,予算,2026-07-11T13:15:53.37627+00:00,12,よさん,noun,2026-08-28T15:27:38.173273+00:00,"[""budget, estimated expenditure""]",,n3,25,kanji,false,ja,256,,,
238,地位,2026-07-11T13:15:53.37627+00:00,25,ちい,noun,2026-08-28T15:27:38.173273+00:00,"[""status, standing, position, rank""]",,n3,,kanji,false,ja,611,,,
239,事務所,2026-07-11T13:15:53.37627+00:00,25,じむしょ,noun,2026-08-28T15:27:38.173273+00:00,"[""office, place of business""]",,n3,,kanji,false,ja,928,,,
240,以前,2026-07-11T13:15:53.37627+00:00,13,いぜん,noun,2026-08-28T15:27:38.173273+00:00,"[""before, previously, formerly, ago""]",,n3,,kanji,false,ja,820,,,
241,週刊,2026-07-11T13:15:53.37627+00:00,13,しゅうかん,noun,2026-08-28T15:27:38.173273+00:00,"[""weekly publication"", ""weekly""]",,n2,,kanji,false,ja,11,,,
242,沿線,2026-07-11T13:15:53.37627+00:00,2,えんせん,noun,2026-08-28T15:27:38.173273+00:00,"[""area along a railway line"", ""along the route""]",,n2,15,kanji,false,ja,153,,,
243,乗船,2026-07-11T13:15:53.37627+00:00,12,じょうせん,noun,2026-08-28T15:27:38.173273+00:00,"[""boarding a ship, embarking""]",,n3,,kanji,false,ja,449,,,
244,祝賀,2026-07-11T13:15:53.37627+00:00,,しゅくが,noun,2026-08-28T15:27:38.173273+00:00,"[""celebration, congratulation"", ""festivity""]",,n2,,kanji,false,ja,202,,,
245,代わり,2026-07-11T13:15:53.37627+00:00,,かわり,noun,2026-08-28T15:27:38.173273+00:00,"[""substitute, replacement"", ""instead of, in return""]",,n3,,kanji,false,ja,379,,,
246,先頭,2026-07-11T13:15:53.37627+00:00,22,せんとう,noun,2026-08-28T15:27:38.173273+00:00,"[""front, lead, top, vanguard""]",,n3,,kanji,false,ja,1103,,,
247,倍,2026-07-11T13:15:53.37627+00:00,19,ばい,noun,2026-08-28T15:27:38.173273+00:00,"[""double, twice as much"", ""times (multiplier)""]",,n3,,kanji,false,ja,1455,,,
248,列,2026-07-11T13:15:53.37627+00:00,,れつ,noun,2026-08-28T15:27:38.173273+00:00,"[""row, line, queue"", ""column, rank""]",,n3,,kanji,false,ja,834,,,
249,住民,2026-07-11T13:15:53.37627+00:00,,じゅうみん,noun,2026-08-28T15:27:38.173273+00:00,"[""resident, inhabitant"", ""local resident""]",,n3,,kanji,false,ja,390,,,
250,印刷,2026-07-11T13:15:53.37627+00:00,,いんさつ,noun,2026-08-28T15:27:38.173273+00:00,"[""printing""]",,n3,,kanji,false,ja,307,,,
251,沿岸,2026-07-11T13:15:53.37627+00:00,14,えんがん,noun,2026-08-28T15:27:38.173273+00:00,"[""coast, shore"", ""coastal area""]",,n2,,kanji,false,ja,1094,,,
252,他人,2026-07-11T13:15:53.37627+00:00,,たにん,noun,2026-08-28T15:27:38.173273+00:00,"[""other person, stranger"", ""someone else, unrelated person""]",,n3,,kanji,false,ja,631,,,
253,険しい,2026-07-11T13:15:53.37627+00:00,,けわしい,adjective,2026-08-28T15:27:38.173273+00:00,"[""steep, precipitous"", ""harsh, severe (expression)""]",i-adjective,n2,,kanji,false,ja,766,,,
254,諸国,2026-07-11T13:15:53.37627+00:00,,しょこく,noun,2026-08-28T15:27:38.173273+00:00,"[""various countries, many nations"", ""different countries""]",,n2,,kanji,false,ja,1487,,,
255,事件,2026-07-11T13:15:53.37627+00:00,,じけん,noun,2026-08-28T15:27:38.173273+00:00,"[""incident, case"", ""crime, event (often bad)""]",,n3,,kanji,false,ja,1066,,,
256,防衛,2026-07-11T13:15:53.37627+00:00,11,ぼうえい,noun,2026-08-28T15:27:38.173273+00:00,"[""defense, protection"", ""guarding, safeguarding""]",,n2,,kanji,false,ja,433,,,
257,共同,2026-07-11T13:15:53.37627+00:00,,きょうどう,noun,2026-08-28T15:27:38.173273+00:00,"[""cooperation, joint, collaboration""]",,n3,,kanji,false,ja,1134,,,
258,代表,2026-07-11T13:15:53.37627+00:00,,だいひょう,noun,2026-08-28T15:27:38.173273+00:00,"[""representative, spokesperson"", ""representation""]",,n3,,kanji,false,ja,1004,,,
259,陛下,2026-07-11T13:15:53.37627+00:00,11,へいか,noun,2026-08-28T15:27:38.173273+00:00,"[""Your Majesty, His/Her Majesty"", ""imperial title""]",,n2,,kanji,false,ja,300,,,
260,受付,2026-07-11T13:15:53.37627+00:00,,うけつけ,noun,2026-08-28T15:27:38.173273+00:00,"[""reception, front desk"", ""reception counter, registration""]",,n3,,kanji,false,ja,587,,,
261,異文化,2026-07-11T13:15:53.37627+00:00,12,いぶんか,noun,2026-08-28T15:27:38.173273+00:00,"[""different culture, foreign culture""]",,n2,,kanji,false,ja,1388,,,
262,呼吸,2026-07-11T13:15:53.37627+00:00,17,こきゅう,noun,2026-08-28T15:27:38.173273+00:00,"[""breathing, respiration"", ""breath""]",,n3,,kanji,false,ja,641,,,
263,講演,2026-07-11T13:15:53.37627+00:00,24,こうえん,noun,2026-08-28T15:27:38.173273+00:00,"[""lecture, speech"", ""public address, talk""]",,n2,,kanji,false,ja,567,,,
264,入学式,2026-07-11T13:15:53.37627+00:00,8,にゅうがくしき,noun,2026-08-28T15:27:38.173273+00:00,"[""entrance ceremony (for starting school)""]",,n3,,kanji,false,ja,14,,,
265,今回,2026-07-11T13:15:53.37627+00:00,13,こんかい,noun,2026-08-28T15:27:38.173273+00:00,"[""this time, this occasion, now""]",,n3,,kanji,false,ja,436,,,
266,価格,2026-07-11T13:15:53.37627+00:00,23,かかく,noun,2026-08-28T15:27:38.173273+00:00,"[""price, cost"", ""selling price""]",,n3,,kanji,false,ja,967,,,
267,郷土,2026-07-11T13:15:53.37627+00:00,10,きょうど,noun,2026-08-28T15:27:38.173273+00:00,"[""hometown, native place"", ""local, regional""]",,n2,,kanji,false,ja,232,,,
268,群衆,2026-07-11T13:15:53.37627+00:00,,ぐんしゅう,noun,2026-08-28T15:27:38.173273+00:00,"[""crowd, multitude"", ""throng of people""]",,n2,,kanji,false,ja,432,,,
269,休息,2026-07-11T13:15:53.37627+00:00,,きゅうそく,noun,2026-08-28T15:27:38.173273+00:00,"[""rest, break, repose""]",,n3,,kanji,false,ja,953,,,
270,限度,2026-07-11T13:15:53.37627+00:00,,げんど,noun,2026-08-28T15:27:38.173273+00:00,"[""limit, boundary"", ""maximum, capacity""]",,n2,,kanji,false,ja,1018,,,
271,会員,2026-07-11T13:15:53.37627+00:00,,かいいん,noun,2026-08-28T15:27:38.173273+00:00,"[""member (of a club or organization)"", ""subscriber""]",,n3,,kanji,false,ja,1137,,,
272,経済,2026-07-11T13:15:53.37627+00:00,29,けいざい,noun,2026-08-28T15:27:38.173273+00:00,"[""economy, economics"", ""economizing, saving""]",,n2,8,kanji,false,ja,989,,,
273,限界,2026-07-11T13:15:53.37627+00:00,,げんかい,noun,2026-08-28T15:27:38.173273+00:00,"[""limit, boundary"", ""the end of one's endurance""]",,n2,,kanji,false,ja,1018,,,
274,地域,2026-07-11T13:15:53.37627+00:00,,ちいき,noun,2026-08-28T15:27:38.173273+00:00,"[""region, area, district"", ""local area""]",,n3,,kanji,false,ja,1060,,,
275,河川,2026-07-11T13:15:53.37627+00:00,14,かせん,noun,2026-08-28T15:27:38.173273+00:00,"[""rivers, waterways"", ""rivers and streams""]",,n2,,kanji,false,ja,638,,,
276,制服,2026-07-11T13:15:53.37627+00:00,8,せいふく,noun,2026-08-28T15:27:38.173273+00:00,"[""uniform (school, work, etc.)""]",,n3,,kanji,false,ja,769,,,
277,化学,2026-07-11T13:15:53.37627+00:00,8,かがく,noun,2026-08-28T15:27:38.173273+00:00,"[""chemistry (science)"", ""chemical science""]",,n3,,kanji,false,ja,883,,,
278,俳優,2026-07-11T13:15:53.37627+00:00,25,はいゆう,noun,2026-08-28T15:27:38.173273+00:00,"[""actor, actress"", ""performer""]",,n3,,kanji,false,ja,418,,,
279,使用,2026-07-11T13:15:53.37627+00:00,,しよう,noun,2026-08-28T15:27:38.173273+00:00,"[""use, application"", ""usage, employment""]",,n3,,kanji,false,ja,713,,,
280,単位,2026-07-11T13:15:53.37627+00:00,8,たんい,noun,2026-08-28T15:27:38.173273+00:00,"[""unit, credit (academic)""]",,n3,,kanji,false,ja,876,,,
281,喜び,2026-07-11T13:15:53.37627+00:00,15,よろこび,noun,2026-08-28T15:27:38.173273+00:00,"[""joy, delight, pleasure, happiness""]",,n3,,kanji,false,ja,768,,,
282,九州,2026-07-11T13:15:53.37627+00:00,12,きゅうしゅう,noun,2026-08-28T15:27:38.173273+00:00,"[""Kyushu, the southernmost of Japan's four main islands""]",,n3,,kanji,false,ja,687,,,
283,現状,2026-07-11T13:15:53.37627+00:00,,げんじょう,noun,2026-08-28T15:27:38.173273+00:00,"[""present situation, current state"", ""status quo""]",,n2,,kanji,false,ja,1092,,,
284,液体,2026-07-11T13:15:53.37627+00:00,,えきたい,noun,2026-08-28T15:27:38.173273+00:00,"[""liquid, fluid"", ""liquid state""]",,n2,,kanji,false,ja,1449,,,
285,価値,2026-07-11T13:15:53.37627+00:00,23,かち,noun,2026-08-28T15:27:38.173273+00:00,"[""value, worth"", ""importance""]",,n3,,kanji,false,ja,1422,,,
286,会議,2026-07-11T13:15:53.37627+00:00,25,かいぎ,noun,2026-08-28T15:27:38.173273+00:00,"[""meeting, conference, assembly""]",,n4,,kanji,false,ja,19,,,
287,革新,2026-07-11T13:15:53.37627+00:00,,かくしん,noun,2026-08-28T15:27:38.173273+00:00,"[""innovation, reform"", ""renovation""]",,n2,,kanji,false,ja,1150,,,
288,自衛,2026-07-11T13:15:53.37627+00:00,11,じえい,noun,2026-08-28T15:27:38.173273+00:00,"[""self-defense"", ""protecting oneself""]",,n2,,kanji,false,ja,175,,,
289,野党,2026-07-11T13:15:53.37627+00:00,11,やとう,noun,2026-08-28T15:27:38.173273+00:00,"[""opposition party""]",,n2,,kanji,false,ja,649,,,
290,神宮,2026-07-11T13:15:53.37627+00:00,12,じんぐう,noun,2026-08-28T15:27:38.173273+00:00,"[""grand shrine, imperial shrine"", ""major Shinto shrine""]",,n2,,kanji,false,ja,998,,,
291,銀河,2026-07-11T13:15:53.37627+00:00,,ぎんが,noun,2026-08-28T15:27:38.173273+00:00,"[""galaxy"", ""Milky Way""]",,n2,,kanji,false,ja,1395,,,
292,過程,2026-07-11T13:15:53.37627+00:00,,かてい,noun,2026-08-28T15:27:38.173273+00:00,"[""process, course"", ""procedure, progress""]",,n2,,kanji,false,ja,586,,,
293,原因,2026-07-11T13:15:53.37627+00:00,,げんいん,noun,2026-08-28T15:27:38.173273+00:00,"[""cause, reason, origin""]",,n3,,kanji,false,ja,431,,,
294,受験,2026-07-11T13:15:53.37627+00:00,8,じゅけん,noun,2026-08-28T15:27:38.173273+00:00,"[""taking an exam, sitting for an exam"", ""entrance examination""]",,n3,,kanji,false,ja,584,,,
295,全員,2026-07-11T13:15:53.37627+00:00,19,ぜんいん,noun,2026-08-28T15:27:38.173273+00:00,"[""all members, everyone"", ""the whole group""]",,n3,,kanji,false,ja,147,,,
296,医院,2026-07-11T13:15:53.37627+00:00,9,いいん,noun,2026-08-28T15:27:38.173273+00:00,"[""clinic, doctor's office"", ""private medical practice""]",,n3,,kanji,false,ja,817,,,
297,公式,2026-07-11T13:15:53.37627+00:00,,こうしき,noun,2026-08-28T15:27:38.173273+00:00,"[""official, formal"", ""formula, equation""]",,n3,,kanji,false,ja,758,,,
298,削減,2026-07-11T13:15:53.37627+00:00,,さくげん,noun,2026-08-28T15:27:38.173273+00:00,"[""reduction, cutback"", ""curtailment, trimming""]",,n3,,kanji,false,ja,206,,,
299,骨折,2026-07-11T13:15:53.37627+00:00,9,こっせつ,noun,2026-08-28T15:27:38.173273+00:00,"[""bone fracture, broken bone"", ""breaking a bone""]",,n2,,kanji,false,ja,440,,,
300,警戒,2026-07-11T13:15:53.37627+00:00,,けいかい,noun,2026-08-28T15:27:38.173273+00:00,"[""vigilance, caution"", ""guard, lookout""]",,n2,,kanji,false,ja,1113,,,
301,位置,2026-07-11T13:15:53.37627+00:00,22,いち,noun,2026-08-28T15:27:38.173273+00:00,"[""position, location, place""]",,n3,,kanji,false,ja,894,,,
302,難民,2026-07-11T13:15:53.37627+00:00,,なんみん,noun,2026-08-28T15:27:38.173273+00:00,"[""refugee"", ""displaced person""]",,n2,,kanji,false,ja,772,,,
303,混乱,2026-07-11T13:15:53.37627+00:00,15,こんらん,noun,2026-08-28T15:27:38.173273+00:00,"[""confusion, disorder"", ""chaos, turmoil""]",,n2,,kanji,false,ja,648,,,
304,発揮,2026-07-11T13:15:53.37627+00:00,,はっき,noun,2026-08-28T15:27:38.173273+00:00,"[""display, demonstration"", ""putting to use (ability, talent)""]",,n2,,kanji,false,ja,1448,,,
305,眼科,2026-07-11T13:15:53.37627+00:00,9,がんか,noun,2026-08-28T15:27:38.173273+00:00,"[""ophthalmology, eye clinic"", ""eye doctor""]",,n2,,kanji,false,ja,168,,,
306,貴族,2026-07-11T13:15:53.37627+00:00,,きぞく,noun,2026-08-28T15:27:38.173273+00:00,"[""nobility, aristocracy"", ""noble, aristocrat""]",,n2,,kanji,false,ja,477,,,
307,印象,2026-07-11T13:15:53.37627+00:00,26,いんしょう,noun,2026-08-28T15:27:38.173273+00:00,"[""impression""]",,n3,,kanji,false,ja,693,,,
308,禁止,2026-07-11T13:15:53.37627+00:00,,きんし,noun,2026-08-28T15:27:38.173273+00:00,"[""prohibition, ban"", ""forbidding""]",,n3,,kanji,false,ja,411,,,
309,件数,2026-07-11T13:15:53.37627+00:00,19,けんすう,noun,2026-08-28T15:27:38.173273+00:00,"[""number of cases, count"", ""number of items/matters""]",,n3,,kanji,false,ja,1478,,,
310,商品,2026-07-11T13:15:53.37627+00:00,23,しょうひん,noun,2026-08-28T15:27:38.173273+00:00,"[""product, merchandise, goods""]",,n3,,kanji,false,ja,978,,,
311,世話,2026-07-11T13:15:53.37627+00:00,10,せわ,noun,2026-08-28T15:27:38.173273+00:00,"[""care, looking after"", ""help, assistance""]",,n3,,kanji,false,ja,634,,,
312,列車,2026-07-11T13:15:53.37627+00:00,2,れっしゃ,noun,2026-08-28T15:27:38.173273+00:00,"[""train (formal/general term)"", ""railway train""]",,n3,,kanji,false,ja,1316,,,
313,加工,2026-07-11T13:15:53.37627+00:00,25,かこう,noun,2026-08-28T15:27:38.173273+00:00,"[""processing, manufacturing, fabrication""]",,n3,,kanji,false,ja,240,,,
314,群島,2026-07-11T13:15:53.37627+00:00,14,ぐんとう,noun,2026-08-28T15:27:38.173273+00:00,"[""archipelago, group of islands"", ""island chain""]",,n2,,kanji,false,ja,710,,,
315,逆転,2026-07-11T13:15:53.37627+00:00,27,ぎゃくてん,noun,2026-08-28T15:27:38.173273+00:00,"[""reversal, turnaround"", ""comeback, upset""]",,n2,,kanji,false,ja,538,,,
316,母乳,2026-07-11T13:15:53.37627+00:00,,ぼにゅう,noun,2026-08-28T15:27:38.173273+00:00,"[""breast milk"", ""mother's milk""]",,n2,,kanji,false,ja,688,,,
317,移住,2026-07-11T13:15:53.37627+00:00,12,いじゅう,noun,2026-08-28T15:27:38.173273+00:00,"[""emigration, immigration"", ""migration, relocation""]",,n2,,kanji,false,ja,459,,,
318,除去,2026-07-11T13:15:53.37627+00:00,,じょきょ,noun,2026-08-28T15:27:38.173273+00:00,"[""removal, elimination"", ""eradication""]",,n2,,kanji,false,ja,932,,,
319,国際,2026-07-11T13:15:53.37627+00:00,,こくさい,noun,2026-08-28T15:27:38.173273+00:00,"[""international, global""]",,n3,,kanji,false,ja,1131,,,
320,通過,2026-07-11T13:15:53.37627+00:00,2,つうか,noun,2026-08-28T15:27:38.173273+00:00,"[""passing through, transit"", ""passing (an exam/stage)""]",,n2,,kanji,false,ja,941,,,
321,世紀,2026-07-11T13:15:53.37627+00:00,13,せいき,noun,2026-08-28T15:27:38.173273+00:00,"[""century"", ""era, age""]",,n3,,kanji,false,ja,340,,,
322,業界,2026-07-11T13:15:53.37627+00:00,30,ぎょうかい,noun,2026-08-28T15:27:38.173273+00:00,"[""industry, business world"", ""trade, sector""]",,n2,14,kanji,false,ja,508,,,
323,万年筆,2026-07-11T13:15:53.37627+00:00,,まんねんひつ,noun,2026-08-28T15:27:38.173273+00:00,"[""fountain pen""]",,n3,,kanji,false,ja,1125,,,
324,要因,2026-07-11T13:15:53.37627+00:00,,よういん,noun,2026-08-28T15:27:38.173273+00:00,"[""factor, main cause"", ""key element""]",,n2,,kanji,false,ja,782,,,
325,血液,2026-07-11T13:15:53.37627+00:00,17,けつえき,noun,2026-08-28T15:27:38.173273+00:00,"[""blood"", ""bloodstream""]",,n2,,kanji,false,ja,1398,,,
326,衛星,2026-07-11T13:15:53.37627+00:00,,えいせい,noun,2026-08-28T15:27:38.173273+00:00,"[""satellite"", ""moon (natural satellite)""]",,n2,,kanji,false,ja,579,,,
327,参考,2026-07-11T13:15:53.37627+00:00,,さんこう,noun,2026-08-28T15:27:38.173273+00:00,"[""reference, consultation, example to follow""]",,n3,,kanji,false,ja,198,,,
328,地区,2026-07-11T13:15:53.37627+00:00,,ちく,noun,2026-08-28T15:27:38.173273+00:00,"[""area, district, zone"", ""region""]",,n3,,kanji,false,ja,800,,,
329,到着,2026-07-11T13:15:53.37627+00:00,12,とうちゃく,noun,2026-08-28T15:27:38.173273+00:00,"[""arrival""]",,n3,,kanji,false,ja,981,,,
330,解放,2026-07-11T13:15:53.37627+00:00,,かいほう,noun,2026-08-28T15:27:38.173273+00:00,"[""release, liberation"", ""freedom, emancipation""]",,n2,,kanji,false,ja,1294,,,
331,見解,2026-07-11T13:15:53.37627+00:00,26,けんかい,noun,2026-08-28T15:27:38.173273+00:00,"[""opinion, point of view, perspective (formal)""]",,n2,,kanji,false,ja,755,,,
332,商店,2026-07-11T13:15:53.37627+00:00,23,しょうてん,noun,2026-08-28T15:27:38.173273+00:00,"[""store, shop"", ""retail shop""]",,n3,,kanji,false,ja,523,,,
333,同居,2026-07-11T13:15:53.37627+00:00,10,どうきょ,noun,2026-08-28T15:27:38.173273+00:00,"[""living together, cohabitation"", ""sharing a residence""]",,n3,,kanji,false,ja,607,,,
334,主語,2026-07-11T13:15:53.37627+00:00,24,しゅご,noun,2026-08-28T15:27:38.173273+00:00,"[""subject (in grammar)"", ""grammatical subject of a sentence""]",,n3,,kanji,false,ja,1171,,,
335,区別,2026-07-11T13:15:53.37627+00:00,28,くべつ,noun,2026-08-28T15:27:38.173273+00:00,"[""distinction, difference"", ""discrimination, differentiation""]",,n3,,kanji,false,ja,43,,,
336,光,2026-07-11T13:15:53.37627+00:00,14,ひかり,noun,2026-08-28T15:27:38.173273+00:00,"[""light, ray, gleam"", ""brightness, radiance""]",,n3,,kanji,false,ja,352,,,
337,格差,2026-07-11T13:15:53.37627+00:00,28,かくさ,noun,2026-08-28T15:27:38.173273+00:00,"[""disparity, gap"", ""inequality, difference""]",,n2,,kanji,false,ja,1225,,,
338,傷,2026-07-11T13:15:53.37627+00:00,17,きず,noun,2026-08-28T15:27:38.173273+00:00,"[""wound, injury"", ""scratch, scar, flaw""]",,n3,,kanji,false,ja,1411,,,
339,総額,2026-07-11T13:15:53.37627+00:00,19,そうがく,noun,2026-08-28T15:27:38.173273+00:00,"[""total amount, grand total"", ""sum total""]",,n2,,kanji,false,ja,191,,,
340,以来,2026-07-11T13:15:53.37627+00:00,13,いらい,noun,2026-08-28T15:27:38.173273+00:00,"[""since, from that time, ever since""]",,n3,,kanji,false,ja,542,,,
341,化粧,2026-07-11T13:15:53.37627+00:00,36,けしょう,noun,2026-08-28T15:27:38.173273+00:00,"[""makeup, cosmetics"", ""make oneself up""]",,n3,28,kanji,false,ja,315,,,
342,警告,2026-07-11T13:15:53.37627+00:00,24,けいこく,noun,2026-08-28T15:27:38.173273+00:00,"[""warning, alert"", ""caution, notice""]",,n2,,kanji,false,ja,1142,,,
343,係,2026-07-11T13:15:53.37627+00:00,25,かかり,noun,2026-08-28T15:27:38.173273+00:00,"[""person in charge, official"", ""staff member, responsible person""]",,n3,,kanji,false,ja,1283,,,
344,頂上,2026-07-11T13:15:53.37627+00:00,22,ちょうじょう,noun,2026-08-28T15:27:38.173273+00:00,"[""summit, top, peak"", ""pinnacle, apex""]",,n2,,kanji,false,ja,227,,,
345,勝負,2026-07-11T13:15:53.37627+00:00,27,しょうぶ,noun,2026-08-28T15:27:38.173273+00:00,"[""match, contest, competition"", ""game, bout""]",,n3,,kanji,false,ja,617,,,
346,検討,2026-07-11T13:15:53.37627+00:00,26,けんとう,noun,2026-08-28T15:27:38.173273+00:00,"[""consideration, examination"", ""study, review, investigation""]",,n2,,kanji,false,ja,1483,,,
347,体験,2026-07-11T13:15:53.37627+00:00,,たいけん,noun,2026-08-28T15:27:38.173273+00:00,"[""experience, first-hand experience"", ""personal experience""]",,n3,,kanji,false,ja,231,,,
348,遺跡,2026-07-11T13:15:53.37627+00:00,12,いせき,noun,2026-08-28T15:27:38.173273+00:00,"[""ruins, historic site"", ""archaeological site""]",,n2,,kanji,false,ja,1049,,,
349,作家,2026-07-11T13:15:53.37627+00:00,8,さっか,noun,2026-08-28T15:27:38.173273+00:00,"[""writer, author, novelist"", ""artist, creator""]",,n3,,kanji,false,ja,798,,,
350,事故,2026-07-11T13:15:53.37627+00:00,,じこ,noun,2026-08-28T15:27:38.173273+00:00,"[""accident, incident"", ""mishap, crash""]",,n3,,kanji,false,ja,1328,,,
351,交流,2026-07-11T13:15:53.37627+00:00,24,こうりゅう,noun,2026-08-28T15:27:38.173273+00:00,"[""exchange (of people, ideas), interaction, fellowship""]",,n3,,kanji,false,ja,1043,,,
352,国内,2026-07-11T13:15:53.37627+00:00,12,こくない,noun,2026-08-28T15:27:38.173273+00:00,"[""domestic, within the country"", ""inland, home""]",,n3,25,kanji,false,ja,541,,,
353,清潔,2026-07-11T13:15:53.37627+00:00,,せいけつ,adjective,2026-08-28T15:27:38.173273+00:00,"[""clean, hygienic, sanitary"", ""neat, tidy""]",na-adjective,n2,,kanji,false,ja,215,,,
354,羽根,2026-07-11T13:15:53.37627+00:00,18,はね,noun,2026-08-28T15:27:38.173273+00:00,"[""feather, wing"", ""shuttlecock (badminton)""]",,n2,,kanji,false,ja,242,,,
355,領域,2026-07-11T13:15:53.37627+00:00,,りょういき,noun,2026-08-28T15:27:38.173273+00:00,"[""territory, domain"", ""field, area (of study)""]",,n2,,kanji,false,ja,84,,,
356,商売,2026-07-11T13:15:53.37627+00:00,25,しょうばい,noun,2026-08-28T15:27:38.173273+00:00,"[""business, trade, commerce"", ""buying and selling""]",,n3,,kanji,false,ja,3,,,
357,永久,2026-07-11T13:15:53.37627+00:00,13,えいきゅう,noun,2026-08-28T15:27:38.173273+00:00,"[""permanence, eternity"", ""forever, perpetual""]",,n2,,kanji,false,ja,1184,,,
358,交換,2026-07-11T13:15:53.37627+00:00,,こうかん,noun,2026-08-28T15:27:38.173273+00:00,"[""exchange, replacement, substitution""]",,n3,,kanji,false,ja,298,,,
359,命,2026-07-11T13:15:53.37627+00:00,,いのち,noun,2026-08-28T15:27:38.173273+00:00,"[""life (of a living thing)"", ""one's life, existence""]",,n3,,kanji,false,ja,179,,,
360,俳句,2026-07-11T13:15:53.37627+00:00,,はいく,noun,2026-08-28T15:27:38.173273+00:00,"[""haiku (17-syllable Japanese poem)""]",,n3,,kanji,false,ja,528,,,
361,以内,2026-07-11T13:15:53.37627+00:00,,いない,noun,2026-08-28T15:27:38.173273+00:00,"[""within, not exceeding, no more than""]",,n3,,kanji,false,ja,943,,,
362,不幸,2026-07-11T13:15:53.37627+00:00,15,ふこう,noun,2026-08-28T15:27:38.173273+00:00,"[""unhappiness, misfortune"", ""bad luck, tragedy""]",,n3,,kanji,false,ja,731,,,
363,地元,2026-07-11T13:15:53.37627+00:00,10,じもと,noun,2026-08-28T15:27:38.173273+00:00,"[""local, one's hometown, home area"", ""the local area""]",,n3,,kanji,false,ja,613,,,
364,両方,2026-07-11T13:15:53.37627+00:00,19,りょうほう,noun,2026-08-28T15:27:38.173273+00:00,"[""both, both sides"", ""the two of them""]",,n3,,kanji,false,ja,193,,,
365,反応,2026-07-11T13:15:53.37627+00:00,,はんのう,noun,2026-08-28T15:27:38.173273+00:00,"[""reaction, response"", ""chemical reaction""]",,n3,,kanji,false,ja,1358,,,
366,利用,2026-07-11T13:15:53.37627+00:00,33,りよう,noun,2026-08-28T15:27:38.173273+00:00,"[""use, utilization, making use of""]",,n3,21,kanji,false,ja,739,,,
367,勝利,2026-07-11T13:15:53.37627+00:00,27,しょうり,noun,2026-08-28T15:27:38.173273+00:00,"[""victory, triumph, win""]",,n3,,kanji,false,ja,512,,,
368,最終,2026-07-11T13:16:57.172281+00:00,,さいしゅう,noun,2026-08-28T15:27:38.173273+00:00,"[""last, final, ultimate""]",,n3,,kanji,false,ja,48,,,
369,新幹線,2026-07-11T13:16:57.172281+00:00,2,しんかんせん,noun,2026-08-28T15:27:38.173273+00:00,"[""bullet train, Shinkansen""]",,n4,,kanji,false,ja,912,,,
370,大使,2026-07-11T13:16:57.172281+00:00,11,たいし,noun,2026-08-28T15:27:38.173273+00:00,"[""ambassador"", ""diplomatic envoy""]",,n3,,kanji,false,ja,81,,,
371,当然,2026-07-11T13:16:57.172281+00:00,,とうぜん,noun,2026-08-28T15:27:38.173273+00:00,"[""natural, obvious, of course"", ""reasonable, deserved""]",,n3,,kanji,false,ja,336,,,
372,技術,2026-07-11T13:16:57.172281+00:00,,ぎじゅつ,noun,2026-08-28T15:27:38.173273+00:00,"[""technology, technique"", ""skill, craftsmanship""]",,n3,,kanji,false,ja,57,,,
373,才能,2026-07-11T13:16:57.172281+00:00,,さいのう,noun,2026-08-28T15:27:38.173273+00:00,"[""talent, ability, gift, aptitude""]",,n3,,kanji,false,ja,1120,,,
374,担当,2026-07-11T13:16:57.172281+00:00,25,たんとう,noun,2026-08-28T15:27:38.173273+00:00,"[""charge, responsibility, being in charge of"", ""person in charge""]",,n3,,kanji,false,ja,841,,,
375,消費,2026-07-11T13:16:57.172281+00:00,23,しょうひ,noun,2026-08-28T15:27:38.173273+00:00,"[""consumption, spending, use""]",,n3,,kanji,false,ja,278,,,
376,期待,2026-07-11T13:16:57.172281+00:00,15,きたい,noun,2026-08-28T15:27:38.173273+00:00,"[""expectation, anticipation, hope""]",,n3,,kanji,false,ja,218,,,
377,戸,2026-07-11T13:16:57.172281+00:00,10,と,noun,2026-08-28T15:27:38.173273+00:00,"[""door, sliding door"", ""household, family""]",,n3,,kanji,false,ja,185,,,
378,流行,2026-07-11T13:16:57.172281+00:00,3,りゅうこう,noun,2026-08-28T15:27:38.173273+00:00,"[""trend, fashion, craze"", ""epidemic, outbreak (of disease)""]",,n3,,kanji,false,ja,551,,,
379,毛糸,2026-07-11T13:16:57.172281+00:00,36,けいと,noun,2026-08-28T15:27:38.173273+00:00,"[""wool yarn, knitting yarn""]",,n3,28,kanji,false,ja,1278,,,
380,演技,2026-07-11T13:16:57.172281+00:00,,えんぎ,noun,2026-08-28T15:27:38.173273+00:00,"[""acting, performance"", ""theatrical performance""]",,n3,,kanji,false,ja,389,,,
381,宿泊,2026-07-11T13:16:57.172281+00:00,12,しゅくはく,noun,2026-08-28T15:27:38.173273+00:00,"[""lodging, overnight stay"", ""accommodation""]",,n3,,kanji,false,ja,1151,,,
382,栄養,2026-07-11T13:16:57.172281+00:00,17,えいよう,noun,2026-08-28T15:27:38.173273+00:00,"[""nutrition, nourishment""]",,n3,,kanji,false,ja,1195,,,
383,整理,2026-07-11T13:16:57.172281+00:00,,せいり,noun,2026-08-28T15:27:38.173273+00:00,"[""arranging, tidying up, organizing"", ""sorting, putting in order""]",,n3,,kanji,false,ja,1240,,,
384,決定,2026-07-11T13:16:57.172281+00:00,26,けってい,noun,2026-08-28T15:27:38.173273+00:00,"[""decision, determination"", ""conclusion, resolution""]",,n3,,kanji,false,ja,813,,,
385,投票,2026-07-11T13:16:57.172281+00:00,11,とうひょう,noun,2026-08-28T15:27:38.173273+00:00,"[""voting, ballot, poll""]",,n3,,kanji,false,ja,702,,,
386,感想,2026-07-11T13:16:57.172281+00:00,15,かんそう,noun,2026-08-28T15:27:38.173273+00:00,"[""impression, thoughts, feelings (about something)"", ""one's reaction or opinion""]",,n3,,kanji,false,ja,454,,,
387,看護,2026-07-11T13:16:57.172281+00:00,9,かんご,noun,2026-08-28T15:27:38.173273+00:00,"[""nursing, care"", ""tending the sick""]",,n3,,kanji,false,ja,158,,,
388,東口,2026-07-11T13:16:57.172281+00:00,2,ひがしぐち,noun,2026-08-28T15:27:38.173273+00:00,"[""east exit, east entrance""]",,n3,,kanji,false,ja,1180,,,
389,看護師,2026-07-11T13:16:57.172281+00:00,9,かんごし,noun,2026-08-28T15:27:38.173273+00:00,"[""nurse"", ""registered nurse""]",,n3,,kanji,false,ja,1199,,,
390,校長,2026-07-11T13:16:57.172281+00:00,8,こうちょう,noun,2026-08-28T15:27:38.173273+00:00,"[""school principal, headmaster""]",,n3,,kanji,false,ja,740,,,
391,画家,2026-07-11T13:16:57.172281+00:00,25,がか,noun,2026-08-28T15:27:38.173273+00:00,"[""painter, artist""]",,n3,,kanji,false,ja,609,,,
392,意外,2026-07-11T13:16:57.172281+00:00,15,いがい,noun,2026-08-28T15:27:38.173273+00:00,"[""unexpectedness, surprise"", ""unexpected (na-adjective use)""]",,n3,,kanji,false,ja,802,,,
393,波,2026-07-11T13:16:57.172281+00:00,14,なみ,noun,2026-08-28T15:27:38.173273+00:00,"[""wave (water), surge"", ""ripple, fluctuation""]",,n3,,kanji,false,ja,266,,,
394,弱点,2026-07-11T13:16:57.172281+00:00,,じゃくてん,noun,2026-08-28T15:27:38.173273+00:00,"[""weak point, weakness, vulnerability""]",,n3,,kanji,false,ja,678,,,
395,星座,2026-07-11T13:16:57.172281+00:00,,せいざ,noun,2026-08-28T15:27:38.173273+00:00,"[""constellation, star sign""]",,n3,,kanji,false,ja,639,,,
396,幸福,2026-07-11T13:16:57.172281+00:00,15,こうふく,noun,2026-08-28T15:27:38.173273+00:00,"[""happiness, bliss, good fortune""]",,n3,,kanji,false,ja,872,,,
397,教訓,2026-07-11T13:16:57.172281+00:00,,きょうくん,noun,2026-08-28T15:27:38.173273+00:00,"[""lesson, moral, teaching""]",,n3,,kanji,false,ja,142,,,
398,相談,2026-07-11T13:16:57.172281+00:00,24,そうだん,noun,2026-08-28T15:27:38.173273+00:00,"[""consultation, discussion, talking over""]",,n3,,kanji,false,ja,581,,,
399,次第,2026-07-11T13:16:57.172281+00:00,,しだい,noun,2026-08-28T15:27:38.173273+00:00,"[""depending on, as soon as, circumstances"", ""order, procedure""]",,n3,,kanji,false,ja,271,,,
400,岩,2026-07-11T13:16:57.172281+00:00,14,いわ,noun,2026-08-28T15:27:38.173273+00:00,"[""rock, boulder, crag""]",,n3,,kanji,false,ja,1203,,,
401,書類,2026-07-11T13:16:57.172281+00:00,25,しょるい,noun,2026-08-28T15:27:38.173273+00:00,"[""documents, papers, paperwork""]",,n3,,kanji,false,ja,241,,,
402,最高,2026-07-11T13:16:57.172281+00:00,28,さいこう,noun,2026-08-28T15:27:38.173273+00:00,"[""best, highest, maximum, greatest""]",,n3,,kanji,false,ja,1369,,,
403,太平洋,2026-07-11T13:16:57.172281+00:00,14,たいへいよう,noun,2026-08-28T15:27:38.173273+00:00,"[""Pacific Ocean""]",,n3,,kanji,false,ja,234,,,
404,抹茶,2026-07-11T13:16:57.172281+00:00,5,まっちゃ,noun,2026-08-28T15:27:38.173273+00:00,"[""matcha, powdered green tea""]",,n3,,kanji,false,ja,209,,,
405,満点,2026-07-11T13:16:57.172281+00:00,8,まんてん,noun,2026-08-28T15:27:38.173273+00:00,"[""perfect score, full marks""]",,n3,,kanji,false,ja,472,,,
406,現実,2026-07-11T13:16:57.172281+00:00,,げんじつ,noun,2026-08-28T15:27:38.173273+00:00,"[""reality, actuality"", ""the real world, actual situation""]",,n3,,kanji,false,ja,1392,,,
407,天才,2026-07-11T13:16:57.172281+00:00,,てんさい,noun,2026-08-28T15:27:38.173273+00:00,"[""genius, prodigy, extraordinary talent""]",,n3,,kanji,false,ja,744,,,
408,減少,2026-07-11T13:16:57.172281+00:00,,げんしょう,noun,2026-08-28T15:27:38.173273+00:00,"[""decrease, reduction"", ""decline, diminishment""]",,n3,,kanji,false,ja,36,,,
409,暗記,2026-07-11T13:16:57.172281+00:00,8,あんき,noun,2026-08-28T15:27:38.173273+00:00,"[""memorization, learning by heart""]",,n3,,kanji,false,ja,1426,,,
410,文章,2026-07-11T13:16:57.172281+00:00,24,ぶんしょう,noun,2026-08-28T15:27:38.173273+00:00,"[""sentence, text, writing, composition""]",,n3,,kanji,false,ja,515,,,
411,現在,2026-07-11T13:16:57.172281+00:00,13,げんざい,noun,2026-08-28T15:27:38.173273+00:00,"[""now, present, currently"", ""the present time""]",,n3,,kanji,false,ja,1378,,,
412,感動,2026-07-11T13:16:57.172281+00:00,15,かんどう,noun,2026-08-28T15:27:38.173273+00:00,"[""being moved (emotionally), being touched, being impressed""]",,n3,,kanji,false,ja,1314,,,
413,指示,2026-07-11T13:16:57.172281+00:00,24,しじ,noun,2026-08-28T15:27:38.173273+00:00,"[""instructions, directions, indication""]",,n3,,kanji,false,ja,885,,,
414,均等,2026-07-11T13:16:57.172281+00:00,28,きんとう,noun,2026-08-28T15:27:38.173273+00:00,"[""equality, evenness"", ""uniformity, equal distribution""]",,n3,,kanji,false,ja,893,,,
415,産業,2026-07-11T13:16:57.172281+00:00,25,さんぎょう,noun,2026-08-28T15:27:38.173273+00:00,"[""industry, enterprise, business""]",,n3,,kanji,false,ja,626,,,
416,発展,2026-07-11T13:16:57.172281+00:00,,はってん,noun,2026-08-28T15:27:38.173273+00:00,"[""development, growth, expansion""]",,n3,,kanji,false,ja,396,,,
417,理解,2026-07-11T13:16:57.172281+00:00,26,りかい,noun,2026-08-28T15:27:38.173273+00:00,"[""understanding, comprehension"", ""appreciation, empathy""]",,n3,,kanji,false,ja,289,,,
418,毛布,2026-07-11T13:16:57.172281+00:00,35,もうふ,noun,2026-08-28T15:27:38.173273+00:00,"[""blanket""]",,n3,,kanji,false,ja,1152,,,
419,物語,2026-07-11T13:16:57.172281+00:00,,ものがたり,noun,2026-08-28T15:27:38.173273+00:00,"[""story, tale, narrative""]",,n3,,kanji,false,ja,774,,,
420,学者,2026-07-11T13:16:57.172281+00:00,25,がくしゃ,noun,2026-08-28T15:27:38.173273+00:00,"[""scholar, academic, learned person""]",,n3,,kanji,false,ja,1135,,,
421,想像,2026-07-11T13:16:57.172281+00:00,26,そうぞう,noun,2026-08-28T15:27:38.173273+00:00,"[""imagination, fancy, supposition""]",,n3,,kanji,false,ja,750,,,
422,教育,2026-07-11T13:16:57.172281+00:00,8,きょういく,noun,2026-08-28T15:27:38.173273+00:00,"[""education"", ""upbringing, training""]",,n3,,kanji,false,ja,125,,,
423,家具,2026-07-11T13:16:57.172281+00:00,31,かぐ,noun,2026-08-28T15:27:38.173273+00:00,"[""furniture"", ""household furnishings""]",,n3,18,kanji,false,ja,534,,,
424,番組,2026-07-11T13:16:57.172281+00:00,24,ばんぐみ,noun,2026-08-28T15:27:38.173273+00:00,"[""TV program, radio program""]",,n3,,kanji,false,ja,652,,,
425,希望,2026-07-11T13:16:57.172281+00:00,15,きぼう,noun,2026-08-28T15:27:38.173273+00:00,"[""hope, wish, desire""]",,n3,,kanji,false,ja,628,,,
426,帰宅,2026-07-11T13:16:57.172281+00:00,10,きたく,noun,2026-08-28T15:27:38.173273+00:00,"[""returning home, going home""]",,n3,,kanji,false,ja,435,,,
427,矢,2026-07-11T13:16:57.172281+00:00,27,や,noun,2026-08-28T15:27:38.173273+00:00,"[""arrow""]",,n3,,kanji,false,ja,1039,,,
428,現代,2026-07-11T13:16:57.172281+00:00,13,げんだい,noun,2026-08-28T15:27:38.173273+00:00,"[""modern times, contemporary age"", ""present day""]",,n3,,kanji,false,ja,374,,,
429,発表,2026-07-11T13:16:57.172281+00:00,24,はっぴょう,noun,2026-08-28T15:27:38.173273+00:00,"[""announcement, presentation, publication""]",,n3,,kanji,false,ja,830,,,
430,大雪,2026-07-11T13:16:57.172281+00:00,14,おおゆき,noun,2026-08-28T15:27:38.173273+00:00,"[""heavy snow, heavy snowfall""]",,n3,,kanji,false,ja,211,,,
431,期間,2026-07-11T13:16:57.172281+00:00,13,きかん,noun,2026-08-28T15:27:38.173273+00:00,"[""period, duration, term""]",,n3,,kanji,false,ja,560,,,
432,書道,2026-07-11T13:16:57.172281+00:00,27,しょどう,noun,2026-08-28T15:27:38.173273+00:00,"[""calligraphy, the art of writing""]",,n3,,kanji,false,ja,1338,,,
433,性格,2026-07-11T13:16:57.172281+00:00,,せいかく,noun,2026-08-28T15:27:38.173273+00:00,"[""personality, character"", ""nature, disposition""]",,n3,,kanji,false,ja,1480,,,
434,幸運,2026-07-11T13:16:57.172281+00:00,,こううん,noun,2026-08-28T15:27:38.173273+00:00,"[""good luck, good fortune""]",,n3,,kanji,false,ja,518,,,
435,短所,2026-07-11T13:16:57.172281+00:00,,たんしょ,noun,2026-08-28T15:27:38.173273+00:00,"[""weak point, shortcoming, disadvantage""]",,n3,,kanji,false,ja,70,,,
436,教科書,2026-07-11T13:16:57.172281+00:00,8,きょうかしょ,noun,2026-08-28T15:27:38.173273+00:00,"[""textbook, coursebook""]",,n3,,kanji,false,ja,351,,,
437,平等,2026-07-11T13:16:57.172281+00:00,28,びょうどう,noun,2026-08-28T15:27:38.173273+00:00,"[""equality, equal treatment, impartiality""]",,n3,,kanji,false,ja,199,,,
438,季節,2026-07-11T13:16:57.172281+00:00,13,きせつ,noun,2026-08-28T15:27:38.173273+00:00,"[""season""]",,n3,,kanji,false,ja,718,,,
439,放送,2026-07-11T13:16:57.172281+00:00,24,ほうそう,noun,2026-08-28T15:27:38.173273+00:00,"[""broadcast, broadcasting (TV/radio)""]",,n3,,kanji,false,ja,1015,,,
440,看板,2026-07-11T13:16:57.172281+00:00,,かんばん,noun,2026-08-28T15:27:38.173273+00:00,"[""signboard, billboard"", ""sign, nameplate""]",,n3,,kanji,false,ja,187,,,
441,汽車,2026-07-11T13:16:57.172281+00:00,2,きしゃ,noun,2026-08-28T15:27:38.173273+00:00,"[""steam train, train (old-fashioned term)"", ""railway car""]",,n3,,kanji,false,ja,314,,,
442,変化,2026-07-11T13:16:57.172281+00:00,,へんか,noun,2026-08-28T15:27:38.173273+00:00,"[""change, variation, transformation"", ""alteration""]",,n3,,kanji,false,ja,2,,,
443,様子,2026-07-11T13:16:57.172281+00:00,,ようす,noun,2026-08-28T15:27:38.173273+00:00,"[""state, situation, condition, appearance"", ""look, manner, sign""]",,n3,,kanji,false,ja,35,,,
444,炭酸,2026-07-11T13:16:57.172281+00:00,31,たんさん,noun,2026-08-28T15:27:38.173273+00:00,"[""carbonic acid, carbonation, fizzy/sparkling (water/drink)""]",,n3,18,kanji,false,ja,1391,,,
445,方向,2026-07-11T13:16:57.172281+00:00,22,ほうこう,noun,2026-08-28T15:27:38.173273+00:00,"[""direction, orientation"", ""course, way""]",,n3,,kanji,false,ja,675,,,
446,専門,2026-07-11T13:16:57.172281+00:00,25,せんもん,noun,2026-08-28T15:27:38.173273+00:00,"[""specialty, expertise, special field""]",,n3,,kanji,false,ja,733,,,
447,民族,2026-07-11T13:16:57.172281+00:00,,みんぞく,noun,2026-08-28T15:27:38.173273+00:00,"[""ethnic group, people, race, nation""]",,n3,,kanji,false,ja,1077,,,
448,直接,2026-07-11T13:16:57.172281+00:00,,ちょくせつ,noun,2026-08-28T15:27:38.173273+00:00,"[""direct, directly, in person""]",,n3,,kanji,false,ja,1394,,,
449,有効,2026-07-11T13:16:57.172281+00:00,,ゆうこう,noun,2026-08-28T15:27:38.173273+00:00,"[""valid, effective, in effect"", ""useful, efficient""]",,n3,,kanji,false,ja,749,,,
450,寝室,2026-07-11T13:16:57.172281+00:00,10,しんしつ,noun,2026-08-28T15:27:38.173273+00:00,"[""bedroom, sleeping room""]",,n3,,kanji,false,ja,22,,,
451,深夜,2026-07-11T13:16:57.172281+00:00,13,しんや,noun,2026-08-28T15:27:38.173273+00:00,"[""late at night, midnight, the small hours""]",,n3,,kanji,false,ja,558,,,
452,室内,2026-07-11T13:16:57.172281+00:00,,しつない,noun,2026-08-28T15:27:38.173273+00:00,"[""indoors, interior, inside a room""]",,n3,,kanji,false,ja,1105,,,
453,往復,2026-07-11T13:16:57.172281+00:00,12,おうふく,noun,2026-08-28T15:27:38.173273+00:00,"[""round trip, going and returning"", ""back and forth""]",,n3,,kanji,false,ja,1046,,,
454,弓矢,2026-07-11T13:16:57.172281+00:00,27,ゆみや,noun,2026-08-28T15:27:38.173273+00:00,"[""bow and arrow""]",,n3,,kanji,false,ja,301,,,
455,日本酒,2026-07-11T13:16:57.172281+00:00,31,にほんしゅ,noun,2026-08-28T15:27:38.173273+00:00,"[""Japanese sake, rice wine""]",,n3,18,kanji,false,ja,383,,,
456,実際,2026-07-11T13:16:57.172281+00:00,,じっさい,noun,2026-08-28T15:27:38.173273+00:00,"[""in practice, actually"", ""in reality, in fact""]",,n3,,kanji,false,ja,503,,,
457,工事,2026-07-11T13:16:57.172281+00:00,25,こうじ,noun,2026-08-28T15:27:38.173273+00:00,"[""construction work, engineering work""]",,n3,,kanji,false,ja,902,,,
458,我慢,2026-07-11T13:16:57.172281+00:00,15,がまん,noun,2026-08-28T15:27:38.173273+00:00,"[""patience, endurance"", ""tolerance, self-control""]",,n3,,kanji,false,ja,470,,,
459,死亡,2026-07-11T13:16:57.172281+00:00,9,しぼう,noun,2026-08-28T15:27:38.173273+00:00,"[""death, mortality"", ""dying""]",,n3,,kanji,false,ja,105,,,
460,注目,2026-07-11T13:16:57.172281+00:00,26,ちゅうもく,noun,2026-08-28T15:27:38.173273+00:00,"[""attention, notice, being watched""]",,n3,,kanji,false,ja,230,,,
461,市場,2026-07-11T13:16:57.172281+00:00,,いちば・しじょう,noun,2026-08-28T15:27:38.173273+00:00,"[""market, marketplace (いちば)"", ""market (economic) (しじょう)""]",,n3,,kanji,false,ja,1397,,,
462,汽船,2026-07-11T13:16:57.172281+00:00,12,きせん,noun,2026-08-28T15:27:38.173273+00:00,"[""steamship, steamboat""]",,n3,,kanji,false,ja,1107,,,
463,知識,2026-07-11T13:16:57.172281+00:00,26,ちしき,noun,2026-08-28T15:27:38.173273+00:00,"[""knowledge, information, learning""]",,n3,,kanji,false,ja,711,,,
464,発見,2026-07-11T13:16:57.172281+00:00,26,はっけん,noun,2026-08-28T15:27:38.173273+00:00,"[""discovery, finding""]",,n3,,kanji,false,ja,975,,,
465,欠点,2026-07-11T13:16:57.172281+00:00,,けってん,noun,2026-08-28T15:27:38.173273+00:00,"[""defect, flaw, shortcoming, weakness""]",,n3,,kanji,false,ja,1451,,,
466,応用,2026-07-11T13:16:57.172281+00:00,,おうよう,noun,2026-08-28T15:27:38.173273+00:00,"[""application, practical use"", ""applied (as in applied science)""]",,n3,,kanji,false,ja,335,,,
467,感謝,2026-07-11T13:16:57.172281+00:00,15,かんしゃ,noun,2026-08-28T15:27:38.173273+00:00,"[""thanks, gratitude""]",,n3,,kanji,false,ja,996,,,
468,時期,2026-07-11T13:16:57.172281+00:00,13,じき,noun,2026-08-28T15:27:38.173273+00:00,"[""time, season, period, occasion""]",,n3,,kanji,false,ja,161,,,
469,石油,2026-07-11T13:16:57.172281+00:00,,せきゆ,noun,2026-08-28T15:27:38.173273+00:00,"[""oil, petroleum, kerosene""]",,n3,,kanji,false,ja,1051,,,
470,対象,2026-07-11T13:16:57.172281+00:00,33,たいしょう,noun,2026-08-28T15:27:38.173273+00:00,"[""object, target, subject (of something)"", ""the thing something is directed at""]",,n3,23,kanji,false,ja,1447,,,
471,活動,2026-07-11T13:16:57.172281+00:00,,かつどう,noun,2026-08-28T15:27:38.173273+00:00,"[""activity, action, movement"", ""operation""]",,n3,,kanji,false,ja,819,,,
472,日本刀,2026-07-11T13:16:57.172281+00:00,,にほんとう,noun,2026-08-28T15:27:38.173273+00:00,"[""Japanese sword, katana"", ""traditional Japanese blade""]",,n3,,kanji,false,ja,1170,,,
473,工夫,2026-07-11T13:16:57.172281+00:00,26,くふう,noun,2026-08-28T15:27:38.173273+00:00,"[""device, scheme, ingenuity"", ""creative idea, effort""]",,n3,,kanji,false,ja,1396,,,
474,家賃,2026-07-11T13:16:57.172281+00:00,30,やちん,noun,2026-08-28T15:27:38.173273+00:00,"[""rent (for housing)"", ""monthly rent""]",,n3,,kanji,false,ja,793,,,
475,灰皿,2026-07-11T13:16:57.172281+00:00,36,はいざら,noun,2026-08-28T15:27:38.173273+00:00,"[""ashtray""]",,n3,28,kanji,false,ja,907,,,
476,広場,2026-07-11T13:16:57.172281+00:00,,ひろば,noun,2026-08-28T15:27:38.173273+00:00,"[""plaza, public square, open space""]",,n3,,kanji,false,ja,369,,,
477,景色,2026-07-11T13:16:57.172281+00:00,14,けしき,noun,2026-08-28T15:27:38.173273+00:00,"[""scenery, view, landscape""]",,n3,,kanji,false,ja,583,,,
478,故障,2026-07-11T13:16:57.172281+00:00,4,こしょう,noun,2026-08-28T15:27:38.173273+00:00,"[""breakdown, malfunction"", ""trouble, failure""]",,n3,,kanji,false,ja,816,,,
479,知人,2026-07-11T13:16:57.172281+00:00,,ちじん,noun,2026-08-28T15:27:38.173273+00:00,"[""acquaintance, person one knows""]",,n3,,kanji,false,ja,616,,,
480,宇宙,2026-07-11T13:16:57.172281+00:00,,うちゅう,noun,2026-08-28T15:27:38.173273+00:00,"[""universe, outer space"", ""cosmos""]",,n3,,kanji,false,ja,757,,,
481,歩道,2026-07-11T13:16:57.172281+00:00,,ほどう,noun,2026-08-28T15:27:38.173273+00:00,"[""sidewalk, footpath, pedestrian path""]",,n3,,kanji,false,ja,602,,,
482,庭園,2026-07-11T13:16:57.172281+00:00,12,ていえん,noun,2026-08-28T15:27:38.173273+00:00,"[""garden, park (formal or traditional garden)""]",,n3,,kanji,false,ja,348,,,
483,工業,2026-07-11T13:16:57.172281+00:00,25,こうぎょう,noun,2026-08-28T15:27:38.173273+00:00,"[""industry, manufacturing, engineering""]",,n3,,kanji,false,ja,623,,,
484,故里,2026-07-11T13:16:57.172281+00:00,10,こきょう,noun,2026-08-28T15:27:38.173273+00:00,"[""hometown, native place, birthplace""]",,n3,,kanji,false,ja,1192,,,
485,旅館,2026-07-11T13:16:57.172281+00:00,12,りょかん,noun,2026-08-28T15:27:38.173273+00:00,"[""Japanese inn, traditional Japanese hotel""]",,n4,,kanji,false,ja,253,,,
486,役割,2026-07-11T13:16:57.172281+00:00,25,やくわり,noun,2026-08-28T15:27:38.173273+00:00,"[""role, part"", ""function, duty""]",,n3,,kanji,false,ja,849,,,
487,大声,2026-07-11T13:16:57.172281+00:00,24,おおごえ,noun,2026-08-28T15:27:38.173273+00:00,"[""loud voice, shout, yell""]",,n3,,kanji,false,ja,1313,,,
488,時代,2026-07-11T13:16:57.172281+00:00,13,じだい,noun,2026-08-28T15:27:38.173273+00:00,"[""era, period, age, epoch""]",,n4,,kanji,false,ja,844,,,
489,点数,2026-07-11T13:16:57.172281+00:00,8,てんすう,noun,2026-08-28T15:27:38.173273+00:00,"[""score, points, grade""]",,n3,,kanji,false,ja,543,,,
490,救助,2026-07-11T13:16:57.172281+00:00,,きゅうじょ,noun,2026-08-28T15:27:38.173273+00:00,"[""rescue, relief, saving""]",,n3,,kanji,false,ja,585,,,
491,増加,2026-07-11T13:16:57.172281+00:00,19,ぞうか,noun,2026-08-28T15:27:38.173273+00:00,"[""increase, rise, growth""]",,n3,,kanji,false,ja,439,,,
492,将来,2026-07-11T13:16:57.172281+00:00,13,しょうらい,noun,2026-08-28T15:27:38.173273+00:00,"[""future, one's future prospects""]",,n3,,kanji,false,ja,337,,,
493,疑問,2026-07-11T13:16:57.172281+00:00,26,ぎもん,noun,2026-08-28T15:27:38.173273+00:00,"[""question, doubt"", ""uncertainty""]",,n3,,kanji,false,ja,1165,,,
494,改善,2026-07-11T13:16:57.172281+00:00,,かいぜん,noun,2026-08-28T15:27:38.173273+00:00,"[""improvement, betterment""]",,n3,,kanji,false,ja,236,,,
495,委員,2026-07-11T13:16:57.172281+00:00,11,いいん,noun,2026-08-28T15:27:38.173273+00:00,"[""committee member"", ""person in charge""]",,n3,,kanji,false,ja,570,,,
496,委員会,2026-07-11T13:16:57.172281+00:00,11,いいんかい,noun,2026-08-28T15:27:38.173273+00:00,"[""committee"", ""board, council""]",,n3,,kanji,false,ja,201,,,
497,小麦,2026-07-11T13:16:57.172281+00:00,5,こむぎ,noun,2026-08-28T15:27:38.173273+00:00,"[""wheat (as a crop)""]",,n3,,kanji,false,ja,1461,,,
498,皮膚,2026-07-11T13:16:57.172281+00:00,17,ひふ,noun,2026-08-28T15:27:38.173273+00:00,"[""skin (of the body)""]",,n3,,kanji,false,ja,680,,,
499,居間,2026-07-11T13:16:57.172281+00:00,10,いま,noun,2026-08-28T15:27:38.173273+00:00,"[""living room"", ""sitting room""]",,n3,,kanji,false,ja,1300,,,
500,寄付,2026-07-11T13:16:57.172281+00:00,,きふ,noun,2026-08-28T15:27:38.173273+00:00,"[""donation, contribution"", ""charitable giving""]",,n3,,kanji,false,ja,566,,,
501,昭和,2026-07-11T13:16:57.172281+00:00,13,しょうわ,noun,2026-08-28T15:27:38.173273+00:00,"[""Showa era (1926-1989), the reign of Emperor Hirohito""]",,n3,,kanji,false,ja,1382,,,
502,春分,2026-07-11T13:16:57.172281+00:00,13,しゅんぶん,noun,2026-08-28T15:27:38.173273+00:00,"[""spring equinox, vernal equinox""]",,n3,,kanji,false,ja,58,,,
503,気温,2026-07-11T13:16:57.172281+00:00,14,きおん,noun,2026-08-28T15:27:38.173273+00:00,"[""air temperature"", ""atmospheric temperature""]",,n3,,kanji,false,ja,1377,,,
504,戸外,2026-07-11T13:16:57.172281+00:00,,こがい,noun,2026-08-28T15:27:38.173273+00:00,"[""outdoors, open air, outside""]",,n3,,kanji,false,ja,1258,,,
505,特急,2026-07-11T13:16:57.172281+00:00,2,とっきゅう,noun,2026-08-28T15:27:38.173273+00:00,"[""limited express (train), super express"", ""top priority, urgent""]",,n3,25,kanji,false,ja,38,,,
506,基本,2026-07-11T13:16:57.172281+00:00,,きほん,noun,2026-08-28T15:27:38.173273+00:00,"[""basics, fundamentals"", ""foundation, principle""]",,n3,,kanji,false,ja,1425,,,
507,売買,2026-07-11T13:16:57.172281+00:00,23,ばいばい,noun,2026-08-28T15:27:38.173273+00:00,"[""buying and selling, trade, transaction""]",,n3,,kanji,false,ja,944,,,
508,後悔,2026-07-11T13:16:57.172281+00:00,15,こうかい,noun,2026-08-28T15:27:38.173273+00:00,"[""regret, remorse""]",,n3,,kanji,false,ja,1036,,,
509,相手,2026-07-11T13:16:57.172281+00:00,33,あいて,noun,2026-08-28T15:27:38.173273+00:00,"[""other party, partner, opponent"", ""the other person (in a relationship/conversation)""]",,n3,21,kanji,false,ja,197,,,
510,演奏,2026-07-11T13:16:57.172281+00:00,27,えんそう,noun,2026-08-28T15:27:38.173273+00:00,"[""musical performance, playing"", ""recital""]",,n3,,kanji,false,ja,1019,,,
511,検査,2026-07-11T13:16:57.172281+00:00,9,けんさ,noun,2026-08-28T15:27:38.173273+00:00,"[""inspection, examination"", ""medical check-up, test""]",,n3,,kanji,false,ja,387,,,
512,基準,2026-07-11T13:16:57.172281+00:00,,きじゅん,noun,2026-08-28T15:27:38.173273+00:00,"[""standard, criterion"", ""benchmark, norm""]",,n3,,kanji,false,ja,100,,,
513,放送局,2026-07-11T13:16:57.172281+00:00,24,ほうそうきょく,noun,2026-08-28T15:27:38.173273+00:00,"[""broadcasting station, TV/radio station""]",,n3,,kanji,false,ja,402,,,
514,海岸,2026-07-11T13:16:57.172281+00:00,14,かいがん,noun,2026-08-28T15:27:38.173273+00:00,"[""seashore, coast, beach""]",,n3,,kanji,false,ja,1414,,,
515,機械,2026-07-11T13:16:57.172281+00:00,,きかい,noun,2026-08-28T15:27:38.173273+00:00,"[""machine, machinery, mechanism""]",,n3,,kanji,false,ja,157,,,
516,機会,2026-07-11T13:16:57.172281+00:00,,きかい,noun,2026-08-28T15:27:38.173273+00:00,"[""opportunity, chance, occasion""]",,n3,,kanji,false,ja,742,,,
517,角,2026-07-11T13:17:57.65851+00:00,22,かど,noun,2026-08-28T15:27:38.173273+00:00,"[""corner, angle"", ""turn (in road)""]",,n3,,kanji,false,ja,974,,,
518,都合,2026-07-11T13:17:57.65851+00:00,,つごう,noun,2026-08-28T15:27:38.173273+00:00,"[""circumstances, convenience"", ""schedule, availability""]",,n3,,kanji,false,ja,1243,,,
519,管理,2026-07-11T13:17:57.65851+00:00,25,かんり,noun,2026-08-28T15:27:38.173273+00:00,"[""management, administration, control""]",,n3,,kanji,false,ja,453,,,
520,胸,2026-07-11T13:17:57.65851+00:00,15,むね,noun,2026-08-28T15:27:38.173273+00:00,"[""chest, breast"", ""heart, mind, feelings""]",,n3,,kanji,false,ja,350,,,
521,電波,2026-07-11T13:17:57.65851+00:00,32,でんぱ,noun,2026-08-28T15:27:38.173273+00:00,"[""radio waves, electromagnetic waves, signal""]",,n3,,kanji,false,ja,170,,,
522,交通,2026-07-11T13:17:57.65851+00:00,12,こうつう,noun,2026-08-28T15:27:38.173273+00:00,"[""traffic, transportation"", ""communication""]",,n4,26,kanji,false,ja,930,,,
523,習慣,2026-07-11T13:17:57.65851+00:00,,しゅうかん,noun,2026-08-28T15:27:38.173273+00:00,"[""habit, custom"", ""practice, routine""]",,n3,,kanji,false,ja,370,,,
524,門,2026-07-11T13:17:57.65851+00:00,,もん,noun,2026-08-28T15:27:38.173273+00:00,"[""gate, entrance, school gate""]",,n3,,kanji,false,ja,1352,,,
525,組み合わせ,2026-07-11T13:17:57.65851+00:00,,くみあわせ,noun,2026-08-28T15:27:38.173273+00:00,"[""combination, pairing, arrangement""]",,n3,,kanji,false,ja,490,,,
526,路線,2026-07-11T13:17:57.65851+00:00,2,ろせん,noun,2026-08-28T15:27:38.173273+00:00,"[""route, line (bus/train), course""]",,n3,14,kanji,false,ja,1297,,,
527,題名,2026-07-11T13:17:57.65851+00:00,,だいめい,noun,2026-08-28T15:27:38.173273+00:00,"[""title (of a work), name of a piece""]",,n3,,kanji,false,ja,517,,,
528,選挙,2026-07-11T13:17:57.65851+00:00,11,せんきょ,noun,2026-08-28T15:27:38.173273+00:00,"[""election""]",,n3,,kanji,false,ja,463,,,
529,作品,2026-07-11T13:17:57.65851+00:00,,さくひん,noun,2026-08-28T15:27:38.173273+00:00,"[""work of art, creation, piece"", ""literary or artistic work""]",,n4,,kanji,false,ja,729,,,
530,競馬,2026-07-11T13:17:57.65851+00:00,27,けいば,noun,2026-08-28T15:27:38.173273+00:00,"[""horse racing""]",,n3,,kanji,false,ja,1174,,,
531,社員,2026-07-11T13:17:57.65851+00:00,25,しゃいん,noun,2026-08-28T15:27:38.173273+00:00,"[""company employee, staff member"", ""corporate member""]",,n3,,kanji,false,ja,748,,,
532,作曲,2026-07-11T13:17:57.65851+00:00,27,さっきょく,noun,2026-08-28T15:27:38.173273+00:00,"[""musical composition, composing music""]",,n4,,kanji,false,ja,1245,,,
533,仕方,2026-07-11T13:17:57.65851+00:00,,しかた,noun,2026-08-28T15:27:38.173273+00:00,"[""way, method, manner"", ""means, how to do""]",,n4,,kanji,false,ja,795,,,
534,信号,2026-07-11T13:17:57.65851+00:00,,しんごう,noun,2026-08-28T15:27:38.173273+00:00,"[""traffic signal, signal, sign""]",,n4,,kanji,false,ja,1458,,,
535,起床,2026-07-11T13:17:57.65851+00:00,10,きしょう,noun,2026-08-28T15:27:38.173273+00:00,"[""getting up, rising (from bed)""]",,n3,,kanji,false,ja,1363,,,
536,結婚式,2026-07-11T13:17:57.65851+00:00,,けっこんしき,noun,2026-08-28T15:27:38.173273+00:00,"[""wedding ceremony""]",,n3,,kanji,false,ja,524,,,
537,以上,2026-07-11T13:17:57.65851+00:00,22,いじょう,noun,2026-08-28T15:27:38.173273+00:00,"[""above, more than, that's all, no less than""]",,n4,,kanji,false,ja,1223,,,
538,乗り物,2026-07-11T13:17:57.65851+00:00,2,のりもの,noun,2026-08-28T15:27:38.173273+00:00,"[""vehicle, means of transport"", ""ride (e.g., at an amusement park)""]",,n4,,kanji,false,ja,540,,,
539,規模,2026-07-11T13:17:57.65851+00:00,21,きぼ,noun,2026-08-28T15:27:38.173273+00:00,"[""scale, scope, size"", ""magnitude, extent""]",,n3,,kanji,false,ja,1311,,,
540,開発,2026-07-11T13:17:57.65851+00:00,25,かいはつ,noun,2026-08-28T15:27:38.173273+00:00,"[""development (of land, software, products)"", ""exploitation, creation""]",,n3,,kanji,false,ja,1281,,,
541,解決,2026-07-11T13:17:57.65851+00:00,26,かいけつ,noun,2026-08-28T15:27:38.173273+00:00,"[""resolution, settlement"", ""solving, resolution of a problem""]",,n3,,kanji,false,ja,371,,,
542,線,2026-07-11T13:17:57.65851+00:00,,せん,noun,2026-08-28T15:27:38.173273+00:00,"[""line, wire, route""]",,n3,,kanji,false,ja,109,,,
543,訓練,2026-07-11T13:17:57.65851+00:00,,くんれん,noun,2026-08-28T15:27:38.173273+00:00,"[""training, drill, practice""]",,n3,,kanji,false,ja,1016,,,
544,丁目,2026-07-11T13:17:57.65851+00:00,,ちょうめ,noun,2026-08-28T15:27:38.173273+00:00,"[""block (subdivision of a district in Japanese addresses)""]",,n4,,kanji,false,ja,689,,,
545,確認,2026-07-11T13:17:57.65851+00:00,33,かくにん,noun,2026-08-28T15:27:38.173273+00:00,"[""confirmation, verification"", ""check, acknowledgment""]",,n3,21,kanji,false,ja,1005,,,
546,経験,2026-07-11T13:17:57.65851+00:00,,けいけん,noun,2026-08-28T15:27:38.173273+00:00,"[""experience"", ""personal history, background""]",,n3,,kanji,false,ja,717,,,
547,見物,2026-07-11T13:17:57.65851+00:00,12,けんぶつ,noun,2026-08-28T15:27:38.173273+00:00,"[""sightseeing, watching, spectacle""]",,n3,,kanji,false,ja,874,,,
548,許可,2026-07-11T13:17:57.65851+00:00,11,きょか,noun,2026-08-28T15:27:38.173273+00:00,"[""permission, approval"", ""authorization, license""]",,n3,,kanji,false,ja,1474,,,
549,違反,2026-07-11T13:17:57.65851+00:00,11,いはん,noun,2026-08-28T15:27:38.173273+00:00,"[""violation, infringement"", ""breach (of rules or law)""]",,n3,,kanji,false,ja,1327,,,
550,進歩,2026-07-11T13:17:57.65851+00:00,,しんぽ,noun,2026-08-28T15:27:38.173273+00:00,"[""progress, advance, development, improvement""]",,n3,,kanji,false,ja,752,,,
551,談話,2026-07-11T13:17:57.65851+00:00,24,だんわ,noun,2026-08-28T15:27:38.173273+00:00,"[""talk, conversation, discourse, comment""]",,n3,,kanji,false,ja,333,,,
552,関係,2026-07-11T13:17:57.65851+00:00,,かんけい,noun,2026-08-28T15:27:38.173273+00:00,"[""relationship, connection"", ""relevance, involvement""]",,n3,,kanji,false,ja,273,,,
553,通学,2026-07-11T13:17:57.65851+00:00,8,つうがく,noun,2026-08-28T15:27:38.173273+00:00,"[""commuting to school, going to school""]",,n3,14,kanji,false,ja,30,,,
554,三角,2026-07-11T13:17:57.65851+00:00,,さんかく,noun,2026-08-28T15:27:38.173273+00:00,"[""triangle"", ""triangular shape""]",,n4,,kanji,false,ja,593,,,
555,お礼,2026-07-11T13:17:57.65851+00:00,15,おれい,noun,2026-08-28T15:27:38.173273+00:00,"[""thanks, gratitude, expression of thanks""]",,n4,,kanji,false,ja,1386,,,
556,麦,2026-07-11T13:17:57.65851+00:00,5,むぎ,noun,2026-08-28T15:27:38.173273+00:00,"[""wheat, barley, grain""]",,n3,,kanji,false,ja,123,,,
557,笛,2026-07-11T13:17:57.65851+00:00,,ふえ,noun,2026-08-28T15:27:38.173273+00:00,"[""flute, whistle, pipe (wind instrument)""]",,n3,,kanji,false,ja,1088,,,
558,通帳,2026-07-11T13:17:57.65851+00:00,11,つうちょう,noun,2026-08-28T15:27:38.173273+00:00,"[""bankbook, passbook""]",,n3,,kanji,false,ja,1432,,,
559,礼儀,2026-07-11T13:17:57.65851+00:00,,れいぎ,noun,2026-08-28T15:27:38.173273+00:00,"[""manners, courtesy, etiquette, decorum""]",,n3,,kanji,false,ja,78,,,
560,語学,2026-07-11T13:17:57.65851+00:00,8,ごがく,noun,2026-08-28T15:27:38.173273+00:00,"[""language study, linguistics""]",,n3,,kanji,false,ja,1248,,,
561,資格,2026-07-11T13:17:57.65851+00:00,25,しかく,noun,2026-08-28T15:27:38.173273+00:00,"[""qualification, credential"", ""license, eligibility""]",,n3,,kanji,false,ja,404,,,
562,都市,2026-07-11T13:17:57.65851+00:00,,とし,noun,2026-08-28T15:27:38.173273+00:00,"[""city, urban area, metropolis""]",,n3,,kanji,false,ja,734,,,
563,研究所,2026-07-11T13:17:57.65851+00:00,25,けんきゅうじょ,noun,2026-08-28T15:27:38.173273+00:00,"[""research institute, laboratory""]",,n3,,kanji,false,ja,565,,,
564,行列,2026-07-11T13:17:57.65851+00:00,,ぎょうれつ,noun,2026-08-28T15:27:38.173273+00:00,"[""line, queue"", ""procession, parade""]",,n3,,kanji,false,ja,595,,,
565,関西,2026-07-11T13:17:57.65851+00:00,12,かんさい,noun,2026-08-28T15:27:38.173273+00:00,"[""Kansai region (western Japan including Osaka, Kyoto, Kobe)""]",,n3,,kanji,false,ja,603,,,
566,貿易,2026-07-11T13:17:57.65851+00:00,25,ぼうえき,noun,2026-08-28T15:27:38.173273+00:00,"[""trade, commerce"", ""foreign trade, import/export""]",,n3,,kanji,false,ja,1001,,,
567,苦労,2026-07-11T13:17:57.65851+00:00,,くろう,noun,2026-08-28T15:27:38.173273+00:00,"[""hardship, toil, trouble, suffering""]",,n3,,kanji,false,ja,1470,,,
568,野鳥,2026-07-11T13:17:57.65851+00:00,18,やちょう,noun,2026-08-28T15:27:38.173273+00:00,"[""wild bird""]",,n3,,kanji,false,ja,753,,,
569,電柱,2026-07-11T13:17:57.65851+00:00,,でんちゅう,noun,2026-08-28T15:27:38.173273+00:00,"[""utility pole, electric pole, telephone pole""]",,n3,,kanji,false,ja,252,,,
570,飲食,2026-07-11T13:17:57.65851+00:00,7,いんしょく,noun,2026-08-28T15:27:38.173273+00:00,"[""eating and drinking"", ""food and drink""]",,n3,,kanji,false,ja,1047,,,
571,西洋,2026-07-11T13:17:57.65851+00:00,,せいよう,noun,2026-08-28T15:27:38.173273+00:00,"[""the West, Western world, Occident""]",,n3,,kanji,false,ja,1267,,,
572,負担,2026-07-11T13:17:57.65851+00:00,,ふたん,noun,2026-08-28T15:27:38.173273+00:00,"[""burden, load, responsibility, share of cost""]",,n3,,kanji,false,ja,963,,,
573,記録,2026-07-11T13:17:57.65851+00:00,27,きろく,noun,2026-08-28T15:27:38.173273+00:00,"[""record, document"", ""best performance, record (sports)""]",,n3,,kanji,false,ja,499,,,
574,課題,2026-07-11T13:17:57.65851+00:00,8,かだい,noun,2026-08-28T15:27:38.173273+00:00,"[""task, assignment, issue, challenge""]",,n3,,kanji,false,ja,1301,,,
575,予定,2026-07-11T13:17:57.65851+00:00,29,よてい,noun,2026-08-28T15:27:38.173273+00:00,"[""plan, schedule"", ""expected, scheduled""]",,n4,12,kanji,false,ja,408,,,
576,今週,2026-07-11T13:17:57.65851+00:00,13,こんしゅう,noun,2026-08-28T15:27:38.173273+00:00,"[""this week""]",,n4,,kanji,false,ja,1350,,,
577,谷底,2026-07-11T13:17:57.65851+00:00,14,たにそこ,noun,2026-08-28T15:27:38.173273+00:00,"[""valley floor, bottom of a valley, depths""]",,n3,,kanji,false,ja,571,,,
578,規則,2026-07-11T13:17:57.65851+00:00,,きそく,noun,2026-08-28T15:27:38.173273+00:00,"[""rule, regulation"", ""norm, procedure""]",,n3,,kanji,false,ja,1445,,,
579,警察,2026-07-11T13:17:57.65851+00:00,11,けいさつ,noun,2026-08-28T15:27:38.173273+00:00,"[""police, police force""]",,n3,,kanji,false,ja,283,,,
580,表面,2026-07-11T13:17:57.65851+00:00,,ひょうめん,noun,2026-08-28T15:27:38.173273+00:00,"[""surface, exterior, outside""]",,n3,,kanji,false,ja,40,,,
581,階段,2026-07-11T13:17:57.65851+00:00,,かいだん,noun,2026-08-28T15:27:38.173273+00:00,"[""stairs, staircase, steps""]",,n3,,kanji,false,ja,1319,,,
582,程度,2026-07-11T13:17:57.65851+00:00,28,ていど,noun,2026-08-28T15:27:38.173273+00:00,"[""degree, extent, level"", ""about, approximately (when used adverbially)""]",,n3,,kanji,false,ja,578,,,
583,童話,2026-07-11T13:17:57.65851+00:00,,どうわ,noun,2026-08-28T15:27:38.173273+00:00,"[""fairy tale, children's story""]",,n3,,kanji,false,ja,1403,,,
584,詩,2026-07-11T13:17:57.65851+00:00,,し,noun,2026-08-28T15:27:38.173273+00:00,"[""poem, poetry""]",,n3,,kanji,false,ja,270,,,
585,バス停,2026-07-11T13:17:57.65851+00:00,2,バスてい,noun,2026-08-28T15:27:38.173273+00:00,"[""bus stop""]",,n4,,kanji,false,ja,412,,,
586,使い方,2026-07-11T13:17:57.65851+00:00,,つかいかた,noun,2026-08-28T15:27:38.173273+00:00,"[""how to use, way of using, usage""]",,n4,,kanji,false,ja,257,,,
587,京都,2026-07-11T13:17:57.65851+00:00,12,きょうと,noun,2026-08-28T15:27:38.173273+00:00,"[""Kyoto (city in Japan, former capital)""]",,n4,,kanji,false,ja,492,,,
588,例,2026-07-11T13:17:57.65851+00:00,,れい,noun,2026-08-28T15:27:38.173273+00:00,"[""example, instance, precedent""]",,n4,,kanji,false,ja,1362,,,
589,要求,2026-07-11T13:17:57.65851+00:00,,ようきゅう,noun,2026-08-28T15:27:38.173273+00:00,"[""demand, request, requirement""]",,n3,,kanji,false,ja,133,,,
590,速度,2026-07-11T13:17:57.65851+00:00,20,そくど,noun,2026-08-28T15:27:38.173273+00:00,"[""speed, velocity, rate""]",,n3,,kanji,false,ja,1472,,,
591,今朝,2026-07-11T13:17:57.65851+00:00,13,けさ,noun,2026-08-28T15:27:38.173273+00:00,"[""this morning""]",,n4,,kanji,false,ja,1053,,,
592,観光,2026-07-11T13:17:57.65851+00:00,12,かんこう,noun,2026-08-28T15:27:38.173273+00:00,"[""sightseeing, tourism""]",,n4,,kanji,false,ja,430,,,
593,記念,2026-07-11T13:17:57.65851+00:00,,きねん,noun,2026-08-28T15:27:38.173273+00:00,"[""commemoration, memory"", ""souvenir, keepsake""]",,n3,,kanji,false,ja,1057,,,
594,お湯,2026-07-11T13:17:57.65851+00:00,10,おゆ,noun,2026-08-28T15:27:38.173273+00:00,"[""hot water, boiled water""]",,n4,,kanji,false,ja,591,,,
595,顔色,2026-07-11T13:17:57.65851+00:00,17,かおいろ,noun,2026-08-28T15:27:38.173273+00:00,"[""complexion, color of one's face"", ""expression, mood, looks""]",,n3,,kanji,false,ja,225,,,
596,以下,2026-07-11T13:17:57.65851+00:00,22,いか,noun,2026-08-28T15:27:38.173273+00:00,"[""below, less than, as follows""]",,n4,,kanji,false,ja,650,,,
597,競走,2026-07-11T13:17:57.65851+00:00,27,きょうそう,noun,2026-08-28T15:27:38.173273+00:00,"[""race (running), competitive race""]",,n3,,kanji,false,ja,392,,,
598,評価,2026-07-11T13:17:57.65851+00:00,12,ひょうか,noun,2026-08-28T15:27:38.173273+00:00,"[""evaluation, assessment"", ""appraisal, rating""]",,n3,26,kanji,false,ja,776,,,
599,移動,2026-07-11T13:17:57.65851+00:00,20,いどう,noun,2026-08-28T15:27:38.173273+00:00,"[""movement, travel"", ""transfer, relocation""]",,n3,,kanji,false,ja,1436,,,
600,研究,2026-07-11T13:17:57.65851+00:00,26,けんきゅう,noun,2026-08-28T15:27:38.173273+00:00,"[""research, study, investigation""]",,n3,,kanji,false,ja,964,,,
601,話題,2026-07-11T13:17:57.65851+00:00,29,わだい,noun,2026-08-28T15:27:38.173273+00:00,"[""topic, subject of talk, hot topic""]",,n3,8,kanji,false,ja,9,,,
602,自然,2026-07-11T13:17:57.65851+00:00,14,しぜん,noun,2026-08-28T15:27:38.173273+00:00,"[""nature, the natural world, naturally""]",,n3,,kanji,false,ja,897,,,
603,美容院,2026-07-11T13:17:57.65851+00:00,6,びよういん,noun,2026-08-28T15:27:38.173273+00:00,"[""beauty salon, hairdresser's"", ""hair salon""]",,n3,,kanji,false,ja,1239,,,
604,骨,2026-07-11T13:17:57.65851+00:00,17,ほね,noun,2026-08-28T15:27:38.173273+00:00,"[""bone, skeleton"", ""backbone, effort, trouble""]",,n3,,kanji,false,ja,447,,,
605,言語,2026-07-11T13:17:57.65851+00:00,24,げんご,noun,2026-08-28T15:27:38.173273+00:00,"[""language (system), tongue""]",,n3,,kanji,false,ja,66,,,
606,体育,2026-07-11T13:17:57.65851+00:00,8,たいいく,noun,2026-08-28T15:27:38.173273+00:00,"[""physical education, P.E."", ""physical training""]",,n4,,kanji,false,ja,848,,,
607,秋分,2026-07-11T13:17:57.65851+00:00,13,しゅうぶん,noun,2026-08-28T15:27:38.173273+00:00,"[""autumn equinox, autumnal equinox""]",,n3,,kanji,false,ja,919,,,
608,頭痛,2026-07-11T13:17:57.65851+00:00,17,ずつう,noun,2026-08-28T15:27:38.173273+00:00,"[""headache""]",,n3,,kanji,false,ja,192,,,
609,調子,2026-07-11T13:17:57.65851+00:00,,ちょうし,noun,2026-08-28T15:27:38.173273+00:00,"[""condition, state, tone, rhythm"", ""how one is feeling, physical condition""]",,n3,,kanji,false,ja,208,,,
610,主人,2026-07-11T13:17:57.65851+00:00,10,しゅじん,noun,2026-08-28T15:27:38.173273+00:00,"[""husband (one's own)"", ""master, owner, head of household""]",,n4,,kanji,false,ja,721,,,
611,体重,2026-07-11T13:17:57.65851+00:00,17,たいじゅう,noun,2026-08-28T15:27:38.173273+00:00,"[""body weight""]",,n4,,kanji,false,ja,1280,,,
612,観察,2026-07-11T13:17:57.65851+00:00,26,かんさつ,noun,2026-08-28T15:27:38.173273+00:00,"[""observation, watching""]",,n3,,kanji,false,ja,781,,,
613,陽気,2026-07-11T13:17:57.65851+00:00,14,ようき,noun,2026-08-28T15:27:38.173273+00:00,"[""cheerful, lively; fine weather, warm weather""]",,n3,,kanji,false,ja,1266,,,
614,給料,2026-07-11T13:17:57.65851+00:00,25,きゅうりょう,noun,2026-08-28T15:27:38.173273+00:00,"[""salary, wages, pay""]",,n3,,kanji,false,ja,386,,,
615,追加,2026-07-11T13:17:57.65851+00:00,29,ついか,noun,2026-08-28T15:27:38.173273+00:00,"[""addition, supplement, appendix""]",,n3,8,kanji,false,ja,1191,,,
616,鼻血,2026-07-11T13:17:57.65851+00:00,17,はなぢ,noun,2026-08-28T15:27:38.173273+00:00,"[""nosebleed""]",,n3,,kanji,false,ja,95,,,
617,道具,2026-07-11T13:17:57.65851+00:00,,どうぐ,noun,2026-08-28T15:27:38.173273+00:00,"[""tool, instrument"", ""utensil, implement""]",,n3,,kanji,false,ja,186,,,
618,社長,2026-07-11T13:17:57.65851+00:00,25,しゃちょう,noun,2026-08-28T15:27:38.173273+00:00,"[""company president, CEO""]",,n3,,kanji,false,ja,588,,,
619,詩人,2026-07-11T13:17:57.65851+00:00,,しじん,noun,2026-08-28T15:27:38.173273+00:00,"[""poet""]",,n3,,kanji,false,ja,833,,,
620,賃金,2026-07-11T13:17:57.65851+00:00,25,ちんぎん,noun,2026-08-28T15:27:38.173273+00:00,"[""wages, salary, pay"", ""remuneration""]",,n3,,kanji,false,ja,1081,,,
621,美術,2026-07-11T13:17:57.65851+00:00,29,びじゅつ,noun,2026-08-28T15:27:38.173273+00:00,"[""art, fine arts""]",,n3,8,kanji,false,ja,1186,,,
622,食品,2026-07-11T13:17:57.65851+00:00,5,しょくひん,noun,2026-08-28T15:27:38.173273+00:00,"[""food, foodstuff"", ""food product""]",,n3,,kanji,false,ja,194,,,
623,住所,2026-07-11T13:17:57.65851+00:00,30,じゅうしょ,noun,2026-08-28T15:27:38.173273+00:00,"[""address, residence"", ""domicile""]",,n4,14,kanji,false,ja,694,,,
624,軍隊,2026-07-11T13:17:57.65851+00:00,,ぐんたい,noun,2026-08-28T15:27:38.173273+00:00,"[""military, armed forces, troops""]",,n3,,kanji,false,ja,1264,,,
625,谷,2026-07-11T13:17:57.65851+00:00,14,たに,noun,2026-08-28T15:27:38.173273+00:00,"[""valley, gorge, ravine""]",,n3,,kanji,false,ja,102,,,
626,針,2026-07-11T13:17:57.65851+00:00,,はり,noun,2026-08-28T15:27:38.173273+00:00,"[""needle, pin"", ""thorn, hand (clock), compass needle""]",,n3,,kanji,false,ja,877,,,
627,英雄,2026-07-11T13:17:57.65851+00:00,,えいゆう,noun,2026-08-28T15:27:38.173273+00:00,"[""hero, champion""]",,n3,,kanji,false,ja,97,,,
628,予習,2026-07-11T13:17:57.65851+00:00,8,よしゅう,noun,2026-08-28T15:27:38.173273+00:00,"[""preparation for class, advance study"", ""previewing lessons""]",,n4,,kanji,false,ja,1372,,,
629,首相,2026-07-11T13:17:57.65851+00:00,11,しゅしょう,noun,2026-08-28T15:27:38.173273+00:00,"[""prime minister""]",,n3,,kanji,false,ja,773,,,
630,血圧,2026-07-11T13:17:57.65851+00:00,17,けつあつ,noun,2026-08-28T15:27:38.173273+00:00,"[""blood pressure""]",,n3,,kanji,false,ja,857,,,
631,米国,2026-07-11T13:17:57.65851+00:00,,べいこく,noun,2026-08-28T15:27:38.173273+00:00,"[""United States of America, the US""]",,n3,,kanji,false,ja,1366,,,
632,里,2026-07-11T13:17:57.65851+00:00,,さと,noun,2026-08-28T15:27:38.173273+00:00,"[""village, hometown, birthplace, country""]",,n3,,kanji,false,ja,1379,,,
633,結果,2026-07-11T13:17:57.65851+00:00,12,けっか,noun,2026-08-28T15:27:38.173273+00:00,"[""result, outcome, consequence""]",,n3,26,kanji,false,ja,715,,,
634,風景,2026-07-11T13:17:57.65851+00:00,14,ふうけい,noun,2026-08-28T15:27:38.173273+00:00,"[""scenery, landscape, view""]",,n3,,kanji,false,ja,1349,,,
635,行動,2026-07-11T13:17:57.65851+00:00,20,こうどう,noun,2026-08-28T15:27:38.173273+00:00,"[""action, conduct"", ""behavior, movement""]",,n3,,kanji,false,ja,909,,,
636,運命,2026-07-11T13:17:57.65851+00:00,,うんめい,noun,2026-08-28T15:27:38.173273+00:00,"[""fate, destiny"", ""lot, fortune""]",,n3,,kanji,false,ja,137,,,
637,両親,2026-07-11T13:17:57.65851+00:00,10,りょうしん,noun,2026-08-28T15:27:38.173273+00:00,"[""both parents, parents (father and mother)""]",,n4,,kanji,false,ja,728,,,
638,集合,2026-07-11T13:17:57.65851+00:00,20,しゅうごう,noun,2026-08-28T15:27:38.173273+00:00,"[""gathering, assembly, meeting point, rendezvous""]",,n3,,kanji,false,ja,763,,,
639,道路,2026-07-11T13:17:57.65851+00:00,,どうろ,noun,2026-08-28T15:27:38.173273+00:00,"[""road, street, highway""]",,n4,,kanji,false,ja,457,,,
640,農業,2026-07-11T13:17:57.65851+00:00,25,のうぎょう,noun,2026-08-28T15:27:38.173273+00:00,"[""agriculture, farming""]",,n3,,kanji,false,ja,325,,,
641,遠足,2026-07-11T13:17:57.65851+00:00,8,えんそく,noun,2026-08-28T15:27:38.173273+00:00,"[""excursion, field trip, school outing""]",,n3,,kanji,false,ja,75,,,
642,鳴き声,2026-07-11T13:17:57.65851+00:00,18,なきごえ,noun,2026-08-28T15:27:38.173273+00:00,"[""animal cry, call, chirp, bark""]",,n3,,kanji,false,ja,1413,,,
643,世界,2026-07-11T13:17:57.65851+00:00,,せかい,noun,2026-08-28T15:27:38.173273+00:00,"[""world, the globe"", ""universe, realm""]",,n4,,kanji,false,ja,1450,,,
644,高原,2026-07-11T13:17:57.65851+00:00,14,こうげん,noun,2026-08-28T15:27:38.173273+00:00,"[""plateau, highlands, tableland""]",,n3,,kanji,false,ja,1364,,,
645,議論,2026-07-11T13:17:57.65851+00:00,24,ぎろん,noun,2026-08-28T15:27:38.173273+00:00,"[""argument, discussion, debate""]",,n3,,kanji,false,ja,504,,,
646,神社,2026-07-11T13:17:57.65851+00:00,,じんじゃ,noun,2026-08-28T15:27:38.173273+00:00,"[""Shinto shrine""]",,n3,,kanji,false,ja,1284,,,
647,範囲,2026-07-11T13:17:57.65851+00:00,,はんい,noun,2026-08-28T15:27:38.173273+00:00,"[""range, scope, extent""]",,n3,,kanji,false,ja,666,,,
648,人間,2026-07-11T13:17:57.65851+00:00,,にんげん,noun,2026-08-28T15:27:38.173273+00:00,"[""human being, person, mankind"", ""character, personality""]",,n4,,kanji,false,ja,1334,,,
649,筆,2026-07-11T13:17:57.65851+00:00,,ふで,noun,2026-08-28T15:27:38.173273+00:00,"[""writing brush, paintbrush""]",,n3,,kanji,false,ja,1345,,,
650,配達,2026-07-11T13:17:57.65851+00:00,11,はいたつ,noun,2026-08-28T15:27:38.173273+00:00,"[""delivery (of mail, goods, etc.)""]",,n3,,kanji,false,ja,484,,,
651,身体,2026-07-11T13:17:57.65851+00:00,17,からだ,noun,2026-08-28T15:27:38.173273+00:00,"[""body (human body), the whole body""]",,n3,,kanji,false,ja,8,,,
652,農家,2026-07-11T13:17:57.65851+00:00,,のうか,noun,2026-08-28T15:27:38.173273+00:00,"[""farmhouse, farming family, farmer""]",,n3,,kanji,false,ja,984,,,
653,鉄道,2026-07-11T13:17:57.65851+00:00,2,てつどう,noun,2026-08-28T15:27:38.173273+00:00,"[""railroad, railway""]",,n3,25,kanji,false,ja,770,,,
654,重要,2026-07-11T13:17:57.65851+00:00,29,じゅうよう,noun,2026-08-28T15:27:38.173273+00:00,"[""important, crucial, significant""]",,n3,12,kanji,false,ja,557,,,
655,面接,2026-07-11T13:17:57.65851+00:00,25,めんせつ,noun,2026-08-28T15:27:38.173273+00:00,"[""interview (job, school)""]",,n3,,kanji,false,ja,561,,,
656,義務,2026-07-11T13:17:57.65851+00:00,,ぎむ,noun,2026-08-28T15:27:38.173273+00:00,"[""duty, obligation"", ""responsibility, requirement""]",,n3,,kanji,false,ja,1337,,,
657,記者,2026-07-11T13:17:57.65851+00:00,24,きしゃ,noun,2026-08-28T15:27:38.173273+00:00,"[""journalist, reporter, correspondent""]",,n3,,kanji,false,ja,361,,,
658,過去,2026-07-11T13:17:57.65851+00:00,13,かこ,noun,2026-08-28T15:27:38.173273+00:00,"[""past, bygone days"", ""past tense""]",,n3,,kanji,false,ja,274,,,
659,紅葉,2026-07-11T13:17:57.65851+00:00,14,こうよう,noun,2026-08-28T15:27:38.173273+00:00,"[""autumn leaves, fall foliage, autumn colors""]",,n3,,kanji,false,ja,409,,,
660,科学,2026-07-11T13:17:57.65851+00:00,,かがく,noun,2026-08-28T15:27:38.173273+00:00,"[""science"", ""natural science""]",,n3,,kanji,false,ja,1354,,,
661,石炭,2026-07-11T13:17:57.65851+00:00,,せきたん,noun,2026-08-28T15:27:38.173273+00:00,"[""coal""]",,n3,,kanji,false,ja,663,,,
662,計算,2026-07-11T13:17:57.65851+00:00,26,けいさん,noun,2026-08-28T15:27:38.173273+00:00,"[""calculation, computation, arithmetic""]",,n3,,kanji,false,ja,759,,,
663,金額,2026-07-11T13:17:57.65851+00:00,19,きんがく,noun,2026-08-28T15:27:38.173273+00:00,"[""amount of money, sum"", ""monetary value""]",,n3,,kanji,false,ja,576,,,
664,文化,2026-07-11T13:18:58.049412+00:00,,ぶんか,noun,2026-08-28T15:27:38.173273+00:00,"[""culture"", ""civilization, cultural practices""]",,n4,,kanji,false,ja,344,,,
665,反対,2026-07-11T13:18:58.049412+00:00,28,はんたい,noun,2026-08-28T15:27:38.173273+00:00,"[""opposition, objection"", ""the opposite, contrary""]",,n4,,kanji,false,ja,478,,,
666,油,2026-07-11T13:18:58.049412+00:00,5,あぶら,noun,2026-08-28T15:27:38.173273+00:00,"[""oil, fat, grease""]",,n4,,kanji,false,ja,358,,,
667,料金,2026-07-11T13:18:58.049412+00:00,23,りょうきん,noun,2026-08-28T15:27:38.173273+00:00,"[""fee, charge, fare""]",,n4,,kanji,false,ja,1407,,,
668,多分,2026-07-11T13:18:58.049412+00:00,,たぶん,noun,2026-08-28T15:27:38.173273+00:00,"[""probably, maybe, perhaps"", ""I think, I suppose""]",,n4,,kanji,false,ja,364,,,
669,役所,2026-07-11T13:18:58.049412+00:00,11,やくしょ,noun,2026-08-28T15:27:38.173273+00:00,"[""government office, municipal office""]",,n4,,kanji,false,ja,205,,,
670,姉妹,2026-07-11T13:18:58.049412+00:00,10,しまい,noun,2026-08-28T15:27:38.173273+00:00,"[""sisters"", ""sister (countries, cities)""]",,n4,,kanji,false,ja,1071,,,
671,切符,2026-07-11T13:18:58.049412+00:00,2,きっぷ,noun,2026-08-28T15:27:38.173273+00:00,"[""ticket (for transportation)""]",,n4,,kanji,false,ja,334,,,
672,皿,2026-07-11T13:18:58.049412+00:00,7,さら,noun,2026-08-28T15:27:38.173273+00:00,"[""plate, dish""]",,n4,,kanji,false,ja,261,,,
673,和食,2026-07-11T13:18:58.049412+00:00,7,わしょく,noun,2026-08-28T15:27:38.173273+00:00,"[""Japanese food, Japanese cuisine"", ""traditional Japanese meal""]",,n4,6,kanji,false,ja,162,,,
674,理由,2026-07-11T13:18:58.049412+00:00,33,りゆう,noun,2026-08-28T15:27:38.173273+00:00,"[""reason, cause, explanation""]",,n4,21,kanji,false,ja,1308,,,
675,居酒屋,2026-07-11T13:18:58.049412+00:00,7,いざかや,noun,2026-08-28T15:27:38.173273+00:00,"[""izakaya, Japanese pub, bar/tavern""]",,n4,6,kanji,false,ja,754,,,
676,算数,2026-07-11T13:18:58.049412+00:00,8,さんすう,noun,2026-08-28T15:27:38.173273+00:00,"[""arithmetic, elementary school math""]",,n4,,kanji,false,ja,1367,,,
677,手帳,2026-07-11T13:18:58.049412+00:00,,てちょう,noun,2026-08-28T15:27:38.173273+00:00,"[""notebook, planner, pocket diary"", ""small personal organizer""]",,n4,,kanji,false,ja,23,,,
678,橋,2026-07-11T13:18:58.049412+00:00,,はし,noun,2026-08-28T15:27:38.173273+00:00,"[""bridge""]",,n4,,kanji,false,ja,173,,,
679,地下,2026-07-11T13:18:58.049412+00:00,22,ちか,noun,2026-08-28T15:27:38.173273+00:00,"[""underground, below ground"", ""basement, subway""]",,n4,,kanji,false,ja,1464,,,
680,散歩,2026-07-11T13:18:58.049412+00:00,20,さんぽ,noun,2026-08-28T15:27:38.173273+00:00,"[""walk, stroll""]",,n5,,kanji,false,ja,342,,,
681,答え,2026-07-11T13:18:58.049412+00:00,26,こたえ,noun,2026-08-28T15:27:38.173273+00:00,"[""answer, solution, response""]",,n4,,kanji,false,ja,861,,,
682,毎月,2026-07-11T13:18:58.049412+00:00,13,まいつき,noun,2026-08-28T15:27:38.173273+00:00,"[""every month, monthly""]",,n4,,kanji,false,ja,1032,,,
683,洋食,2026-07-11T13:18:58.049412+00:00,7,ようしょく,noun,2026-08-28T15:27:38.173273+00:00,"[""Western-style food, Western cuisine""]",,n4,6,kanji,false,ja,1200,,,
684,秒,2026-07-11T13:18:58.049412+00:00,13,びょう,noun,2026-08-28T15:27:38.173273+00:00,"[""second (unit of time)""]",,n4,,kanji,false,ja,27,,,
685,味,2026-07-11T13:18:58.049412+00:00,7,あじ,noun,2026-08-28T15:27:38.173273+00:00,"[""taste, flavor"", ""experience, feel""]",,n4,,kanji,false,ja,882,,,
686,台所,2026-07-11T13:18:58.049412+00:00,10,だいどころ,noun,2026-08-28T15:27:38.173273+00:00,"[""kitchen""]",,n4,,kanji,false,ja,1393,,,
687,建物,2026-07-11T13:18:58.049412+00:00,30,たてもの,noun,2026-08-28T15:27:38.173273+00:00,"[""building, structure""]",,n4,15,kanji,false,ja,1302,,,
688,夕飯,2026-07-11T13:18:58.049412+00:00,7,ゆうはん,noun,2026-08-28T15:27:38.173273+00:00,"[""dinner, evening meal, supper""]",,n4,,kanji,false,ja,1406,,,
689,問題,2026-07-11T13:18:58.049412+00:00,,もんだい,noun,2026-08-28T15:27:38.173273+00:00,"[""problem, question, issue"", ""matter, concern""]",,n4,,kanji,false,ja,1141,,,
690,坂,2026-07-11T13:18:58.049412+00:00,14,さか,noun,2026-08-28T15:27:38.173273+00:00,"[""slope, hill, incline"", ""uphill or downhill slope""]",,n4,,kanji,false,ja,444,,,
691,値段,2026-07-11T13:18:58.049412+00:00,23,ねだん,noun,2026-08-28T15:27:38.173273+00:00,"[""price, cost"", ""rate""]",,n4,,kanji,false,ja,967,,,
692,神様,2026-07-11T13:18:58.049412+00:00,,かみさま,noun,2026-08-28T15:27:38.173273+00:00,"[""God, deity, divine being (respectful)""]",,n4,,kanji,false,ja,176,,,
693,放課後,2026-07-11T13:18:58.049412+00:00,8,ほうかご,noun,2026-08-28T15:27:38.173273+00:00,"[""after school""]",,n4,,kanji,false,ja,714,,,
694,場合,2026-07-11T13:18:58.049412+00:00,,ばあい,noun,2026-08-28T15:27:38.173273+00:00,"[""case, situation, occasion"", ""circumstances""]",,n4,,kanji,false,ja,117,,,
695,地下鉄,2026-07-11T13:18:58.049412+00:00,2,ちかてつ,noun,2026-08-28T15:27:38.173273+00:00,"[""subway, underground train, metro""]",,n4,,kanji,false,ja,730,,,
696,東,2026-07-11T13:18:58.049412+00:00,22,ひがし,noun,2026-08-28T15:27:38.173273+00:00,"[""east, eastern direction""]",,n4,,kanji,false,ja,1476,,,
697,失礼,2026-07-11T13:18:58.049412+00:00,24,しつれい,noun,2026-08-28T15:27:38.173273+00:00,"[""rudeness, impoliteness; excuse me""]",,n4,,kanji,false,ja,846,,,
698,畑,2026-07-11T13:18:58.049412+00:00,,はたけ,noun,2026-08-28T15:27:38.173273+00:00,"[""field (for growing crops), farm, vegetable garden""]",,n4,,kanji,false,ja,1087,,,
699,方法,2026-07-11T13:18:58.049412+00:00,33,ほうほう,noun,2026-08-28T15:27:38.173273+00:00,"[""method, way, means, approach""]",,n4,21,kanji,false,ja,293,,,
700,机,2026-07-11T13:18:58.049412+00:00,35,つくえ,noun,2026-08-28T15:27:38.173273+00:00,"[""desk, writing desk""]",,n4,,kanji,false,ja,71,,,
701,新聞紙,2026-07-11T13:18:58.049412+00:00,,しんぶんし,noun,2026-08-28T15:27:38.173273+00:00,"[""newspaper (the physical paper), newsprint""]",,n4,,kanji,false,ja,166,,,
702,来週,2026-07-11T13:18:58.049412+00:00,13,らいしゅう,noun,2026-08-28T15:27:38.173273+00:00,"[""next week""]",,n4,,kanji,false,ja,791,,,
703,外国,2026-07-11T13:18:58.049412+00:00,12,がいこく,noun,2026-08-28T15:27:38.173273+00:00,"[""foreign country, overseas country""]",,n4,,kanji,false,ja,498,,,
704,用事,2026-07-11T13:18:58.049412+00:00,,ようじ,noun,2026-08-28T15:27:38.173273+00:00,"[""errand, business to attend to, things to do""]",,n4,,kanji,false,ja,129,,,
705,生徒,2026-07-11T13:18:58.049412+00:00,8,せいと,noun,2026-08-28T15:27:38.173273+00:00,"[""student (secondary school), pupil""]",,n4,,kanji,false,ja,1277,,,
706,牛肉,2026-07-11T13:18:58.049412+00:00,5,ぎゅうにく,noun,2026-08-28T15:27:38.173273+00:00,"[""beef""]",,n4,,kanji,false,ja,368,,,
707,半分,2026-07-11T13:18:58.049412+00:00,19,はんぶん,noun,2026-08-28T15:27:38.173273+00:00,"[""half, fifty percent""]",,n4,,kanji,false,ja,259,,,
708,地球,2026-07-11T13:18:58.049412+00:00,14,ちきゅう,noun,2026-08-28T15:27:38.173273+00:00,"[""Earth, the globe, the world""]",,n4,,kanji,false,ja,1198,,,
709,練習,2026-07-11T13:18:58.049412+00:00,27,れんしゅう,noun,2026-08-28T15:27:38.173273+00:00,"[""practice, training, exercise""]",,n4,,kanji,false,ja,775,,,
710,冷蔵庫,2026-07-11T13:18:58.049412+00:00,10,れいぞうこ,noun,2026-08-28T15:27:38.173273+00:00,"[""refrigerator, fridge""]",,n4,,kanji,false,ja,1224,,,
711,幼稚園,2026-07-11T13:18:58.049412+00:00,8,ようちえん,noun,2026-08-28T15:27:38.173273+00:00,"[""kindergarten, nursery school""]",,n4,,kanji,false,ja,65,,,
712,洋服,2026-07-11T13:18:58.049412+00:00,3,ようふく,noun,2026-08-28T15:27:38.173273+00:00,"[""Western-style clothes, clothes (general)""]",,n4,,kanji,false,ja,915,,,
713,眼鏡,2026-07-11T13:18:58.049412+00:00,31,めがね,noun,2026-08-28T15:27:38.173273+00:00,"[""eyeglasses, spectacles"", ""glasses""]",,n4,18,kanji,false,ja,797,,,
714,最初,2026-07-11T13:18:58.049412+00:00,13,さいしょ,noun,2026-08-28T15:27:38.173273+00:00,"[""first, beginning, start""]",,n4,,kanji,false,ja,468,,,
715,売り場,2026-07-11T13:18:58.049412+00:00,,うりば,noun,2026-08-28T15:27:38.173273+00:00,"[""sales floor, counter, sales section""]",,n4,,kanji,false,ja,1097,,,
716,場所,2026-07-11T13:18:58.049412+00:00,22,ばしょ,noun,2026-08-28T15:27:38.173273+00:00,"[""place, location, spot, position""]",,n4,,kanji,false,ja,385,,,
717,最後,2026-07-11T13:18:58.049412+00:00,13,さいご,noun,2026-08-28T15:27:38.173273+00:00,"[""last, final, end""]",,n4,,kanji,false,ja,37,,,
718,理科,2026-07-11T13:18:58.049412+00:00,8,りか,noun,2026-08-28T15:27:38.173273+00:00,"[""science (as a school subject)""]",,n4,,kanji,false,ja,891,,,
719,米,2026-07-11T13:18:58.049412+00:00,5,こめ,noun,2026-08-28T15:27:38.173273+00:00,"[""(uncooked) rice, rice grain""]",,n4,,kanji,false,ja,535,,,
720,指輪,2026-07-11T13:18:58.049412+00:00,,ゆびわ,noun,2026-08-28T15:27:38.173273+00:00,"[""ring (for a finger)""]",,n4,,kanji,false,ja,1026,,,
721,歯医者,2026-07-11T13:18:58.049412+00:00,9,はいしゃ,noun,2026-08-28T15:27:38.173273+00:00,"[""dentist, dental clinic""]",,n4,,kanji,false,ja,238,,,
722,意味,2026-07-11T13:18:58.049412+00:00,26,いみ,noun,2026-08-28T15:27:38.173273+00:00,"[""meaning, significance"", ""sense, implication""]",,n4,,kanji,false,ja,424,,,
723,出身,2026-07-11T13:18:58.049412+00:00,,しゅっしん,noun,2026-08-28T15:27:38.173273+00:00,"[""birthplace, hometown, origin, background (education/organization)""]",,n4,,kanji,false,ja,544,,,
724,星,2026-07-11T13:18:58.049412+00:00,14,ほし,noun,2026-08-28T15:27:38.173273+00:00,"[""star, heavenly body""]",,n4,,kanji,false,ja,1339,,,
725,絵本,2026-07-11T13:18:58.049412+00:00,,えほん,noun,2026-08-28T15:27:38.173273+00:00,"[""picture book, illustrated book""]",,n4,,kanji,false,ja,502,,,
726,毎週,2026-07-11T13:18:58.049412+00:00,13,まいしゅう,noun,2026-08-28T15:27:38.173273+00:00,"[""every week, weekly""]",,n4,,kanji,false,ja,1215,,,
727,兄弟,2026-07-11T13:18:58.049412+00:00,10,きょうだい,noun,2026-08-28T15:27:38.173273+00:00,"[""siblings, brothers"", ""brothers and sisters""]",,n4,,kanji,false,ja,1424,,,
728,動物園,2026-07-11T13:18:58.049412+00:00,,どうぶつえん,noun,2026-08-28T15:27:38.173273+00:00,"[""zoo, zoological garden""]",,n4,,kanji,false,ja,879,,,
729,海外,2026-07-11T13:18:58.049412+00:00,12,かいがい,noun,2026-08-28T15:27:38.173273+00:00,"[""overseas, abroad, foreign countries""]",,n4,,kanji,false,ja,1041,,,
730,生活,2026-07-11T13:18:58.049412+00:00,33,せいかつ,noun,2026-08-28T15:27:38.173273+00:00,"[""life, living, daily life"", ""lifestyle""]",,n4,21,kanji,false,ja,353,,,
731,努力,2026-07-11T13:18:58.049412+00:00,,どりょく,noun,2026-08-28T15:27:38.173273+00:00,"[""effort, endeavor, hard work""]",,n4,,kanji,false,ja,280,,,
732,肉屋,2026-07-11T13:18:58.049412+00:00,5,にくや,noun,2026-08-28T15:27:38.173273+00:00,"[""butcher shop, meat shop"", ""butcher""]",,n4,,kanji,false,ja,63,,,
733,温泉,2026-07-11T13:18:58.049412+00:00,12,おんせん,noun,2026-08-28T15:27:38.173273+00:00,"[""hot spring"", ""onsen (Japanese hot spring bath)""]",,n4,25,kanji,false,ja,124,,,
734,祭り,2026-07-11T13:18:58.049412+00:00,,まつり,noun,2026-08-28T15:27:38.173273+00:00,"[""festival, celebration, matsuri""]",,n4,,kanji,false,ja,640,,,
735,昨年,2026-07-11T13:18:58.049412+00:00,13,さくねん,noun,2026-08-28T15:27:38.173273+00:00,"[""last year""]",,n4,,kanji,false,ja,148,,,
736,息子,2026-07-11T13:18:58.049412+00:00,10,むすこ,noun,2026-08-28T15:27:38.173273+00:00,"[""son (one's own)""]",,n4,,kanji,false,ja,1293,,,
737,県,2026-07-11T13:18:58.049412+00:00,11,けん,noun,2026-08-28T15:27:38.173273+00:00,"[""prefecture (administrative division in Japan)""]",,n4,,kanji,false,ja,1082,,,
738,歴史,2026-07-11T13:18:58.049412+00:00,,れきし,noun,2026-08-28T15:27:38.173273+00:00,"[""history""]",,n4,,kanji,false,ja,747,,,
739,港,2026-07-11T13:18:58.049412+00:00,,みなと,noun,2026-08-28T15:27:38.173273+00:00,"[""harbor, port""]",,n4,,kanji,false,ja,195,,,
740,水泳,2026-07-11T13:18:58.049412+00:00,27,すいえい,noun,2026-08-28T15:27:38.173273+00:00,"[""swimming"", ""swim (as a sport or activity)""]",,n4,18,kanji,false,ja,482,,,
741,太陽,2026-07-11T13:18:58.049412+00:00,14,たいよう,noun,2026-08-28T15:27:38.173273+00:00,"[""sun, solar""]",,n4,,kanji,false,ja,546,,,
742,桜,2026-07-11T13:18:58.049412+00:00,14,さくら,noun,2026-08-28T15:27:38.173273+00:00,"[""cherry blossom, cherry tree"", ""sakura""]",,n4,,kanji,false,ja,910,,,
743,春休み,2026-07-11T13:18:58.049412+00:00,8,はるやすみ,noun,2026-08-28T15:27:38.173273+00:00,"[""spring vacation, spring break""]",,n4,,kanji,false,ja,1173,,,
744,映画館,2026-07-11T13:18:58.049412+00:00,,えいがかん,noun,2026-08-28T15:27:38.173273+00:00,"[""cinema, movie theater""]",,n4,,kanji,false,ja,174,,,
745,旅行,2026-07-11T13:18:58.049412+00:00,12,りょこう,noun,2026-08-28T15:27:38.173273+00:00,"[""travel, trip, journey""]",,n4,,kanji,false,ja,703,,,
746,日記,2026-07-11T13:18:58.049412+00:00,,にっき,noun,2026-08-28T15:27:38.173273+00:00,"[""diary, journal""]",,n4,,kanji,false,ja,303,,,
747,牛乳,2026-07-11T13:18:58.049412+00:00,5,ぎゅうにゅう,noun,2026-08-28T15:27:38.173273+00:00,"[""cow's milk"", ""milk""]",,n5,37,kanji,false,ja,590,,,
748,羊,2026-07-11T13:18:58.049412+00:00,18,ひつじ,noun,2026-08-28T15:27:38.173273+00:00,"[""sheep""]",,n4,,kanji,false,ja,359,,,
749,失敗,2026-07-11T13:18:58.049412+00:00,,しっぱい,noun,2026-08-28T15:27:38.173273+00:00,"[""failure, mistake, blunder""]",,n4,,kanji,false,ja,1194,,,
750,台風,2026-07-11T13:18:58.049412+00:00,14,たいふう,noun,2026-08-28T15:27:38.173273+00:00,"[""typhoon, tropical cyclone""]",,n4,,kanji,false,ja,220,,,
751,市,2026-07-11T13:18:58.049412+00:00,11,し,noun,2026-08-28T15:27:38.173273+00:00,"[""city, municipality""]",,n4,,kanji,false,ja,1176,,,
752,温度,2026-07-11T13:18:58.049412+00:00,14,おんど,noun,2026-08-28T15:27:38.173273+00:00,"[""temperature"", ""degree of heat or cold""]",,n4,,kanji,false,ja,1288,,,
753,天気予報,2026-07-11T13:18:58.049412+00:00,14,てんきよほう,noun,2026-08-28T15:27:38.173273+00:00,"[""weather forecast"", ""weather report""]",,n4,,kanji,false,ja,852,,,
754,横,2026-07-11T13:18:58.049412+00:00,21,よこ,noun,2026-08-28T15:27:38.173273+00:00,"[""side, beside"", ""horizontal, width""]",,n4,,kanji,false,ja,1290,,,
755,客,2026-07-11T13:18:58.049412+00:00,23,きゃく,noun,2026-08-28T15:27:38.173273+00:00,"[""guest, visitor"", ""customer, client""]",,n4,,kanji,false,ja,1030,,,
756,横断歩道,2026-07-11T13:18:58.049412+00:00,,おうだんほどう,noun,2026-08-28T15:27:38.173273+00:00,"[""pedestrian crossing, crosswalk"", ""zebra crossing""]",,n4,,kanji,false,ja,372,,,
757,単語,2026-07-11T13:18:58.049412+00:00,30,たんご,noun,2026-08-28T15:27:38.173273+00:00,"[""word, vocabulary item""]",,n4,15,kanji,false,ja,1100,,,
758,先週,2026-07-11T13:18:58.049412+00:00,13,せんしゅう,noun,2026-08-28T15:27:38.173273+00:00,"[""last week""]",,n5,,kanji,false,ja,441,,,
759,湖,2026-07-11T13:18:58.049412+00:00,14,みずうみ,noun,2026-08-28T15:27:38.173273+00:00,"[""lake""]",,n4,,kanji,false,ja,488,,,
760,君,2026-07-11T13:18:58.049412+00:00,,きみ,noun,2026-08-28T15:27:38.173273+00:00,"[""you (familiar, mainly used by males or among friends)""]",,n4,,kanji,false,ja,1096,,,
761,春,2026-07-11T13:18:58.049412+00:00,13,はる,noun,2026-08-28T15:27:38.173273+00:00,"[""spring (season)""]",,n4,,kanji,false,ja,780,,,
762,案内,2026-07-11T13:18:58.049412+00:00,12,あんない,noun,2026-08-28T15:27:38.173273+00:00,"[""guidance, information, guide, tour""]",,n4,24,kanji,false,ja,1437,,,
763,夫婦,2026-07-11T13:18:58.049412+00:00,10,ふうふ,noun,2026-08-28T15:27:38.173273+00:00,"[""married couple, husband and wife""]",,n4,,kanji,false,ja,116,,,
764,秋,2026-07-11T13:18:58.049412+00:00,14,あき,noun,2026-08-28T15:27:38.173273+00:00,"[""autumn, fall""]",,n4,,kanji,false,ja,1035,,,
765,祝日,2026-07-11T13:18:58.049412+00:00,13,しゅくじつ,noun,2026-08-28T15:27:38.173273+00:00,"[""national holiday, public holiday""]",,n4,,kanji,false,ja,190,,,
766,紙,2026-07-11T13:18:58.049412+00:00,,かみ,noun,2026-08-28T15:27:38.173273+00:00,"[""paper, sheet of paper""]",,n4,,kanji,false,ja,997,,,
767,学級,2026-07-11T13:18:58.049412+00:00,8,がっきゅう,noun,2026-08-28T15:27:38.173273+00:00,"[""class, classroom (in school)""]",,n4,,kanji,false,ja,727,,,
768,残り,2026-07-11T13:18:58.049412+00:00,19,のこり,noun,2026-08-28T15:27:38.173273+00:00,"[""remainder, rest, leftover""]",,n4,,kanji,false,ja,823,,,
769,小鳥,2026-07-11T13:18:58.049412+00:00,18,ことり,noun,2026-08-28T15:27:38.173273+00:00,"[""small bird, little bird""]",,n4,,kanji,false,ja,735,,,
770,母親,2026-07-11T13:18:58.049412+00:00,10,ははおや,noun,2026-08-28T15:27:38.173273+00:00,"[""mother""]",,n4,,kanji,false,ja,121,,,
771,番号,2026-07-11T13:18:58.049412+00:00,19,ばんごう,noun,2026-08-28T15:27:38.173273+00:00,"[""number, phone number, ID number""]",,n5,,kanji,false,ja,224,,,
772,注意,2026-07-11T13:18:58.049412+00:00,26,ちゅうい,noun,2026-08-28T15:27:38.173273+00:00,"[""attention, caution"", ""warning, advice""]",,n4,,kanji,false,ja,101,,,
773,寺,2026-07-11T13:18:58.049412+00:00,,てら,noun,2026-08-28T15:27:38.173273+00:00,"[""Buddhist temple""]",,n4,,kanji,false,ja,355,,,
774,家庭,2026-07-11T13:18:58.049412+00:00,10,かてい,noun,2026-08-28T15:27:38.173273+00:00,"[""home, household, family (domestic setting)""]",,n4,,kanji,false,ja,1431,,,
775,工場,2026-07-11T13:18:58.049412+00:00,25,こうじょう,noun,2026-08-28T15:27:38.173273+00:00,"[""factory, plant, workshop""]",,n4,,kanji,false,ja,927,,,
776,組,2026-07-11T13:18:58.049412+00:00,,くみ,noun,2026-08-28T15:27:38.173273+00:00,"[""class, group, team, set""]",,n4,,kanji,false,ja,937,,,
777,昼間,2026-07-11T13:18:58.049412+00:00,13,ひるま,noun,2026-08-28T15:27:38.173273+00:00,"[""daytime, during the day""]",,n4,,kanji,false,ja,726,,,
778,安心,2026-07-11T13:18:58.049412+00:00,33,あんしん,noun,2026-08-28T15:27:38.173273+00:00,"[""relief, peace of mind"", ""reassurance""]",,n4,21,kanji,false,ja,1216,,,
779,塩,2026-07-11T13:18:58.049412+00:00,5,しお,noun,2026-08-28T15:27:38.173273+00:00,"[""salt""]",,n4,,kanji,false,ja,509,,,
780,半年,2026-07-11T13:18:58.049412+00:00,13,はんとし,noun,2026-08-28T15:27:38.173273+00:00,"[""half a year, six months""]",,n4,,kanji,false,ja,805,,,
781,心配,2026-07-11T13:18:58.049412+00:00,15,しんぱい,noun,2026-08-28T15:27:38.173273+00:00,"[""worry, concern, anxiety"", ""care, looking after""]",,n4,,kanji,false,ja,54,,,
782,和室,2026-07-11T13:18:58.049412+00:00,10,わしつ,noun,2026-08-28T15:27:38.173273+00:00,"[""Japanese-style room"", ""tatami room""]",,n4,,kanji,false,ja,614,,,
783,喫茶店,2026-07-11T13:18:58.049412+00:00,7,きっさてん,noun,2026-08-28T15:27:38.173273+00:00,"[""coffee shop, café, tea room""]",,n4,6,kanji,false,ja,462,,,
784,友人,2026-07-11T13:18:58.049412+00:00,33,ゆうじん,noun,2026-08-28T15:27:38.173273+00:00,"[""friend (formal, adult usage)""]",,n4,21,kanji,false,ja,1185,,,
785,父親,2026-07-11T13:18:58.049412+00:00,10,ちちおや,noun,2026-08-28T15:27:38.173273+00:00,"[""father""]",,n4,,kanji,false,ja,167,,,
786,箱,2026-07-11T13:18:58.049412+00:00,,はこ,noun,2026-08-28T15:27:38.173273+00:00,"[""box, case, container""]",,n4,,kanji,false,ja,1218,,,
787,意見,2026-07-11T13:18:58.049412+00:00,24,いけん,noun,2026-08-28T15:27:38.173273+00:00,"[""opinion, view""]",,n4,,kanji,false,ja,1479,,,
788,向こう,2026-07-11T13:18:58.049412+00:00,22,むこう,noun,2026-08-28T15:27:38.173273+00:00,"[""the other side, over there"", ""the other party, them""]",,n4,,kanji,false,ja,986,,,
789,平和,2026-07-11T13:18:58.049412+00:00,,へいわ,noun,2026-08-28T15:27:38.173273+00:00,"[""peace, harmony"", ""tranquility""]",,n4,,kanji,false,ja,210,,,
790,毎年,2026-07-11T13:18:58.049412+00:00,13,まいとし,noun,2026-08-28T15:27:38.173273+00:00,"[""every year, annually""]",,n5,,kanji,false,ja,1023,,,
791,北海道,2026-07-11T13:18:58.049412+00:00,,ほっかいどう,noun,2026-08-28T15:27:38.173273+00:00,"[""Hokkaido (northernmost main island of Japan)""]",,n4,,kanji,false,ja,828,,,
792,結婚,2026-07-11T13:18:58.049412+00:00,10,けっこん,noun,2026-08-28T15:27:38.173273+00:00,"[""marriage, wedding""]",,n4,,kanji,false,ja,1446,,,
793,数学,2026-07-11T13:18:58.049412+00:00,8,すうがく,noun,2026-08-28T15:27:38.173273+00:00,"[""mathematics, math""]",,n4,,kanji,false,ja,25,,,
794,植物,2026-07-11T13:18:58.049412+00:00,14,しょくぶつ,noun,2026-08-28T15:27:38.173273+00:00,"[""plant, vegetation, flora""]",,n4,18,kanji,false,ja,1444,,,
795,昔話,2026-07-11T13:18:58.049412+00:00,,むかしばなし,noun,2026-08-28T15:27:38.173273+00:00,"[""folktale, old story, fairy tale"", ""talk about the old days""]",,n4,,kanji,false,ja,531,,,
796,夫,2026-07-11T13:18:58.049412+00:00,10,おっと,noun,2026-08-28T15:27:38.173273+00:00,"[""husband""]",,n4,,kanji,false,ja,297,,,
797,思い出,2026-07-11T13:18:58.049412+00:00,26,おもいで,noun,2026-08-28T15:27:38.173273+00:00,"[""memory, recollection, reminiscence""]",,n4,,kanji,false,ja,1027,,,
798,考え,2026-07-11T13:18:58.049412+00:00,26,かんがえ,noun,2026-08-28T15:27:38.173273+00:00,"[""idea, thought, thinking, opinion""]",,n4,,kanji,false,ja,1139,,,
799,屋根,2026-07-11T13:18:58.049412+00:00,10,やね,noun,2026-08-28T15:27:38.173273+00:00,"[""roof"", ""rooftop""]",,n4,,kanji,false,ja,1228,,,
800,全国,2026-07-11T13:18:58.049412+00:00,,ぜんこく,noun,2026-08-28T15:27:38.173273+00:00,"[""the whole country, nationwide"", ""all over the country""]",,n4,,kanji,false,ja,497,,,
801,全部,2026-07-11T13:18:58.049412+00:00,19,ぜんぶ,noun,2026-08-28T15:27:38.173273+00:00,"[""all, everything"", ""the whole, the entirety""]",,n4,,kanji,false,ja,26,,,
802,社会,2026-07-11T13:18:58.049412+00:00,8,しゃかい,noun,2026-08-28T15:27:38.173273+00:00,"[""society, community"", ""social studies (school subject)""]",,n4,,kanji,false,ja,222,,,
803,心,2026-07-11T13:18:58.049412+00:00,15,こころ,noun,2026-08-28T15:27:38.173273+00:00,"[""heart, mind, spirit"", ""feelings, emotions""]",,n4,,kanji,false,ja,233,,,
804,氷,2026-07-11T13:18:58.049412+00:00,14,こおり,noun,2026-08-28T15:27:38.173273+00:00,"[""ice""]",,n4,,kanji,false,ja,420,,,
805,声,2026-07-11T13:18:58.049412+00:00,24,こえ,noun,2026-08-28T15:27:38.173273+00:00,"[""voice, sound (of a person or animal)""]",,n4,,kanji,false,ja,690,,,
806,最近,2026-07-11T13:18:58.049412+00:00,12,さいきん,noun,2026-08-28T15:27:38.173273+00:00,"[""recently, lately, these days""]",,n4,26,kanji,false,ja,945,,,
807,池,2026-07-11T13:18:58.049412+00:00,14,いけ,noun,2026-08-28T15:27:38.173273+00:00,"[""pond""]",,n4,,kanji,false,ja,1359,,,
808,夕方,2026-07-11T13:19:56.630657+00:00,13,ゆうがた,noun,2026-08-28T15:27:38.173273+00:00,"[""evening, late afternoon, dusk""]",,n5,,kanji,false,ja,104,,,
809,家,2026-07-11T13:19:56.630657+00:00,10,いえ・うち,noun,2026-08-28T15:27:38.173273+00:00,"[""house, home"", ""one's household""]",,n5,,kanji,false,ja,803,,,
810,計画,2026-07-11T13:19:56.630657+00:00,,けいかく,noun,2026-08-28T15:27:38.173273+00:00,"[""plan, project, schedule""]",,n4,,kanji,false,ja,853,,,
811,茶色,2026-07-11T13:19:56.630657+00:00,16,ちゃいろ,noun,2026-08-28T15:27:38.173273+00:00,"[""brown (color)""]",,n4,,kanji,false,ja,667,,,
812,街,2026-07-11T13:19:56.630657+00:00,33,まち,noun,2026-08-28T15:27:38.173273+00:00,"[""town, city, street""]",,n4,23,kanji,false,ja,1233,,,
813,十二月,2026-07-11T13:19:56.630657+00:00,13,じゅうにがつ,noun,2026-08-28T15:27:38.173273+00:00,"[""December""]",,n5,,kanji,false,ja,827,,,
814,試験,2026-07-11T13:19:56.630657+00:00,8,しけん,noun,2026-08-28T15:27:38.173273+00:00,"[""examination, test, exam""]",,n4,,kanji,false,ja,376,,,
815,郵便,2026-07-11T13:19:56.630657+00:00,11,ゆうびん,noun,2026-08-28T15:27:38.173273+00:00,"[""mail, post"", ""postal service""]",,n4,,kanji,false,ja,1453,,,
816,今夜,2026-07-11T13:19:56.630657+00:00,13,こんや,noun,2026-08-28T15:27:38.173273+00:00,"[""tonight, this evening""]",,n5,,kanji,false,ja,858,,,
817,銀色,2026-07-11T13:19:56.630657+00:00,16,ぎんいろ,noun,2026-08-28T15:27:38.173273+00:00,"[""silver color, silver""]",,n4,,kanji,false,ja,204,,,
818,医者,2026-07-11T13:19:56.630657+00:00,9,いしゃ,noun,2026-08-28T15:27:38.173273+00:00,"[""doctor, physician"", ""medical doctor""]",,n5,,kanji,false,ja,545,,,
819,お金,2026-07-11T13:19:56.630657+00:00,23,おかね,noun,2026-08-28T15:27:38.173273+00:00,"[""money""]",,n5,,kanji,false,ja,1208,,,
820,図書館,2026-07-11T13:19:56.630657+00:00,8,としょかん,noun,2026-08-28T15:27:38.173273+00:00,"[""library""]",,n5,,kanji,false,ja,1356,,,
821,表,2026-07-11T13:19:56.630657+00:00,,ひょう,noun,2026-08-28T15:27:38.173273+00:00,"[""table, chart, list"", ""surface, front, outside""]",,n4,,kanji,false,ja,662,,,
822,高校,2026-07-11T13:19:56.630657+00:00,8,こうこう,noun,2026-08-28T15:27:38.173273+00:00,"[""high school, senior high school""]",,n5,,kanji,false,ja,304,,,
823,遊び,2026-07-11T13:19:56.630657+00:00,27,あそび,noun,2026-08-28T15:27:38.173273+00:00,"[""play, game, amusement, fun""]",,n4,25,kanji,false,ja,309,,,
824,鼻,2026-07-11T13:19:56.630657+00:00,17,はな,noun,2026-08-28T15:27:38.173273+00:00,"[""nose""]",,n4,,kanji,false,ja,244,,,
825,質問,2026-07-11T13:19:56.630657+00:00,24,しつもん,noun,2026-08-28T15:27:38.173273+00:00,"[""question, inquiry"", ""query""]",,n4,,kanji,false,ja,249,,,
826,週末,2026-07-11T13:19:56.630657+00:00,13,しゅうまつ,noun,2026-08-28T15:27:38.173273+00:00,"[""weekend""]",,n4,25,kanji,false,ja,491,,,
827,読書,2026-07-11T13:19:56.630657+00:00,,どくしょ,noun,2026-08-28T15:27:38.173273+00:00,"[""reading (books as a hobby or activity)""]",,n4,,kanji,false,ja,610,,,
828,一人,2026-07-11T13:19:56.630657+00:00,19,ひとり,noun,2026-08-28T15:27:38.173273+00:00,"[""one person"", ""alone, by oneself""]",,n5,,kanji,false,ja,1323,,,
829,貯金,2026-07-11T13:19:56.630657+00:00,23,ちょきん,noun,2026-08-28T15:27:38.173273+00:00,"[""savings, money saved""]",,n4,,kanji,false,ja,1042,,,
830,十月,2026-07-11T13:19:56.630657+00:00,13,じゅうがつ,noun,2026-08-28T15:27:38.173273+00:00,"[""October""]",,n5,,kanji,false,ja,1276,,,
831,二階,2026-07-11T13:19:56.630657+00:00,22,にかい,noun,2026-08-28T15:27:38.173273+00:00,"[""second floor, upstairs""]",,n5,,kanji,false,ja,1168,,,
832,黒板,2026-07-11T13:19:56.630657+00:00,8,こくばん,noun,2026-08-28T15:27:38.173273+00:00,"[""blackboard, chalkboard""]",,n4,,kanji,false,ja,1307,,,
833,選手,2026-07-11T13:19:56.630657+00:00,27,せんしゅ,noun,2026-08-28T15:27:38.173273+00:00,"[""athlete, player, competitor""]",,n4,,kanji,false,ja,1164,,,
834,会社,2026-07-11T13:19:56.630657+00:00,25,かいしゃ,noun,2026-08-28T15:27:38.173273+00:00,"[""company, firm, corporation""]",,n5,15,kanji,false,ja,676,,,
835,九月,2026-07-11T13:19:56.630657+00:00,13,くがつ,noun,2026-08-28T15:27:38.173273+00:00,"[""September""]",,n5,,kanji,false,ja,881,,,
836,公園,2026-07-11T13:19:56.630657+00:00,,こうえん,noun,2026-08-28T15:27:38.173273+00:00,"[""park, public garden""]",,n5,,kanji,false,ja,935,,,
837,麦茶,2026-07-11T13:19:56.630657+00:00,5,むぎちゃ,noun,2026-08-28T15:27:38.173273+00:00,"[""barley tea (a cold, roasted barley drink popular in Japan)""]",,n4,,kanji,false,ja,1124,,,
838,四月,2026-07-11T13:19:56.630657+00:00,13,しがつ,noun,2026-08-28T15:27:38.173273+00:00,"[""April""]",,n5,,kanji,false,ja,1121,,,
839,雲,2026-07-11T13:19:56.630657+00:00,14,くも,noun,2026-08-28T15:27:38.173273+00:00,"[""cloud""]",,n4,,kanji,false,ja,44,,,
840,勉強,2026-07-11T13:19:56.630657+00:00,8,べんきょう,noun,2026-08-28T15:27:38.173273+00:00,"[""study, studying"", ""learning""]",,n5,,kanji,false,ja,1400,,,
841,学校,2026-07-11T13:19:56.630657+00:00,8,がっこう,noun,2026-08-28T15:27:38.173273+00:00,"[""school""]",,n5,,kanji,false,ja,34,,,
842,夏,2026-07-11T13:19:56.630657+00:00,14,なつ,noun,2026-08-28T15:27:38.173273+00:00,"[""summer""]",,n5,,kanji,false,ja,786,,,
843,子供,2026-07-11T13:19:56.630657+00:00,12,こども,noun,2026-08-28T15:27:38.173273+00:00,"[""child, children"", ""kid""]",,n5,25,kanji,false,ja,196,,,
844,右手,2026-07-11T13:19:56.630657+00:00,17,みぎて,noun,2026-08-28T15:27:38.173273+00:00,"[""right hand""]",,n5,,kanji,false,ja,268,,,
845,一日,2026-07-11T13:19:56.630657+00:00,13,いちにち,noun,2026-08-28T15:27:38.173273+00:00,"[""one day, all day long"", ""the first day (of the month, read as ついたち)""]",,n5,,kanji,false,ja,633,,,
846,お茶,2026-07-11T13:19:56.630657+00:00,31,おちゃ,noun,2026-08-28T15:27:38.173273+00:00,"[""tea (Japanese tea, especially green tea)""]",,n5,18,kanji,false,ja,243,,,
847,荷物,2026-07-11T13:19:56.630657+00:00,12,にもつ,noun,2026-08-28T15:27:38.173273+00:00,"[""baggage, luggage"", ""package, parcel, cargo""]",,n4,,kanji,false,ja,1333,,,
848,名前,2026-07-11T13:19:56.630657+00:00,,なまえ,noun,2026-08-28T15:27:38.173273+00:00,"[""name (of a person, thing, place)""]",,n5,,kanji,false,ja,691,,,
849,家族,2026-07-11T13:19:56.630657+00:00,10,かぞく,noun,2026-08-28T15:27:38.173273+00:00,"[""family""]",,n5,,kanji,false,ja,1256,,,
850,何,2026-07-11T13:19:56.630657+00:00,,なに・なん,noun,2026-08-28T15:27:38.173273+00:00,"[""what"", ""how many, how much""]",,n5,,kanji,false,ja,971,,,
851,南,2026-07-11T13:19:56.630657+00:00,22,みなみ,noun,2026-08-28T15:27:38.173273+00:00,"[""south""]",,n5,,kanji,false,ja,556,,,
852,郵便局,2026-07-11T13:19:56.630657+00:00,11,ゆうびんきょく,noun,2026-08-28T15:27:38.173273+00:00,"[""post office""]",,n4,,kanji,false,ja,1156,,,
853,一月,2026-07-11T13:19:56.630657+00:00,13,いちがつ,noun,2026-08-28T15:27:38.173273+00:00,"[""January""]",,n5,,kanji,false,ja,962,,,
854,大人,2026-07-11T13:19:56.630657+00:00,12,おとな,noun,2026-08-28T15:27:38.173273+00:00,"[""adult, grown-up"", ""mature person""]",,n5,25,kanji,false,ja,637,,,
855,運転,2026-07-11T13:19:56.630657+00:00,20,うんてん,noun,2026-08-28T15:27:38.173273+00:00,"[""driving, operation"", ""running (of a machine)""]",,n4,,kanji,false,ja,139,,,
856,言葉,2026-07-11T13:19:56.630657+00:00,24,ことば,noun,2026-08-28T15:27:38.173273+00:00,"[""word, language, expression, speech""]",,n4,,kanji,false,ja,657,,,
857,一番,2026-07-11T13:19:56.630657+00:00,28,いちばん,noun,2026-08-28T15:27:38.173273+00:00,"[""number one, first"", ""most, best, the most ... (superlative)""]",,n5,,kanji,false,ja,705,,,
858,自転車,2026-07-11T13:19:56.630657+00:00,36,じてんしゃ,noun,2026-08-28T15:27:38.173273+00:00,"[""bicycle, bike""]",,n5,28,kanji,false,ja,277,,,
859,酒,2026-07-11T13:19:56.630657+00:00,7,さけ,noun,2026-08-28T15:27:38.173273+00:00,"[""alcohol, sake, Japanese rice wine"", ""alcoholic drink""]",,n4,,kanji,false,ja,1390,,,
860,連絡,2026-07-11T13:19:56.630657+00:00,24,れんらく,noun,2026-08-28T15:27:38.173273+00:00,"[""contact, communication, liaison""]",,n4,,kanji,false,ja,911,,,
861,体,2026-07-11T13:19:56.630657+00:00,17,からだ,noun,2026-08-28T15:27:38.173273+00:00,"[""body, physique"", ""health, constitution""]",,n5,,kanji,false,ja,12,,,
862,外,2026-07-11T13:19:56.630657+00:00,22,そと,noun,2026-08-28T15:27:38.173273+00:00,"[""outside, outdoors"", ""exterior""]",,n5,,kanji,false,ja,86,,,
863,趣味,2026-07-11T13:19:56.630657+00:00,,しゅみ,noun,2026-08-28T15:27:38.173273+00:00,"[""hobby, pastime"", ""taste, interest""]",,n4,,kanji,false,ja,316,,,
864,切手,2026-07-11T13:19:56.630657+00:00,11,きって,noun,2026-08-28T15:27:38.173273+00:00,"[""postage stamp""]",,n5,,kanji,false,ja,87,,,
865,返事,2026-07-11T13:19:56.630657+00:00,24,へんじ,noun,2026-08-28T15:27:38.173273+00:00,"[""reply, answer, response""]",,n4,,kanji,false,ja,407,,,
866,夜,2026-07-11T13:19:56.630657+00:00,13,よる,noun,2026-08-28T15:27:38.173273+00:00,"[""night, evening""]",,n5,,kanji,false,ja,476,,,
867,風,2026-07-11T13:19:56.630657+00:00,14,かぜ,noun,2026-08-28T15:27:38.173273+00:00,"[""wind, breeze; also cold (illness)""]",,n4,,kanji,false,ja,286,,,
868,女の子,2026-07-11T13:19:56.630657+00:00,,おんなのこ,noun,2026-08-28T15:27:38.173273+00:00,"[""girl"", ""young woman""]",,n5,,kanji,false,ja,93,,,
869,地図,2026-07-11T13:19:56.630657+00:00,12,ちず,noun,2026-08-28T15:27:38.173273+00:00,"[""map, atlas""]",,n5,,kanji,false,ja,154,,,
870,野原,2026-07-11T13:19:56.630657+00:00,14,のはら,noun,2026-08-28T15:27:38.173273+00:00,"[""field, meadow, open plain""]",,n4,,kanji,false,ja,1236,,,
871,三人,2026-07-11T13:19:56.630657+00:00,19,さんにん,noun,2026-08-28T15:27:38.173273+00:00,"[""three people""]",,n5,,kanji,false,ja,958,,,
872,薬局,2026-07-11T13:19:56.630657+00:00,12,やっきょく,noun,2026-08-28T15:27:38.173273+00:00,"[""pharmacy, drugstore""]",,n4,26,kanji,false,ja,1401,,,
873,右側,2026-07-11T13:19:56.630657+00:00,22,みぎがわ,noun,2026-08-28T15:27:38.173273+00:00,"[""right side""]",,n5,,kanji,false,ja,625,,,
874,身長,2026-07-11T13:19:56.630657+00:00,21,しんちょう,noun,2026-08-28T15:27:38.173273+00:00,"[""height (of a person), stature""]",,n4,,kanji,false,ja,475,,,
875,お米,2026-07-11T13:19:56.630657+00:00,5,おこめ,noun,2026-08-28T15:27:38.173273+00:00,"[""rice (polite form)""]",,n5,,kanji,false,ja,533,,,
876,午後,2026-07-11T13:19:56.630657+00:00,13,ごご,noun,2026-08-28T15:27:38.173273+00:00,"[""afternoon, PM (after noon)""]",,n5,,kanji,false,ja,1346,,,
877,お酒,2026-07-11T13:19:56.630657+00:00,5,おさけ,noun,2026-08-28T15:27:38.173273+00:00,"[""alcohol, sake (polite form)""]",,n5,,kanji,false,ja,767,,,
878,先生,2026-07-11T13:19:56.630657+00:00,8,せんせい,noun,2026-08-28T15:27:38.173273+00:00,"[""teacher, instructor"", ""doctor (respectful address)""]",,n5,,kanji,false,ja,486,,,
879,お母さん,2026-07-11T13:19:56.630657+00:00,10,おかあさん,noun,2026-08-28T15:27:38.173273+00:00,"[""mom, mother (polite/familiar form)""]",,n5,,kanji,false,ja,751,,,
880,野球,2026-07-11T13:19:56.630657+00:00,31,やきゅう,noun,2026-08-28T15:27:38.173273+00:00,"[""baseball""]",,n4,18,kanji,false,ja,189,,,
881,音楽,2026-07-11T13:19:56.630657+00:00,29,おんがく,noun,2026-08-28T15:27:38.173273+00:00,"[""music""]",,n5,8,kanji,false,ja,469,,,
882,お父さん,2026-07-11T13:19:56.630657+00:00,10,おとうさん,noun,2026-08-28T15:27:38.173273+00:00,"[""dad, father (polite/familiar form)""]",,n5,,kanji,false,ja,13,,,
883,運動,2026-07-11T13:19:56.630657+00:00,27,うんどう,noun,2026-08-28T15:27:38.173273+00:00,"[""exercise, physical activity"", ""movement, motion""]",,n4,,kanji,false,ja,1062,,,
884,金魚,2026-07-11T13:19:56.630657+00:00,18,きんぎょ,noun,2026-08-28T15:27:38.173273+00:00,"[""goldfish""]",,n4,,kanji,false,ja,661,,,
885,五月,2026-07-11T13:19:56.630657+00:00,13,ごがつ,noun,2026-08-28T15:27:38.173273+00:00,"[""May""]",,n5,,kanji,false,ja,381,,,
886,道,2026-07-11T13:19:56.630657+00:00,,みち,noun,2026-08-28T15:27:38.173273+00:00,"[""road, way, path, street""]",,n4,,kanji,false,ja,1468,,,
887,仕事,2026-07-11T13:19:56.630657+00:00,25,しごと,noun,2026-08-28T15:27:38.173273+00:00,"[""work, job"", ""business, task""]",,n5,,kanji,false,ja,1402,,,
888,雪,2026-07-11T13:19:56.630657+00:00,14,ゆき,noun,2026-08-28T15:27:38.173273+00:00,"[""snow""]",,n4,,kanji,false,ja,824,,,
889,中学校,2026-07-11T13:19:56.630657+00:00,8,ちゅうがっこう,noun,2026-08-28T15:27:38.173273+00:00,"[""middle school, junior high school""]",,n5,,kanji,false,ja,569,,,
890,食事,2026-07-11T13:19:56.630657+00:00,7,しょくじ,noun,2026-08-28T15:27:38.173273+00:00,"[""meal, dining, eating""]",,n4,,kanji,false,ja,1320,,,
891,今年,2026-07-11T13:19:56.630657+00:00,13,ことし,noun,2026-08-28T15:27:38.173273+00:00,"[""this year""]",,n5,,kanji,false,ja,1070,,,
892,写真,2026-07-11T13:19:56.630657+00:00,,しゃしん,noun,2026-08-28T15:27:38.173273+00:00,"[""photograph, photo"", ""picture""]",,n5,,kanji,false,ja,1080,,,
893,安全,2026-07-11T13:19:56.630657+00:00,33,あんぜん,noun,2026-08-28T15:27:38.173273+00:00,"[""safety, security"", ""safe (na-adjective use)""]",,n5,21,kanji,false,ja,865,,,
894,馬,2026-07-11T13:19:56.630657+00:00,18,うま,noun,2026-08-28T15:27:38.173273+00:00,"[""horse""]",,n4,,kanji,false,ja,580,,,
895,顔,2026-07-11T13:19:56.630657+00:00,17,かお,noun,2026-08-28T15:27:38.173273+00:00,"[""face"", ""expression, look""]",,n4,,kanji,false,ja,451,,,
896,天気,2026-07-11T13:19:56.630657+00:00,14,てんき,noun,2026-08-28T15:27:38.173273+00:00,"[""weather"", ""fine weather, sunny weather""]",,n5,,kanji,false,ja,719,,,
897,友達,2026-07-11T13:19:56.630657+00:00,,ともだち,noun,2026-08-28T15:27:38.173273+00:00,"[""friend, companion""]",,n5,,kanji,false,ja,367,,,
898,八月,2026-07-11T13:19:56.630657+00:00,13,はちがつ,noun,2026-08-28T15:27:38.173273+00:00,"[""August""]",,n5,,kanji,false,ja,1010,,,
899,冬休み,2026-07-11T13:19:56.630657+00:00,8,ふゆやすみ,noun,2026-08-28T15:27:38.173273+00:00,"[""winter vacation, winter holidays""]",,n5,,kanji,false,ja,1157,,,
900,土曜日,2026-07-11T13:19:56.630657+00:00,13,どようび,noun,2026-08-28T15:27:38.173273+00:00,"[""Saturday""]",,n5,,kanji,false,ja,553,,,
901,大学,2026-07-11T13:19:56.630657+00:00,8,だいがく,noun,2026-08-28T15:27:38.173273+00:00,"[""university, college""]",,n5,,kanji,false,ja,1335,,,
902,十一月,2026-07-11T13:19:56.630657+00:00,13,じゅういちがつ,noun,2026-08-28T15:27:38.173273+00:00,"[""November""]",,n5,,kanji,false,ja,495,,,
903,出発,2026-07-11T13:19:56.630657+00:00,12,しゅっぱつ,noun,2026-08-28T15:27:38.173273+00:00,"[""departure, setting off, leaving""]",,n5,,kanji,false,ja,282,,,
904,妹,2026-07-11T13:19:56.630657+00:00,10,いもうと,noun,2026-08-28T15:27:38.173273+00:00,"[""younger sister (plain/humble)""]",,n5,,kanji,false,ja,679,,,
905,軽食,2026-07-11T13:19:56.630657+00:00,7,けいしょく,noun,2026-08-28T15:27:38.173273+00:00,"[""light meal, snack, refreshment""]",,n4,,kanji,false,ja,317,,,
906,二月,2026-07-11T13:19:56.630657+00:00,13,にがつ,noun,2026-08-28T15:27:38.173273+00:00,"[""February""]",,n5,,kanji,false,ja,1462,,,
907,豆,2026-07-11T13:19:56.630657+00:00,5,まめ,noun,2026-08-28T15:27:38.173273+00:00,"[""bean, pea, legume""]",,n4,,kanji,false,ja,438,,,
908,食堂,2026-07-11T13:19:56.630657+00:00,7,しょくどう,noun,2026-08-28T15:27:38.173273+00:00,"[""cafeteria, dining room, restaurant""]",,n4,6,kanji,false,ja,327,,,
909,ご飯,2026-07-11T13:19:56.630657+00:00,7,ごはん,noun,2026-08-28T15:27:38.173273+00:00,"[""cooked rice, meal""]",,n5,,kanji,false,ja,461,,,
910,千円,2026-07-11T13:19:56.630657+00:00,23,せんえん,noun,2026-08-28T15:27:38.173273+00:00,"[""1000 yen""]",,n5,,kanji,false,ja,15,,,
911,部分,2026-07-11T13:19:56.630657+00:00,19,ぶぶん,noun,2026-08-28T15:27:38.173273+00:00,"[""part, portion, section""]",,n4,,kanji,false,ja,285,,,
912,親切,2026-07-11T13:19:56.630657+00:00,15,しんせつ,noun,2026-08-28T15:27:38.173273+00:00,"[""kindness, kind-heartedness, being kind""]",,n4,,kanji,false,ja,1249,,,
913,首,2026-07-11T13:19:56.630657+00:00,17,くび,noun,2026-08-28T15:27:38.173273+00:00,"[""neck, head (of an organization)""]",,n4,,kanji,false,ja,1017,,,
914,先月,2026-07-11T13:19:56.630657+00:00,13,せんげつ,noun,2026-08-28T15:27:38.173273+00:00,"[""last month""]",,n5,,kanji,false,ja,1129,,,
915,七月,2026-07-11T13:19:56.630657+00:00,13,しちがつ,noun,2026-08-28T15:27:38.173273+00:00,"[""July""]",,n5,,kanji,false,ja,62,,,
916,運,2026-07-11T13:19:56.630657+00:00,,うん,noun,2026-08-28T15:27:38.173273+00:00,"[""luck, fortune"", ""fate, destiny""]",,n4,,kanji,false,ja,164,,,
917,自由,2026-07-11T13:19:56.630657+00:00,,じゆう,noun,2026-08-28T15:27:38.173273+00:00,"[""freedom, liberty"", ""free, unrestricted""]",,n4,,kanji,false,ja,1457,,,
918,学生,2026-07-11T13:19:56.630657+00:00,8,がくせい,noun,2026-08-28T15:27:38.173273+00:00,"[""student (mainly university level)""]",,n5,,kanji,false,ja,979,,,
919,今日,2026-07-11T13:19:56.630657+00:00,13,きょう,noun,2026-08-28T15:27:38.173273+00:00,"[""today""]",,n5,,kanji,false,ja,674,,,
920,頭,2026-07-11T13:19:56.630657+00:00,17,あたま,noun,2026-08-28T15:27:38.173273+00:00,"[""head, mind, brain, intelligence""]",,n4,,kanji,false,ja,519,,,
921,三月,2026-07-11T13:19:56.630657+00:00,13,さんがつ,noun,2026-08-28T15:27:38.173273+00:00,"[""March""]",,n5,,kanji,false,ja,900,,,
922,二人,2026-07-11T13:19:56.630657+00:00,19,ふたり,noun,2026-08-28T15:27:38.173273+00:00,"[""two people"", ""both (of them), a pair""]",,n5,,kanji,false,ja,131,,,
923,北,2026-07-11T13:19:56.630657+00:00,22,きた,noun,2026-08-28T15:27:38.173273+00:00,"[""north""]",,n5,,kanji,false,ja,972,,,
924,西,2026-07-11T13:19:56.630657+00:00,22,にし,noun,2026-08-28T15:27:38.173273+00:00,"[""west, western direction""]",,n4,,kanji,false,ja,1050,,,
925,食べ物,2026-07-11T13:19:56.630657+00:00,7,たべもの,noun,2026-08-28T15:27:38.173273+00:00,"[""food, thing to eat""]",,n4,,kanji,false,ja,1361,,,
926,近所,2026-07-11T13:19:56.630657+00:00,10,きんじょ,noun,2026-08-28T15:27:38.173273+00:00,"[""neighborhood, vicinity"", ""nearby area""]",,n4,,kanji,false,ja,1167,,,
927,冬,2026-07-11T13:19:56.630657+00:00,14,ふゆ,noun,2026-08-28T15:27:38.173273+00:00,"[""winter""]",,n5,,kanji,false,ja,1153,,,
928,去年,2026-07-11T13:19:56.630657+00:00,13,きょねん,noun,2026-08-28T15:27:38.173273+00:00,"[""last year""]",,n5,,kanji,false,ja,148,,,
929,鶏肉,2026-07-11T13:19:56.630657+00:00,5,とりにく,noun,2026-08-28T15:27:38.173273+00:00,"[""chicken (meat)""]",,n4,,kanji,false,ja,671,,,
930,兄,2026-07-11T13:19:56.630657+00:00,10,あに,noun,2026-08-28T15:27:38.173273+00:00,"[""older brother (plain/humble)""]",,n5,,kanji,false,ja,178,,,
931,六月,2026-07-11T13:19:56.630657+00:00,13,ろくがつ,noun,2026-08-28T15:27:38.173273+00:00,"[""June""]",,n5,,kanji,false,ja,118,,,
932,銀行,2026-07-11T13:19:56.630657+00:00,11,ぎんこう,noun,2026-08-28T15:27:38.173273+00:00,"[""bank (financial institution)""]",,n4,21,kanji,false,ja,1221,,,
933,一緒,2026-07-11T13:19:56.630657+00:00,28,いっしょ,noun,2026-08-28T15:27:38.173273+00:00,"[""together, at the same time"", ""same, identical""]",,n5,,kanji,false,ja,1485,,,
934,午前,2026-07-11T13:19:56.630657+00:00,13,ごぜん,noun,2026-08-28T15:27:38.173273+00:00,"[""morning, AM (before noon)""]",,n5,,kanji,false,ja,115,,,
935,部活,2026-07-11T13:19:56.630657+00:00,8,ぶかつ,noun,2026-08-28T15:27:38.173273+00:00,"[""club activities (in school), extracurricular activities""]",,n4,,kanji,false,ja,265,,,
936,親,2026-07-11T13:19:56.630657+00:00,10,おや,noun,2026-08-28T15:27:38.173273+00:00,"[""parent, parents""]",,n4,,kanji,false,ja,421,,,
937,一つ,2026-07-11T13:19:56.630657+00:00,19,ひとつ,noun,2026-08-28T15:27:38.173273+00:00,"[""one (thing), one unit"", ""one (general counter)""]",,n5,,kanji,false,ja,500,,,
938,今月,2026-07-11T13:19:56.630657+00:00,13,こんげつ,noun,2026-08-28T15:27:38.173273+00:00,"[""this month""]",,n5,,kanji,false,ja,1063,,,
939,自分,2026-07-11T13:19:56.630657+00:00,,じぶん,noun,2026-08-28T15:27:38.173273+00:00,"[""oneself, myself, yourself""]",,n4,,kanji,false,ja,870,,,
940,国,2026-07-11T13:19:56.630657+00:00,,くに,noun,2026-08-28T15:27:38.173273+00:00,"[""country, nation"", ""homeland, one's home country""]",,n5,,kanji,false,ja,939,,,
941,前,2026-07-11T13:19:56.630657+00:00,22,まえ,noun,2026-08-28T15:27:38.173273+00:00,"[""front, before, in front of"", ""ago, previously""]",,n5,,kanji,false,ja,552,,,
942,鳥,2026-07-11T13:19:56.630657+00:00,18,とり,noun,2026-08-28T15:27:38.173273+00:00,"[""bird, fowl""]",,n4,,kanji,false,ja,423,,,
943,血,2026-07-11T13:19:56.630657+00:00,17,ち,noun,2026-08-28T15:27:38.173273+00:00,"[""blood""]",,n4,,kanji,false,ja,1398,,,
944,船,2026-07-11T13:19:56.630657+00:00,12,ふね,noun,2026-08-28T15:27:38.173273+00:00,"[""ship, boat, vessel""]",,n4,,kanji,false,ja,291,,,
945,駅員,2026-07-11T13:19:56.630657+00:00,2,えきいん,noun,2026-08-28T15:27:38.173273+00:00,"[""station staff, station worker"", ""railway employee""]",,n4,,kanji,false,ja,345,,,
946,夏休み,2026-07-11T13:19:56.630657+00:00,8,なつやすみ,noun,2026-08-28T15:27:38.173273+00:00,"[""summer vacation, summer holidays""]",,n5,,kanji,false,ja,1371,,,
947,葉,2026-07-11T13:19:56.630657+00:00,14,は,noun,2026-08-28T15:27:38.173273+00:00,"[""leaf, blade (of grass), petal""]",,n4,,kanji,false,ja,608,,,
948,色々,2026-07-11T13:19:56.630657+00:00,,いろいろ,noun,2026-08-28T15:27:38.173273+00:00,"[""various, all kinds, many different""]",,n4,,kanji,false,ja,942,,,
949,動物,2026-07-11T13:19:56.630657+00:00,18,どうぶつ,noun,2026-08-28T15:27:38.173273+00:00,"[""animal"", ""creature""]",,n5,,kanji,false,ja,165,,,
950,姉,2026-07-11T13:19:56.630657+00:00,10,あね,noun,2026-08-28T15:27:38.173273+00:00,"[""older sister (plain/humble)""]",,n5,,kanji,false,ja,896,,,
951,駅,2026-07-11T13:21:00.721502+00:00,2,えき,noun,2026-08-28T15:27:38.173273+00:00,"[""(train) station"", ""railway station""]",,n5,,kanji,false,ja,319,,,
952,曜日,2026-07-11T13:21:00.721502+00:00,13,ようび,noun,2026-08-28T15:27:38.173273+00:00,"[""day of the week""]",,n5,,kanji,false,ja,128,,,
953,包む,2026-07-11T13:21:00.721502+00:00,,つつむ,verb,2026-08-28T15:27:38.173273+00:00,"[""to wrap, envelop, cover""]",godan verb,n3,,kanji,false,ja,354,,,
954,打つ,2026-07-11T13:21:00.721502+00:00,20,うつ,verb,2026-08-28T15:27:38.173273+00:00,"[""to hit, to strike, to beat"", ""to type (on keyboard)""]",godan verb,n3,,kanji,false,ja,21,,,
955,喜ぶ,2026-07-11T13:21:00.721502+00:00,15,よろこぶ,verb,2026-08-28T15:27:38.173273+00:00,"[""to be glad, rejoice, be delighted""]",godan verb,n3,,kanji,false,ja,1438,,,
956,満ちる,2026-07-11T13:21:00.721502+00:00,,みちる,verb,2026-08-28T15:27:38.173273+00:00,"[""to be full, fill up, be brimming""]",ichidan verb,n3,,kanji,false,ja,573,,,
957,朝,2026-07-11T13:21:00.721502+00:00,13,あさ,noun,2026-08-28T15:27:38.173273+00:00,"[""morning""]",,n5,,kanji,false,ja,246,,,
958,映す,2026-07-11T13:21:00.721502+00:00,,うつす,verb,2026-08-28T15:27:38.173273+00:00,"[""to project, to reflect"", ""to cast (a shadow, image)""]",godan verb,n3,,kanji,false,ja,946,,,
959,火曜日,2026-07-11T13:21:00.721502+00:00,13,かようび,noun,2026-08-28T15:27:38.173273+00:00,"[""Tuesday""]",,n5,,kanji,false,ja,1454,,,
960,照らす,2026-07-11T13:21:00.721502+00:00,,てらす,verb,2026-08-28T15:27:38.173273+00:00,"[""to illuminate, light up, shine on""]",godan verb,n2,,kanji,false,ja,1429,,,
961,静まる,2026-07-11T13:21:00.721502+00:00,15,しずまる,verb,2026-08-28T15:27:38.173273+00:00,"[""to calm down, quiet down, subside""]",godan verb,n2,,kanji,false,ja,113,,,
962,残す,2026-07-11T13:21:00.721502+00:00,,のこす,verb,2026-08-28T15:27:38.173273+00:00,"[""to leave behind, save, set aside""]",godan verb,n3,,kanji,false,ja,901,,,
963,金曜日,2026-07-11T13:21:00.721502+00:00,13,きんようび,noun,2026-08-28T15:27:38.173273+00:00,"[""Friday""]",,n5,,kanji,false,ja,787,,,
964,延びる,2026-07-11T13:21:00.721502+00:00,21,のびる,verb,2026-08-28T15:27:38.173273+00:00,"[""to extend, to be prolonged"", ""to grow (hair, nails), to stretch""]",ichidan verb,n2,,kanji,false,ja,722,,,
965,毎日,2026-07-11T13:21:00.721502+00:00,13,まいにち,noun,2026-08-28T15:27:38.173273+00:00,"[""every day, daily""]",,n5,,kanji,false,ja,1095,,,
966,母,2026-07-11T13:21:00.721502+00:00,10,はは,noun,2026-08-28T15:27:38.173273+00:00,"[""mother (humble/plain form, used when talking about one's own mother)""]",,n5,,kanji,false,ja,1324,,,
967,演じる,2026-07-11T13:21:00.721502+00:00,,えんじる,verb,2026-08-28T15:27:38.173273+00:00,"[""to perform, to act"", ""to play a role, to put on""]",ichidan verb,n2,,kanji,false,ja,873,,,
968,治る,2026-07-11T13:21:00.721502+00:00,9,なおる,verb,2026-08-28T15:27:38.173273+00:00,"[""to heal, recover (intransitive), be cured""]",godan verb,n3,,kanji,false,ja,575,,,
969,気持ち,2026-07-11T13:21:00.721502+00:00,15,きもち,noun,2026-08-28T15:27:38.173273+00:00,"[""feeling, mood, sensation"", ""sensation, sensation of...""]",,n5,,kanji,false,ja,1206,,,
970,並ぶ,2026-07-11T13:21:00.721502+00:00,22,ならぶ,verb,2026-08-28T15:27:38.173273+00:00,"[""to line up, to stand in a row"", ""to be equal to, to rank with""]",godan verb,n3,,kanji,false,ja,723,,,
971,流れる,2026-07-11T13:21:00.721502+00:00,20,ながれる,verb,2026-08-28T15:27:38.173273+00:00,"[""to flow, to stream, to run"", ""to drift, to pass (time)""]",ichidan verb,n3,,kanji,false,ja,799,,,
972,昨日,2026-07-11T13:21:00.721502+00:00,13,きのう,noun,2026-08-28T15:27:38.173273+00:00,"[""yesterday""]",,n5,,kanji,false,ja,144,,,
973,限る,2026-07-11T13:21:00.721502+00:00,,かぎる,verb,2026-08-28T15:27:38.173273+00:00,"[""to limit, to restrict"", ""to be limited to, to apply only to""]",godan verb,n2,,kanji,false,ja,1058,,,
974,費やす,2026-07-11T13:21:00.721502+00:00,,ついやす,verb,2026-08-28T15:27:38.173273+00:00,"[""to spend, use up, expend, consume""]",godan verb,n2,,kanji,false,ja,1111,,,
975,話,2026-07-11T13:21:00.721502+00:00,24,はなし,noun,2026-08-28T15:27:38.173273+00:00,"[""story, talk, conversation, subject""]",,n5,,kanji,false,ja,324,,,
976,伝える,2026-07-11T13:21:00.721502+00:00,24,つたえる,verb,2026-08-28T15:27:38.173273+00:00,"[""to convey, tell, pass on, report""]",ichidan verb,n3,,kanji,false,ja,1147,,,
977,晴れ,2026-07-11T13:21:00.721502+00:00,14,はれ,noun,2026-08-28T15:27:38.173273+00:00,"[""clear weather, sunny, fine weather""]",,n5,,kanji,false,ja,850,,,
978,除く,2026-07-11T13:21:00.721502+00:00,,のぞく,verb,2026-08-28T15:27:38.173273+00:00,"[""to exclude, to remove"", ""to except, to leave out""]",godan verb,n2,,kanji,false,ja,10,,,
979,折る,2026-07-11T13:21:00.721502+00:00,,おる,verb,2026-08-28T15:27:38.173273+00:00,"[""to fold, break, bend""]",godan verb,n3,,kanji,false,ja,908,,,
980,昼,2026-07-11T13:21:00.721502+00:00,13,ひる,noun,2026-08-28T15:27:38.173273+00:00,"[""noon, daytime, midday""]",,n5,,kanji,false,ja,923,,,
981,刷る,2026-07-11T13:21:00.721502+00:00,,する,verb,2026-08-28T15:27:38.173273+00:00,"[""to print, run off""]",godan verb,n2,,kanji,false,ja,505,,,
982,映る,2026-07-11T13:21:00.721502+00:00,,うつる,verb,2026-08-28T15:27:38.173273+00:00,"[""to be reflected, to appear"", ""to look, to seem""]",godan verb,n3,,kanji,false,ja,1207,,,
983,割る,2026-07-11T13:21:00.721502+00:00,,わる,verb,2026-08-28T15:27:38.173273+00:00,"[""to divide, to split"", ""to break, to crack""]",godan verb,n3,,kanji,false,ja,983,,,
984,気分,2026-07-11T13:21:00.721502+00:00,15,きぶん,noun,2026-08-28T15:27:38.173273+00:00,"[""feeling, mood"", ""condition, state (of health)""]",,n5,,kanji,false,ja,554,,,
985,海,2026-07-11T13:21:00.721502+00:00,14,うみ,noun,2026-08-28T15:27:38.173273+00:00,"[""sea, ocean""]",,n5,,kanji,false,ja,1285,,,
986,来年,2026-07-11T13:21:00.721502+00:00,13,らいねん,noun,2026-08-28T15:27:38.173273+00:00,"[""next year""]",,n5,,kanji,false,ja,1013,,,
987,赤ちゃん,2026-07-11T13:21:00.721502+00:00,10,あかちゃん,noun,2026-08-28T15:27:38.173273+00:00,"[""baby, infant""]",,n5,,kanji,false,ja,382,,,
988,薬,2026-07-11T13:21:00.721502+00:00,9,くすり,noun,2026-08-28T15:27:38.173273+00:00,"[""medicine, drug, remedy, medication""]",,n5,,kanji,false,ja,393,,,
989,寄せる,2026-07-11T13:21:00.721502+00:00,20,よせる,verb,2026-08-28T15:27:38.173273+00:00,"[""to bring near, to push"", ""to collect, to gather""]",ichidan verb,n3,,kanji,false,ja,343,,,
990,教室,2026-07-11T13:21:00.721502+00:00,8,きょうしつ,noun,2026-08-28T15:27:38.173273+00:00,"[""classroom"", ""class (lessons)""]",,n5,,kanji,false,ja,107,,,
991,間,2026-07-11T13:21:00.721502+00:00,22,あいだ・ま,noun,2026-08-28T15:27:38.173273+00:00,"[""interval, space, gap"", ""between, among""]",,n5,,kanji,false,ja,217,,,
992,辞書,2026-07-11T13:21:00.721502+00:00,8,じしょ,noun,2026-08-28T15:27:38.173273+00:00,"[""dictionary""]",,n5,,kanji,false,ja,458,,,
993,争う,2026-07-11T13:21:00.721502+00:00,,あらそう,verb,2026-08-28T15:27:38.173273+00:00,"[""to compete, dispute, fight over""]",godan verb,n3,,kanji,false,ja,929,,,
994,月曜日,2026-07-11T13:21:00.721502+00:00,13,げつようび,noun,2026-08-28T15:27:38.173273+00:00,"[""Monday""]",,n5,,kanji,false,ja,322,,,
995,試みる,2026-07-11T13:21:00.721502+00:00,,こころみる,verb,2026-08-28T15:27:38.173273+00:00,"[""to try, attempt, make an effort""]",ichidan verb,n2,,kanji,false,ja,308,,,
996,救う,2026-07-11T13:21:00.721502+00:00,,すくう,verb,2026-08-28T15:27:38.173273+00:00,"[""to save, rescue, relieve""]",godan verb,n3,,kanji,false,ja,1482,,,
997,店,2026-07-11T13:21:00.721502+00:00,7,みせ,noun,2026-08-28T15:27:38.173273+00:00,"[""shop, store, restaurant""]",,n5,21,kanji,false,ja,725,,,
998,玉ねぎ,2026-07-11T13:21:00.721502+00:00,5,たまねぎ,noun,2026-08-28T15:27:38.173273+00:00,"[""onion""]",,n5,,kanji,false,ja,1326,,,
999,水曜日,2026-07-11T13:21:00.721502+00:00,13,すいようび,noun,2026-08-28T15:27:38.173273+00:00,"[""Wednesday""]",,n5,,kanji,false,ja,612,,,
1000,後,2026-07-11T13:21:00.721502+00:00,22,あと・のち,noun,2026-08-28T15:27:38.173273+00:00,"[""after, later, behind"", ""the rest, afterwards""]",,n5,,kanji,false,ja,1344,,,
1001,漢字,2026-07-11T13:21:00.721502+00:00,8,かんじ,noun,2026-08-28T15:27:38.173273+00:00,"[""Chinese character, kanji""]",,n5,,kanji,false,ja,127,,,
1002,干す,2026-07-11T13:21:00.721502+00:00,10,ほす,verb,2026-08-28T15:27:38.173273+00:00,"[""to dry, to air out"", ""to hang up (laundry)""]",godan verb,n2,,kanji,false,ja,1423,,,
1003,沿う,2026-07-11T13:21:00.721502+00:00,,そう,verb,2026-08-28T15:27:38.173273+00:00,"[""to run along, to follow (a road or river)"", ""to comply with, to meet""]",godan verb,n2,,kanji,false,ja,980,,,
1004,電話,2026-07-11T13:21:00.721502+00:00,32,でんわ,noun,2026-08-28T15:27:38.173273+00:00,"[""telephone, phone, phone call""]",,n5,,kanji,false,ja,1205,,,
1005,望む,2026-07-11T13:21:00.721502+00:00,15,のぞむ,verb,2026-08-28T15:27:38.173273+00:00,"[""to hope, desire, wish for""]",godan verb,n3,,kanji,false,ja,1404,,,
1006,受け取る,2026-07-11T13:21:00.721502+00:00,33,うけとる,verb,2026-08-28T15:27:38.173273+00:00,"[""to receive, to accept"", ""to collect, to pick up""]",godan verb,n3,21,kanji,false,ja,1048,,,
1007,信じる,2026-07-11T13:21:00.721502+00:00,26,しんじる,verb,2026-08-28T15:27:38.173273+00:00,"[""to believe, trust""]",ichidan verb,n3,,kanji,false,ja,1299,,,
1008,東京,2026-07-11T13:21:00.721502+00:00,,とうきょう,noun,2026-08-28T15:27:38.173273+00:00,"[""Tokyo (capital of Japan)""]",,n5,,kanji,false,ja,771,,,
1009,焼く,2026-07-11T13:21:00.721502+00:00,,やく,verb,2026-08-28T15:27:38.173273+00:00,"[""to grill, bake, burn, roast""]",godan verb,n3,,kanji,false,ja,632,,,
1010,挙げる,2026-07-11T13:21:00.721502+00:00,,あげる,verb,2026-08-28T15:27:38.173273+00:00,"[""to raise, lift up, cite, give as an example""]",ichidan verb,n2,,kanji,false,ja,847,,,
1011,緑,2026-07-11T13:21:00.721502+00:00,16,みどり,noun,2026-08-28T15:27:38.173273+00:00,"[""green (color), verdure""]",,n5,,kanji,false,ja,247,,,
1012,寄る,2026-07-11T13:21:00.721502+00:00,20,よる,verb,2026-08-28T15:27:38.173273+00:00,"[""to approach, to draw near"", ""to drop by, to stop at""]",godan verb,n3,,kanji,false,ja,605,,,
1013,電気,2026-07-11T13:21:00.721502+00:00,30,でんき,noun,2026-08-28T15:27:38.173273+00:00,"[""electricity, electric light""]",,n5,14,kanji,false,ja,506,,,
1014,気付く,2026-07-11T13:21:00.721502+00:00,26,きづく,verb,2026-08-28T15:27:38.173273+00:00,"[""to notice, realize, become aware""]",godan verb,n3,,kanji,false,ja,143,,,
1015,黄色,2026-07-11T13:21:00.721502+00:00,16,きいろ,noun,2026-08-28T15:27:38.173273+00:00,"[""yellow (color)""]",,n5,,kanji,false,ja,796,,,
1016,求める,2026-07-11T13:21:00.721502+00:00,,もとめる,verb,2026-08-28T15:27:38.173273+00:00,"[""to seek, request, demand, desire""]",ichidan verb,n3,,kanji,false,ja,1410,,,
1017,失う,2026-07-11T13:21:00.721502+00:00,,うしなう,verb,2026-08-28T15:27:38.173273+00:00,"[""to lose, forfeit""]",godan verb,n3,,kanji,false,ja,332,,,
1018,朝ご飯,2026-07-11T13:21:00.721502+00:00,10,あさごはん,noun,2026-08-28T15:27:38.173273+00:00,"[""breakfast""]",,n5,,kanji,false,ja,1149,,,
1019,囲む,2026-07-11T13:21:00.721502+00:00,,かこむ,verb,2026-08-28T15:27:38.173273+00:00,"[""to surround, enclose, encircle""]",godan verb,n2,,kanji,false,ja,1237,,,
1020,改める,2026-07-11T13:21:00.721502+00:00,,あらためる,verb,2026-08-28T15:27:38.173273+00:00,"[""to reform, correct, renew, reconsider""]",ichidan verb,n2,,kanji,false,ja,1119,,,
1021,宿題,2026-07-11T13:21:00.721502+00:00,8,しゅくだい,noun,2026-08-28T15:27:38.173273+00:00,"[""homework, assignment""]",,n5,,kanji,false,ja,890,,,
1022,映画,2026-07-11T13:21:00.721502+00:00,29,えいが,noun,2026-08-28T15:27:38.173273+00:00,"[""movie, film"", ""cinema""]",,n5,8,kanji,false,ja,422,,,
1023,病気,2026-07-11T13:21:00.721502+00:00,9,びょうき,noun,2026-08-28T15:27:38.173273+00:00,"[""illness, sickness, disease""]",,n5,,kanji,false,ja,1108,,,
1024,投げる,2026-07-11T13:21:00.721502+00:00,20,なげる,verb,2026-08-28T15:27:38.173273+00:00,"[""to throw, to toss, to pitch""]",ichidan verb,n3,,kanji,false,ja,685,,,
1025,絵,2026-07-11T13:21:00.721502+00:00,,え,noun,2026-08-28T15:27:38.173273+00:00,"[""picture, painting, drawing, illustration""]",,n5,,kanji,false,ja,69,,,
1026,飛行機,2026-07-11T13:21:00.721502+00:00,12,ひこうき,noun,2026-08-28T15:27:38.173273+00:00,"[""airplane""]",,n5,,kanji,false,ja,821,,,
1027,勤める,2026-07-11T13:21:00.721502+00:00,25,つとめる,verb,2026-08-28T15:27:38.173273+00:00,"[""to work at, to be employed"", ""to serve (in a role)""]",ichidan verb,n3,,kanji,false,ja,239,,,
1028,吸う,2026-07-11T13:21:00.721502+00:00,,すう,verb,2026-08-28T15:27:38.173273+00:00,"[""to inhale, to breathe in"", ""to suck, to smoke (cigarette)""]",godan verb,n3,,kanji,false,ja,510,,,
1029,病院,2026-07-11T13:21:00.721502+00:00,9,びょういん,noun,2026-08-28T15:27:38.173273+00:00,"[""hospital"", ""clinic (general)""]",,n5,,kanji,false,ja,845,,,
1030,戦う,2026-07-11T13:21:00.721502+00:00,,たたかう,verb,2026-08-28T15:27:38.173273+00:00,"[""to fight, battle, compete""]",godan verb,n3,,kanji,false,ja,1116,,,
1031,正月,2026-07-11T13:21:00.721502+00:00,13,しょうがつ,noun,2026-08-28T15:27:38.173273+00:00,"[""New Year, New Year's holiday"", ""January (traditional term)""]",,n5,,kanji,false,ja,1279,,,
1032,光る,2026-07-11T13:21:00.721502+00:00,14,ひかる,verb,2026-08-28T15:27:38.173273+00:00,"[""to shine, to glitter, to sparkle"", ""to be brilliant, to stand out""]",godan verb,n3,,kanji,false,ja,1435,,,
1033,散る,2026-07-11T13:21:00.721502+00:00,14,ちる,verb,2026-08-28T15:27:38.173273+00:00,"[""to scatter, fall (petals), disperse""]",godan verb,n3,,kanji,false,ja,1417,,,
1034,競う,2026-07-11T13:21:00.721502+00:00,27,きそう,verb,2026-08-28T15:27:38.173273+00:00,"[""to compete, rival""]",godan verb,n2,,kanji,false,ja,1387,,,
1035,日本,2026-07-11T13:21:00.721502+00:00,,にほん,noun,2026-08-28T15:27:38.173273+00:00,"[""Japan""]",,n5,,kanji,false,ja,1342,,,
1036,明日,2026-07-11T13:21:00.721502+00:00,13,あした・あす,noun,2026-08-28T15:27:38.173273+00:00,"[""tomorrow""]",,n5,,kanji,false,ja,292,,,
1037,部屋,2026-07-11T13:21:00.721502+00:00,10,へや,noun,2026-08-28T15:27:38.173273+00:00,"[""room"", ""bedroom, living space""]",,n5,,kanji,false,ja,1318,,,
1038,日本語,2026-07-11T13:21:00.721502+00:00,24,にほんご,noun,2026-08-28T15:27:38.173273+00:00,"[""Japanese language""]",,n5,,kanji,false,ja,547,,,
1039,申し込む,2026-07-11T13:21:00.721502+00:00,,もうしこむ,verb,2026-08-28T15:27:38.173273+00:00,"[""to apply, to register, to sign up""]",godan verb,n3,,kanji,false,ja,1412,,,
1040,果たす,2026-07-11T13:21:00.721502+00:00,,はたす,verb,2026-08-28T15:27:38.173273+00:00,"[""to accomplish, fulfill, achieve""]",godan verb,n3,,kanji,false,ja,443,,,
1041,伝わる,2026-07-11T13:21:00.721502+00:00,24,つたわる,verb,2026-08-28T15:27:38.173273+00:00,"[""to be transmitted, spread, be conveyed""]",godan verb,n3,,kanji,false,ja,213,,,
1042,時計,2026-07-11T13:21:00.721502+00:00,31,とけい,noun,2026-08-28T15:27:38.173273+00:00,"[""clock, watch""]",,n5,18,kanji,false,ja,764,,,
1043,唱える,2026-07-11T13:21:00.721502+00:00,24,となえる,verb,2026-08-28T15:27:38.173273+00:00,"[""to chant, recite, advocate""]",ichidan verb,n2,,kanji,false,ja,1160,,,
1044,料理,2026-07-11T13:21:00.721502+00:00,7,りょうり,noun,2026-08-28T15:27:38.173273+00:00,"[""cooking, cuisine, dish""]",,n5,26,kanji,false,ja,1269,,,
1045,栄える,2026-07-11T13:21:00.721502+00:00,,さかえる,verb,2026-08-28T15:27:38.173273+00:00,"[""to prosper, flourish, thrive""]",ichidan verb,n2,,kanji,false,ja,555,,,
1046,当たる,2026-07-11T13:21:00.721502+00:00,,あたる,verb,2026-08-28T15:27:38.173273+00:00,"[""to hit, to strike (something)"", ""to be correct, to win (lottery)""]",godan verb,n3,,kanji,false,ja,1112,,,
1047,整える,2026-07-11T13:21:00.721502+00:00,,ととのえる,verb,2026-08-28T15:27:38.173273+00:00,"[""to arrange, to tidy, to put in order"", ""to prepare, to get ready""]",ichidan verb,n3,,kanji,false,ja,140,,,
1048,亡くなる,2026-07-11T13:21:00.721502+00:00,,なくなる,verb,2026-08-28T15:27:38.173273+00:00,"[""to die, to pass away"", ""to be deceased""]",godan verb,n3,,kanji,false,ja,399,,,
1049,治す,2026-07-11T13:21:00.721502+00:00,9,なおす,verb,2026-08-28T15:27:38.173273+00:00,"[""to cure, heal (transitive), fix""]",godan verb,n3,,kanji,false,ja,413,,,
1050,左手,2026-07-11T13:21:00.721502+00:00,17,ひだりて,noun,2026-08-28T15:27:38.173273+00:00,"[""left hand""]",,n5,,kanji,false,ja,1408,,,
1051,慣れる,2026-07-11T13:21:00.721502+00:00,,なれる,verb,2026-08-28T15:27:38.173273+00:00,"[""to get used to, to become accustomed to"", ""to be familiar with""]",ichidan verb,n3,,kanji,false,ja,677,,,
1052,加える,2026-07-11T13:21:00.721502+00:00,19,くわえる,verb,2026-08-28T15:27:38.173273+00:00,"[""to add, include, apply""]",ichidan verb,n3,,kanji,false,ja,501,,,
1053,本屋,2026-07-11T13:21:00.721502+00:00,,ほんや,noun,2026-08-28T15:27:38.173273+00:00,"[""bookstore, bookshop"", ""bookseller""]",,n5,,kanji,false,ja,1439,,,
1054,疑う,2026-07-11T13:21:00.721502+00:00,26,うたがう,verb,2026-08-28T15:27:38.173273+00:00,"[""to doubt, to suspect"", ""to distrust, to question""]",godan verb,n2,,kanji,false,ja,1056,,,
1055,日曜日,2026-07-11T13:21:00.721502+00:00,13,にちようび,noun,2026-08-28T15:27:38.173273+00:00,"[""Sunday""]",,n5,,kanji,false,ja,1475,,,
1056,説明,2026-07-11T13:21:00.721502+00:00,24,せつめい,noun,2026-08-28T15:27:38.173273+00:00,"[""explanation, description, account""]",,n5,,kanji,false,ja,1381,,,
1057,小学校,2026-07-11T13:21:00.721502+00:00,8,しょうがっこう,noun,2026-08-28T15:27:38.173273+00:00,"[""elementary school, primary school""]",,n5,,kanji,false,ja,1025,,,
1058,拡大する,2026-07-11T13:21:00.721502+00:00,21,かくだいする,verb,2026-08-28T15:27:38.173273+00:00,"[""to expand, to enlarge"", ""to magnify, to increase""]",godan verb,n2,,kanji,false,ja,1138,,,
1059,英語,2026-07-11T13:21:00.721502+00:00,24,えいご,noun,2026-08-28T15:27:38.173273+00:00,"[""English language""]",,n5,,kanji,false,ja,1466,,,
1060,手紙,2026-07-11T13:21:00.721502+00:00,11,てがみ,noun,2026-08-28T15:27:38.173273+00:00,"[""letter (written correspondence)""]",,n5,,kanji,false,ja,74,,,
1061,男の子,2026-07-11T13:21:00.721502+00:00,,おとこのこ,noun,2026-08-28T15:27:38.173273+00:00,"[""boy"", ""young man""]",,n5,,kanji,false,ja,914,,,
1062,告げる,2026-07-11T13:21:00.721502+00:00,24,つげる,verb,2026-08-28T15:27:38.173273+00:00,"[""to tell, announce, inform, declare""]",ichidan verb,n2,,kanji,false,ja,89,,,
1063,指す,2026-07-11T13:21:00.721502+00:00,22,さす,verb,2026-08-28T15:27:38.173273+00:00,"[""to point to, to indicate, to refer to""]",godan verb,n3,,kanji,false,ja,698,,,
1064,電車,2026-07-11T13:21:00.721502+00:00,2,でんしゃ,noun,2026-08-28T15:27:38.173273+00:00,"[""train, electric train, commuter train""]",,n5,23,kanji,false,ja,660,,,
1065,巻く,2026-07-11T13:21:00.721502+00:00,,まく,verb,2026-08-28T15:27:38.173273+00:00,"[""to roll, to wind"", ""to wrap around, to coil""]",godan verb,n3,,kanji,false,ja,99,,,
1066,買い物,2026-07-11T13:21:00.721502+00:00,33,かいもの,noun,2026-08-28T15:27:38.173273+00:00,"[""shopping, purchasing""]",,n5,21,kanji,false,ja,1227,,,
1067,焼ける,2026-07-11T13:21:00.721502+00:00,,やける,verb,2026-08-28T15:27:38.173273+00:00,"[""to burn, bake, be roasted, be grilled""]",ichidan verb,n3,,kanji,false,ja,1317,,,
1068,引っ越す,2026-07-11T13:21:00.721502+00:00,30,ひっこす,verb,2026-08-28T15:27:38.173273+00:00,"[""to move (to a new residence)""]",godan verb,n3,,kanji,false,ja,347,,,
1069,優れる,2026-07-11T13:21:00.721502+00:00,28,すぐれる,verb,2026-08-28T15:27:38.173273+00:00,"[""to excel, to surpass"", ""to be superior, to be outstanding""]",ichidan verb,n2,,kanji,false,ja,156,,,
1070,新聞,2026-07-11T13:21:00.721502+00:00,24,しんぶん,noun,2026-08-28T15:27:38.173273+00:00,"[""newspaper""]",,n5,,kanji,false,ja,68,,,
1071,色,2026-07-11T13:21:00.721502+00:00,16,いろ,noun,2026-08-28T15:27:38.173273+00:00,"[""color, hue""]",,n5,,kanji,false,ja,1418,,,
1072,弟,2026-07-11T13:21:00.721502+00:00,10,おとうと,noun,2026-08-28T15:27:38.173273+00:00,"[""younger brother (plain/humble)""]",,n5,,kanji,false,ja,1257,,,
1073,異なる,2026-07-11T13:21:00.721502+00:00,28,ことなる,verb,2026-08-28T15:27:38.173273+00:00,"[""to differ, to vary"", ""to be different from""]",godan verb,n2,,kanji,false,ja,326,,,
1074,左側,2026-07-11T13:21:00.721502+00:00,22,ひだりがわ,noun,2026-08-28T15:27:38.173273+00:00,"[""left side""]",,n5,,kanji,false,ja,1008,,,
1075,並べる,2026-07-11T13:21:00.721502+00:00,22,ならべる,verb,2026-08-28T15:27:38.173273+00:00,"[""to line up, to arrange"", ""to display, to set out""]",ichidan verb,n3,,kanji,false,ja,559,,,
1076,乱れる,2026-07-11T13:21:00.721502+00:00,,みだれる,verb,2026-08-28T15:27:38.173273+00:00,"[""to be in disorder, to be disturbed"", ""to be disheveled, to be in turmoil""]",ichidan verb,n2,,kanji,false,ja,699,,,
1077,努める,2026-07-11T13:21:00.721502+00:00,,つとめる,verb,2026-08-28T15:27:38.173273+00:00,"[""to endeavor, make effort, strive""]",ichidan verb,n3,,kanji,false,ja,276,,,
1078,時間,2026-07-11T13:21:00.721502+00:00,13,じかん,noun,2026-08-28T15:27:38.173273+00:00,"[""time, hour"", ""time (duration)""]",,n5,,kanji,false,ja,801,,,
1079,空港,2026-07-11T13:21:00.721502+00:00,12,くうこう,noun,2026-08-28T15:27:38.173273+00:00,"[""airport""]",,n5,25,kanji,false,ja,1038,,,
1080,傷つける,2026-07-11T13:21:00.721502+00:00,15,きずつける,verb,2026-08-28T15:27:38.173273+00:00,"[""to wound, to injure"", ""to hurt (feelings), to damage""]",ichidan verb,n3,,kanji,false,ja,1255,,,
1081,敗れる,2026-07-11T13:21:00.721502+00:00,27,やぶれる,verb,2026-08-28T15:27:38.173273+00:00,"[""to be defeated, lose""]",ichidan verb,n3,,kanji,false,ja,756,,,
1082,昼ご飯,2026-07-11T13:21:00.721502+00:00,10,ひるごはん,noun,2026-08-28T15:27:38.173273+00:00,"[""lunch""]",,n5,,kanji,false,ja,1055,,,
1083,父,2026-07-11T13:21:00.721502+00:00,10,ちち,noun,2026-08-28T15:27:38.173273+00:00,"[""father (humble/plain form, used when talking about one's own father)""]",,n5,,kanji,false,ja,1229,,,
1084,生きる,2026-07-11T13:21:00.721502+00:00,,いきる,verb,2026-08-28T15:27:38.173273+00:00,"[""to live, to be alive"", ""to make a living, to survive""]",ichidan verb,n3,,kanji,false,ja,762,,,
1085,例える,2026-07-11T13:21:00.721502+00:00,28,たとえる,verb,2026-08-28T15:27:38.173273+00:00,"[""to compare, use as an example, liken""]",ichidan verb,n3,,kanji,false,ja,149,,,
1086,木曜日,2026-07-11T13:21:00.721502+00:00,13,もくようび,noun,2026-08-28T15:27:38.173273+00:00,"[""Thursday""]",,n5,,kanji,false,ja,620,,,
1087,去る,2026-07-11T13:21:00.721502+00:00,20,さる,verb,2026-08-28T15:27:38.173273+00:00,"[""to leave, to go away"", ""to depart, to pass (time)""]",godan verb,n3,,kanji,false,ja,1114,,,
1088,照る,2026-07-11T13:21:00.721502+00:00,14,てる,verb,2026-08-28T15:27:38.173273+00:00,"[""to shine (sun, moon)""]",godan verb,n3,,kanji,false,ja,905,,,
1089,止まる,2026-07-11T13:22:01.822637+00:00,20,とまる,verb,2026-08-28T15:27:38.173273+00:00,"[""to stop, to halt, to come to a stop (intransitive)""]",godan verb,n4,,kanji,false,ja,1148,,,
1090,植える,2026-07-11T13:22:01.822637+00:00,14,うえる,verb,2026-08-28T15:27:38.173273+00:00,"[""to plant, to grow (a plant)""]",ichidan verb,n4,,kanji,false,ja,313,,,
1091,向かう,2026-07-11T13:22:01.822637+00:00,20,むかう,verb,2026-08-28T15:27:38.173273+00:00,"[""to head toward, to go toward"", ""to face, to confront""]",godan verb,n4,,kanji,false,ja,697,,,
1092,楽しむ,2026-07-11T13:22:01.822637+00:00,15,たのしむ,verb,2026-08-28T15:27:38.173273+00:00,"[""to enjoy, to have fun"", ""to take pleasure in""]",godan verb,n4,,kanji,false,ja,563,,,
1093,助ける,2026-07-11T13:22:01.822637+00:00,,たすける,verb,2026-08-28T15:27:38.173273+00:00,"[""to help, to rescue"", ""to save, to give aid""]",ichidan verb,n4,,kanji,false,ja,1130,,,
1094,習う,2026-07-11T13:22:01.822637+00:00,8,ならう,verb,2026-08-28T15:27:38.173273+00:00,"[""to learn (from a teacher), to take lessons in""]",godan verb,n4,,kanji,false,ja,647,,,
1095,乗る,2026-07-11T13:22:01.822637+00:00,2,のる,verb,2026-08-28T15:27:38.173273+00:00,"[""to ride, to get on"", ""to board (a vehicle)""]",godan verb,n5,,kanji,false,ja,1343,,,
1096,続く,2026-07-11T13:22:01.822637+00:00,,つづく,verb,2026-08-28T15:27:38.173273+00:00,"[""to continue, last, go on""]",godan verb,n3,,kanji,false,ja,1385,,,
1097,登る,2026-07-11T13:22:01.822637+00:00,20,のぼる,verb,2026-08-28T15:27:38.173273+00:00,"[""to climb, to ascend, to go up""]",godan verb,n4,,kanji,false,ja,656,,,
1098,降りる,2026-07-11T13:22:01.822637+00:00,20,おりる,verb,2026-08-28T15:27:38.173273+00:00,"[""to get off, to alight"", ""to descend, to step down""]",ichidan verb,n4,,kanji,false,ja,1209,,,
1099,過ごす,2026-07-11T13:22:01.822637+00:00,13,すごす,verb,2026-08-28T15:27:38.173273+00:00,"[""to spend (time), to pass"", ""to live through, to get by""]",godan verb,n4,,kanji,false,ja,1460,,,
1100,集まる,2026-07-11T13:22:01.822637+00:00,20,あつまる,verb,2026-08-28T15:27:38.173273+00:00,"[""to gather, to assemble, to come together (intransitive)""]",godan verb,n4,,kanji,false,ja,1306,,,
1101,帰る,2026-07-11T13:22:01.822637+00:00,20,かえる,verb,2026-08-28T15:27:38.173273+00:00,"[""to return, to go home"", ""to come back""]",godan verb,n5,,kanji,false,ja,73,,,
1102,学ぶ,2026-07-11T13:22:01.822637+00:00,8,まなぶ,verb,2026-08-28T15:27:38.173273+00:00,"[""to learn, to study"", ""to take lessons, to be taught""]",godan verb,n4,,kanji,false,ja,64,,,
1103,関する,2026-07-11T13:22:01.822637+00:00,,かんする,verb,2026-08-28T15:27:38.173273+00:00,"[""to relate to, concern, be about""]",godan verb,n3,,kanji,false,ja,254,,,
1104,拾う,2026-07-11T13:22:01.822637+00:00,20,ひろう,verb,2026-08-28T15:27:38.173273+00:00,"[""to pick up, to find (and take), to collect""]",godan verb,n4,,kanji,false,ja,1353,,,
1105,起こす,2026-07-11T13:22:01.822637+00:00,20,おこす,verb,2026-08-28T15:27:38.173273+00:00,"[""to wake someone up, to cause, to raise up""]",godan verb,n4,,kanji,false,ja,1341,,,
1106,守る,2026-07-11T13:22:01.822637+00:00,,まもる,verb,2026-08-28T15:27:38.173273+00:00,"[""to protect, to defend"", ""to keep, to observe, to obey""]",godan verb,n4,,kanji,false,ja,1189,,,
1107,会う,2026-07-11T13:22:01.822637+00:00,,あう,verb,2026-08-28T15:27:38.173273+00:00,"[""to meet, to see (a person)""]",godan verb,n5,,kanji,false,ja,1238,,,
1108,下がる,2026-07-11T13:22:01.822637+00:00,20,さがる,verb,2026-08-28T15:27:38.173273+00:00,"[""to go down, to fall, to drop"", ""to hang down, to move back""]",godan verb,n4,,kanji,false,ja,1291,,,
1109,泳ぐ,2026-07-11T13:22:01.822637+00:00,20,およぐ,verb,2026-08-28T15:27:38.173273+00:00,"[""to swim"", ""to swim through, to navigate""]",godan verb,n4,,kanji,false,ja,1374,,,
1110,辞める,2026-07-11T13:22:01.822637+00:00,25,やめる,verb,2026-08-28T15:27:38.173273+00:00,"[""to quit, resign, leave (a job)""]",ichidan verb,n4,,kanji,false,ja,110,,,
1111,分かる,2026-07-11T13:22:01.822637+00:00,26,わかる,verb,2026-08-28T15:27:38.173273+00:00,"[""to understand, to comprehend"", ""to be clear, to be known""]",godan verb,n5,,kanji,false,ja,636,,,
1112,足りる,2026-07-11T13:22:01.822637+00:00,19,たりる,verb,2026-08-28T15:27:38.173273+00:00,"[""to be sufficient, to be enough"", ""to be adequate""]",ichidan verb,n4,,kanji,false,ja,994,,,
1113,覚える,2026-07-11T13:22:01.822637+00:00,26,おぼえる,verb,2026-08-28T15:27:38.173273+00:00,"[""to memorize, remember, learn""]",ichidan verb,n4,,kanji,false,ja,122,,,
1114,申す,2026-07-11T13:22:01.822637+00:00,24,もうす,verb,2026-08-28T15:27:38.173273+00:00,"[""to say, to be called (humble form of 言う)""]",godan verb,n3,,kanji,false,ja,272,,,
1115,買う,2026-07-11T13:22:01.822637+00:00,23,かう,verb,2026-08-28T15:27:38.173273+00:00,"[""to buy, to purchase""]",godan verb,n5,,kanji,false,ja,17,,,
1116,向く,2026-07-11T13:22:01.822637+00:00,22,むく,verb,2026-08-28T15:27:38.173273+00:00,"[""to face, to turn toward"", ""to be suitable for""]",godan verb,n4,,kanji,false,ja,145,,,
1117,休む,2026-07-11T13:22:01.822637+00:00,,やすむ,verb,2026-08-28T15:27:38.173273+00:00,"[""to rest, to take a break"", ""to be absent, to stay home""]",godan verb,n5,,kanji,false,ja,1304,,,
1118,起きる,2026-07-11T13:22:01.822637+00:00,20,おきる,verb,2026-08-28T15:27:38.173273+00:00,"[""to wake up, to get up, to occur""]",ichidan verb,n5,,kanji,false,ja,1217,,,
1119,付く,2026-07-11T13:22:01.822637+00:00,,つく,verb,2026-08-28T15:27:38.173273+00:00,"[""to stick, be attached, be lit""]",godan verb,n4,,kanji,false,ja,950,,,
1120,成る,2026-07-11T13:22:01.822637+00:00,,なる,verb,2026-08-28T15:27:38.173273+00:00,"[""to become, to turn into""]",godan verb,n5,,kanji,false,ja,574,,,
1121,集める,2026-07-11T13:22:01.822637+00:00,20,あつめる,verb,2026-08-28T15:27:38.173273+00:00,"[""to collect, to gather, to assemble (transitive)""]",ichidan verb,n4,,kanji,false,ja,434,,,
1122,続ける,2026-07-11T13:22:01.822637+00:00,,つづける,verb,2026-08-28T15:27:38.173273+00:00,"[""to continue (transitive), keep doing""]",ichidan verb,n3,,kanji,false,ja,924,,,
1123,卒業する,2026-07-11T13:22:01.822637+00:00,8,そつぎょうする,verb,2026-08-28T15:27:38.173273+00:00,"[""to graduate""]",godan verb,n4,,kanji,false,ja,619,,,
1124,負ける,2026-07-11T13:22:01.822637+00:00,27,まける,verb,2026-08-28T15:27:38.173273+00:00,"[""to lose, to be defeated, to succumb""]",ichidan verb,n4,,kanji,false,ja,651,,,
1125,省く,2026-07-11T13:22:01.822637+00:00,,はぶく,verb,2026-08-28T15:27:38.173273+00:00,"[""to omit, save, cut out""]",godan verb,n3,,kanji,false,ja,839,,,
1126,通る,2026-07-11T13:22:01.822637+00:00,2,とおる,verb,2026-08-28T15:27:38.173273+00:00,"[""to pass, to go through, to commute""]",godan verb,n4,,kanji,false,ja,395,,,
1127,泣く,2026-07-11T13:22:01.822637+00:00,15,なく,verb,2026-08-28T15:27:38.173273+00:00,"[""to cry, weep""]",godan verb,n4,,kanji,false,ja,818,,,
1128,終わる,2026-07-11T13:22:01.822637+00:00,13,おわる,verb,2026-08-28T15:27:38.173273+00:00,"[""to end, to finish, to be over""]",godan verb,n4,,kanji,false,ja,489,,,
1129,死ぬ,2026-07-11T13:22:01.822637+00:00,,しぬ,verb,2026-08-28T15:27:38.173273+00:00,"[""to die, to pass away""]",godan verb,n4,,kanji,false,ja,399,,,
1130,話す,2026-07-11T13:22:01.822637+00:00,24,はなす,verb,2026-08-28T15:27:38.173273+00:00,"[""to speak, to talk, to tell""]",godan verb,n5,,kanji,false,ja,330,,,
1131,急ぐ,2026-07-11T13:22:01.822637+00:00,20,いそぐ,verb,2026-08-28T15:27:38.173273+00:00,"[""to hurry, to rush, to hasten""]",godan verb,n4,,kanji,false,ja,615,,,
1132,助かる,2026-07-11T13:22:01.822637+00:00,,たすかる,verb,2026-08-28T15:27:38.173273+00:00,"[""to be saved, to be rescued"", ""to be helpful, to be relieved""]",godan verb,n4,,kanji,false,ja,949,,,
1133,追う,2026-07-11T13:22:01.822637+00:00,20,おう,verb,2026-08-28T15:27:38.173273+00:00,"[""to chase, to pursue, to follow"", ""to drive away, to expel""]",godan verb,n3,,kanji,false,ja,653,,,
1134,受ける,2026-07-11T13:22:01.822637+00:00,,うける,verb,2026-08-28T15:27:38.173273+00:00,"[""to receive, to get"", ""to undergo, to take (an exam or treatment)""]",ichidan verb,n4,,kanji,false,ja,401,,,
1135,変わる,2026-07-11T13:22:01.822637+00:00,,かわる,verb,2026-08-28T15:27:38.173273+00:00,"[""to change, alter, transform""]",godan verb,n4,,kanji,false,ja,1286,,,
1136,見える,2026-07-11T13:22:01.822637+00:00,,みえる,verb,2026-08-28T15:27:38.173273+00:00,"[""to be seen, to be visible, to be in sight, to look, to appear""]",ichidan verb,n4,,kanji,false,ja,290,,,
1137,起こる,2026-07-11T13:22:01.822637+00:00,,おこる,verb,2026-08-28T15:27:38.173273+00:00,"[""to occur, to happen, to arise""]",godan verb,n4,,kanji,false,ja,814,,,
1138,食べる,2026-07-11T13:22:01.822637+00:00,7,たべる,verb,2026-08-28T15:27:38.173273+00:00,"[""to eat""]",ichidan verb,n5,,kanji,false,ja,426,,,
1139,直す,2026-07-11T13:22:01.822637+00:00,,なおす,verb,2026-08-28T15:27:38.173273+00:00,"[""to fix, to repair, to correct""]",godan verb,n4,,kanji,false,ja,1033,,,
1140,走る,2026-07-11T13:22:01.822637+00:00,20,はしる,verb,2026-08-28T15:27:38.173273+00:00,"[""to run, to dash""]",godan verb,n5,,kanji,false,ja,514,,,
1141,決める,2026-07-11T13:22:01.822637+00:00,26,きめる,verb,2026-08-28T15:27:38.173273+00:00,"[""to decide, to determine, to fix upon""]",ichidan verb,n4,,kanji,false,ja,1136,,,
1142,連れる,2026-07-11T13:22:01.822637+00:00,,つれる,verb,2026-08-28T15:27:38.173273+00:00,"[""to take (someone) along, bring""]",ichidan verb,n4,,kanji,false,ja,362,,,
1143,消える,2026-07-11T13:22:01.822637+00:00,,きえる,verb,2026-08-28T15:27:38.173273+00:00,"[""to disappear, to vanish, to go out (fire/light)""]",ichidan verb,n4,,kanji,false,ja,160,,,
1144,選ぶ,2026-07-11T13:22:01.822637+00:00,,えらぶ,verb,2026-08-28T15:27:38.173273+00:00,"[""to choose, select, pick""]",godan verb,n4,,kanji,false,ja,1351,,,
1145,祝う,2026-07-11T13:22:01.822637+00:00,,いわう,verb,2026-08-28T15:27:38.173273+00:00,"[""to celebrate, congratulate""]",godan verb,n3,,kanji,false,ja,245,,,
1146,売る,2026-07-11T13:22:01.822637+00:00,30,うる,verb,2026-08-28T15:27:38.173273+00:00,"[""to sell, to deal in""]",godan verb,n5,15,kanji,false,ja,152,,,
1147,始める,2026-07-11T13:22:01.822637+00:00,13,はじめる,verb,2026-08-28T15:27:38.173273+00:00,"[""to begin, to start (something)"", ""to commence, to initiate""]",ichidan verb,n4,,kanji,false,ja,812,,,
1148,出す,2026-07-11T13:22:01.822637+00:00,,だす,verb,2026-08-28T15:27:38.173273+00:00,"[""to take out, to put out"", ""to submit, to send, to serve (food)""]",godan verb,n5,,kanji,false,ja,959,,,
1149,登山する,2026-07-11T13:22:01.822637+00:00,27,とざんする,verb,2026-08-28T15:27:38.173273+00:00,"[""to climb a mountain, to go mountain climbing""]",godan verb,n3,,kanji,false,ja,600,,,
1150,着く,2026-07-11T13:22:01.822637+00:00,20,つく,verb,2026-08-28T15:27:38.173273+00:00,"[""to arrive, to reach (a destination)""]",godan verb,n4,,kanji,false,ja,1126,,,
1151,見せる,2026-07-11T13:22:01.822637+00:00,33,みせる,verb,2026-08-28T15:27:38.173273+00:00,"[""to show, to display, to present""]",ichidan verb,n4,21,kanji,false,ja,888,,,
1152,引く,2026-07-11T13:22:01.822637+00:00,,ひく,verb,2026-08-28T15:27:38.173273+00:00,"[""to pull, to draw"", ""to attract, to subtract""]",godan verb,n4,,kanji,false,ja,562,,,
1153,来る,2026-07-11T13:22:01.822637+00:00,20,くる,verb,2026-08-28T15:27:38.173273+00:00,"[""to come, to arrive""]",irregular verb,n5,,kanji,false,ja,993,,,
1154,進む,2026-07-11T13:22:01.822637+00:00,20,すすむ,verb,2026-08-28T15:27:38.173273+00:00,"[""to advance, to progress, to proceed"", ""to go forward""]",godan verb,n4,,kanji,false,ja,1273,,,
1155,取る,2026-07-11T13:22:01.822637+00:00,,とる,verb,2026-08-28T15:27:38.173273+00:00,"[""to take, to get, to obtain"", ""to remove, to pick up""]",godan verb,n4,,kanji,false,ja,467,,,
1156,感じる,2026-07-11T13:22:01.822637+00:00,15,かんじる,verb,2026-08-28T15:27:38.173273+00:00,"[""to feel, to sense, to perceive""]",ichidan verb,n4,,kanji,false,ja,1251,,,
1157,配る,2026-07-11T13:22:01.822637+00:00,,くばる,verb,2026-08-28T15:27:38.173273+00:00,"[""to distribute, to hand out, to deal (cards)"", ""to distribute, to hand out, to deliver""]",godan verb,n4,,kanji,false,ja,1210,,,
1159,晴れる,2026-07-11T13:22:01.822637+00:00,14,はれる,verb,2026-08-28T15:27:38.173273+00:00,"[""to clear up (weather), to become sunny""]",ichidan verb,n5,,kanji,false,ja,487,,,
1160,聞く,2026-07-11T13:22:01.822637+00:00,24,きく,verb,2026-08-28T15:27:38.173273+00:00,"[""to listen, to hear, to ask""]",godan verb,n5,,kanji,false,ja,778,,,
1161,行く,2026-07-11T13:22:01.822637+00:00,20,いく,verb,2026-08-28T15:27:38.173273+00:00,"[""to go, to proceed, to head toward""]",godan verb,n5,,kanji,false,ja,1271,,,
1162,飲む,2026-07-11T13:22:01.822637+00:00,7,のむ,verb,2026-08-28T15:27:38.173273+00:00,"[""to drink, to swallow"", ""to take (medicine)""]",godan verb,n5,,kanji,false,ja,1003,,,
1163,合う,2026-07-11T13:22:01.822637+00:00,,あう,verb,2026-08-28T15:27:38.173273+00:00,"[""to fit, to match, to suit"", ""to agree, to be correct""]",godan verb,n4,,kanji,false,ja,216,,,
1164,使う,2026-07-11T13:22:01.822637+00:00,33,つかう,verb,2026-08-28T15:27:38.173273+00:00,"[""to use, to make use of"", ""to employ""]",godan verb,n5,21,kanji,false,ja,1214,,,
1165,歩く,2026-07-11T13:22:01.822637+00:00,20,あるく,verb,2026-08-28T15:27:38.173273+00:00,"[""to walk""]",godan verb,n5,,kanji,false,ja,522,,,
1166,答える,2026-07-11T13:22:01.822637+00:00,24,こたえる,verb,2026-08-28T15:27:38.173273+00:00,"[""to answer, to reply, to respond""]",ichidan verb,n4,,kanji,false,ja,136,,,
1167,落ちる,2026-07-11T13:22:01.822637+00:00,20,おちる,verb,2026-08-28T15:27:38.173273+00:00,"[""to fall, to drop, to come off"", ""to fail (an exam)""]",ichidan verb,n4,,kanji,false,ja,250,,,
1168,着る,2026-07-11T13:22:01.822637+00:00,3,きる,verb,2026-08-28T15:27:38.173273+00:00,"[""to wear, to put on (upper body clothing)""]",ichidan verb,n4,,kanji,false,ja,1330,,,
1169,住む,2026-07-11T13:22:01.822637+00:00,30,すむ,verb,2026-08-28T15:27:38.173273+00:00,"[""to live, to reside"", ""to dwell, to inhabit""]",godan verb,n4,,kanji,false,ja,1440,,,
1170,置く,2026-07-11T13:22:01.822637+00:00,,おく,verb,2026-08-28T15:27:38.173273+00:00,"[""to put, place, leave""]",godan verb,n4,,kanji,false,ja,1415,,,
1171,考える,2026-07-11T13:22:01.822637+00:00,26,かんがえる,verb,2026-08-28T15:27:38.173273+00:00,"[""to think, to consider, to ponder""]",ichidan verb,n4,,kanji,false,ja,1029,,,
1172,持つ,2026-07-11T13:22:01.822637+00:00,,もつ,verb,2026-08-28T15:27:38.173273+00:00,"[""to hold, to have, to carry""]",godan verb,n5,,kanji,false,ja,683,,,
1173,別れる,2026-07-11T13:22:01.822637+00:00,,わかれる,verb,2026-08-28T15:27:38.173273+00:00,"[""to part, separate, say goodbye""]",ichidan verb,n4,,kanji,false,ja,568,,,
1174,写す,2026-07-11T13:22:01.822637+00:00,,うつす,verb,2026-08-28T15:27:38.173273+00:00,"[""to copy, to transcribe"", ""to photograph, to film""]",godan verb,n4,,kanji,false,ja,419,,,
1175,見る,2026-07-11T13:22:01.822637+00:00,,みる,verb,2026-08-28T15:27:38.173273+00:00,"[""to see, to look, to watch, to view, to observe, to examine, to assess""]",ichidan verb,n5,,kanji,false,ja,991,,,
1176,生まれる,2026-07-11T13:22:01.822637+00:00,,うまれる,verb,2026-08-28T15:27:38.173273+00:00,"[""to be born"", ""to come into being, to originate""]",ichidan verb,n4,,kanji,false,ja,80,,,
1177,貯める,2026-07-11T13:22:01.822637+00:00,23,ためる,verb,2026-08-28T15:27:38.173273+00:00,"[""to save (money), accumulate, store up""]",ichidan verb,n3,,kanji,false,ja,664,,,
1178,量る,2026-07-11T13:22:01.822637+00:00,21,はかる,verb,2026-08-28T15:27:38.173273+00:00,"[""to measure (weight/volume)""]",godan verb,n3,,kanji,false,ja,1061,,,
1179,許す,2026-07-11T13:22:01.822637+00:00,,ゆるす,verb,2026-08-28T15:27:38.173273+00:00,"[""to forgive, to pardon"", ""to permit, to allow""]",godan verb,n3,,kanji,false,ja,592,,,
1180,聞こえる,2026-07-11T13:22:01.822637+00:00,,きこえる,verb,2026-08-28T15:27:38.173273+00:00,"[""to be audible, to be heard, to sound""]",ichidan verb,n4,,kanji,false,ja,1309,,,
1181,調べる,2026-07-11T13:22:01.822637+00:00,26,しらべる,verb,2026-08-28T15:27:38.173273+00:00,"[""to investigate, to look up, to examine, to check""]",ichidan verb,n4,,kanji,false,ja,700,,,
1182,始まる,2026-07-11T13:22:01.822637+00:00,13,はじまる,verb,2026-08-28T15:27:38.173273+00:00,"[""to begin, to start (intransitive)"", ""to commence, to open""]",godan verb,n4,,kanji,false,ja,1298,,,
1183,閉まる,2026-07-11T13:22:01.822637+00:00,,しまる,verb,2026-08-28T15:27:38.173273+00:00,"[""to close, to be shut (intransitive)"", ""to be locked, to close up""]",godan verb,n4,,kanji,false,ja,701,,,
1184,建てる,2026-07-11T13:22:01.822637+00:00,30,たてる,verb,2026-08-28T15:27:38.173273+00:00,"[""to build, construct, erect""]",ichidan verb,n4,15,kanji,false,ja,1076,,,
1185,運ぶ,2026-07-11T13:22:01.822637+00:00,20,はこぶ,verb,2026-08-28T15:27:38.173273+00:00,"[""to carry, to transport"", ""to move, to convey""]",godan verb,n3,,kanji,false,ja,119,,,
1186,鳴く,2026-07-11T13:22:01.822637+00:00,18,なく,verb,2026-08-28T15:27:38.173273+00:00,"[""to cry, to chirp, to bark, to sing (animals/birds)""]",godan verb,n3,,kanji,false,ja,977,,,
1187,降る,2026-07-11T13:22:01.822637+00:00,14,ふる,verb,2026-08-28T15:27:38.173273+00:00,"[""to fall (rain, snow, hail)"", ""to precipitate""]",godan verb,n5,,kanji,false,ja,1336,,,
1188,転ぶ,2026-07-11T13:22:01.822637+00:00,20,ころぶ,verb,2026-08-28T15:27:38.173273+00:00,"[""to fall down, to tumble, to trip""]",godan verb,n4,,kanji,false,ja,1355,,,
1189,回る,2026-07-11T13:22:01.822637+00:00,20,まわる,verb,2026-08-28T15:27:38.173273+00:00,"[""to turn, to rotate"", ""to go around, to circulate""]",godan verb,n4,,kanji,false,ja,811,,,
1190,上がる,2026-07-11T13:22:01.822637+00:00,20,あがる,verb,2026-08-28T15:27:38.173273+00:00,"[""to go up, to rise, to ascend"", ""to improve, to increase""]",godan verb,n5,,kanji,false,ja,76,,,
1191,閉める,2026-07-11T13:22:01.822637+00:00,,しめる,verb,2026-08-28T15:27:38.173273+00:00,"[""to close, to shut (transitive)"", ""to lock, to fasten""]",ichidan verb,n4,,kanji,false,ja,320,,,
1192,飛ぶ,2026-07-11T13:22:01.822637+00:00,20,とぶ,verb,2026-08-28T15:27:38.173273+00:00,"[""to fly, jump, leap""]",godan verb,n4,,kanji,false,ja,1154,,,
1193,頂く,2026-07-11T13:22:01.822637+00:00,7,いただく,verb,2026-08-28T15:27:38.173273+00:00,"[""to receive (humble form)"", ""to eat, to drink (humble form)""]",godan verb,n4,,kanji,false,ja,207,,,
1194,入る,2026-07-11T13:22:01.822637+00:00,20,はいる,verb,2026-08-28T15:27:38.173273+00:00,"[""to enter, to go in"", ""to be contained, to join""]",godan verb,n5,,kanji,false,ja,288,,,
1195,変える,2026-07-11T13:22:01.822637+00:00,,かえる,verb,2026-08-28T15:27:38.173273+00:00,"[""to change (transitive), alter""]",ichidan verb,n4,,kanji,false,ja,643,,,
1196,開く,2026-07-11T13:22:01.822637+00:00,,ひらく,verb,2026-08-28T15:27:38.173273+00:00,"[""to open (a door, book, etc.)"", ""to begin, to hold (a meeting)""]",godan verb,n4,,kanji,false,ja,1409,,,
1197,勝つ,2026-07-11T13:22:01.822637+00:00,27,かつ,verb,2026-08-28T15:27:38.173273+00:00,"[""to win, to be victorious"", ""to defeat, to overcome""]",godan verb,n4,,kanji,false,ja,838,,,
1198,育てる,2026-07-11T13:22:01.822637+00:00,10,そだてる,verb,2026-08-28T15:27:38.173273+00:00,"[""to raise, to bring up"", ""to nurture, to cultivate, to develop""]",ichidan verb,n4,,kanji,false,ja,836,,,
1199,止める,2026-07-11T13:22:01.822637+00:00,20,とめる,verb,2026-08-28T15:27:38.173273+00:00,"[""to stop, to halt, to prevent (transitive)""]",ichidan verb,n4,,kanji,false,ja,1211,,,
1200,達する,2026-07-11T13:22:01.822637+00:00,,たっする,verb,2026-08-28T15:27:38.173273+00:00,"[""to reach, achieve, attain, amount to""]",godan verb,n3,,kanji,false,ja,952,,,
1201,教える,2026-07-11T13:22:01.822637+00:00,24,おしえる,verb,2026-08-28T15:27:38.173273+00:00,"[""to teach, to instruct"", ""to tell, to inform""]",ichidan verb,n5,,kanji,false,ja,1021,,,
1202,鳴る,2026-07-11T13:22:01.822637+00:00,,なる,verb,2026-08-28T15:27:38.173273+00:00,"[""to ring, to sound, to resound""]",godan verb,n4,,kanji,false,ja,50,,,
1203,働く,2026-07-11T13:22:01.822637+00:00,25,はたらく,verb,2026-08-28T15:27:38.173273+00:00,"[""to work, labor""]",godan verb,n5,,kanji,false,ja,1204,,,
1204,知る,2026-07-11T13:22:01.822637+00:00,26,しる,verb,2026-08-28T15:27:38.173273+00:00,"[""to know, to be aware of, to learn""]",godan verb,n5,,kanji,false,ja,151,,,
1205,落とす,2026-07-11T13:22:01.822637+00:00,20,おとす,verb,2026-08-28T15:27:38.173273+00:00,"[""to drop, to lose, to let fall""]",godan verb,n4,,kanji,false,ja,789,,,
1206,切る,2026-07-11T13:22:01.822637+00:00,,きる,verb,2026-08-28T15:27:38.173273+00:00,"[""to cut, to slice"", ""to disconnect, to turn off""]",godan verb,n5,,kanji,false,ja,111,,,
1207,立つ,2026-07-11T13:22:01.822637+00:00,20,たつ,verb,2026-08-28T15:27:38.173273+00:00,"[""to stand, to stand up"", ""to rise, to leave, to be established""]",godan verb,n4,,kanji,false,ja,621,,,
1208,書く,2026-07-11T13:22:01.822637+00:00,24,かく,verb,2026-08-28T15:27:38.173273+00:00,"[""to write, to compose, to draw""]",godan verb,n5,,kanji,false,ja,1357,,,
1209,出る,2026-07-11T13:22:01.822637+00:00,20,でる,verb,2026-08-28T15:27:38.173273+00:00,"[""to go out, to exit, to leave"", ""to appear, to come out, to attend""]",ichidan verb,n5,,kanji,false,ja,604,,,
1210,動く,2026-07-11T13:22:01.822637+00:00,20,うごく,verb,2026-08-28T15:27:38.173273+00:00,"[""to move, to shift"", ""to operate, to work (machinery)""]",godan verb,n4,,kanji,false,ja,913,,,
1211,居る,2026-07-11T13:22:01.822637+00:00,,いる,verb,2026-08-28T15:27:38.173273+00:00,"[""to be, to exist (for animate objects)"", ""to stay, to remain""]",ichidan verb,n5,,kanji,false,ja,709,,,
1212,返す,2026-07-11T13:22:01.822637+00:00,,かえす,verb,2026-08-28T15:27:38.173273+00:00,"[""to return, to give back, to send back"", ""to repay (money), to restore""]",godan verb,n4,,kanji,false,ja,1074,,,
1213,読む,2026-07-11T13:22:01.822637+00:00,,よむ,verb,2026-08-28T15:27:38.173273+00:00,"[""to read""]",godan verb,n5,,kanji,false,ja,338,,,
1214,笑う,2026-07-11T13:22:01.822637+00:00,15,わらう,verb,2026-08-28T15:27:38.173273+00:00,"[""to laugh, smile""]",godan verb,n4,,kanji,false,ja,183,,,
1215,願う,2026-07-11T13:22:01.822637+00:00,15,ねがう,verb,2026-08-28T15:27:38.173273+00:00,"[""to wish, request, hope, pray""]",godan verb,n3,,kanji,false,ja,892,,,
1216,言う,2026-07-11T13:22:01.822637+00:00,24,いう,verb,2026-08-28T15:27:38.173273+00:00,"[""to say, to speak, to tell""]",godan verb,n5,,kanji,false,ja,1022,,,
1217,浴びる,2026-07-11T13:22:01.822637+00:00,10,あびる,verb,2026-08-28T15:27:38.173273+00:00,"[""to bathe in, shower, be exposed to""]",ichidan verb,n4,,kanji,false,ja,724,,,
1218,思う,2026-07-11T13:22:01.822637+00:00,26,おもう,verb,2026-08-28T15:27:38.173273+00:00,"[""to think, to feel, to consider"", ""to believe, to imagine""]",godan verb,n4,,kanji,false,ja,1177,,,
1219,遊ぶ,2026-07-11T13:22:01.822637+00:00,,あそぶ,verb,2026-08-28T15:27:38.173273+00:00,"[""to play, to have fun, to enjoy oneself""]",godan verb,n5,,kanji,false,ja,988,,,
1220,要る,2026-07-11T13:22:01.822637+00:00,,いる,verb,2026-08-28T15:27:38.173273+00:00,"[""to need, be necessary""]",godan verb,n4,,kanji,false,ja,267,,,
1221,送る,2026-07-11T13:22:01.822637+00:00,33,おくる,verb,2026-08-28T15:27:38.173273+00:00,"[""to send, to deliver, to transmit"", ""to see off, to escort""]",godan verb,n4,21,kanji,false,ja,1086,,,
1222,付ける,2026-07-11T13:22:01.822637+00:00,,つける,verb,2026-08-28T15:27:38.173273+00:00,"[""to attach, affix, turn on, apply""]",ichidan verb,n4,,kanji,false,ja,339,,,
1223,残る,2026-07-11T13:22:01.822637+00:00,,のこる,verb,2026-08-28T15:27:38.173273+00:00,"[""to remain, be left over""]",godan verb,n4,,kanji,false,ja,1421,,,
1224,養う,2026-07-11T13:22:01.822637+00:00,10,やしなう,verb,2026-08-28T15:27:38.173273+00:00,"[""to raise, support, nourish, cultivate""]",godan verb,n3,,kanji,false,ja,294,,,
1225,数える,2026-07-11T13:22:01.822637+00:00,19,かぞえる,verb,2026-08-28T15:27:38.173273+00:00,"[""to count, to enumerate""]",ichidan verb,n4,,kanji,false,ja,1428,,,
1226,作る,2026-07-11T13:22:01.822637+00:00,,つくる,verb,2026-08-28T15:27:38.173273+00:00,"[""to make, to create, to produce"", ""to cook, to prepare""]",godan verb,n5,,kanji,false,ja,695,,,
1227,消す,2026-07-11T13:22:01.822637+00:00,,けす,verb,2026-08-28T15:27:38.173273+00:00,"[""to turn off, to erase, to put out""]",godan verb,n4,,kanji,false,ja,1325,,,
1228,開ける,2026-07-11T13:22:01.822637+00:00,,あける,verb,2026-08-28T15:27:38.173273+00:00,"[""to open (something)"", ""to unlock, to unwrap""]",ichidan verb,n4,,kanji,false,ja,1090,,,
1229,待つ,2026-07-11T13:22:01.822637+00:00,,まつ,verb,2026-08-28T15:27:38.173273+00:00,"[""to wait, to wait for""]",godan verb,n5,,kanji,false,ja,1075,,,
1230,借りる,2026-07-11T13:22:01.822637+00:00,8,かりる,verb,2026-08-28T15:27:38.173273+00:00,"[""to borrow, rent, hire""]",ichidan verb,n5,,kanji,false,ja,606,,,
1231,チキン,2026-07-12T11:57:22.251018+00:00,7,,noun,2026-08-28T15:27:38.173273+00:00,"[""chicken (meat)""]",,,2,katakana,false,ja,671,,,
1232,きのこ,2026-07-12T11:57:22.251018+00:00,7,,noun,2026-08-28T15:27:38.173273+00:00,"[""mushroom""]",,,2,hiragana,false,ja,822,,,
1233,ガーリック,2026-07-12T11:57:22.251018+00:00,7,,noun,2026-08-28T15:27:38.173273+00:00,"[""garlic""]",,,2,katakana,false,ja,970,,,
1234,ワイン,2026-07-12T11:57:22.251018+00:00,7,,noun,2026-08-28T15:27:38.173273+00:00,"[""wine""]",,n5,2,katakana,false,ja,1169,,,
1235,カルボナーラ,2026-07-12T11:57:22.251018+00:00,7,,noun,2026-08-28T15:27:38.173273+00:00,"[""carbonara""]",,,2,katakana,false,ja,826,,,
1236,スープ,2026-07-12T11:57:22.251018+00:00,7,,noun,2026-08-28T15:27:38.173273+00:00,"[""soup""]",,n5,2,katakana,false,ja,969,,,
1237,ハンバーグ,2026-07-12T11:57:22.251018+00:00,7,,noun,2026-08-28T15:27:38.173273+00:00,"[""hamburg steak"", ""salisbury steak""]",,,2,katakana,false,ja,42,,,
1238,サラダ,2026-07-12T11:57:22.251018+00:00,7,,noun,2026-08-28T15:27:38.173273+00:00,"[""salad""]",,n5,2,katakana,false,ja,299,,,
1239,ピザ,2026-07-12T11:57:22.251018+00:00,7,,noun,2026-08-28T15:27:38.173273+00:00,"[""pizza""]",,,2,katakana,false,ja,1234,,,
1240,サイド,2026-07-12T11:57:22.251018+00:00,7,,noun,2026-08-28T15:27:38.173273+00:00,"[""side dish""]",,,3,katakana,false,ja,1481,,,
1241,トリプル,2026-07-12T11:57:22.251018+00:00,7,,noun,2026-08-28T15:27:38.173273+00:00,"[""triple (size)""]",,,3,katakana,false,ja,736,,,
1242,丼,2026-07-12T11:57:22.251018+00:00,7,どんぶり,noun,2026-08-28T15:27:38.173273+00:00,"[""rice bowl dish""]",,n3,3,kanji,false,ja,481,,,
1243,お持ち帰り,2026-07-12T11:57:22.251018+00:00,7,おもちかえり,noun,2026-08-28T15:27:38.173273+00:00,"[""takeout""]",,,3,kanji,false,ja,1459,,,
1244,単品,2026-07-12T11:57:22.251018+00:00,7,たんぴん,noun,2026-08-28T15:27:38.173273+00:00,"[""single item"", ""a la carte""]",,n2,3,kanji,false,ja,954,,,
1245,小鉢,2026-07-12T11:57:22.251018+00:00,7,こばち,noun,2026-08-28T15:27:38.173273+00:00,"[""small side dish bowl""]",,,3,kanji,false,ja,741,,,
1246,モーニング,2026-07-12T11:57:22.251018+00:00,7,,noun,2026-08-28T15:27:38.173273+00:00,"[""morning set"", ""breakfast menu""]",,,3,katakana,false,ja,1471,,,
1247,牛めし,2026-07-12T11:57:22.251018+00:00,7,ぎゅうめし,noun,2026-08-28T15:27:38.173273+00:00,"[""beef rice bowl""]",,,3,kanji,false,ja,1295,,,
1248,カレー,2026-07-12T11:57:22.251018+00:00,7,,noun,2026-08-28T15:27:38.173273+00:00,"[""curry""]",,n5,3,katakana,false,ja,1231,,,
1249,チーズ,2026-07-12T11:57:22.251018+00:00,7,,noun,2026-08-28T15:27:38.173273+00:00,"[""cheese""]",,n5,4,katakana,false,ja,1292,,,
1250,たまご,2026-07-12T11:57:22.251018+00:00,7,,noun,2026-08-28T15:27:38.173273+00:00,"[""egg""]",,n5,4,hiragana,false,ja,1399,,,
1251,納豆,2026-07-12T11:57:22.251018+00:00,7,なっとう,noun,2026-08-28T15:27:38.173273+00:00,"[""natto"", ""fermented soybeans""]",,n3,4,kanji,false,ja,260,,,
1252,にんにく,2026-07-12T11:57:22.251018+00:00,7,,noun,2026-08-28T15:27:38.173273+00:00,"[""garlic""]",,,4,hiragana,false,ja,970,,,
1253,うなぎ,2026-07-12T11:57:22.251018+00:00,7,,noun,2026-08-28T15:27:38.173273+00:00,"[""eel""]",,n3,4,hiragana,false,ja,159,,,
1254,牛丼,2026-07-12T11:57:22.251018+00:00,7,ぎゅうどん,noun,2026-08-28T15:27:38.173273+00:00,"[""beef bowl""]",,,4,kanji,false,ja,878,,,
1255,飲み放題,2026-07-12T11:57:22.251018+00:00,7,のみほうだい,noun,2026-08-28T15:27:38.173273+00:00,"[""all-you-can-drink""]",,,6,kanji,false,ja,732,,,
1256,鍋,2026-07-12T11:57:22.251018+00:00,7,なべ,noun,2026-08-28T15:27:38.173273+00:00,"[""pot"", ""hot pot""]",,n3,6,kanji,false,ja,875,,,
1257,パスタ,2026-07-12T11:57:22.251018+00:00,7,,noun,2026-08-28T15:27:38.173273+00:00,"[""pasta""]",,,6,katakana,false,ja,1360,,,
1258,天ぷら,2026-07-12T11:57:22.251018+00:00,7,てんぷら,noun,2026-08-28T15:27:38.173273+00:00,"[""tempura""]",,n4,6,kanji,false,ja,829,,,
1259,そば,2026-07-12T11:57:22.251018+00:00,7,,noun,2026-08-28T15:27:38.173273+00:00,"[""soba noodles""]",,n5,6,hiragana,false,ja,840,,,
1260,うどん,2026-07-12T11:57:22.251018+00:00,7,,noun,2026-08-28T15:27:38.173273+00:00,"[""udon noodles""]",,n5,6,hiragana,false,ja,596,,,
1261,ラーメン,2026-07-12T11:57:22.251018+00:00,7,,noun,2026-08-28T15:27:38.173273+00:00,"[""ramen""]",,n5,6,katakana,false,ja,622,,,
1262,焼肉,2026-07-12T11:57:22.251018+00:00,7,やきにく,noun,2026-08-28T15:27:38.173273+00:00,"[""grilled meat"", ""yakiniku""]",,n3,6,kanji,false,ja,564,,,
1263,直火焼き,2026-07-12T11:57:22.251018+00:00,7,じかびやき,noun,2026-08-28T15:27:38.173273+00:00,"[""open-flame grilled""]",,,7,kanji,false,ja,455,,,
1264,アルコール,2026-07-12T11:57:22.251018+00:00,7,,noun,2026-08-28T15:27:38.173273+00:00,"[""alcohol""]",,n3,7,katakana,false,ja,760,,,
1265,厚切り,2026-07-12T11:57:22.251018+00:00,7,あつぎり,noun,2026-08-28T15:27:38.173273+00:00,"[""thick-cut""]",,,7,kanji,false,ja,507,,,
1266,トッピング,2026-07-12T11:57:22.251018+00:00,7,,noun,2026-08-28T15:27:38.173273+00:00,"[""topping""]",,,7,katakana,false,ja,356,,,
1267,テイクアウト,2026-07-12T11:57:22.251018+00:00,7,,noun,2026-08-28T15:27:38.173273+00:00,"[""takeout""]",,,7,katakana,false,ja,1459,,,
1268,デザート,2026-07-12T11:57:22.251018+00:00,7,,noun,2026-08-28T15:27:38.173273+00:00,"[""dessert""]",,n5,7,katakana,false,ja,1065,,,
1269,ミュート,2026-07-12T11:57:22.251018+00:00,29,,noun,2026-08-28T15:27:38.173273+00:00,"[""mute""]",,,8,katakana,false,ja,39,,,
1270,ブックマーク,2026-07-12T11:57:22.251018+00:00,29,,noun,2026-08-28T15:27:38.173273+00:00,"[""bookmark""]",,,8,katakana,false,ja,67,,,
1271,購入,2026-07-12T11:57:22.251018+00:00,29,こうにゅう,noun,2026-08-28T15:27:38.173273+00:00,"[""purchase""]",,n3,8,kanji,false,ja,251,,,
1272,通知,2026-07-12T11:57:22.251018+00:00,29,つうち,noun,2026-08-28T15:27:38.173273+00:00,"[""notification""]",,n3,8,kanji,false,ja,982,,,
1273,プロフィール,2026-07-12T11:57:22.251018+00:00,29,,noun,2026-08-28T15:27:38.173273+00:00,"[""profile""]",,,8,katakana,false,ja,976,,,
1274,ブロック,2026-07-12T11:57:22.251018+00:00,29,,noun,2026-08-28T15:27:38.173273+00:00,"[""block""]",,,8,katakana,false,ja,1443,,,
1275,フォロー,2026-07-12T11:57:22.251018+00:00,29,,noun,2026-08-28T15:27:38.173273+00:00,"[""follow (social media)""]",,,8,katakana,false,ja,108,,,
1276,解除,2026-07-12T11:57:22.251018+00:00,29,かいじょ,noun,2026-08-28T15:27:38.173273+00:00,"[""release"", ""cancel""]",,n2,8,kanji,false,ja,1161,,,
1277,報告,2026-07-12T11:57:22.251018+00:00,29,ほうこく,noun,2026-08-28T15:27:38.173273+00:00,"[""report""]",,n3,8,kanji,false,ja,398,,,
1278,削除,2026-07-12T11:57:22.251018+00:00,29,さくじょ,noun,2026-08-28T15:27:38.173273+00:00,"[""delete""]",,n2,8,kanji,false,ja,577,,,
1279,ニュース,2026-07-12T11:57:22.251018+00:00,29,,noun,2026-08-28T15:27:38.173273+00:00,"[""news""]",,n4,8,katakana,false,ja,1484,,,
1280,漫画,2026-07-12T11:57:22.251018+00:00,29,まんが,noun,2026-08-28T15:27:38.173273+00:00,"[""manga"", ""comic""]",,n4,8,kanji,false,ja,1405,,,
1281,有名人,2026-07-12T11:57:22.251018+00:00,29,ゆうめいじん,noun,2026-08-28T15:27:38.173273+00:00,"[""celebrity""]",,,8,kanji,false,ja,642,,,
1282,政治,2026-07-12T11:57:22.251018+00:00,29,せいじ,noun,2026-08-28T15:27:38.173273+00:00,"[""politics""]",,n3,8,kanji,false,ja,150,,,
1283,文字起こし,2026-07-12T11:57:22.251018+00:00,29,もじおこし,noun,2026-08-28T15:27:38.173273+00:00,"[""transcript"", ""transcription""]",,,9,kanji,false,ja,83,,,
1284,動画,2026-07-12T11:57:22.251018+00:00,29,どうが,noun,2026-08-28T15:27:38.173273+00:00,"[""video""]",,n4,9,kanji,false,ja,465,,,
1285,チャンネル,2026-07-12T11:57:22.251018+00:00,29,,noun,2026-08-28T15:27:38.173273+00:00,"[""channel""]",,,9,katakana,false,ja,20,,,
1286,コメント,2026-07-12T11:57:22.251018+00:00,29,,noun,2026-08-28T15:27:38.173273+00:00,"[""comment""]",,,9,katakana,false,ja,835,,,
1287,概要,2026-07-12T11:57:22.251018+00:00,29,がいよう,noun,2026-08-28T15:27:38.173273+00:00,"[""overview"", ""summary""]",,n2,9,kanji,false,ja,684,,,
1288,視聴,2026-07-12T11:57:22.251018+00:00,29,しちょう,noun,2026-08-28T15:27:38.173273+00:00,"[""viewing (media)""]",,,9,kanji,false,ja,138,,,
1289,返信,2026-07-12T11:57:22.251018+00:00,29,へんしん,noun,2026-08-28T15:27:38.173273+00:00,"[""reply""]",,n3,9,kanji,false,ja,1322,,,
1290,共有,2026-07-12T11:57:22.251018+00:00,29,きょうゆう,noun,2026-08-28T15:27:38.173273+00:00,"[""share (jointly own)""]",,n2,9,kanji,false,ja,1220,,,
1291,再生,2026-07-12T11:57:22.251018+00:00,29,さいせい,noun,2026-08-28T15:27:38.173273+00:00,"[""playback"", ""regeneration""]",,n2,9,kanji,false,ja,1419,,,
1292,履歴,2026-07-12T11:57:22.251018+00:00,29,りれき,noun,2026-08-28T15:27:38.173273+00:00,"[""history (record)""]",,n2,9,kanji,false,ja,378,,,
1293,作成,2026-07-12T11:57:22.251018+00:00,29,さくせい,noun,2026-08-28T15:27:38.173273+00:00,"[""create""]",,n3,9,kanji,false,ja,219,,,
1294,新着,2026-07-12T11:57:22.251018+00:00,29,しんちゃく,noun,2026-08-28T15:27:38.173273+00:00,"[""new arrival""]",,,12,kanji,false,ja,673,,,
1295,配信,2026-07-12T11:57:22.251018+00:00,29,はいしん,noun,2026-08-28T15:27:38.173273+00:00,"[""delivery"", ""distribution (media)""]",,,12,kanji,false,ja,859,,,
1296,ゴミ箱,2026-07-12T11:57:22.251018+00:00,29,ゴミばこ,noun,2026-08-28T15:27:38.173273+00:00,"[""trash can"", ""recycle bin""]",,,12,kanji,false,ja,598,,,
1297,迷惑,2026-07-12T11:57:22.251018+00:00,29,めいわく,adjective,2026-08-28T15:27:38.173273+00:00,"[""nuisance"", ""trouble""]",na-adjective,n3,12,kanji,false,ja,181,,,
1298,下書き,2026-07-12T11:57:22.251018+00:00,29,したがき,noun,2026-08-28T15:27:38.173273+00:00,"[""draft""]",,,12,kanji,false,ja,906,,,
1299,送信,2026-07-12T11:57:22.251018+00:00,29,そうしん,noun,2026-08-28T15:27:38.173273+00:00,"[""send (mail/signal)""]",,n3,12,kanji,false,ja,1179,,,
1300,受信,2026-07-12T11:57:22.251018+00:00,29,じゅしん,noun,2026-08-28T15:27:38.173273+00:00,"[""receive (mail/signal)""]",,n2,12,kanji,false,ja,494,,,
1301,物件,2026-07-12T11:57:22.251018+00:00,30,ぶっけん,noun,2026-08-28T15:27:38.173273+00:00,"[""real estate property"", ""listing""]",,,13,kanji,false,ja,936,,,
1302,契約,2026-07-12T11:57:22.251018+00:00,30,けいやく,noun,2026-08-28T15:27:38.173273+00:00,"[""contract""]",,n2,13,kanji,false,ja,810,,,
1303,内覧,2026-07-12T11:57:22.251018+00:00,30,ないらん,noun,2026-08-28T15:27:38.173273+00:00,"[""property viewing""]",,,13,kanji,false,ja,263,,,
1304,入居,2026-07-12T11:57:22.251018+00:00,30,にゅうきょ,noun,2026-08-28T15:27:38.173273+00:00,"[""moving in"", ""occupancy""]",,,13,kanji,false,ja,1,,,
1305,設備,2026-07-12T11:57:22.251018+00:00,30,せつび,noun,2026-08-28T15:27:38.173273+00:00,"[""facilities"", ""equipment""]",,n2,13,kanji,false,ja,474,,,
1306,間取り,2026-07-12T11:57:22.251018+00:00,30,まどり,noun,2026-08-28T15:27:38.173273+00:00,"[""floor plan""]",,,13,kanji,false,ja,995,,,
1307,築年数,2026-07-12T11:57:22.251018+00:00,30,ちくねんすう,noun,2026-08-28T15:27:38.173273+00:00,"[""building age""]",,,13,kanji,false,ja,1373,,,
1308,敷金,2026-07-12T11:57:22.251018+00:00,30,しききん,noun,2026-08-28T15:27:38.173273+00:00,"[""security deposit""]",,,13,kanji,false,ja,1370,,,
1309,保証人,2026-07-12T11:57:22.251018+00:00,30,ほしょうにん,noun,2026-08-28T15:27:38.173273+00:00,"[""guarantor""]",,,13,kanji,false,ja,61,,,
1310,更新料,2026-07-12T11:57:22.251018+00:00,30,こうしんりょう,noun,2026-08-28T15:27:38.173273+00:00,"[""lease renewal fee""]",,,13,kanji,false,ja,790,,,
1311,仲介手数料,2026-07-12T11:57:22.251018+00:00,30,ちゅうかいてすうりょう,noun,2026-08-28T15:27:38.173273+00:00,"[""broker's commission""]",,,13,kanji,false,ja,966,,,
1312,礼金,2026-07-12T11:57:22.251018+00:00,30,れいきん,noun,2026-08-28T15:27:38.173273+00:00,"[""key money (non-refundable move-in gift)""]",,,13,kanji,false,ja,1427,,,
1313,住宅,2026-07-12T11:57:22.251018+00:00,30,じゅうたく,noun,2026-08-28T15:27:38.173273+00:00,"[""housing"", ""residence""]",,n3,13,kanji,false,ja,871,,,
1314,賃貸,2026-07-12T11:57:22.251018+00:00,30,ちんたい,noun,2026-08-28T15:27:38.173273+00:00,"[""rental""]",,,13,kanji,false,ja,880,,,
1315,全室,2026-07-12T11:57:22.251018+00:00,30,ぜんしつ,noun,2026-08-28T15:27:38.173273+00:00,"[""all rooms""]",,,14,kanji,false,ja,940,,,
1316,格安,2026-07-12T11:57:22.251018+00:00,30,かくやす,noun,2026-08-28T15:27:38.173273+00:00,"[""bargain price"", ""cut-rate""]",,,14,kanji,false,ja,295,,,
1317,清掃,2026-07-12T11:57:22.251018+00:00,30,せいそう,noun,2026-08-28T15:27:38.173273+00:00,"[""cleaning""]",,,14,kanji,false,ja,1109,,,
1318,費用,2026-07-12T11:57:22.251018+00:00,30,ひよう,noun,2026-08-28T15:27:38.173273+00:00,"[""cost"", ""expense""]",,n2,14,kanji,false,ja,922,,,
1319,ゲスト,2026-07-12T11:57:22.251018+00:00,30,,noun,2026-08-28T15:27:38.173273+00:00,"[""guest""]",,,14,katakana,false,ja,1084,,,
1320,人気,2026-07-12T11:57:22.251018+00:00,30,にんき,noun,2026-08-28T15:27:38.173273+00:00,"[""popularity""]",,n4,14,kanji,false,ja,1289,,,
1321,乾燥機,2026-07-12T11:57:22.251018+00:00,30,かんそうき,noun,2026-08-28T15:27:38.173273+00:00,"[""dryer""]",,,14,kanji,false,ja,530,,,
1322,キッチン,2026-07-12T11:57:22.251018+00:00,30,,noun,2026-08-28T15:27:38.173273+00:00,"[""kitchen""]",,,14,katakana,false,ja,1393,,,
1323,駅徒歩,2026-07-12T11:57:22.251018+00:00,30,えきとほ,noun,2026-08-28T15:27:38.173273+00:00,"[""minutes on foot from the station""]",,,14,kanji,false,ja,831,,,
1324,アパート,2026-07-12T11:57:22.251018+00:00,30,,noun,2026-08-28T15:27:38.173273+00:00,"[""apartment""]",,n5,14,katakana,false,ja,1368,,,
1325,専用,2026-07-12T11:57:22.251018+00:00,30,せんよう,noun,2026-08-28T15:27:38.173273+00:00,"[""exclusive use"", ""dedicated""]",,n2,14,kanji,false,ja,1118,,,
1326,シェアハウス,2026-07-12T11:57:22.251018+00:00,30,,noun,2026-08-28T15:27:38.173273+00:00,"[""share house""]",,,14,katakana,false,ja,1201,,,
1327,資産価値,2026-07-12T11:57:22.251018+00:00,30,しさんかち,noun,2026-08-28T15:27:38.173273+00:00,"[""asset value""]",,,15,kanji,false,ja,442,,,
1328,駐車場,2026-07-12T11:57:22.251018+00:00,30,ちゅうしゃじょう,noun,2026-08-28T15:27:38.173273+00:00,"[""parking lot""]",,n4,15,kanji,false,ja,1110,,,
1329,平米,2026-07-12T11:57:22.251018+00:00,30,へいべい,noun,2026-08-28T15:27:38.173273+00:00,"[""square meters""]",,,15,kanji,false,ja,1275,,,
1330,保証会社,2026-07-12T11:57:22.251018+00:00,30,ほしょうがいしゃ,noun,2026-08-28T15:27:38.173273+00:00,"[""guarantor company""]",,,15,kanji,false,ja,1069,,,
1331,木造,2026-07-12T11:57:22.251018+00:00,30,もくぞう,noun,2026-08-28T15:27:38.173273+00:00,"[""wooden construction""]",,,15,kanji,false,ja,237,,,
1332,浴室,2026-07-12T11:57:22.251018+00:00,30,よくしつ,noun,2026-08-28T15:27:38.173273+00:00,"[""bathroom""]",,,15,kanji,false,ja,16,,,
1333,見学,2026-07-12T11:57:22.251018+00:00,30,けんがく,noun,2026-08-28T15:27:38.173273+00:00,"[""viewing"", ""tour""]",,n3,15,kanji,false,ja,1024,,,
1334,専有面積,2026-07-12T11:57:22.251018+00:00,30,せんゆうめんせき,noun,2026-08-28T15:27:38.173273+00:00,"[""exclusive floor area""]",,,15,kanji,false,ja,761,,,
1335,保証金,2026-07-12T11:57:22.251018+00:00,30,ほしょうきん,noun,2026-08-28T15:27:38.173273+00:00,"[""security deposit""]",,,15,kanji,false,ja,1370,,,
1336,初期費用,2026-07-12T11:57:22.251018+00:00,30,しょきひよう,noun,2026-08-28T15:27:38.173273+00:00,"[""initial costs""]",,,15,kanji,false,ja,1315,,,
1337,賃料,2026-07-12T11:57:22.251018+00:00,30,ちんりょう,noun,2026-08-28T15:27:38.173273+00:00,"[""rent""]",,,15,kanji,false,ja,306,,,
1338,不動産,2026-07-12T11:57:22.251018+00:00,30,ふどうさん,noun,2026-08-28T15:27:38.173273+00:00,"[""real estate""]",,n2,15,kanji,false,ja,134,,,
1339,新築,2026-07-12T11:57:22.251018+00:00,30,しんちく,noun,2026-08-28T15:27:38.173273+00:00,"[""newly built""]",,,15,kanji,false,ja,916,,,
1340,一戸建て,2026-07-12T11:57:22.251018+00:00,30,いっこだて,noun,2026-08-28T15:27:38.173273+00:00,"[""detached house""]",,,15,kanji,false,ja,1175,,,
1341,マンション,2026-07-12T11:57:22.251018+00:00,30,,noun,2026-08-28T15:27:38.173273+00:00,"[""condominium"", ""apartment building""]",,n5,15,katakana,false,ja,1456,,,
1342,キャンペーン,2026-07-12T11:57:22.251018+00:00,30,,noun,2026-08-28T15:27:38.173273+00:00,"[""campaign""]",,,16,katakana,false,ja,1037,,,
1343,目線,2026-07-12T11:57:22.251018+00:00,30,めせん,noun,2026-08-28T15:27:38.173273+00:00,"[""viewpoint"", ""perspective""]",,,16,kanji,false,ja,1383,,,
1344,スタッフ,2026-07-12T11:57:22.251018+00:00,30,,noun,2026-08-28T15:27:38.173273+00:00,"[""staff""]",,,16,katakana,false,ja,92,,,
1345,サポート,2026-07-12T11:57:22.251018+00:00,30,,noun,2026-08-28T15:27:38.173273+00:00,"[""support""]",,,16,katakana,false,ja,1230,,,
1346,誕生,2026-07-12T11:57:22.251018+00:00,30,たんじょう,noun,2026-08-28T15:27:38.173273+00:00,"[""birth"", ""launch""]",,n3,16,kanji,false,ja,49,,,
1347,施設,2026-07-12T11:57:22.251018+00:00,30,しせつ,noun,2026-08-28T15:27:38.173273+00:00,"[""facility""]",,n3,16,kanji,false,ja,629,,,
1348,空間,2026-07-12T11:57:22.251018+00:00,30,くうかん,noun,2026-08-28T15:27:38.173273+00:00,"[""space""]",,n2,16,kanji,false,ja,1262,,,
1349,魅力,2026-07-12T11:57:22.251018+00:00,30,みりょく,noun,2026-08-28T15:27:38.173273+00:00,"[""charm"", ""appeal""]",,n2,16,kanji,false,ja,513,,,
1350,採用,2026-07-12T11:57:22.251018+00:00,30,さいよう,noun,2026-08-28T15:27:38.173273+00:00,"[""hiring"", ""recruitment""]",,n2,16,kanji,false,ja,925,,,
1351,食器,2026-07-12T11:57:22.251018+00:00,31,しょっき,noun,2026-08-28T15:27:38.173273+00:00,"[""tableware""]",,,18,kanji,false,ja,842,,,
1352,タオル,2026-07-12T11:57:22.251018+00:00,31,,noun,2026-08-28T15:27:38.173273+00:00,"[""towel""]",,,18,katakana,false,ja,572,,,
1353,猫,2026-07-12T11:57:22.251018+00:00,31,ねこ,noun,2026-08-28T15:27:38.173273+00:00,"[""cat""]",,n5,18,kanji,false,ja,1188,,,
1354,犬,2026-07-12T11:57:22.251018+00:00,31,いぬ,noun,2026-08-28T15:27:38.173273+00:00,"[""dog""]",,n5,18,kanji,false,ja,406,,,
1355,バッグ,2026-07-12T11:57:22.251018+00:00,31,,noun,2026-08-28T15:27:38.173273+00:00,"[""bag""]",,,18,katakana,false,ja,887,,,
1356,靴,2026-07-12T11:57:22.251018+00:00,31,くつ,noun,2026-08-28T15:27:38.173273+00:00,"[""shoes""]",,n5,18,kanji,false,ja,417,,,
1357,プラン,2026-07-12T11:57:22.251018+00:00,32,,noun,2026-08-28T15:27:38.173273+00:00,"[""plan""]",,,19,katakana,false,ja,961,,,
1358,診断,2026-07-12T11:57:22.251018+00:00,32,しんだん,noun,2026-08-28T15:27:38.173273+00:00,"[""diagnosis""]",,n2,19,kanji,false,ja,1219,,,
1359,申し込み,2026-07-12T11:57:22.251018+00:00,32,もうしこみ,noun,2026-08-28T15:27:38.173273+00:00,"[""application"", ""application form""]",,n2,19,kanji,false,ja,226,,,
1360,通信,2026-07-12T11:57:22.251018+00:00,32,つうしん,noun,2026-08-28T15:27:38.173273+00:00,"[""communication""]",,n2,19,kanji,false,ja,437,,,
1361,法人,2026-07-12T11:57:22.251018+00:00,32,ほうじん,noun,2026-08-28T15:27:38.173273+00:00,"[""corporation"", ""juridical person""]",,,19,kanji,false,ja,737,,,
1362,個人,2026-07-12T11:57:22.251018+00:00,32,こじん,noun,2026-08-28T15:27:38.173273+00:00,"[""individual"", ""private person""]",,n3,19,kanji,false,ja,903,,,
1363,セキュリティ,2026-07-12T11:57:22.251018+00:00,33,,noun,2026-08-28T15:27:38.173273+00:00,"[""security""]",,,21,katakana,false,ja,783,,,
1364,読み取る,2026-07-12T11:57:22.251018+00:00,33,よみとる,verb,2026-08-28T15:27:38.173273+00:00,"[""to scan"", ""to read (data)""]",godan verb,,21,kanji,false,ja,1376,,,
1365,バーコード,2026-07-12T11:57:22.251018+00:00,33,,noun,2026-08-28T15:27:38.173273+00:00,"[""barcode""]",,,21,katakana,false,ja,384,,,
1366,不正利用,2026-07-12T11:57:22.251018+00:00,33,ふせいりよう,noun,2026-08-28T15:27:38.173273+00:00,"[""fraudulent use""]",,,21,kanji,false,ja,792,,,
1367,加盟店,2026-07-12T11:57:22.251018+00:00,33,かめいてん,noun,2026-08-28T15:27:38.173273+00:00,"[""affiliated store"", ""member store""]",,,21,kanji,false,ja,1430,,,
1368,投資,2026-07-12T11:57:22.251018+00:00,33,とうし,noun,2026-08-28T15:27:38.173273+00:00,"[""investment""]",,n2,21,kanji,false,ja,182,,,
1369,クーポン,2026-07-12T11:57:22.251018+00:00,33,,noun,2026-08-28T15:27:38.173273+00:00,"[""coupon""]",,,21,katakana,false,ja,898,,,
1370,貯まる,2026-07-12T11:57:22.251018+00:00,33,たまる,verb,2026-08-28T15:27:38.173273+00:00,"[""to accumulate""]",godan verb,,21,kanji,false,ja,1140,,,
1371,公共料金,2026-07-12T11:57:22.251018+00:00,33,こうきょうりょうきん,noun,2026-08-28T15:27:38.173273+00:00,"[""utility bills""]",,,21,kanji,false,ja,485,,,
1372,本人確認,2026-07-12T11:57:22.251018+00:00,33,ほんにんかくにん,noun,2026-08-28T15:27:38.173273+00:00,"[""identity verification""]",,,21,kanji,false,ja,1380,,,
1373,現金,2026-07-12T11:57:22.251018+00:00,33,げんきん,noun,2026-08-28T15:27:38.173273+00:00,"[""cash""]",,n3,21,kanji,false,ja,366,,,
1374,口座,2026-07-12T11:57:22.251018+00:00,33,こうざ,noun,2026-08-28T15:27:38.173273+00:00,"[""bank account""]",,n3,21,kanji,false,ja,1144,,,
1375,チャージ,2026-07-12T11:57:22.251018+00:00,33,,noun,2026-08-28T15:27:38.173273+00:00,"[""charge"", ""top-up""]",,,21,katakana,false,ja,1098,,,
1376,残高,2026-07-12T11:57:22.251018+00:00,33,ざんだか,noun,2026-08-28T15:27:38.173273+00:00,"[""balance (account)""]",,,21,kanji,false,ja,948,,,
1377,顧客,2026-07-12T11:57:22.251018+00:00,33,こきゃく,noun,2026-08-28T15:27:38.173273+00:00,"[""customer""]",,n2,23,kanji,false,ja,29,,,
1378,指数,2026-07-12T11:57:22.251018+00:00,33,しすう,noun,2026-08-28T15:27:38.173273+00:00,"[""index""]",,,23,kanji,false,ja,669,,,
1379,出典,2026-07-12T11:57:22.251018+00:00,33,しゅってん,noun,2026-08-28T15:27:38.173273+00:00,"[""source"", ""citation""]",,,23,kanji,false,ja,1091,,,
1380,バス,2026-07-12T11:57:22.251018+00:00,33,,noun,2026-08-28T15:27:38.173273+00:00,"[""bus""]",,n5,23,katakana,false,ja,536,,,
1381,用意,2026-07-12T11:57:22.251018+00:00,33,ようい,noun,2026-08-28T15:27:38.173273+00:00,"[""preparation""]",,n4,23,kanji,false,ja,1034,,,
1382,一部,2026-07-12T11:57:22.251018+00:00,33,いちぶ,noun,2026-08-28T15:27:38.173273+00:00,"[""part"", ""portion""]",,n3,23,kanji,false,ja,1132,,,
1383,付与,2026-07-12T11:57:22.251018+00:00,33,ふよ,noun,2026-08-28T15:27:38.173273+00:00,"[""to grant"", ""to award""]",,,23,kanji,false,ja,670,,,
1384,進呈,2026-07-12T11:57:22.251018+00:00,33,しんてい,noun,2026-08-28T15:27:38.173273+00:00,"[""to award"", ""to present (as a gift)""]",,,23,kanji,false,ja,809,,,
1385,対象外,2026-07-12T11:57:22.251018+00:00,33,たいしょうがい,noun,2026-08-28T15:27:38.173273+00:00,"[""not applicable"", ""excluded""]",,,23,kanji,false,ja,321,,,
1386,期間限定,2026-07-12T11:57:22.251018+00:00,33,きかんげんてい,noun,2026-08-28T15:27:38.173273+00:00,"[""limited-time""]",,,23,kanji,false,ja,1434,,,
1387,還元,2026-07-12T11:57:22.251018+00:00,33,かんげん,noun,2026-08-28T15:27:38.173273+00:00,"[""cashback"", ""rebate""]",,,23,kanji,false,ja,1085,,,
1388,決済,2026-07-12T11:57:22.251018+00:00,33,けっさい,noun,2026-08-28T15:27:38.173273+00:00,"[""payment"", ""settlement""]",,,23,kanji,false,ja,1463,,,
1389,地点,2026-07-12T11:57:22.251018+00:00,12,ちてん,noun,2026-08-28T15:27:38.173273+00:00,"[""point"", ""location""]",,n2,24,kanji,false,ja,716,,,
1390,運行,2026-07-12T11:57:22.251018+00:00,12,うんこう,noun,2026-08-28T15:27:38.173273+00:00,"[""transit operation"", ""service""]",,,24,kanji,false,ja,223,,,
1391,定期,2026-07-12T11:57:22.251018+00:00,12,ていき,noun,2026-08-28T15:27:38.173273+00:00,"[""commuter pass"", ""periodic""]",,n2,24,kanji,false,ja,450,,,
1392,混雑,2026-07-12T11:57:22.251018+00:00,12,こんざつ,noun,2026-08-28T15:27:38.173273+00:00,"[""congestion"", ""crowding""]",,n2,24,kanji,false,ja,24,,,
1393,経由,2026-07-12T11:57:22.251018+00:00,12,けいゆ,noun,2026-08-28T15:27:38.173273+00:00,"[""via"", ""by way of""]",,n2,24,kanji,false,ja,917,,,
1394,目的,2026-07-12T11:57:22.251018+00:00,12,もくてき,noun,2026-08-28T15:27:38.173273+00:00,"[""purpose""]",,n3,24,kanji,false,ja,992,,,
1395,目的地,2026-07-12T11:57:22.251018+00:00,12,もくてきち,noun,2026-08-28T15:27:38.173273+00:00,"[""destination""]",,n3,24,kanji,false,ja,532,,,
1396,出発地,2026-07-12T11:57:22.251018+00:00,12,しゅっぱつち,noun,2026-08-28T15:27:38.173273+00:00,"[""point of departure""]",,,24,kanji,false,ja,1127,,,
1397,徒歩,2026-07-12T11:57:22.251018+00:00,12,とほ,noun,2026-08-28T15:27:38.173273+00:00,"[""on foot""]",,n3,24,kanji,false,ja,363,,,
1398,時刻表,2026-07-12T11:57:22.251018+00:00,12,じこくひょう,noun,2026-08-28T15:27:38.173273+00:00,"[""timetable""]",,,24,kanji,false,ja,1375,,,
1399,変更,2026-07-12T11:57:22.251018+00:00,12,へんこう,noun,2026-08-28T15:27:38.173273+00:00,"[""change"", ""modification""]",,n3,25,kanji,false,ja,1099,,,
1400,直前,2026-07-12T11:57:22.251018+00:00,12,ちょくぜん,noun,2026-08-28T15:27:38.173273+00:00,"[""just before"", ""last-minute""]",,n2,25,kanji,false,ja,1347,,,
1401,情報,2026-07-12T11:57:22.251018+00:00,12,じょうほう,noun,2026-08-28T15:27:38.173273+00:00,"[""information""]",,n4,25,kanji,false,ja,341,,,
1402,ペット,2026-07-12T11:57:22.251018+00:00,12,,noun,2026-08-28T15:27:38.173273+00:00,"[""pet (animal)""]",,,25,katakana,false,ja,738,,,
1403,席,2026-07-12T11:57:22.251018+00:00,12,せき,noun,2026-08-28T15:27:38.173273+00:00,"[""seat""]",,n4,25,kanji,false,ja,258,,,
1404,送迎,2026-07-12T11:57:22.251018+00:00,12,そうげい,noun,2026-08-28T15:27:38.173273+00:00,"[""pick-up/drop-off service""]",,,25,kanji,false,ja,808,,,
1405,連休,2026-07-12T11:57:22.251018+00:00,12,れんきゅう,noun,2026-08-28T15:27:38.173273+00:00,"[""consecutive holidays""]",,n3,25,kanji,false,ja,1181,,,
1406,民宿,2026-07-12T11:57:22.251018+00:00,12,みんしゅく,noun,2026-08-28T15:27:38.173273+00:00,"[""guesthouse"", ""B&B""]",,,25,kanji,false,ja,1268,,,
1407,日帰り,2026-07-12T11:57:22.251018+00:00,12,ひがえり,noun,2026-08-28T15:27:38.173273+00:00,"[""day trip""]",,,25,kanji,false,ja,645,,,
1408,出張,2026-07-12T11:57:22.251018+00:00,12,しゅっちょう,noun,2026-08-28T15:27:38.173273+00:00,"[""business trip""]",,n3,25,kanji,false,ja,480,,,
1409,宿,2026-07-12T11:57:22.251018+00:00,12,やど,noun,2026-08-28T15:27:38.173273+00:00,"[""inn"", ""lodging""]",,n3,25,kanji,false,ja,868,,,
1410,チェックアウト,2026-07-12T11:57:22.251018+00:00,12,,noun,2026-08-28T15:27:38.173273+00:00,"[""check-out""]",,,25,katakana,false,ja,60,,,
1411,チェックイン,2026-07-12T11:57:22.251018+00:00,12,,noun,2026-08-28T15:27:38.173273+00:00,"[""check-in""]",,,25,katakana,false,ja,672,,,
1412,通常,2026-07-12T11:57:22.251018+00:00,12,つうじょう,noun,2026-08-28T15:27:38.173273+00:00,"[""usual"", ""normal""]",,n2,26,kanji,false,ja,1473,,,
1413,無料,2026-07-12T11:57:22.251018+00:00,12,むりょう,noun,2026-08-28T15:27:38.173273+00:00,"[""free of charge""]",,n4,26,kanji,false,ja,624,,,
1414,交通機関,2026-07-12T11:57:22.251018+00:00,12,こうつうきかん,noun,2026-08-28T15:27:38.173273+00:00,"[""means of transportation""]",,,26,kanji,false,ja,527,,,
1415,民泊,2026-07-12T11:57:22.251018+00:00,12,みんぱく,noun,2026-08-28T15:27:38.173273+00:00,"[""private lodging (Airbnb-style stay)""]",,,26,kanji,false,ja,1235,,,
1416,朝食,2026-07-12T11:57:22.251018+00:00,12,ちょうしょく,noun,2026-08-28T15:27:38.173273+00:00,"[""breakfast""]",,n4,26,kanji,false,ja,1149,,,
1417,博物館,2026-07-12T11:57:22.251018+00:00,12,はくぶつかん,noun,2026-08-28T15:27:38.173273+00:00,"[""museum""]",,n4,26,kanji,false,ja,1155,,,
1418,美術館,2026-07-12T11:57:22.251018+00:00,12,びじゅつかん,noun,2026-08-28T15:27:38.173273+00:00,"[""art museum""]",,n4,26,kanji,false,ja,860,,,
1419,設定,2026-07-12T11:57:22.251018+00:00,12,せってい,noun,2026-08-28T15:27:38.173273+00:00,"[""settings""]",,n3,26,kanji,false,ja,1054,,,
1420,渋滞,2026-07-12T11:57:22.251018+00:00,12,じゅうたい,noun,2026-08-28T15:27:38.173273+00:00,"[""traffic jam""]",,n2,26,kanji,false,ja,1303,,,
1421,現在地,2026-07-12T11:57:22.251018+00:00,12,げんざいち,noun,2026-08-28T15:27:38.173273+00:00,"[""current location""]",,,26,kanji,false,ja,895,,,
1422,職場,2026-07-12T11:57:22.251018+00:00,12,しょくば,noun,2026-08-28T15:27:38.173273+00:00,"[""workplace""]",,n3,26,kanji,false,ja,777,,,
1423,自宅,2026-07-12T11:57:22.251018+00:00,12,じたく,noun,2026-08-28T15:27:38.173273+00:00,"[""one's own home""]",,n3,26,kanji,false,ja,446,,,
1424,加湿器,2026-07-12T11:57:22.251018+00:00,36,かしつき,noun,2026-08-28T15:27:38.173273+00:00,"[""humidifier""]",,,28,kanji,false,ja,391,,,
1425,ハンガー,2026-07-12T11:57:22.251018+00:00,36,,noun,2026-08-28T15:27:38.173273+00:00,"[""hanger""]",,,28,katakana,false,ja,537,,,
1426,洗濯,2026-07-12T11:57:22.251018+00:00,36,せんたく,noun,2026-08-28T15:27:38.173273+00:00,"[""laundry""]",,n5,28,kanji,false,ja,1083,,,
1427,保存容器,2026-07-12T11:57:22.251018+00:00,36,ほぞんようき,noun,2026-08-28T15:27:38.173273+00:00,"[""storage container""]",,,28,kanji,false,ja,1052,,,
1428,玩具,2026-07-12T11:57:22.251018+00:00,36,がんぐ,noun,2026-08-28T15:27:38.173273+00:00,"[""toy""]",,,28,kanji,false,ja,618,,,
1429,ギフト,2026-07-12T11:57:22.251018+00:00,36,,noun,2026-08-28T15:27:38.173273+00:00,"[""gift""]",,,28,katakana,false,ja,1305,,,
1430,収納,2026-07-12T11:57:22.251018+00:00,36,しゅうのう,noun,2026-08-28T15:27:38.173273+00:00,"[""storage""]",,,28,kanji,false,ja,1190,,,
1431,文具,2026-07-12T11:57:22.251018+00:00,36,ぶんぐ,noun,2026-08-28T15:27:38.173273+00:00,"[""stationery""]",,,28,kanji,false,ja,47,,,
1432,メガネ,2026-07-12T11:57:22.251018+00:00,36,,noun,2026-08-28T15:27:38.173273+00:00,"[""glasses""]",,n5,28,katakana,false,ja,403,,,
1433,救急,2026-07-12T11:57:22.251018+00:00,36,きゅうきゅう,noun,2026-08-28T15:27:38.173273+00:00,"[""first aid"", ""emergency""]",,,28,kanji,false,ja,221,,,
1434,衛生,2026-07-12T11:57:22.251018+00:00,36,えいせい,noun,2026-08-28T15:27:38.173273+00:00,"[""hygiene""]",,n2,28,kanji,false,ja,496,,,
1435,ヘアケア,2026-07-12T11:57:22.251018+00:00,36,,noun,2026-08-28T15:27:38.173273+00:00,"[""hair care""]",,,28,katakana,false,ja,56,,,
1436,インテリア,2026-07-12T11:57:22.251018+00:00,36,,noun,2026-08-28T15:27:38.173273+00:00,"[""interior decor""]",,,28,katakana,false,ja,1182,,,
1437,新生児,2026-07-12T11:57:22.251018+00:00,3,しんせいじ,noun,2026-08-28T15:27:38.173273+00:00,"[""newborn baby""]",,,34,kanji,false,ja,947,,,
1438,出産,2026-07-12T11:57:22.251018+00:00,3,しゅっさん,noun,2026-08-28T15:27:38.173273+00:00,"[""childbirth""]",,n2,34,kanji,false,ja,837,,,
1439,フォーマル,2026-07-12T11:57:22.251018+00:00,3,,noun,2026-08-28T15:27:38.173273+00:00,"[""formal wear""]",,,34,katakana,false,ja,1012,,,
1440,ルームウェア,2026-07-12T11:57:22.251018+00:00,3,,noun,2026-08-28T15:27:38.173273+00:00,"[""loungewear""]",,,34,katakana,false,ja,460,,,
1441,下着,2026-07-12T11:57:22.251018+00:00,3,したぎ,noun,2026-08-28T15:27:38.173273+00:00,"[""underwear""]",,n3,34,kanji,false,ja,479,,,
1442,インナー,2026-07-12T11:57:22.251018+00:00,3,,noun,2026-08-28T15:27:38.173273+00:00,"[""innerwear"", ""base layer""]",,,34,katakana,false,ja,1102,,,
1443,アウター,2026-07-12T11:57:22.251018+00:00,3,,noun,2026-08-28T15:27:38.173273+00:00,"[""outerwear""]",,,34,katakana,false,ja,184,,,
1444,ワンピース,2026-07-12T11:57:22.251018+00:00,3,,noun,2026-08-28T15:27:38.173273+00:00,"[""dress (one-piece)""]",,,34,katakana,false,ja,456,,,
1445,スカート,2026-07-12T11:57:22.251018+00:00,3,,noun,2026-08-28T15:27:38.173273+00:00,"[""skirt""]",,n5,34,katakana,false,ja,357,,,
1446,パンツ,2026-07-12T11:57:22.251018+00:00,3,,noun,2026-08-28T15:27:38.173273+00:00,"[""pants"", ""trousers""]",,,34,katakana,false,ja,1486,,,
1447,シャツ,2026-07-12T11:57:22.251018+00:00,3,,noun,2026-08-28T15:27:38.173273+00:00,"[""shirt""]",,n5,34,katakana,false,ja,921,,,
1448,カーディガン,2026-07-12T11:57:22.251018+00:00,3,,noun,2026-08-28T15:27:38.173273+00:00,"[""cardigan""]",,,34,katakana,false,ja,1073,,,
1449,セーター,2026-07-12T11:57:22.251018+00:00,3,,noun,2026-08-28T15:27:38.173273+00:00,"[""sweater""]",,,34,katakana,false,ja,229,,,
1450,Tシャツ,2026-07-12T11:57:22.251018+00:00,3,,noun,2026-08-28T15:27:38.173273+00:00,"[""T-shirt""]",,,34,katakana,false,ja,1242,,,
1451,折りたたみ,2026-07-12T11:57:22.251018+00:00,35,おりたたみ,noun,2026-08-28T15:27:38.173273+00:00,"[""folding"", ""foldable""]",,,36,kanji,false,ja,1006,,,
1452,玄関,2026-07-12T11:57:22.251018+00:00,35,げんかん,noun,2026-08-28T15:27:38.173273+00:00,"[""entryway"", ""genkan""]",,n4,36,kanji,false,ja,597,,,
1453,座布団,2026-07-12T11:57:22.251018+00:00,35,ざぶとん,noun,2026-08-28T15:27:38.173273+00:00,"[""floor cushion""]",,,36,kanji,false,ja,98,,,
1454,こたつ,2026-07-12T11:57:22.251018+00:00,35,,noun,2026-08-28T15:27:38.173273+00:00,"[""kotatsu (heated table)""]",,,36,hiragana,false,ja,1011,,,
1455,デスク,2026-07-12T11:57:22.251018+00:00,35,,noun,2026-08-28T15:27:38.173273+00:00,"[""desk""]",,,36,katakana,false,ja,526,,,
1456,本棚,2026-07-12T11:57:22.251018+00:00,35,ほんだな,noun,2026-08-28T15:27:38.173273+00:00,"[""bookshelf""]",,n5,36,kanji,false,ja,1078,,,
1457,テレビ台,2026-07-12T11:57:22.251018+00:00,35,テレビだい,noun,2026-08-28T15:27:38.173273+00:00,"[""TV stand""]",,,36,kanji,false,ja,425,,,
1458,食器棚,2026-07-12T11:57:22.251018+00:00,35,しょっきだな,noun,2026-08-28T15:27:38.173273+00:00,"[""cupboard"", ""china cabinet""]",,,36,kanji,false,ja,843,,,
1459,椅子,2026-07-12T11:57:22.251018+00:00,35,いす,noun,2026-08-28T15:27:38.173273+00:00,"[""chair""]",,n5,36,kanji,false,ja,1040,,,
1460,クッション,2026-07-12T11:57:22.251018+00:00,35,,noun,2026-08-28T15:27:38.173273+00:00,"[""cushion""]",,,36,katakana,false,ja,1332,,,
1461,カーペット,2026-07-12T11:57:22.251018+00:00,35,,noun,2026-08-28T15:27:38.173273+00:00,"[""carpet""]",,,36,katakana,false,ja,1365,,,
1462,カーテン,2026-07-12T11:57:22.251018+00:00,35,,noun,2026-08-28T15:27:38.173273+00:00,"[""curtain""]",,n4,36,katakana,false,ja,328,,,
1463,照明,2026-07-12T11:57:22.251018+00:00,35,しょうめい,noun,2026-08-28T15:27:38.173273+00:00,"[""lighting""]",,n2,36,kanji,false,ja,135,,,
1464,ソファ,2026-07-12T11:57:22.251018+00:00,35,,noun,2026-08-28T15:27:38.173273+00:00,"[""sofa""]",,,36,katakana,false,ja,235,,,
1465,寝具,2026-07-12T11:57:22.251018+00:00,35,しんぐ,noun,2026-08-28T15:27:38.173273+00:00,"[""bedding""]",,,36,kanji,false,ja,214,,,
1466,布団,2026-07-12T11:57:22.251018+00:00,35,ふとん,noun,2026-08-28T15:27:38.173273+00:00,"[""futon"", ""bedding""]",,n4,36,kanji,false,ja,601,,,
1467,マットレス,2026-07-12T11:57:22.251018+00:00,35,,noun,2026-08-28T15:27:38.173273+00:00,"[""mattress""]",,,36,katakana,false,ja,931,,,
1468,ベッド,2026-07-12T11:57:22.251018+00:00,35,,noun,2026-08-28T15:27:38.173273+00:00,"[""bed""]",,n5,36,katakana,false,ja,331,,,
1469,石鹸,2026-07-12T11:57:22.251018+00:00,5,せっけん,noun,2026-08-28T15:27:38.173273+00:00,"[""soap""]",,n3,37,kanji,false,ja,169,,,
1470,シャンプー,2026-07-12T11:57:22.251018+00:00,5,,noun,2026-08-28T15:27:38.173273+00:00,"[""shampoo""]",,,37,katakana,false,ja,1442,,,
1471,焼酎,2026-07-12T11:57:22.251018+00:00,5,しょうちゅう,noun,2026-08-28T15:27:38.173273+00:00,"[""shochu""]",,,37,kanji,false,ja,784,,,
1472,紅茶,2026-07-12T11:57:22.251018+00:00,5,こうちゃ,noun,2026-08-28T15:27:38.173273+00:00,"[""black tea""]",,n5,37,kanji,false,ja,525,,,
1473,炭酸水,2026-07-12T11:57:22.251018+00:00,5,たんさんすい,noun,2026-08-28T15:27:38.173273+00:00,"[""carbonated water""]",,,37,kanji,false,ja,548,,,
1474,パン,2026-07-12T11:57:22.251018+00:00,5,,noun,2026-08-28T15:27:38.173273+00:00,"[""bread""]",,n5,37,katakana,false,ja,1172,,,
1475,乾物,2026-07-12T11:57:22.251018+00:00,5,かんぶつ,noun,2026-08-28T15:27:38.173273+00:00,"[""dried goods""]",,,37,kanji,false,ja,1183,,,
1476,調味料,2026-07-12T11:57:22.251018+00:00,5,ちょうみりょう,noun,2026-08-28T15:27:38.173273+00:00,"[""seasoning"", ""condiment""]",,n3,37,kanji,false,ja,400,,,
1477,麺類,2026-07-12T11:57:22.251018+00:00,5,めんるい,noun,2026-08-28T15:27:38.173273+00:00,"[""noodles""]",,,37,kanji,false,ja,630,,,
1478,鮮魚,2026-07-12T11:57:22.251018+00:00,5,せんぎょ,noun,2026-08-28T15:27:38.173273+00:00,"[""fresh fish""]",,,37,kanji,false,ja,473,,,
1479,精肉,2026-07-12T11:57:22.251018+00:00,5,せいにく,noun,2026-08-28T15:27:38.173273+00:00,"[""fresh meat""]",,,37,kanji,false,ja,466,,,
1480,青果,2026-07-12T11:57:22.251018+00:00,5,せいか,noun,2026-08-28T15:27:38.173273+00:00,"[""produce (fruit and vegetables)""]",,,37,kanji,false,ja,305,,,
1481,冷凍食品,2026-07-12T11:57:22.251018+00:00,5,れいとうしょくひん,noun,2026-08-28T15:27:38.173273+00:00,"[""frozen food""]",,,37,kanji,false,ja,681,,,
1482,惣菜,2026-07-12T11:57:22.251018+00:00,5,そうざい,noun,2026-08-28T15:27:38.173273+00:00,"[""prepared side dish"", ""deli food""]",,,37,kanji,false,ja,18,,,
1483,幅広い,2026-07-12T11:57:22.251018+00:00,21,はばひろい,adjective,2026-08-28T15:27:38.173273+00:00,"[""wide-ranging"", ""extensive""]",i-adjective,,,kanji,false,ja,1089,,,
1484,リビング,2026-07-12T11:57:22.251018+00:00,10,,noun,2026-08-28T15:27:38.173273+00:00,"[""living room""]",,,,katakana,false,ja,1300,,,
1485,空室,2026-07-12T11:57:22.251018+00:00,30,くうしつ,noun,2026-08-28T15:27:38.173273+00:00,"[""vacant room"", ""vacancy""]",,,,kanji,false,ja,712,,,
1486,自動車,2026-07-12T11:57:22.251018+00:00,,じどうしゃ,noun,2026-08-28T15:27:38.173273+00:00,"[""automobile""]",,n4,,kanji,false,ja,1272,,,
1487,保険,2026-07-12T11:57:22.251018+00:00,33,ほけん,noun,2026-08-28T15:27:38.173273+00:00,"[""insurance""]",,n3,,kanji,false,ja,130,,,
1488,掃除,2026-07-12T11:57:22.251018+00:00,10,そうじ,noun,2026-08-28T15:27:38.173273+00:00,"[""cleaning""]",,n5,,kanji,false,ja,1109,,,
1489,洗剤,2026-07-12T11:57:22.251018+00:00,5,せんざい,noun,2026-08-28T15:27:38.173273+00:00,"[""detergent""]",,,,kanji,false,ja,863,,,
1490,ビール,2026-07-12T11:57:22.251018+00:00,5,,noun,2026-08-28T15:27:38.173273+00:00,"[""beer""]",,n5,,katakana,false,ja,46,,,
1491,コーヒー,2026-07-12T11:57:22.251018+00:00,5,,noun,2026-08-28T15:27:38.173273+00:00,"[""coffee""]",,n5,,katakana,false,ja,654,,,
1492,花,2026-07-12T11:57:22.251018+00:00,14,はな,noun,2026-08-28T15:27:38.173273+00:00,"[""flower""]",,n5,,kanji,false,ja,323,,,
1493,帽子,2026-07-12T11:57:22.251018+00:00,3,ぼうし,noun,2026-08-28T15:27:38.173273+00:00,"[""hat""]",,n5,,kanji,false,ja,635,,,
1494,財布,2026-07-12T11:57:22.251018+00:00,23,さいふ,noun,2026-08-28T15:27:38.173273+00:00,"[""wallet""]",,n4,,kanji,false,ja,329,,,
1495,店舗,2026-07-12T11:57:22.251018+00:00,,てんぽ,noun,2026-08-28T15:27:38.173273+00:00,"[""store"", ""shop""]",,,,kanji,false,ja,720,,,
1496,編集,2026-07-12T11:57:22.251018+00:00,29,へんしゅう,noun,2026-08-28T15:27:38.173273+00:00,"[""edit""]",,n2,,kanji,false,ja,45,,,
1497,保存,2026-07-12T11:57:22.251018+00:00,29,ほぞん,noun,2026-08-28T15:27:38.173273+00:00,"[""save"", ""preservation""]",,n3,,kanji,false,ja,955,,,
1498,登録,2026-07-12T11:57:22.251018+00:00,29,とうろく,noun,2026-08-28T15:27:38.173273+00:00,"[""registration"", ""subscription""]",,n3,,kanji,false,ja,1384,,,
1499,検索,2026-07-12T11:57:22.251018+00:00,29,けんさく,noun,2026-08-28T15:27:38.173273+00:00,"[""search""]",,n4,,kanji,false,ja,1128,,,
1500,個室,2026-07-12T11:57:22.251018+00:00,7,こしつ,noun,2026-08-28T15:27:38.173273+00:00,"[""private room""]",,,,kanji,false,ja,416,,,
1501,寿司,2026-07-12T11:57:22.251018+00:00,7,すし,noun,2026-08-28T15:27:38.173273+00:00,"[""sushi""]",,n5,,kanji,false,ja,1031,,,
1502,目玉焼き,2026-07-12T11:57:22.251018+00:00,10,めだまやき,noun,2026-08-28T15:27:38.173273+00:00,"[""fried egg"", ""sunny-side-up egg""]",,,,kanji,false,ja,1196,,,
1503,ポン酢,2026-07-12T11:57:22.251018+00:00,5,ポンず,noun,2026-08-28T15:27:38.173273+00:00,"[""ponzu sauce""]",,,,kanji,false,ja,779,,,
1504,わさび,2026-07-12T11:57:22.251018+00:00,5,,noun,2026-08-28T15:27:38.173273+00:00,"[""wasabi""]",,,,hiragana,false,ja,464,,,
1505,みそ汁,2026-07-12T11:57:22.251018+00:00,10,みそしる,noun,2026-08-28T15:27:38.173273+00:00,"[""miso soup""]",,n5,,kanji,false,ja,88,,,
1506,ステーキ,2026-07-12T11:57:22.251018+00:00,7,,noun,2026-08-28T15:27:38.173273+00:00,"[""steak""]",,,,katakana,false,ja,550,,,
1507,Einzug,2026-08-28T15:40:17.402749+00:00,30,,noun,2026-08-28T15:40:17.402749+00:00,"[""moving in"", ""occupancy""]",,,,,false,de,1,der,Einzüge,b1
1508,Veränderung,2026-08-28T15:40:17.402749+00:00,,,noun,2026-08-28T15:40:17.402749+00:00,"[""change, variation, transformation"", ""alteration""]",,,,,false,de,2,die,Veränderungen,b1
1509,Geschäft,2026-08-28T15:40:17.402749+00:00,25,,noun,2026-08-28T15:40:17.402749+00:00,"[""business, trade, commerce"", ""buying and selling""]",,,,,false,de,3,das,Geschäfte,a2
1510,heiß,2026-08-28T15:40:17.402749+00:00,14,,adjective,2026-08-28T15:40:17.402749+00:00,"[""hot (weather, air temperature)"", ""sweltering""]",,,,,false,de,4,,,a1
1511,nett,2026-08-28T15:40:17.402749+00:00,,,adjective,2026-08-28T15:40:17.402749+00:00,"[""kind, gentle"", ""tender, mild""]",,,,,false,de,5,,,a1
1512,Grau,2026-08-28T15:40:17.402749+00:00,16,,noun,2026-08-28T15:40:17.402749+00:00,"[""gray, grey"", ""ashen color""]",,,,,false,de,6,das,,a1
1513,Rücksendung,2026-08-28T15:40:17.402749+00:00,3,,noun,2026-08-28T15:40:17.402749+00:00,"[""return of goods""]",,,,,false,de,7,die,Rücksendungen,b2
1514,Körper,2026-08-28T15:40:17.402749+00:00,17,,noun,2026-08-28T15:40:17.402749+00:00,"[""body (human body), the whole body""]",,,,,false,de,8,der,Körper,a2
1515,Thema,2026-08-28T15:40:17.402749+00:00,29,,noun,2026-08-28T15:40:17.402749+00:00,"[""topic, subject of talk, hot topic""]",,,,,false,de,9,das,Themen,a2
1516,ausschließen,2026-08-28T15:40:17.402749+00:00,,,verb,2026-08-28T15:40:17.402749+00:00,"[""to exclude, to remove"", ""to except, to leave out""]",,,,,false,de,10,,,b2
1517,Wochenzeitschrift,2026-08-28T15:40:17.402749+00:00,13,,noun,2026-08-28T15:40:17.402749+00:00,"[""weekly publication"", ""weekly""]",,,,,false,de,11,die,Wochenzeitschriften,b2
1518,Statur,2026-08-28T15:40:17.402749+00:00,17,,noun,2026-08-28T15:40:17.402749+00:00,"[""body, physique"", ""health, constitution""]",,,,,false,de,12,die,Staturen,c1
1519,Papa,2026-08-28T15:40:17.402749+00:00,10,,noun,2026-08-28T15:40:17.402749+00:00,"[""dad, father (polite/familiar form)""]",,,,,false,de,13,der,Papas,a1
1520,Einschulungsfeier,2026-08-28T15:40:17.402749+00:00,8,,noun,2026-08-28T15:40:17.402749+00:00,"[""entrance ceremony (for starting school)""]",,,,,false,de,14,die,Einschulungsfeiern,c1
1521,Badezimmer,2026-08-28T15:40:17.402749+00:00,30,,noun,2026-08-28T15:40:17.402749+00:00,"[""bathroom""]",,,,,false,de,16,das,Badezimmer,a1
1522,kaufen,2026-08-28T15:40:17.402749+00:00,23,,verb,2026-08-28T15:40:17.402749+00:00,"[""to buy, to purchase""]",,,,,false,de,17,,,a1
1523,Beilage,2026-08-28T15:40:17.402749+00:00,5,,noun,2026-08-28T15:40:17.402749+00:00,"[""prepared side dish"", ""deli food""]",,,,,false,de,18,die,Beilagen,b1
1524,Besprechung,2026-08-28T15:40:17.402749+00:00,25,,noun,2026-08-28T15:40:17.402749+00:00,"[""meeting, conference, assembly""]",,,,,false,de,19,die,Besprechungen,b1
1525,Kanal,2026-08-28T15:40:17.402749+00:00,29,,noun,2026-08-28T15:40:17.402749+00:00,"[""channel""]",,,,,false,de,20,der,Kanäle,b1
1526,schlagen,2026-08-28T15:40:17.402749+00:00,20,,verb,2026-08-28T15:40:17.402749+00:00,"[""to hit, to strike, to beat"", ""to type (on keyboard)""]",,,,,false,de,21,,,a2
1527,Schlafzimmer,2026-08-28T15:40:17.402749+00:00,10,,noun,2026-08-28T15:40:17.402749+00:00,"[""bedroom, sleeping room""]",,,,,false,de,22,das,Schlafzimmer,a1
1528,Taschenkalender,2026-08-28T15:40:17.402749+00:00,,,noun,2026-08-28T15:40:17.402749+00:00,"[""notebook, planner, pocket diary"", ""small personal organizer""]",,,,,false,de,23,der,Taschenkalender,b2
1529,Gedränge,2026-08-28T15:40:17.402749+00:00,12,,noun,2026-08-28T15:40:17.402749+00:00,"[""congestion"", ""crowding""]",,,,,false,de,24,das,,b2
1530,Mathematik,2026-08-28T15:40:17.402749+00:00,8,,noun,2026-08-28T15:40:17.402749+00:00,"[""mathematics, math""]",,,,,false,de,25,die,,a2
1531,alles,2026-08-28T15:40:17.402749+00:00,19,,pronoun,2026-08-28T15:40:17.402749+00:00,"[""all, everything"", ""the whole, the entirety""]",,,,,false,de,26,,,a1
1532,Sekunde,2026-08-28T15:40:17.402749+00:00,13,,noun,2026-08-28T15:40:17.402749+00:00,"[""second (unit of time)""]",,,,,false,de,27,die,Sekunden,a1
1533,alt,2026-08-28T15:40:17.402749+00:00,,,adjective,2026-08-28T15:40:17.402749+00:00,"[""old, ancient, antique"", ""used, secondhand""]",,,,,false,de,28,,,a1
1534,Kunde,2026-08-28T15:40:17.402749+00:00,33,,noun,2026-08-28T15:40:17.402749+00:00,"[""customer""]",,,,,false,de,29,der,Kunden,a2
1535,Schulweg,2026-08-28T15:40:17.402749+00:00,8,,noun,2026-08-28T15:40:17.402749+00:00,"[""commuting to school, going to school""]",,,,,false,de,30,der,Schulwege,b1
1536,Neujahrsgruß,2026-08-28T15:40:17.402749+00:00,13,,noun,2026-08-28T15:40:17.402749+00:00,"[""New Year's greetings"", ""New Year's congratulations""]",,,,,false,de,33,der,Neujahrsgrüße,b2
1537,Schule,2026-08-28T15:40:17.402749+00:00,8,,noun,2026-08-28T15:40:17.402749+00:00,"[""school""]",,,,,false,de,34,die,Schulen,a1
1538,Zustand,2026-08-28T15:40:17.402749+00:00,,,noun,2026-08-28T15:40:17.402749+00:00,"[""state, situation, condition, appearance"", ""look, manner, sign""]",,,,,false,de,35,der,Zustände,b1
1539,Abnahme,2026-08-28T15:40:17.402749+00:00,,,noun,2026-08-28T15:40:17.402749+00:00,"[""decrease, reduction"", ""decline, diminishment""]",,,,,false,de,36,die,Abnahmen,b2
1540,Ende,2026-08-28T15:40:17.402749+00:00,13,,noun,2026-08-28T15:40:17.402749+00:00,"[""last, final, end""]",,,,,false,de,37,das,Enden,a1
1541,Schnellzug,2026-08-28T15:40:17.402749+00:00,2,,noun,2026-08-28T15:40:17.402749+00:00,"[""limited express (train), super express"", ""top priority, urgent""]",,,,,false,de,38,der,Schnellzüge,b1
1542,Stummschaltung,2026-08-28T15:40:17.402749+00:00,29,,noun,2026-08-28T15:40:17.402749+00:00,"[""mute""]",,,,,false,de,39,die,Stummschaltungen,b2
1543,Oberfläche,2026-08-28T15:40:17.402749+00:00,,,noun,2026-08-28T15:40:17.402749+00:00,"[""surface, exterior, outside""]",,,,,false,de,40,die,Oberflächen,b1
1544,Augenbraue,2026-08-28T15:40:17.402749+00:00,6,,noun,2026-08-28T15:40:17.402749+00:00,"[""eyebrows""]",,,,,false,de,41,die,Augenbrauen,b1
1545,Frikadelle,2026-08-28T15:40:17.402749+00:00,7,,noun,2026-08-28T15:40:17.402749+00:00,"[""hamburg steak"", ""salisbury steak""]",,,,,false,de,42,die,Frikadellen,b1
1546,Unterschied,2026-08-28T15:40:17.402749+00:00,28,,noun,2026-08-28T15:40:17.402749+00:00,"[""distinction, difference"", ""discrimination, differentiation""]",,,,,false,de,43,der,Unterschiede,a2
1547,Wolke,2026-08-28T15:40:17.402749+00:00,14,,noun,2026-08-28T15:40:17.402749+00:00,"[""cloud""]",,,,,false,de,44,die,Wolken,a2
1548,Bearbeitung,2026-08-28T15:40:17.402749+00:00,29,,noun,2026-08-28T15:40:17.402749+00:00,"[""edit""]",,,,,false,de,45,die,Bearbeitungen,b1
1549,Bier,2026-08-28T15:40:17.402749+00:00,5,,noun,2026-08-28T15:40:17.402749+00:00,"[""beer""]",,,,,false,de,46,das,Biere,a1
1550,Schreibwaren,2026-08-28T15:40:17.402749+00:00,36,,noun,2026-08-28T15:40:17.402749+00:00,"[""stationery""]",,,,,false,de,47,die,,b1
1551,Schluss,2026-08-28T15:40:17.402749+00:00,,,noun,2026-08-28T15:40:17.402749+00:00,"[""last, final, ultimate""]",,,,,false,de,48,der,Schlüsse,b1
1552,Geburt,2026-08-28T15:40:17.402749+00:00,30,,noun,2026-08-28T15:40:17.402749+00:00,"[""birth"", ""launch""]",,,,,false,de,49,die,Geburten,a2
1553,klingeln,2026-08-28T15:40:17.402749+00:00,,,verb,2026-08-28T15:40:17.402749+00:00,"[""to ring, to sound, to resound""]",,,,,false,de,50,,,a2
1554,Ausgang,2026-08-28T15:40:17.402749+00:00,2,,noun,2026-08-28T15:40:17.402749+00:00,"[""exit""]",,,,,false,de,51,der,Ausgänge,a1
1555,gleich,2026-08-28T15:40:17.402749+00:00,28,,adjective,2026-08-28T15:40:17.402749+00:00,"[""same, identical, equal""]",,,,,false,de,52,,,a1
1556,Grundlage,2026-08-28T15:40:17.402749+00:00,,,noun,2026-08-28T15:40:17.402749+00:00,"[""foundation, basis"", ""basics, groundwork""]",,,,,false,de,53,die,Grundlagen,b1
1557,Sorge,2026-08-28T15:40:17.402749+00:00,15,,noun,2026-08-28T15:40:17.402749+00:00,"[""worry, concern, anxiety"", ""care, looking after""]",,,,,false,de,54,die,Sorgen,a2
1558,Beseitigung,2026-08-28T15:40:17.402749+00:00,,,noun,2026-08-28T15:40:17.402749+00:00,"[""exclusion, elimination"", ""removal, rejection""]",,,,,false,de,55,die,Beseitigungen,c1
1559,Haarpflege,2026-08-28T15:40:17.402749+00:00,36,,noun,2026-08-28T15:40:17.402749+00:00,"[""hair care""]",,,,,false,de,56,die,,b1
1560,Technik,2026-08-28T15:40:17.402749+00:00,,,noun,2026-08-28T15:40:17.402749+00:00,"[""technology, technique"", ""skill, craftsmanship""]",,,,,false,de,57,die,Techniken,a2
1561,Frühlingstagundnachtgleiche,2026-08-28T15:40:17.402749+00:00,13,,noun,2026-08-28T15:40:17.402749+00:00,"[""spring equinox, vernal equinox""]",,,,,false,de,58,die,,c2
1562,Führungskraft,2026-08-28T15:40:17.402749+00:00,25,,noun,2026-08-28T15:40:17.402749+00:00,"[""executive, management"", ""leaders, senior officials""]",,,,,false,de,59,die,Führungskräfte,c1
1563,Check-out,2026-08-28T15:40:17.402749+00:00,12,,noun,2026-08-28T15:40:17.402749+00:00,"[""check-out""]",,,,,false,de,60,der,Check-outs,b1
1564,Bürge,2026-08-28T15:40:17.402749+00:00,30,,noun,2026-08-28T15:40:17.402749+00:00,"[""guarantor""]",,,,,false,de,61,der,Bürgen,c1
1565,Juli,2026-08-28T15:40:17.402749+00:00,13,,noun,2026-08-28T15:40:17.402749+00:00,"[""July""]",,,,,false,de,62,der,,a1
1566,Metzgerei,2026-08-28T15:40:17.402749+00:00,5,,noun,2026-08-28T15:40:17.402749+00:00,"[""butcher shop, meat shop"", ""butcher""]",,,,,false,de,63,die,Metzgereien,a2
1567,lernen,2026-08-28T15:40:17.402749+00:00,8,,verb,2026-08-28T15:40:17.402749+00:00,"[""to learn, to study"", ""to take lessons, to be taught""]",,,,,false,de,64,,,a1
1568,Kindergarten,2026-08-28T15:40:17.402749+00:00,8,,noun,2026-08-28T15:40:17.402749+00:00,"[""kindergarten, nursery school""]",,,,,false,de,65,der,Kindergärten,a2
1569,Sprache,2026-08-28T15:40:17.402749+00:00,24,,noun,2026-08-28T15:40:17.402749+00:00,"[""language (system), tongue""]",,,,,false,de,66,die,Sprachen,a1
1570,Lesezeichen,2026-08-28T15:40:17.402749+00:00,29,,noun,2026-08-28T15:40:17.402749+00:00,"[""bookmark""]",,,,,false,de,67,das,Lesezeichen,b1
1571,Zeitung,2026-08-28T15:40:17.402749+00:00,24,,noun,2026-08-28T15:40:17.402749+00:00,"[""newspaper""]",,,,,false,de,68,die,Zeitungen,a1
1572,Bild,2026-08-28T15:40:17.402749+00:00,,,noun,2026-08-28T15:40:17.402749+00:00,"[""picture, painting, drawing, illustration""]",,,,,false,de,69,das,Bilder,a1
1573,Schwäche,2026-08-28T15:40:17.402749+00:00,,,noun,2026-08-28T15:40:17.402749+00:00,"[""weak point, shortcoming, disadvantage""]",,,,,false,de,70,die,Schwächen,b1
1574,Schreibtisch,2026-08-28T15:40:17.402749+00:00,35,,noun,2026-08-28T15:40:17.402749+00:00,"[""desk, writing desk""]",,,,,false,de,71,der,Schreibtische,a1
1575,gelb,2026-08-28T15:40:17.402749+00:00,16,,adjective,2026-08-28T15:40:17.402749+00:00,"[""yellow""]",,,,,false,de,72,,,a1
1576,zurückkehren,2026-08-28T15:40:17.402749+00:00,20,,verb,2026-08-28T15:40:17.402749+00:00,"[""to return, to go home"", ""to come back""]",,,,,false,de,73,,,b1
1577,Brief,2026-08-28T15:40:17.402749+00:00,11,,noun,2026-08-28T15:40:17.402749+00:00,"[""letter (written correspondence)""]",,,,,false,de,74,der,Briefe,a1
1578,Ausflug,2026-08-28T15:40:17.402749+00:00,8,,noun,2026-08-28T15:40:17.402749+00:00,"[""excursion, field trip, school outing""]",,,,,false,de,75,der,Ausflüge,a2
1579,steigen,2026-08-28T15:40:17.402749+00:00,20,,verb,2026-08-28T15:40:17.402749+00:00,"[""to go up, to rise, to ascend"", ""to improve, to increase""]",,,,,false,de,76,,,a2
1580,Verkehr,2026-08-28T15:40:17.402749+00:00,20,,noun,2026-08-28T15:40:17.402749+00:00,"[""coming and going, traffic"", ""interaction, exchange""]",,,,,false,de,77,der,,a2
1581,Höflichkeit,2026-08-28T15:40:17.402749+00:00,,,noun,2026-08-28T15:40:17.402749+00:00,"[""manners, courtesy, etiquette, decorum""]",,,,,false,de,78,die,,b2
1582,Maske,2026-08-28T15:40:17.402749+00:00,,,noun,2026-08-28T15:40:17.402749+00:00,"[""mask"", ""facade, disguise""]",,,,,false,de,79,die,Masken,a2
1583,geboren werden,2026-08-28T15:40:17.402749+00:00,,,verb,2026-08-28T15:40:17.402749+00:00,"[""to be born"", ""to come into being, to originate""]",,,,,false,de,80,,,a2
1584,Botschafter,2026-08-28T15:40:17.402749+00:00,11,,noun,2026-08-28T15:40:17.402749+00:00,"[""ambassador"", ""diplomatic envoy""]",,,,,false,de,81,der,Botschafter,b2
1585,Gewinn,2026-08-28T15:40:17.402749+00:00,25,,noun,2026-08-28T15:40:17.402749+00:00,"[""profit, benefit, gain"", ""advantage, interest""]",,,,,false,de,82,der,Gewinne,b1
1586,Transkript,2026-08-28T15:40:17.402749+00:00,29,,noun,2026-08-28T15:40:17.402749+00:00,"[""transcript"", ""transcription""]",,,,,false,de,83,das,Transkripte,c1
1587,Bereich,2026-08-28T15:40:17.402749+00:00,,,noun,2026-08-28T15:40:17.402749+00:00,"[""territory, domain"", ""field, area (of study)""]",,,,,false,de,84,der,Bereiche,b1
1588,echt,2026-08-28T15:40:17.402749+00:00,,,adjective,2026-08-28T15:40:17.402749+00:00,"[""real, genuine, true"", ""really, truly, indeed""]",,,,,false,de,85,,,a2
1589,draußen,2026-08-28T15:40:17.402749+00:00,22,,adverb,2026-08-28T15:40:17.402749+00:00,"[""outside, outdoors"", ""exterior""]",,,,,false,de,86,,,a1
1590,Briefmarke,2026-08-28T15:40:17.402749+00:00,11,,noun,2026-08-28T15:40:17.402749+00:00,"[""postage stamp""]",,,,,false,de,87,die,Briefmarken,a2
1591,mitteilen,2026-08-28T15:40:17.402749+00:00,24,,verb,2026-08-28T15:40:17.402749+00:00,"[""to tell, announce, inform, declare""]",,,,,false,de,89,,,b1
1592,Neuware,2026-08-28T15:40:17.402749+00:00,4,,noun,2026-08-28T15:40:17.402749+00:00,"[""brand new""]",,,,,false,de,90,die,,b2
1593,wichtig,2026-08-28T15:40:17.402749+00:00,,,adjective,2026-08-28T15:40:17.402749+00:00,"[""important, precious"", ""serious, significant""]",,,,,false,de,91,,,a1
1594,Personal,2026-08-28T15:40:17.402749+00:00,30,,noun,2026-08-28T15:40:17.402749+00:00,"[""staff""]",,,,,false,de,92,das,,b1
1595,Mädchen,2026-08-28T15:40:17.402749+00:00,,,noun,2026-08-28T15:40:17.402749+00:00,"[""girl"", ""young woman""]",,,,,false,de,93,das,Mädchen,a1
1596,unruhig,2026-08-28T15:40:17.402749+00:00,15,,adjective,2026-08-28T15:40:17.402749+00:00,"[""anxious, uneasy"", ""worried, insecure""]",,,,,false,de,94,,,b1
1597,Nasenbluten,2026-08-28T15:40:17.402749+00:00,17,,noun,2026-08-28T15:40:17.402749+00:00,"[""nosebleed""]",,,,,false,de,95,das,,b2
1598,Verwirklichung,2026-08-28T15:40:17.402749+00:00,30,,noun,2026-08-28T15:40:17.402749+00:00,"[""realization, actualization"", ""coming true, achievement""]",,,,,false,de,96,die,Verwirklichungen,c1
1599,Held,2026-08-28T15:40:17.402749+00:00,,,noun,2026-08-28T15:40:17.402749+00:00,"[""hero, champion""]",,,,,false,de,97,der,Helden,b1
1600,Sitzkissen,2026-08-28T15:40:17.402749+00:00,35,,noun,2026-08-28T15:40:17.402749+00:00,"[""floor cushion""]",,,,,false,de,98,das,Sitzkissen,b2
1601,wickeln,2026-08-28T15:40:17.402749+00:00,,,verb,2026-08-28T15:40:17.402749+00:00,"[""to roll, to wind"", ""to wrap around, to coil""]",,,,,false,de,99,,,b1
1602,Maßstab,2026-08-28T15:40:17.402749+00:00,,,noun,2026-08-28T15:40:17.402749+00:00,"[""standard, criterion"", ""benchmark, norm""]",,,,,false,de,100,der,Maßstäbe,b2
1603,Achtung,2026-08-28T15:40:17.402749+00:00,26,,noun,2026-08-28T15:40:17.402749+00:00,"[""attention, caution"", ""warning, advice""]",,,,,false,de,101,die,,a2
1604,Tal,2026-08-28T15:40:17.402749+00:00,14,,noun,2026-08-28T15:40:17.402749+00:00,"[""valley, gorge, ravine""]",,,,,false,de,102,das,Täler,a2
1605,höflich,2026-08-28T15:40:17.402749+00:00,,,adjective,2026-08-28T15:40:17.402749+00:00,"[""polite, courteous"", ""careful, thorough, meticulous""]",,,,,false,de,103,,,a2
1606,Abend,2026-08-28T15:40:17.402749+00:00,13,,noun,2026-08-28T15:40:17.402749+00:00,"[""evening, late afternoon, dusk""]",,,,,false,de,104,der,Abende,a1
1607,Tod,2026-08-28T15:40:17.402749+00:00,9,,noun,2026-08-28T15:40:17.402749+00:00,"[""death, mortality"", ""dying""]",,,,,false,de,105,der,,a2
1608,Gebiet,2026-08-28T15:40:17.402749+00:00,22,,noun,2026-08-28T15:40:17.402749+00:00,"[""zone, area, district"", ""designated area""]",,,,,false,de,106,das,Gebiete,b1
1609,Klassenzimmer,2026-08-28T15:40:17.402749+00:00,8,,noun,2026-08-28T15:40:17.402749+00:00,"[""classroom"", ""class (lessons)""]",,,,,false,de,107,das,Klassenzimmer,a1
1610,Folgen,2026-08-28T15:40:17.402749+00:00,29,,noun,2026-08-28T15:40:17.402749+00:00,"[""follow (social media)""]",,,,,false,de,108,das,,b1
1611,Linie,2026-08-28T15:40:17.402749+00:00,,,noun,2026-08-28T15:40:17.402749+00:00,"[""line, wire, route""]",,,,,false,de,109,die,Linien,a2
1612,kündigen,2026-08-28T15:40:17.402749+00:00,25,,verb,2026-08-28T15:40:17.402749+00:00,"[""to quit, resign, leave (a job)""]",,,,,false,de,110,,,b1
1613,schneiden,2026-08-28T15:40:17.402749+00:00,,,verb,2026-08-28T15:40:17.402749+00:00,"[""to cut, to slice"", ""to disconnect, to turn off""]",,,,,false,de,111,,,a1
1614,schwarz,2026-08-28T15:40:17.402749+00:00,16,,adjective,2026-08-28T15:40:17.402749+00:00,"[""black, dark""]",,,,,false,de,112,,,a1
1615,sich beruhigen,2026-08-28T15:40:17.402749+00:00,15,,verb,2026-08-28T15:40:17.402749+00:00,"[""to calm down, quiet down, subside""]",,,,,false,de,113,,,b1
1616,ungewöhnlich,2026-08-28T15:40:17.402749+00:00,,,adjective,2026-08-28T15:40:17.402749+00:00,"[""abnormal, unusual"", ""extraordinary""]",,,,,false,de,114,,,b1
1617,Vormittag,2026-08-28T15:40:17.402749+00:00,13,,noun,2026-08-28T15:40:17.402749+00:00,"[""morning, AM (before noon)""]",,,,,false,de,115,der,Vormittage,a1
1618,Ehepaar,2026-08-28T15:40:17.402749+00:00,10,,noun,2026-08-28T15:40:17.402749+00:00,"[""married couple, husband and wife""]",,,,,false,de,116,das,Ehepaare,b1
1619,Fall,2026-08-28T15:40:17.402749+00:00,,,noun,2026-08-28T15:40:17.402749+00:00,"[""case, situation, occasion"", ""circumstances""]",,,,,false,de,117,der,Fälle,a2
1620,Juni,2026-08-28T15:40:17.402749+00:00,13,,noun,2026-08-28T15:40:17.402749+00:00,"[""June""]",,,,,false,de,118,der,,a1
1621,tragen,2026-08-28T15:40:17.402749+00:00,20,,verb,2026-08-28T15:40:17.402749+00:00,"[""to carry, to transport"", ""to move, to convey""]",,,,,false,de,119,,,a2
1622,lang,2026-08-28T15:40:17.402749+00:00,21,,adjective,2026-08-28T15:40:17.402749+00:00,"[""long, lengthy""]",,,,,false,de,120,,,a1
1623,Mutter,2026-08-28T15:40:17.402749+00:00,10,,noun,2026-08-28T15:40:17.402749+00:00,"[""mother""]",,,,,false,de,121,die,Mütter,a1
1624,sich merken,2026-08-28T15:40:17.402749+00:00,26,,verb,2026-08-28T15:40:17.402749+00:00,"[""to memorize, remember, learn""]",,,,,false,de,122,,,a2
1625,Weizen,2026-08-28T15:40:17.402749+00:00,5,,noun,2026-08-28T15:40:17.402749+00:00,"[""wheat, barley, grain""]",,,,,false,de,123,der,,b1
1626,Therme,2026-08-28T15:40:17.402749+00:00,12,,noun,2026-08-28T15:40:17.402749+00:00,"[""hot spring"", ""onsen (Japanese hot spring bath)""]",,,,,false,de,124,die,Thermen,b2
1627,Bildung,2026-08-28T15:40:17.402749+00:00,8,,noun,2026-08-28T15:40:17.402749+00:00,"[""education"", ""upbringing, training""]",,,,,false,de,125,die,,b1
1628,Anteil,2026-08-28T15:40:17.402749+00:00,19,,noun,2026-08-28T15:40:17.402749+00:00,"[""ratio, proportion"", ""rate, percentage""]",,,,,false,de,126,der,Anteile,b1
1629,Schriftzeichen,2026-08-28T15:40:17.402749+00:00,8,,noun,2026-08-28T15:40:17.402749+00:00,"[""Chinese character, kanji""]",,,,,false,de,127,das,Schriftzeichen,b2
1630,Wochentag,2026-08-28T15:40:17.402749+00:00,13,,noun,2026-08-28T15:40:17.402749+00:00,"[""day of the week""]",,,,,false,de,128,der,Wochentage,a1
1631,Besorgung,2026-08-28T15:40:17.402749+00:00,,,noun,2026-08-28T15:40:17.402749+00:00,"[""errand, business to attend to, things to do""]",,,,,false,de,129,die,Besorgungen,b1
1632,Versicherung,2026-08-28T15:40:17.402749+00:00,33,,noun,2026-08-28T15:40:17.402749+00:00,"[""insurance""]",,,,,false,de,130,die,Versicherungen,a2
1633,Versorgung,2026-08-28T15:40:17.402749+00:00,25,,noun,2026-08-28T15:40:17.402749+00:00,"[""supply, provision"", ""distribution""]",,,,,false,de,132,die,,b2
1634,Forderung,2026-08-28T15:40:17.402749+00:00,,,noun,2026-08-28T15:40:17.402749+00:00,"[""demand, request, requirement""]",,,,,false,de,133,die,Forderungen,b2
1635,Immobilie,2026-08-28T15:40:17.402749+00:00,30,,noun,2026-08-28T15:40:17.402749+00:00,"[""real estate""]",,,,,false,de,134,die,Immobilien,b2
1636,Beleuchtung,2026-08-28T15:40:17.402749+00:00,35,,noun,2026-08-28T15:40:17.402749+00:00,"[""lighting""]",,,,,false,de,135,die,Beleuchtungen,b1
1637,antworten,2026-08-28T15:40:17.402749+00:00,24,,verb,2026-08-28T15:40:17.402749+00:00,"[""to answer, to reply, to respond""]",,,,,false,de,136,,,a1
1638,Schicksal,2026-08-28T15:40:17.402749+00:00,,,noun,2026-08-28T15:40:17.402749+00:00,"[""fate, destiny"", ""lot, fortune""]",,,,,false,de,137,das,Schicksale,b2
1639,Zuschauen,2026-08-28T15:40:17.402749+00:00,29,,noun,2026-08-28T15:40:17.402749+00:00,"[""viewing (media)""]",,,,,false,de,138,das,,b2
1640,Fahren,2026-08-28T15:40:17.402749+00:00,20,,noun,2026-08-28T15:40:17.402749+00:00,"[""driving, operation"", ""running (of a machine)""]",,,,,false,de,139,das,,a2
1641,ordnen,2026-08-28T15:40:17.402749+00:00,,,verb,2026-08-28T15:40:17.402749+00:00,"[""to arrange, to tidy, to put in order"", ""to prepare, to get ready""]",,,,,false,de,140,,,b1
1642,Mindesthaltbarkeitsdatum,2026-08-28T15:40:17.402749+00:00,5,,noun,2026-08-28T15:40:17.402749+00:00,"[""best before date""]",,,,,false,de,141,das,Mindesthaltbarkeitsdaten,b2
1643,Lehre,2026-08-28T15:40:17.402749+00:00,,,noun,2026-08-28T15:40:17.402749+00:00,"[""lesson, moral, teaching""]",,,,,false,de,142,die,Lehren,b2
1644,bemerken,2026-08-28T15:40:17.402749+00:00,26,,verb,2026-08-28T15:40:17.402749+00:00,"[""to notice, realize, become aware""]",,,,,false,de,143,,,b1
1645,gestern,2026-08-28T15:40:17.402749+00:00,13,,adverb,2026-08-28T15:40:17.402749+00:00,"[""yesterday""]",,,,,false,de,144,,,a1
1646,sich wenden,2026-08-28T15:40:17.402749+00:00,22,,verb,2026-08-28T15:40:17.402749+00:00,"[""to face, to turn toward"", ""to be suitable for""]",,,,,false,de,145,,,b2
1647,Empfehlung,2026-08-28T15:40:17.402749+00:00,7,,noun,2026-08-28T15:40:17.402749+00:00,"[""recommendation""]",,,,,false,de,146,die,Empfehlungen,b1
1648,alle,2026-08-28T15:40:17.402749+00:00,19,,pronoun,2026-08-28T15:40:17.402749+00:00,"[""all members, everyone"", ""the whole group""]",,,,,false,de,147,,,a1
1649,Vorjahr,2026-08-28T15:40:17.402749+00:00,13,,noun,2026-08-28T15:40:17.402749+00:00,"[""last year""]",,,,,false,de,148,das,Vorjahre,b1
1650,vergleichen,2026-08-28T15:40:17.402749+00:00,28,,verb,2026-08-28T15:40:17.402749+00:00,"[""to compare, use as an example, liken""]",,,,,false,de,149,,,b1
1651,Politik,2026-08-28T15:40:17.402749+00:00,29,,noun,2026-08-28T15:40:17.402749+00:00,"[""politics""]",,,,,false,de,150,die,,a2
1652,wissen,2026-08-28T15:44:01.807181+00:00,26,,verb,2026-08-28T15:44:01.807181+00:00,"[""to know, to be aware of, to learn""]",,,,,false,de,151,,,a1
1653,verkaufen,2026-08-28T15:44:01.807181+00:00,30,,verb,2026-08-28T15:44:01.807181+00:00,"[""to sell, to deal in""]",,,,,false,de,152,,,a2
1654,Karte,2026-08-28T15:44:01.807181+00:00,12,,noun,2026-08-28T15:44:01.807181+00:00,"[""map, atlas""]",,,,,false,de,154,die,Karten,a1
1655,Fahrkarte,2026-08-28T15:44:01.807181+00:00,2,,noun,2026-08-28T15:44:01.807181+00:00,"[""train ticket, boarding pass"", ""ticket for public transportation""]",,,,,false,de,155,die,Fahrkarten,a1
1656,übertreffen,2026-08-28T15:44:01.807181+00:00,28,,verb,2026-08-28T15:44:01.807181+00:00,"[""to excel, to surpass"", ""to be superior, to be outstanding""]",,,,,false,de,156,,,b2
1657,Maschine,2026-08-28T15:44:01.807181+00:00,,,noun,2026-08-28T15:44:01.807181+00:00,"[""machine, machinery, mechanism""]",,,,,false,de,157,die,Maschinen,a2
1658,Pflege,2026-08-28T15:44:01.807181+00:00,9,,noun,2026-08-28T15:44:01.807181+00:00,"[""nursing, care"", ""tending the sick""]",,,,,false,de,158,die,,b1
1659,Aal,2026-08-28T15:44:01.807181+00:00,7,,noun,2026-08-28T15:44:01.807181+00:00,"[""eel""]",,,,,false,de,159,der,Aale,b2
1660,verschwinden,2026-08-28T15:44:01.807181+00:00,,,verb,2026-08-28T15:44:01.807181+00:00,"[""to disappear, to vanish, to go out (fire/light)""]",,,,,false,de,160,,,b1
1661,Zeitraum,2026-08-28T15:44:01.807181+00:00,13,,noun,2026-08-28T15:44:01.807181+00:00,"[""time, season, period, occasion""]",,,,,false,de,161,der,Zeiträume,b1
1662,Rasur,2026-08-28T15:44:01.807181+00:00,6,,noun,2026-08-28T15:44:01.807181+00:00,"[""shaving""]",,,,,false,de,163,die,Rasuren,b2
1663,Glück,2026-08-28T15:44:01.807181+00:00,,,noun,2026-08-28T15:44:01.807181+00:00,"[""luck, fortune"", ""fate, destiny""]",,,,,false,de,164,das,,a2
1664,Tier,2026-08-28T15:44:01.807181+00:00,18,,noun,2026-08-28T15:44:01.807181+00:00,"[""animal"", ""creature""]",,,,,false,de,165,das,Tiere,a1
1665,Zeitungspapier,2026-08-28T15:44:01.807181+00:00,,,noun,2026-08-28T15:44:01.807181+00:00,"[""newspaper (the physical paper), newsprint""]",,,,,false,de,166,das,,b2
1666,Vater,2026-08-28T15:44:01.807181+00:00,10,,noun,2026-08-28T15:44:01.807181+00:00,"[""father""]",,,,,false,de,167,der,Väter,a1
1667,Augenheilkunde,2026-08-28T15:44:01.807181+00:00,9,,noun,2026-08-28T15:44:01.807181+00:00,"[""ophthalmology, eye clinic"", ""eye doctor""]",,,,,false,de,168,die,,c1
1668,Seife,2026-08-28T15:44:01.807181+00:00,5,,noun,2026-08-28T15:44:01.807181+00:00,"[""soap""]",,,,,false,de,169,die,Seifen,a2
1669,Funkwelle,2026-08-28T15:44:01.807181+00:00,32,,noun,2026-08-28T15:44:01.807181+00:00,"[""radio waves, electromagnetic waves, signal""]",,,,,false,de,170,die,Funkwellen,c1
1670,Arbeitsbeginn,2026-08-28T15:44:01.807181+00:00,25,,noun,2026-08-28T15:44:01.807181+00:00,"[""going to work, attendance"", ""reporting for duty""]",,,,,false,de,171,der,,b2
1671,Fahrpreis,2026-08-28T15:44:01.807181+00:00,2,,noun,2026-08-28T15:44:01.807181+00:00,"[""fare""]",,,,,false,de,172,der,Fahrpreise,b1
1672,Brücke,2026-08-28T15:44:01.807181+00:00,,,noun,2026-08-28T15:44:01.807181+00:00,"[""bridge""]",,,,,false,de,173,die,Brücken,a2
1673,Kino,2026-08-28T15:44:01.807181+00:00,,,noun,2026-08-28T15:44:01.807181+00:00,"[""cinema, movie theater""]",,,,,false,de,174,das,Kinos,a1
1674,Selbstverteidigung,2026-08-28T15:44:01.807181+00:00,11,,noun,2026-08-28T15:44:01.807181+00:00,"[""self-defense"", ""protecting oneself""]",,,,,false,de,175,die,,b2
1675,Gott,2026-08-28T15:44:01.807181+00:00,,,noun,2026-08-28T15:44:01.807181+00:00,"[""God, deity, divine being (respectful)""]",,,,,false,de,176,der,Götter,a2
1676,Wunde,2026-08-28T15:44:01.807181+00:00,17,,noun,2026-08-28T15:44:01.807181+00:00,"[""wound, cut"", ""injury opening""]",,,,,false,de,177,die,Wunden,b1
1677,Bruder,2026-08-28T15:44:01.807181+00:00,10,,noun,2026-08-28T15:44:01.807181+00:00,"[""older brother (plain/humble)""]",,,,,false,de,178,der,Brüder,a1
1678,Leben,2026-08-28T15:44:01.807181+00:00,,,noun,2026-08-28T15:44:01.807181+00:00,"[""life (of a living thing)"", ""one's life, existence""]",,,,,false,de,179,das,Leben,a1
1679,fein,2026-08-28T15:44:01.807181+00:00,21,,adjective,2026-08-28T15:44:01.807181+00:00,"[""detailed, fine, small, precise""]",,,,,false,de,180,,,b1
1680,lästig,2026-08-28T15:44:01.807181+00:00,29,,adjective,2026-08-28T15:44:01.807181+00:00,"[""nuisance"", ""trouble""]",,,,,false,de,181,,,b2
1681,Investition,2026-08-28T15:44:01.807181+00:00,33,,noun,2026-08-28T15:44:01.807181+00:00,"[""investment""]",,,,,false,de,182,die,Investitionen,b2
1682,lachen,2026-08-28T15:44:01.807181+00:00,15,,verb,2026-08-28T15:44:01.807181+00:00,"[""to laugh, smile""]",,,,,false,de,183,,,a1
1683,Oberbekleidung,2026-08-28T15:44:01.807181+00:00,3,,noun,2026-08-28T15:44:01.807181+00:00,"[""outerwear""]",,,,,false,de,184,die,,b2
1684,Tür,2026-08-28T15:44:01.807181+00:00,10,,noun,2026-08-28T15:44:01.807181+00:00,"[""door, sliding door"", ""household, family""]",,,,,false,de,185,die,Türen,a1
1685,Werkzeug,2026-08-28T15:44:01.807181+00:00,,,noun,2026-08-28T15:44:01.807181+00:00,"[""tool, instrument"", ""utensil, implement""]",,,,,false,de,186,das,Werkzeuge,a2
1686,Schild,2026-08-28T15:44:01.807181+00:00,,,noun,2026-08-28T15:44:01.807181+00:00,"[""signboard, billboard"", ""sign, nameplate""]",,,,,false,de,187,das,Schilder,a2
1687,Bahnsteigsperre,2026-08-28T15:44:01.807181+00:00,2,,noun,2026-08-28T15:44:01.807181+00:00,"[""ticket gate""]",,,,,false,de,188,die,Bahnsteigsperren,c1
1688,Baseball,2026-08-28T15:44:01.807181+00:00,31,,noun,2026-08-28T15:44:01.807181+00:00,"[""baseball""]",,,,,false,de,189,der,,a2
1689,Feiertag,2026-08-28T15:44:01.807181+00:00,13,,noun,2026-08-28T15:44:01.807181+00:00,"[""national holiday, public holiday""]",,,,,false,de,190,der,Feiertage,a2
1690,Gesamtbetrag,2026-08-28T15:44:01.807181+00:00,19,,noun,2026-08-28T15:44:01.807181+00:00,"[""total amount, grand total"", ""sum total""]",,,,,false,de,191,der,Gesamtbeträge,b2
1691,Kopfschmerzen,2026-08-28T15:44:01.807181+00:00,17,,noun,2026-08-28T15:44:01.807181+00:00,"[""headache""]",,,,,false,de,192,die,,a2
1692,beide,2026-08-28T15:44:01.807181+00:00,19,,pronoun,2026-08-28T15:44:01.807181+00:00,"[""both, both sides"", ""the two of them""]",,,,,false,de,193,,,a1
1693,Lebensmittel,2026-08-28T15:44:01.807181+00:00,5,,noun,2026-08-28T15:44:01.807181+00:00,"[""food, foodstuff"", ""food product""]",,,,,false,de,194,das,Lebensmittel,a2
1694,Hafen,2026-08-28T15:44:01.807181+00:00,,,noun,2026-08-28T15:44:01.807181+00:00,"[""harbor, port""]",,,,,false,de,195,der,Häfen,b1
1695,Kind,2026-08-28T15:44:01.807181+00:00,12,,noun,2026-08-28T15:44:01.807181+00:00,"[""child, children"", ""kid""]",,,,,false,de,196,das,Kinder,a1
1696,Partner,2026-08-28T15:44:01.807181+00:00,33,,noun,2026-08-28T15:44:01.807181+00:00,"[""other party, partner, opponent"", ""the other person (in a relationship/conversation)""]",,,,,false,de,197,der,Partner,a2
1697,Referenz,2026-08-28T15:44:01.807181+00:00,,,noun,2026-08-28T15:44:01.807181+00:00,"[""reference, consultation, example to follow""]",,,,,false,de,198,die,Referenzen,b2
1698,Gleichheit,2026-08-28T15:44:01.807181+00:00,28,,noun,2026-08-28T15:44:01.807181+00:00,"[""equality, equal treatment, impartiality""]",,,,,false,de,199,die,,b2
1699,Stahl,2026-08-28T15:44:01.807181+00:00,,,noun,2026-08-28T15:44:01.807181+00:00,"[""steel"", ""hard steel""]",,,,,false,de,200,der,,b1
1700,Ausschuss,2026-08-28T15:44:01.807181+00:00,11,,noun,2026-08-28T15:44:01.807181+00:00,"[""committee"", ""board, council""]",,,,,false,de,201,der,Ausschüsse,b2
1701,Feier,2026-08-28T15:44:01.807181+00:00,,,noun,2026-08-28T15:44:01.807181+00:00,"[""celebration, congratulation"", ""festivity""]",,,,,false,de,202,die,Feiern,a2
1702,geschickt,2026-08-28T15:44:01.807181+00:00,,,adjective,2026-08-28T15:44:01.807181+00:00,"[""skilled, good at, proficient"", ""clever, tactful""]",,,,,false,de,203,,,b1
1703,Silber,2026-08-28T15:44:01.807181+00:00,16,,noun,2026-08-28T15:44:01.807181+00:00,"[""silver color, silver""]",,,,,false,de,204,das,,a2
1704,Rathaus,2026-08-28T15:44:01.807181+00:00,11,,noun,2026-08-28T15:44:01.807181+00:00,"[""government office, municipal office""]",,,,,false,de,205,das,Rathäuser,a2
1705,Kürzung,2026-08-28T15:44:01.807181+00:00,,,noun,2026-08-28T15:44:01.807181+00:00,"[""reduction, cutback"", ""curtailment, trimming""]",,,,,false,de,206,die,Kürzungen,b2
1706,erhalten,2026-08-28T15:44:01.807181+00:00,7,,verb,2026-08-28T15:44:01.807181+00:00,"[""to receive (humble form)"", ""to eat, to drink (humble form)""]",,,,,false,de,207,,,b1
1707,Verfassung,2026-08-28T15:44:01.807181+00:00,,,noun,2026-08-28T15:44:01.807181+00:00,"[""condition, state, tone, rhythm"", ""how one is feeling, physical condition""]",,,,,false,de,208,die,,b2
1708,Frieden,2026-08-28T15:44:01.807181+00:00,,,noun,2026-08-28T15:44:01.807181+00:00,"[""peace, harmony"", ""tranquility""]",,,,,false,de,210,der,,a2
1709,Schneefall,2026-08-28T15:44:01.807181+00:00,14,,noun,2026-08-28T15:44:01.807181+00:00,"[""heavy snow, heavy snowfall""]",,,,,false,de,211,der,Schneefälle,b1
1710,Partei,2026-08-28T15:44:01.807181+00:00,11,,noun,2026-08-28T15:44:01.807181+00:00,"[""political party""]",,,,,false,de,212,die,Parteien,b1
1711,sich verbreiten,2026-08-28T15:44:01.807181+00:00,24,,verb,2026-08-28T15:44:01.807181+00:00,"[""to be transmitted, spread, be conveyed""]",,,,,false,de,213,,,b2
1712,Bettwäsche,2026-08-28T15:44:01.807181+00:00,35,,noun,2026-08-28T15:44:01.807181+00:00,"[""bedding""]",,,,,false,de,214,die,,b1
1713,sauber,2026-08-28T15:44:01.807181+00:00,,,adjective,2026-08-28T15:44:01.807181+00:00,"[""clean, hygienic, sanitary"", ""neat, tidy""]",,,,,false,de,215,,,a1
1714,passen,2026-08-28T15:44:01.807181+00:00,,,verb,2026-08-28T15:44:01.807181+00:00,"[""to fit, to match, to suit"", ""to agree, to be correct""]",,,,,false,de,216,,,a2
1715,Abstand,2026-08-28T15:44:01.807181+00:00,22,,noun,2026-08-28T15:44:01.807181+00:00,"[""interval, space, gap"", ""between, among""]",,,,,false,de,217,der,Abstände,b1
1716,Erwartung,2026-08-28T15:44:01.807181+00:00,15,,noun,2026-08-28T15:44:01.807181+00:00,"[""expectation, anticipation, hope""]",,,,,false,de,218,die,Erwartungen,b1
1717,Erstellung,2026-08-28T15:44:01.807181+00:00,29,,noun,2026-08-28T15:44:01.807181+00:00,"[""create""]",,,,,false,de,219,die,,b2
1718,Taifun,2026-08-28T15:44:01.807181+00:00,14,,noun,2026-08-28T15:44:01.807181+00:00,"[""typhoon, tropical cyclone""]",,,,,false,de,220,der,Taifune,b2
1719,Erste Hilfe,2026-08-28T15:44:01.807181+00:00,36,,noun,2026-08-28T15:44:01.807181+00:00,"[""first aid"", ""emergency""]",,,,,false,de,221,die,,b1
1720,Gesellschaft,2026-08-28T15:44:01.807181+00:00,8,,noun,2026-08-28T15:44:01.807181+00:00,"[""society, community"", ""social studies (school subject)""]",,,,,false,de,222,die,Gesellschaften,b1
1721,Betrieb,2026-08-28T15:44:01.807181+00:00,12,,noun,2026-08-28T15:44:01.807181+00:00,"[""transit operation"", ""service""]",,,,,false,de,223,der,,b2
1722,Nummer,2026-08-28T15:44:01.807181+00:00,19,,noun,2026-08-28T15:44:01.807181+00:00,"[""number, phone number, ID number""]",,,,,false,de,224,die,Nummern,a1
1723,Gesichtsfarbe,2026-08-28T15:44:01.807181+00:00,17,,noun,2026-08-28T15:44:01.807181+00:00,"[""complexion, color of one's face"", ""expression, mood, looks""]",,,,,false,de,225,die,Gesichtsfarben,b2
1724,Anmeldung,2026-08-28T15:44:01.807181+00:00,32,,noun,2026-08-28T15:44:01.807181+00:00,"[""application"", ""application form""]",,,,,false,de,226,die,Anmeldungen,a2
1725,Gipfel,2026-08-28T15:44:01.807181+00:00,22,,noun,2026-08-28T15:44:01.807181+00:00,"[""summit, top, peak"", ""pinnacle, apex""]",,,,,false,de,227,der,Gipfel,b1
1726,Bewusstsein,2026-08-28T15:44:01.807181+00:00,26,,noun,2026-08-28T15:44:01.807181+00:00,"[""consciousness, awareness"", ""sense of, realization""]",,,,,false,de,228,das,,b2
1727,Pullover,2026-08-28T15:44:01.807181+00:00,3,,noun,2026-08-28T15:44:01.807181+00:00,"[""sweater""]",,,,,false,de,229,der,Pullover,a1
1728,Aufmerksamkeit,2026-08-28T15:44:01.807181+00:00,26,,noun,2026-08-28T15:44:01.807181+00:00,"[""attention, notice, being watched""]",,,,,false,de,230,die,,b1
1729,Erlebnis,2026-08-28T15:44:01.807181+00:00,,,noun,2026-08-28T15:44:01.807181+00:00,"[""experience, first-hand experience"", ""personal experience""]",,,,,false,de,231,das,Erlebnisse,b1
1730,Heimat,2026-08-28T15:44:01.807181+00:00,10,,noun,2026-08-28T15:44:01.807181+00:00,"[""hometown, native place"", ""local, regional""]",,,,,false,de,232,die,,b1
1731,Herz,2026-08-28T15:44:01.807181+00:00,15,,noun,2026-08-28T15:44:01.807181+00:00,"[""heart, mind, spirit"", ""feelings, emotions""]",,,,,false,de,233,das,Herzen,a2
1732,Pazifik,2026-08-28T15:44:01.807181+00:00,14,,noun,2026-08-28T15:44:01.807181+00:00,"[""Pacific Ocean""]",,,,,false,de,234,der,,b1
1733,Sofa,2026-08-28T15:44:01.807181+00:00,35,,noun,2026-08-28T15:44:01.807181+00:00,"[""sofa""]",,,,,false,de,235,das,Sofas,a1
1734,Verbesserung,2026-08-28T15:44:01.807181+00:00,,,noun,2026-08-28T15:44:01.807181+00:00,"[""improvement, betterment""]",,,,,false,de,236,die,Verbesserungen,b1
1735,Holzbau,2026-08-28T15:44:01.807181+00:00,30,,noun,2026-08-28T15:44:01.807181+00:00,"[""wooden construction""]",,,,,false,de,237,der,Holzbauten,c1
1736,Zahnarzt,2026-08-28T15:44:01.807181+00:00,9,,noun,2026-08-28T15:44:01.807181+00:00,"[""dentist, dental clinic""]",,,,,false,de,238,der,Zahnärzte,a2
1737,arbeiten,2026-08-28T15:44:01.807181+00:00,25,,verb,2026-08-28T15:44:01.807181+00:00,"[""to work at, to be employed"", ""to serve (in a role)""]",,,,,false,de,239,,,a1
1738,Verarbeitung,2026-08-28T15:44:01.807181+00:00,25,,noun,2026-08-28T15:44:01.807181+00:00,"[""processing, manufacturing, fabrication""]",,,,,false,de,240,die,,b2
1739,Unterlagen,2026-08-28T15:44:01.807181+00:00,25,,noun,2026-08-28T15:44:01.807181+00:00,"[""documents, papers, paperwork""]",,,,,false,de,241,die,,b1
1740,Feder,2026-08-28T15:44:01.807181+00:00,18,,noun,2026-08-28T15:44:01.807181+00:00,"[""feather, wing"", ""shuttlecock (badminton)""]",,,,,false,de,242,die,Federn,b1
1741,Tee,2026-08-28T15:44:01.807181+00:00,31,,noun,2026-08-28T15:44:01.807181+00:00,"[""tea (Japanese tea, especially green tea)""]",,,,,false,de,243,der,Tees,a1
1742,Nase,2026-08-28T15:44:01.807181+00:00,17,,noun,2026-08-28T15:44:01.807181+00:00,"[""nose""]",,,,,false,de,244,die,Nasen,a1
1743,feiern,2026-08-28T15:44:01.807181+00:00,,,verb,2026-08-28T15:44:01.807181+00:00,"[""to celebrate, congratulate""]",,,,,false,de,245,,,a2
1744,Morgen,2026-08-28T15:44:01.807181+00:00,13,,noun,2026-08-28T15:44:01.807181+00:00,"[""morning""]",,,,,false,de,246,der,Morgen,a1
1745,Grün,2026-08-28T15:44:01.807181+00:00,16,,noun,2026-08-28T15:44:01.807181+00:00,"[""green (color), verdure""]",,,,,false,de,247,das,,a1
1746,großartig,2026-08-28T15:44:01.807181+00:00,,,adjective,2026-08-28T15:44:01.807181+00:00,"[""splendid, magnificent, admirable, skillful""]",,,,,false,de,248,,,b1
1747,Frage,2026-08-28T15:44:01.807181+00:00,24,,noun,2026-08-28T15:44:01.807181+00:00,"[""question, inquiry"", ""query""]",,,,,false,de,249,die,Fragen,a1
1748,fallen,2026-08-28T15:44:01.807181+00:00,20,,verb,2026-08-28T15:44:01.807181+00:00,"[""to fall, to drop, to come off"", ""to fail (an exam)""]",,,,,false,de,250,,,a2
1749,Kauf,2026-08-28T15:44:01.807181+00:00,29,,noun,2026-08-28T15:44:01.807181+00:00,"[""purchase""]",,,,,false,de,251,der,Käufe,a2
1750,Strommast,2026-08-28T15:44:01.807181+00:00,,,noun,2026-08-28T15:44:01.807181+00:00,"[""utility pole, electric pole, telephone pole""]",,,,,false,de,252,der,Strommasten,b2
1751,betreffen,2026-08-28T15:44:01.807181+00:00,,,verb,2026-08-28T15:44:01.807181+00:00,"[""to relate to, concern, be about""]",,,,,false,de,254,,,b2
1752,Haarwäsche,2026-08-28T15:44:01.807181+00:00,6,,noun,2026-08-28T15:44:01.807181+00:00,"[""hair washing""]",,,,,false,de,255,die,,b2
1753,Budget,2026-08-28T15:44:01.807181+00:00,12,,noun,2026-08-28T15:44:01.807181+00:00,"[""budget, estimated expenditure""]",,,,,false,de,256,das,Budgets,b1
1754,Handhabung,2026-08-28T15:44:01.807181+00:00,,,noun,2026-08-28T15:44:01.807181+00:00,"[""how to use, way of using, usage""]",,,,,false,de,257,die,,b2
1755,Platz,2026-08-28T15:44:01.807181+00:00,12,,noun,2026-08-28T15:44:01.807181+00:00,"[""seat""]",,,,,false,de,258,der,Plätze,a1
1756,Hälfte,2026-08-28T15:44:01.807181+00:00,19,,noun,2026-08-28T15:44:01.807181+00:00,"[""half, fifty percent""]",,,,,false,de,259,die,Hälften,a2
1757,Teller,2026-08-28T15:44:01.807181+00:00,7,,noun,2026-08-28T15:44:01.807181+00:00,"[""plate, dish""]",,,,,false,de,261,der,Teller,a1
1758,Schnitt,2026-08-28T15:44:01.807181+00:00,6,,noun,2026-08-28T15:44:01.807181+00:00,"[""cut""]",,,,,false,de,262,der,Schnitte,b1
1759,Besichtigung,2026-08-28T15:44:01.807181+00:00,30,,noun,2026-08-28T15:44:01.807181+00:00,"[""property viewing""]",,,,,false,de,263,die,Besichtigungen,b2
1760,Feinschliff,2026-08-28T15:44:01.807181+00:00,6,,noun,2026-08-28T15:44:01.807181+00:00,"[""finishing touches""]",,,,,false,de,264,der,,c1
1761,Arbeitsgemeinschaft,2026-08-28T15:44:01.807181+00:00,8,,noun,2026-08-28T15:44:01.807181+00:00,"[""club activities (in school), extracurricular activities""]",,,,,false,de,265,die,Arbeitsgemeinschaften,b2
1762,Welle,2026-08-28T15:44:01.807181+00:00,14,,noun,2026-08-28T15:44:01.807181+00:00,"[""wave (water), surge"", ""ripple, fluctuation""]",,,,,false,de,266,die,Wellen,a2
1763,brauchen,2026-08-28T15:44:01.807181+00:00,,,verb,2026-08-28T15:44:01.807181+00:00,"[""to need, be necessary""]",,,,,false,de,267,,,a1
1764,rechte Hand,2026-08-28T15:44:01.807181+00:00,17,,noun,2026-08-28T15:44:01.807181+00:00,"[""right hand""]",,,,,false,de,268,die,,a1
1765,Schwierigkeit,2026-08-28T15:44:01.807181+00:00,,,noun,2026-08-28T15:44:01.807181+00:00,"[""difficulty, hardship"", ""trouble, obstacle""]",,,,,false,de,269,die,Schwierigkeiten,b1
1766,Gedicht,2026-08-28T15:44:01.807181+00:00,,,noun,2026-08-28T15:44:01.807181+00:00,"[""poem, poetry""]",,,,,false,de,270,das,Gedichte,b1
1767,Beziehung,2026-08-28T15:44:01.807181+00:00,,,noun,2026-08-28T15:44:01.807181+00:00,"[""relationship, connection"", ""relevance, involvement""]",,,,,false,de,273,die,Beziehungen,b1
1768,Vergangenheit,2026-08-28T15:44:01.807181+00:00,13,,noun,2026-08-28T15:44:01.807181+00:00,"[""past, bygone days"", ""past tense""]",,,,,false,de,274,die,,b1
1769,vergriffen,2026-08-28T15:44:01.807181+00:00,4,,adjective,2026-08-28T15:44:01.807181+00:00,"[""out of stock""]",,,,,false,de,275,,,b2
1770,sich bemühen,2026-08-28T15:44:01.807181+00:00,,,verb,2026-08-28T15:44:01.807181+00:00,"[""to endeavor, make effort, strive""]",,,,,false,de,276,,,b2
1771,Fahrrad,2026-08-28T15:44:01.807181+00:00,36,,noun,2026-08-28T15:44:01.807181+00:00,"[""bicycle, bike""]",,,,,false,de,277,das,Fahrräder,a1
1772,Verbrauch,2026-08-28T15:44:01.807181+00:00,23,,noun,2026-08-28T15:44:01.807181+00:00,"[""consumption, spending, use""]",,,,,false,de,278,der,,b1
1773,Geburtsort,2026-08-28T15:44:01.807181+00:00,10,,noun,2026-08-28T15:44:01.807181+00:00,"[""hometown, birthplace"", ""native land""]",,,,,false,de,279,der,Geburtsorte,b1
1774,Anstrengung,2026-08-28T15:44:01.807181+00:00,,,noun,2026-08-28T15:44:01.807181+00:00,"[""effort, endeavor, hard work""]",,,,,false,de,280,die,Anstrengungen,b1
1775,interessant,2026-08-28T15:44:01.807181+00:00,,,adjective,2026-08-28T15:44:01.807181+00:00,"[""interesting, funny, amusing, entertaining""]",,,,,false,de,281,,,a1
1776,Abfahrt,2026-08-28T15:44:01.807181+00:00,12,,noun,2026-08-28T15:44:01.807181+00:00,"[""departure, setting off, leaving""]",,,,,false,de,282,die,Abfahrten,a2
1777,Polizei,2026-08-28T15:44:01.807181+00:00,11,,noun,2026-08-28T15:44:01.807181+00:00,"[""police, police force""]",,,,,false,de,283,die,,a1
1778,Teil,2026-08-28T15:44:01.807181+00:00,19,,noun,2026-08-28T15:44:01.807181+00:00,"[""part, portion, section""]",,,,,false,de,285,der,Teile,a2
1779,Wind,2026-08-28T15:44:01.807181+00:00,14,,noun,2026-08-28T15:44:01.807181+00:00,"[""wind, breeze; also cold (illness)""]",,,,,false,de,286,der,Winde,a1
1780,Palast,2026-08-28T15:44:01.807181+00:00,,,noun,2026-08-28T15:44:01.807181+00:00,"[""palace"", ""royal residence""]",,,,,false,de,287,der,Paläste,b1
1781,eintreten,2026-08-28T15:44:01.807181+00:00,20,,verb,2026-08-28T15:44:01.807181+00:00,"[""to enter, to go in"", ""to be contained, to join""]",,,,,false,de,288,,,a2
1782,Verständnis,2026-08-28T15:44:01.807181+00:00,26,,noun,2026-08-28T15:44:01.807181+00:00,"[""understanding, comprehension"", ""appreciation, empathy""]",,,,,false,de,289,das,,b1
1783,aussehen,2026-08-28T15:44:01.807181+00:00,,,verb,2026-08-28T15:44:01.807181+00:00,"[""to be seen, to be visible, to be in sight, to look, to appear""]",,,,,false,de,290,,,a2
1784,Schiff,2026-08-28T15:44:01.807181+00:00,12,,noun,2026-08-28T15:44:01.807181+00:00,"[""ship, boat, vessel""]",,,,,false,de,291,das,Schiffe,a2
1785,morgen,2026-08-28T15:44:01.807181+00:00,13,,adverb,2026-08-28T15:44:01.807181+00:00,"[""tomorrow""]",,,,,false,de,292,,,a1
1786,Methode,2026-08-28T15:44:01.807181+00:00,33,,noun,2026-08-28T15:44:01.807181+00:00,"[""method, way, means, approach""]",,,,,false,de,293,die,Methoden,b1
1787,ernähren,2026-08-28T15:44:01.807181+00:00,10,,verb,2026-08-28T15:44:01.807181+00:00,"[""to raise, support, nourish, cultivate""]",,,,,false,de,294,,,b2
1788,Schnäppchenpreis,2026-08-28T15:44:01.807181+00:00,30,,noun,2026-08-28T15:44:01.807181+00:00,"[""bargain price"", ""cut-rate""]",,,,,false,de,295,der,Schnäppchenpreise,b2
1789,Pony,2026-08-28T15:44:01.807181+00:00,6,,noun,2026-08-28T15:44:01.807181+00:00,"[""bangs / fringe""]",,,,,false,de,296,der,Ponys,b2
1790,Ehemann,2026-08-28T15:44:01.807181+00:00,10,,noun,2026-08-28T15:44:01.807181+00:00,"[""husband""]",,,,,false,de,297,der,Ehemänner,a1
1791,Austausch,2026-08-28T15:44:01.807181+00:00,,,noun,2026-08-28T15:44:01.807181+00:00,"[""exchange, replacement, substitution""]",,,,,false,de,298,der,,b1
1792,Salat,2026-08-28T15:44:01.807181+00:00,7,,noun,2026-08-28T15:44:01.807181+00:00,"[""salad""]",,,,,false,de,299,der,Salate,a1
1793,Majestät,2026-08-28T15:44:01.807181+00:00,11,,noun,2026-08-28T15:44:01.807181+00:00,"[""Your Majesty, His/Her Majesty"", ""imperial title""]",,,,,false,de,300,die,Majestäten,c1
1794,Barcode,2026-08-28T15:46:42.051338+00:00,33,,noun,2026-08-28T15:46:42.051338+00:00,"[""barcode""]",,,,,false,de,384,der,Barcodes,b1
1795,versterben,2026-08-28T15:46:42.051338+00:00,,,verb,2026-08-28T15:46:42.051338+00:00,"[""to die, to pass away"", ""to be deceased""]",,,,,false,de,399,,,b2
1796,Kommunikation,2026-08-28T15:46:42.051338+00:00,32,,noun,2026-08-28T15:46:42.051338+00:00,"[""communication""]",,,,,false,de,437,die,,b1
1797,Rabatt,2026-08-28T15:46:42.051338+00:00,1,,noun,2026-08-28T15:46:42.051338+00:00,"[""discount""]",,,,,false,de,310,der,Rabatte,a2
1798,Grenze,2026-08-28T15:46:42.051338+00:00,12,,noun,2026-08-28T15:46:42.051338+00:00,"[""national border, frontier"", ""boundary between countries""]",,,,,false,de,397,die,Grenzen,b1
1799,anbringen,2026-08-28T15:46:42.051338+00:00,,,verb,2026-08-28T15:46:42.051338+00:00,"[""to attach, affix, turn on, apply""]",,,,,false,de,339,,,b1
1800,sprechen,2026-08-28T15:46:42.051338+00:00,24,,verb,2026-08-28T15:46:42.051338+00:00,"[""to speak, to talk, to tell""]",,,,,false,de,330,,,a1
1801,Schaf,2026-08-28T15:46:42.051338+00:00,18,,noun,2026-08-28T15:46:42.051338+00:00,"[""sheep""]",,,,,false,de,359,das,Schafe,a2
1802,Ladegerät,2026-08-28T15:46:42.051338+00:00,4,,noun,2026-08-28T15:46:42.051338+00:00,"[""charger""]",,,,,false,de,405,das,Ladegeräte,b1
1803,Ersatz,2026-08-28T15:46:42.051338+00:00,,,noun,2026-08-28T15:46:42.051338+00:00,"[""substitute, replacement"", ""instead of, in return""]",,,,,false,de,379,der,,b1
1804,Bahnsteig,2026-08-28T15:46:42.051338+00:00,2,,noun,2026-08-28T15:46:42.051338+00:00,"[""platform""]",,,,,false,de,414,der,Bahnsteige,a2
1805,Einschiffung,2026-08-28T15:46:42.051338+00:00,12,,noun,2026-08-28T15:46:42.051338+00:00,"[""boarding a ship, embarking""]",,,,,false,de,449,die,,c1
1806,Druck,2026-08-28T15:46:42.051338+00:00,,,noun,2026-08-28T15:46:42.051338+00:00,"[""printing""]",,,,,false,de,307,der,,b1
1807,Baby,2026-08-28T15:46:42.051338+00:00,10,,noun,2026-08-28T15:46:42.051338+00:00,"[""baby, infant""]",,,,,false,de,382,das,Babys,a1
1808,Anwendung,2026-08-28T15:46:42.051338+00:00,,,noun,2026-08-28T15:46:42.051338+00:00,"[""application, practical use"", ""applied (as in applied science)""]",,,,,false,de,335,die,Anwendungen,b1
1809,Rock,2026-08-28T15:46:42.051338+00:00,3,,noun,2026-08-28T15:46:42.051338+00:00,"[""skirt""]",,,,,false,de,357,der,Röcke,a1
1810,Landwirtschaft,2026-08-28T15:46:42.051338+00:00,25,,noun,2026-08-28T15:46:42.051338+00:00,"[""agriculture, farming""]",,,,,false,de,325,die,,b1
1811,Vermögenswert,2026-08-28T15:46:42.051338+00:00,30,,noun,2026-08-28T15:46:42.051338+00:00,"[""asset value""]",,,,,false,de,442,der,Vermögenswerte,c1
1812,Satzzeichen,2026-08-28T15:46:42.051338+00:00,24,,noun,2026-08-28T15:46:42.051338+00:00,"[""punctuation marks"", ""punctuation""]",,,,,false,de,428,das,Satzzeichen,b1
1813,nicht zutreffend,2026-08-28T15:46:42.051338+00:00,33,,phrase,2026-08-28T15:46:42.051338+00:00,"[""not applicable"", ""excluded""]",,,,,false,de,321,,,b2
1814,Gespräch,2026-08-28T15:46:42.051338+00:00,24,,noun,2026-08-28T15:46:42.051338+00:00,"[""story, talk, conversation, subject""]",,,,,false,de,324,das,Gespräche,a2
1815,Bedeutung,2026-08-28T15:46:42.051338+00:00,,,noun,2026-08-28T15:46:42.051338+00:00,"[""meaning, significance"", ""importance, purpose""]",,,,,false,de,424,die,Bedeutungen,b1
1816,Mai,2026-08-28T15:46:42.051338+00:00,13,,noun,2026-08-28T15:46:42.051338+00:00,"[""May""]",,,,,false,de,381,der,,a1
1817,Plan,2026-08-28T15:46:42.051338+00:00,29,,noun,2026-08-28T15:46:42.051338+00:00,"[""plan, schedule"", ""expected, scheduled""]",,,,,false,de,408,der,Pläne,a2
1818,heilen,2026-08-28T15:46:42.051338+00:00,9,,verb,2026-08-28T15:46:42.051338+00:00,"[""to cure, heal (transitive), fix""]",,,,,false,de,413,,,b1
1819,Make-up,2026-08-28T15:46:42.051338+00:00,36,,noun,2026-08-28T15:46:42.051338+00:00,"[""makeup, cosmetics"", ""make oneself up""]",,,,,false,de,315,das,,a2
1820,heranrücken,2026-08-28T15:46:42.051338+00:00,20,,verb,2026-08-28T15:46:42.051338+00:00,"[""to bring near, to push"", ""to collect, to gather""]",,,,,false,de,343,,,c1
1821,Zukunft,2026-08-28T15:46:42.051338+00:00,13,,noun,2026-08-28T15:46:42.051338+00:00,"[""future, one's future prospects""]",,,,,false,de,337,die,,a2
1822,abschreiben,2026-08-28T15:46:42.051338+00:00,,,verb,2026-08-28T15:46:42.051338+00:00,"[""to copy, to transcribe"", ""to photograph, to film""]",,,,,false,de,419,,,b1
1823,Dampflok,2026-08-28T15:46:42.051338+00:00,2,,noun,2026-08-28T15:46:42.051338+00:00,"[""steam train, train (old-fashioned term)"", ""railway car""]",,,,,false,de,314,die,Dampfloks,b2
1824,Hang,2026-08-28T15:46:42.051338+00:00,14,,noun,2026-08-28T15:46:42.051338+00:00,"[""slope, hill, incline"", ""uphill or downhill slope""]",,,,,false,de,444,der,Hänge,b1
1825,Luftbefeuchter,2026-08-28T15:46:42.051338+00:00,36,,noun,2026-08-28T15:46:42.051338+00:00,"[""humidifier""]",,,,,false,de,391,der,Luftbefeuchter,b2
1826,Gewürz,2026-08-28T15:46:42.051338+00:00,5,,noun,2026-08-28T15:46:42.051338+00:00,"[""seasoning"", ""condiment""]",,,,,false,de,400,das,Gewürze,b1
1827,schließen,2026-08-28T15:46:42.051338+00:00,,,verb,2026-08-28T15:46:42.051338+00:00,"[""to close, to shut (transitive)"", ""to lock, to fasten""]",,,,,false,de,320,,,a2
1828,essen,2026-08-28T15:46:42.051338+00:00,7,,verb,2026-08-28T15:46:42.051338+00:00,"[""to eat""]",,,,,false,de,426,,,a1
1829,Bushaltestelle,2026-08-28T15:46:42.051338+00:00,2,,noun,2026-08-28T15:46:42.051338+00:00,"[""bus stop""]",,,,,false,de,412,die,Bushaltestellen,a1
1830,Gymnasium,2026-08-28T15:46:42.051338+00:00,8,,noun,2026-08-28T15:46:42.051338+00:00,"[""high school, senior high school""]",,,,,false,de,304,das,Gymnasien,a2
1831,Journalist,2026-08-28T15:46:42.051338+00:00,24,,noun,2026-08-28T15:46:42.051338+00:00,"[""journalist, reporter, correspondent""]",,,,,false,de,361,der,Journalisten,b1
1832,Tempel,2026-08-28T15:46:42.051338+00:00,,,noun,2026-08-28T15:46:42.051338+00:00,"[""Buddhist temple""]",,,,,false,de,355,der,Tempel,b1
1833,Garten,2026-08-28T15:46:42.051338+00:00,12,,noun,2026-08-28T15:46:42.051338+00:00,"[""garden, park (formal or traditional garden)""]",,,,,false,de,348,der,Gärten,a1
1834,verlieren,2026-08-28T15:46:42.051338+00:00,,,verb,2026-08-28T15:46:42.051338+00:00,"[""to lose, forfeit""]",,,,,false,de,332,,,a2
1835,Unterhaltung,2026-08-28T15:46:42.051338+00:00,24,,noun,2026-08-28T15:46:42.051338+00:00,"[""talk, conversation, discourse, comment""]",,,,,false,de,333,die,Unterhaltungen,b1
1836,Qualifikation,2026-08-28T15:46:42.051338+00:00,25,,noun,2026-08-28T15:46:42.051338+00:00,"[""qualification, credential"", ""license, eligibility""]",,,,,false,de,404,die,Qualifikationen,b2
1837,Prüfung,2026-08-28T15:46:42.051338+00:00,8,,noun,2026-08-28T15:46:42.051338+00:00,"[""examination, test, exam""]",,,,,false,de,376,die,Prüfungen,a2
1838,Verteidigung,2026-08-28T15:46:42.051338+00:00,11,,noun,2026-08-28T15:46:42.051338+00:00,"[""defense, protection"", ""guarding, safeguarding""]",,,,,false,de,433,die,,b2
1839,Tagebuch,2026-08-28T15:46:42.051338+00:00,,,noun,2026-08-28T15:46:42.051338+00:00,"[""diary, journal""]",,,,,false,de,303,das,Tagebücher,a2
1840,Fähigkeit,2026-08-28T15:46:42.051338+00:00,,,noun,2026-08-28T15:46:42.051338+00:00,"[""skill, ability, technique"", ""technical skill, proficiency""]",,,,,false,de,365,die,Fähigkeiten,b1
1841,bekommen,2026-08-28T15:46:42.051338+00:00,,,verb,2026-08-28T15:46:42.051338+00:00,"[""to receive, to get"", ""to undergo, to take (an exam or treatment)""]",,,,,false,de,401,,,a1
1842,Pfeil und Bogen,2026-08-28T15:46:42.051338+00:00,27,,phrase,2026-08-28T15:46:42.051338+00:00,"[""bow and arrow""]",,,,,false,de,301,,,b1
1843,Jahrhundert,2026-08-28T15:46:42.051338+00:00,13,,noun,2026-08-28T15:46:42.051338+00:00,"[""century"", ""era, age""]",,,,,false,de,340,das,Jahrhunderte,b1
1844,Freund,2026-08-28T15:46:42.051338+00:00,,,noun,2026-08-28T15:46:42.051338+00:00,"[""friend, companion""]",,,,,false,de,367,der,Freunde,a1
1845,Rennen,2026-08-28T15:46:42.051338+00:00,27,,noun,2026-08-28T15:46:42.051338+00:00,"[""race (running), competitive race""]",,,,,false,de,392,das,Rennen,b1
1846,Reform,2026-08-28T15:46:42.051338+00:00,11,,noun,2026-08-28T15:46:42.051338+00:00,"[""reform, reformation"", ""improvement""]",,,,,false,de,429,die,Reformen,b2
1847,Menge,2026-08-28T15:46:42.051338+00:00,,,noun,2026-08-28T15:46:42.051338+00:00,"[""crowd, multitude"", ""throng of people""]",,,,,false,de,432,die,Mengen,b1
1848,Entwicklung,2026-08-28T15:46:42.051338+00:00,,,noun,2026-08-28T15:46:42.051338+00:00,"[""development, growth, expansion""]",,,,,false,de,396,die,Entwicklungen,b1
1849,Bahnhof,2026-08-28T15:46:42.051338+00:00,2,,noun,2026-08-28T15:46:42.051338+00:00,"[""(train) station"", ""railway station""]",,,,,false,de,319,der,Bahnhöfe,a1
1850,Heimkehr,2026-08-28T15:46:42.051338+00:00,10,,noun,2026-08-28T15:46:42.051338+00:00,"[""returning home, going home""]",,,,,false,de,435,die,,b2
1851,Bericht,2026-08-28T15:46:42.051338+00:00,29,,noun,2026-08-28T15:46:42.051338+00:00,"[""report""]",,,,,false,de,398,der,Berichte,b1
1852,Bargeld,2026-08-28T15:46:42.051338+00:00,33,,noun,2026-08-28T15:46:42.051338+00:00,"[""cash""]",,,,,false,de,366,das,,a2
1853,Imbiss,2026-08-28T15:46:42.051338+00:00,7,,noun,2026-08-28T15:46:42.051338+00:00,"[""light meal, snack, refreshment""]",,,,,false,de,317,der,Imbisse,b1
1854,Knochenbruch,2026-08-28T15:46:42.051338+00:00,9,,noun,2026-08-28T15:46:42.051338+00:00,"[""bone fracture, broken bone"", ""breaking a bone""]",,,,,false,de,440,der,Knochenbrüche,b2
1855,Eltern,2026-08-28T15:46:42.051338+00:00,10,,noun,2026-08-28T15:46:42.051338+00:00,"[""parent, parents""]",,,,,false,de,421,die,,a1
1856,Öl,2026-08-28T15:46:42.051338+00:00,5,,noun,2026-08-28T15:46:42.051338+00:00,"[""oil, fat, grease""]",,,,,false,de,358,das,Öle,a1
1857,sich unterscheiden,2026-08-28T15:46:42.051338+00:00,28,,verb,2026-08-28T15:46:42.051338+00:00,"[""to differ, to vary"", ""to be different from""]",,,,,false,de,326,,,b1
1858,erfüllen,2026-08-28T15:46:42.051338+00:00,,,verb,2026-08-28T15:46:42.051338+00:00,"[""to accomplish, fulfill, achieve""]",,,,,false,de,443,,,b2
1859,Einzelzimmer,2026-08-28T15:46:42.051338+00:00,7,,noun,2026-08-28T15:46:42.051338+00:00,"[""private room""]",,,,,false,de,416,das,Einzelzimmer,a2
1860,Hauptstrecke,2026-08-28T15:46:42.051338+00:00,2,,noun,2026-08-28T15:46:42.051338+00:00,"[""main line, trunk line"", ""main route""]",,,,,false,de,427,die,Hauptstrecken,b2
1861,Einführung,2026-08-28T15:46:42.051338+00:00,8,,noun,2026-08-28T15:46:42.051338+00:00,"[""introduction, primer, beginning level""]",,,,,false,de,377,die,Einführungen,b1
1862,Brille,2026-08-28T15:46:42.051338+00:00,36,,noun,2026-08-28T15:46:42.051338+00:00,"[""glasses""]",,,,,false,de,403,die,Brillen,a1
1863,Gegenwart,2026-08-28T15:46:42.051338+00:00,13,,noun,2026-08-28T15:46:42.051338+00:00,"[""modern times, contemporary age"", ""present day""]",,,,,false,de,374,die,,b1
1864,Alltag,2026-08-28T15:46:42.051338+00:00,33,,noun,2026-08-28T15:46:42.051338+00:00,"[""life, living, daily life"", ""lifestyle""]",,,,,false,de,353,der,,b1
1865,Obst und Gemüse,2026-08-28T15:46:42.051338+00:00,5,,phrase,2026-08-28T15:46:42.051338+00:00,"[""produce (fruit and vegetables)""]",,,,,false,de,305,,,a2
1866,Revolution,2026-08-28T15:46:42.051338+00:00,11,,noun,2026-08-28T15:46:42.051338+00:00,"[""revolution"", ""radical change""]",,,,,false,de,318,die,Revolutionen,b2
1867,klein,2026-08-28T15:46:42.051338+00:00,21,,adjective,2026-08-28T15:46:42.051338+00:00,"[""small, little, tiny"", ""quiet (voice), young""]",,,,,false,de,312,,,a1
1868,Gewohnheit,2026-08-28T15:46:42.051338+00:00,,,noun,2026-08-28T15:46:42.051338+00:00,"[""habit, custom"", ""practice, routine""]",,,,,false,de,370,die,Gewohnheiten,b1
1869,pflanzen,2026-08-28T15:46:42.051338+00:00,14,,verb,2026-08-28T15:46:42.051338+00:00,"[""to plant, to grow (a plant)""]",,,,,false,de,313,,,a2
1870,mitnehmen,2026-08-28T15:46:42.051338+00:00,,,verb,2026-08-28T15:46:42.051338+00:00,"[""to take (someone) along, bring""]",,,,,false,de,362,,,a2
1871,Belag,2026-08-28T15:46:42.051338+00:00,7,,noun,2026-08-28T15:46:42.051338+00:00,"[""topping""]",,,,,false,de,356,der,Beläge,b2
1872,Geldbörse,2026-08-28T15:46:42.051338+00:00,23,,noun,2026-08-28T15:46:42.051338+00:00,"[""wallet""]",,,,,false,de,329,die,Geldbörsen,a2
1873,Einwohner,2026-08-28T15:46:42.051338+00:00,,,noun,2026-08-28T15:46:42.051338+00:00,"[""resident, inhabitant"", ""local resident""]",,,,,false,de,390,der,Einwohner,b1
1874,Zunahme,2026-08-28T15:46:42.051338+00:00,19,,noun,2026-08-28T15:46:42.051338+00:00,"[""increase, rise, growth""]",,,,,false,de,439,die,Zunahmen,b2
1875,Bohne,2026-08-28T15:46:42.051338+00:00,5,,noun,2026-08-28T15:46:42.051338+00:00,"[""bean, pea, legume""]",,,,,false,de,438,die,Bohnen,a2
1876,Spiel,2026-08-28T15:46:42.051338+00:00,27,,noun,2026-08-28T15:46:42.051338+00:00,"[""play, game, amusement, fun""]",,,,,false,de,309,das,Spiele,a1
1877,Schärfe,2026-08-28T15:46:42.051338+00:00,7,,noun,2026-08-28T15:46:42.051338+00:00,"[""spiciness level""]",,,,,false,de,349,die,,b2
1878,zu Fuß,2026-08-28T15:46:42.051338+00:00,12,,adverb,2026-08-28T15:46:42.051338+00:00,"[""on foot""]",,,,,false,de,363,,,a1
1879,Information,2026-08-28T15:46:42.051338+00:00,12,,noun,2026-08-28T15:46:42.051338+00:00,"[""information""]",,,,,false,de,341,die,Informationen,a2
1880,Herbstlaub,2026-08-28T15:46:42.051338+00:00,14,,noun,2026-08-28T15:46:42.051338+00:00,"[""autumn leaves, fall foliage, autumn colors""]",,,,,false,de,409,das,,b2
1881,Zuhause,2026-08-28T15:46:42.051338+00:00,12,,noun,2026-08-28T15:46:42.051338+00:00,"[""one's own home""]",,,,,false,de,446,das,,a2
1882,sammeln,2026-08-28T15:46:42.051338+00:00,20,,verb,2026-08-28T15:46:42.051338+00:00,"[""to collect, to gather, to assemble (transitive)""]",,,,,false,de,434,,,a2
1883,Schuh,2026-08-28T15:46:42.051338+00:00,31,,noun,2026-08-28T15:46:42.051338+00:00,"[""shoes""]",,,,,false,de,417,der,Schuhe,a1
1884,Darstellung,2026-08-28T15:46:42.051338+00:00,,,noun,2026-08-28T15:46:42.051338+00:00,"[""acting, performance"", ""theatrical performance""]",,,,,false,de,389,die,Darstellungen,b2
1885,Knochen,2026-08-28T15:46:42.051338+00:00,17,,noun,2026-08-28T15:46:42.051338+00:00,"[""bone, skeleton"", ""backbone, effort, trouble""]",,,,,false,de,447,der,Knochen,b1
1886,Lehrbuch,2026-08-28T15:46:42.051338+00:00,8,,noun,2026-08-28T15:46:42.051338+00:00,"[""textbook, coursebook""]",,,,,false,de,351,das,Lehrbücher,b1
1887,Gehalt,2026-08-28T15:46:42.051338+00:00,25,,noun,2026-08-28T15:46:42.051338+00:00,"[""salary, wages, pay""]",,,,,false,de,386,das,Gehälter,b1
1888,Mitte,2026-08-28T15:46:42.051338+00:00,22,,noun,2026-08-28T15:46:42.051338+00:00,"[""center, middle"", ""central area""]",,,,,false,de,302,die,,a2
1889,Tourismus,2026-08-28T15:46:42.051338+00:00,12,,noun,2026-08-28T15:46:42.051338+00:00,"[""sightseeing, tourism""]",,,,,false,de,430,der,,b1
1890,Hobby,2026-08-28T15:46:42.051338+00:00,,,noun,2026-08-28T15:46:42.051338+00:00,"[""hobby, pastime"", ""taste, interest""]",,,,,false,de,316,das,Hobbys,a1
1891,selbstverständlich,2026-08-28T15:46:42.051338+00:00,,,adjective,2026-08-28T15:46:42.051338+00:00,"[""natural, obvious, of course"", ""reasonable, deserved""]",,,,,false,de,336,,,b1
1892,Verlauf,2026-08-28T15:46:42.051338+00:00,29,,noun,2026-08-28T15:46:42.051338+00:00,"[""history (record)""]",,,,,false,de,378,der,Verläufe,b2
1893,Marktplatz,2026-08-28T15:46:42.051338+00:00,,,noun,2026-08-28T15:46:42.051338+00:00,"[""plaza, public square, open space""]",,,,,false,de,369,der,Marktplätze,b1
1894,Licht,2026-08-28T15:46:42.051338+00:00,14,,noun,2026-08-28T15:46:42.051338+00:00,"[""light, ray, gleam"", ""brightness, radiance""]",,,,,false,de,352,das,Lichter,a1
1895,durchgehen,2026-08-28T15:46:42.051338+00:00,2,,verb,2026-08-28T15:46:42.051338+00:00,"[""to pass, to go through, to commute""]",,,,,false,de,395,,,b1
1896,Hund,2026-08-28T15:46:42.051338+00:00,31,,noun,2026-08-28T15:46:42.051338+00:00,"[""dog""]",,,,,false,de,406,der,Hunde,a1
1897,Ticket,2026-08-28T15:46:42.051338+00:00,2,,noun,2026-08-28T15:46:42.051338+00:00,"[""ticket (for transportation)""]",,,,,false,de,334,das,Tickets,a1
1898,Vorwoche,2026-08-28T15:46:42.051338+00:00,13,,noun,2026-08-28T15:46:42.051338+00:00,"[""last week""]",,,,,false,de,441,die,Vorwochen,b1
1899,Ort,2026-08-28T15:46:42.051338+00:00,22,,noun,2026-08-28T15:46:42.051338+00:00,"[""place, location, spot, position""]",,,,,false,de,385,der,Orte,a1
1900,Medikament,2026-08-28T15:46:42.051338+00:00,9,,noun,2026-08-28T15:46:42.051338+00:00,"[""medicine, drug, remedy, medication""]",,,,,false,de,393,das,Medikamente,a2
1901,Zeitkarte,2026-08-28T15:46:42.051338+00:00,2,,noun,2026-08-28T15:46:42.051338+00:00,"[""commuter pass""]",,,,,false,de,450,die,Zeitkarten,b2
1902,lesen,2026-08-28T15:46:42.051338+00:00,,,verb,2026-08-28T15:46:42.051338+00:00,"[""to read""]",,,,,false,de,338,,,a1
1903,Brust,2026-08-28T15:46:42.051338+00:00,15,,noun,2026-08-28T15:46:42.051338+00:00,"[""chest, breast"", ""heart, mind, feelings""]",,,,,false,de,350,die,Brüste,a2
1904,billig,2026-08-28T15:46:42.051338+00:00,23,,adjective,2026-08-28T15:46:42.051338+00:00,"[""cheap, inexpensive"", ""low-priced""]",,,,,false,de,394,,,a1
1905,Untersuchung,2026-08-28T15:46:42.051338+00:00,9,,noun,2026-08-28T15:46:42.051338+00:00,"[""inspection, examination"", ""medical check-up, test""]",,,,,false,de,387,die,Untersuchungen,b1
1906,Schauspieler,2026-08-28T15:46:42.051338+00:00,25,,noun,2026-08-28T15:46:42.051338+00:00,"[""actor, actress"", ""performer""]",,,,,false,de,418,der,Schauspieler,a2
1907,einpacken,2026-08-28T15:46:42.051338+00:00,,,verb,2026-08-28T15:46:42.051338+00:00,"[""to wrap, envelop, cover""]",,,,,false,de,354,,,a2
1908,Sender,2026-08-28T15:46:42.051338+00:00,24,,noun,2026-08-28T15:46:42.051338+00:00,"[""broadcasting station, TV/radio station""]",,,,,false,de,402,der,Sender,b1
1909,ewig,2026-08-28T15:46:42.051338+00:00,13,,adjective,2026-08-28T15:46:42.051338+00:00,"[""eternal, everlasting"", ""forever, immortal""]",,,,,false,de,380,,,b1
1910,umziehen,2026-08-28T15:46:42.051338+00:00,30,,verb,2026-08-28T15:46:42.051338+00:00,"[""to move (to a new residence)""]",,,,,false,de,347,,,a2
1911,Wiederherstellung,2026-08-28T15:46:42.051338+00:00,,,noun,2026-08-28T15:46:42.051338+00:00,"[""restoration, recovery"", ""restoring to original state""]",,,,,false,de,311,die,,c1
1912,Eisen,2026-08-28T15:46:42.051338+00:00,,,noun,2026-08-28T15:46:42.051338+00:00,"[""iron and steel"", ""steel industry""]",,,,,false,de,410,das,,b1
1913,Spaziergang,2026-08-28T15:46:42.051338+00:00,20,,noun,2026-08-28T15:46:42.051338+00:00,"[""walk, stroll""]",,,,,false,de,342,der,Spaziergänge,a2
1914,Blume,2026-08-28T15:46:42.051338+00:00,14,,noun,2026-08-28T15:46:42.051338+00:00,"[""flower""]",,,,,false,de,323,die,Blumen,a1
1915,Montag,2026-08-28T15:46:42.051338+00:00,13,,noun,2026-08-28T15:46:42.051338+00:00,"[""Monday""]",,,,,false,de,322,der,Montage,a1
1916,Rindfleisch,2026-08-28T15:46:42.051338+00:00,5,,noun,2026-08-28T15:46:42.051338+00:00,"[""beef""]",,,,,false,de,368,das,,a2
1917,Antwort,2026-08-28T15:46:42.051338+00:00,24,,noun,2026-08-28T15:46:42.051338+00:00,"[""reply, answer, response""]",,,,,false,de,407,die,Antworten,a1
1918,Lösung,2026-08-28T15:46:42.051338+00:00,26,,noun,2026-08-28T15:46:42.051338+00:00,"[""resolution, settlement"", ""solving, resolution of a problem""]",,,,,false,de,371,die,Lösungen,b1
1919,vielleicht,2026-08-28T15:46:42.051338+00:00,,,adverb,2026-08-28T15:46:42.051338+00:00,"[""probably, maybe, perhaps"", ""I think, I suppose""]",,,,,false,de,364,,,a1
1920,Zebrastreifen,2026-08-28T15:46:42.051338+00:00,,,noun,2026-08-28T15:46:42.051338+00:00,"[""pedestrian crossing, crosswalk"", ""zebra crossing""]",,,,,false,de,372,der,Zebrastreifen,b1
1921,Fachgebiet,2026-08-28T15:46:42.051338+00:00,,,noun,2026-08-28T15:46:42.051338+00:00,"[""field, area, domain, sector""]",,,,,false,de,360,das,Fachgebiete,b2
1922,Film,2026-08-28T15:46:42.051338+00:00,29,,noun,2026-08-28T15:46:42.051338+00:00,"[""movie, film"", ""cinema""]",,,,,false,de,422,der,Filme,a1
1923,Kantine,2026-08-28T15:46:42.051338+00:00,7,,noun,2026-08-28T15:46:42.051338+00:00,"[""cafeteria, dining room, restaurant""]",,,,,false,de,327,die,Kantinen,b1
1924,Fernsehtisch,2026-08-28T15:46:42.051338+00:00,35,,noun,2026-08-28T15:46:42.051338+00:00,"[""TV stand""]",,,,,false,de,425,der,Fernsehtische,b2
1925,Reservierung,2026-08-28T15:46:42.051338+00:00,6,,noun,2026-08-28T15:46:42.051338+00:00,"[""reservation""]",,,,,false,de,415,die,Reservierungen,a2
1926,Vogel,2026-08-28T15:46:42.051338+00:00,18,,noun,2026-08-28T15:46:42.051338+00:00,"[""bird, fowl""]",,,,,false,de,423,der,Vögel,a1
1927,Ursache,2026-08-28T15:46:42.051338+00:00,,,noun,2026-08-28T15:46:42.051338+00:00,"[""cause, reason, origin""]",,,,,false,de,431,die,Ursachen,b1
1928,Aktienkurs,2026-08-28T15:46:42.051338+00:00,23,,noun,2026-08-28T15:46:42.051338+00:00,"[""stock price, share price""]",,,,,false,de,388,der,Aktienkurse,b2
1929,Kultur,2026-08-28T15:46:42.051338+00:00,,,noun,2026-08-28T15:46:42.051338+00:00,"[""culture"", ""civilization, cultural practices""]",,,,,false,de,344,die,Kulturen,b1
1930,Anprobe,2026-08-28T15:46:42.051338+00:00,3,,noun,2026-08-28T15:46:42.051338+00:00,"[""fitting / trying on clothes""]",,,,,false,de,375,die,Anproben,b1
1931,biologisch,2026-08-28T15:46:42.051338+00:00,5,,adjective,2026-08-28T15:46:42.051338+00:00,"[""organic""]",,,,,false,de,448,,,b1
1932,Miete,2026-08-28T15:46:42.051338+00:00,30,,noun,2026-08-28T15:46:42.051338+00:00,"[""rent""]",,,,,false,de,306,die,Mieten,a2
1933,Bahnbeamte,2026-08-28T15:46:42.051338+00:00,2,,noun,2026-08-28T15:46:42.051338+00:00,"[""station staff, station worker"", ""railway employee""]",,,,,false,de,345,der,Bahnbeamten,c1
1934,diesmal,2026-08-28T15:46:42.051338+00:00,13,,adverb,2026-08-28T15:46:42.051338+00:00,"[""this time, this occasion, now""]",,,,,false,de,436,,,a2
1935,versuchen,2026-08-28T15:46:42.051338+00:00,,,verb,2026-08-28T15:46:42.051338+00:00,"[""to try, attempt, make an effort""]",,,,,false,de,308,,,a2
1936,Eis,2026-08-28T15:46:42.051338+00:00,14,,noun,2026-08-28T15:46:42.051338+00:00,"[""ice""]",,,,,false,de,420,das,,a1
1937,Bett,2026-08-28T15:46:42.051338+00:00,35,,noun,2026-08-28T15:46:42.051338+00:00,"[""bed""]",,,,,false,de,331,das,Betten,a1
1938,berühmt,2026-08-28T15:46:42.051338+00:00,,,adjective,2026-08-28T15:46:42.051338+00:00,"[""famous, well-known, renowned""]",,,,,false,de,445,,,a2
1939,Verbot,2026-08-28T15:46:42.051338+00:00,,,noun,2026-08-28T15:46:42.051338+00:00,"[""prohibition, ban"", ""forbidding""]",,,,,false,de,411,das,Verbote,b1
1940,Vorhang,2026-08-28T15:46:42.051338+00:00,35,,noun,2026-08-28T15:46:42.051338+00:00,"[""curtain""]",,,,,false,de,328,der,Vorhänge,a2
1941,landesweit,2026-08-28T15:49:25.685341+00:00,,,adjective,2026-08-28T15:49:25.685341+00:00,"[""the whole country, nationwide"", ""all over the country""]",,,,,false,de,497,,,b2
1942,Buffet,2026-08-28T15:49:25.685341+00:00,7,,noun,2026-08-28T15:49:25.685341+00:00,"[""all you can eat""]",,,,,false,de,452,das,Buffets,b1
1943,Hygiene,2026-08-28T15:49:25.685341+00:00,36,,noun,2026-08-28T15:49:25.685341+00:00,"[""hygiene""]",,,,,false,de,496,die,,b1
1944,über offener Flamme gegrillt,2026-08-28T15:49:25.685341+00:00,7,,phrase,2026-08-28T15:49:25.685341+00:00,"[""open-flame grilled""]",,,,,false,de,455,,,b2
1945,Löschung,2026-08-28T15:49:25.685341+00:00,29,,noun,2026-08-28T15:49:25.685341+00:00,"[""delete""]",,,,,false,de,577,die,Löschungen,b2
1946,schwach,2026-08-28T15:49:25.685341+00:00,,,adjective,2026-08-28T15:49:25.685341+00:00,"[""weak, feeble, frail"", ""mild, gentle, poor (at)""]",,,,,false,de,599,,,a1
1947,Steak,2026-08-28T15:49:25.685341+00:00,7,,noun,2026-08-28T15:49:25.685341+00:00,"[""steak""]",,,,,false,de,550,das,Steaks,a2
1948,Glücksfall,2026-08-28T15:49:25.685341+00:00,,,noun,2026-08-28T15:49:25.685341+00:00,"[""good luck, good fortune""]",,,,,false,de,518,der,Glücksfälle,b2
1949,Menü,2026-08-28T15:49:25.685341+00:00,7,,noun,2026-08-28T15:49:25.685341+00:00,"[""set meal""]",,,,,false,de,549,das,Menüs,b1
1950,Lehrer,2026-08-28T15:49:25.685341+00:00,8,,noun,2026-08-28T15:49:25.685341+00:00,"[""teacher, instructor"", ""doctor (respectful address)""]",,,,,false,de,486,der,Lehrer,a1
1951,gedeihen,2026-08-28T15:49:25.685341+00:00,,,verb,2026-08-28T15:49:25.685341+00:00,"[""to prosper, flourish, thrive""]",,,,,false,de,555,,,c1
1952,Inland,2026-08-28T15:49:25.685341+00:00,12,,noun,2026-08-28T15:49:25.685341+00:00,"[""domestic, within the country"", ""inland, home""]",,,,,false,de,541,das,,b1
1953,Stimmung,2026-08-28T15:49:25.685341+00:00,15,,noun,2026-08-28T15:49:25.685341+00:00,"[""feeling, mood"", ""condition, state (of health)""]",,,,,false,de,554,die,Stimmungen,b1
1954,Laden,2026-08-28T15:49:25.685341+00:00,23,,noun,2026-08-28T15:49:25.685341+00:00,"[""store, shop"", ""retail shop""]",,,,,false,de,523,der,Läden,a1
1955,Kleiderbügel,2026-08-28T15:49:25.685341+00:00,36,,noun,2026-08-28T15:49:25.685341+00:00,"[""hanger""]",,,,,false,de,537,der,Kleiderbügel,b1
1956,Pult,2026-08-28T15:49:25.685341+00:00,35,,noun,2026-08-28T15:49:25.685341+00:00,"[""desk""]",,,,,false,de,526,das,Pulte,b2
1957,Branche,2026-08-28T15:49:25.685341+00:00,30,,noun,2026-08-28T15:49:25.685341+00:00,"[""industry, business world"", ""trade, sector""]",,,,,false,de,508,die,Branchen,b2
1958,enden,2026-08-28T15:49:25.685341+00:00,13,,verb,2026-08-28T15:49:25.685341+00:00,"[""to end, to finish, to be over""]",,,,,false,de,489,,,a2
1959,aufreihen,2026-08-28T15:49:25.685341+00:00,22,,verb,2026-08-28T15:49:25.685341+00:00,"[""to line up, to arrange"", ""to display, to set out""]",,,,,false,de,559,,,b2
1960,Bedingung,2026-08-28T15:49:25.685341+00:00,,,noun,2026-08-28T15:49:25.685341+00:00,"[""condition, requirement"", ""terms, stipulation""]",,,,,false,de,471,die,Bedingungen,b1
1961,Video,2026-08-28T15:49:25.685341+00:00,29,,noun,2026-08-28T15:49:25.685341+00:00,"[""video""]",,,,,false,de,465,das,Videos,a1
1962,genießen,2026-08-28T15:49:25.685341+00:00,15,,verb,2026-08-28T15:49:25.685341+00:00,"[""to enjoy, to have fun"", ""to take pleasure in""]",,,,,false,de,563,,,b1
1963,Unterwäsche,2026-08-28T15:49:25.685341+00:00,3,,noun,2026-08-28T15:49:25.685341+00:00,"[""underwear""]",,,,,false,de,479,die,,a2
1964,Diskussion,2026-08-28T15:49:25.685341+00:00,24,,noun,2026-08-28T15:49:25.685341+00:00,"[""argument, discussion, debate""]",,,,,false,de,504,die,Diskussionen,b1
1965,Sieg,2026-08-28T15:49:25.685341+00:00,27,,noun,2026-08-28T15:49:25.685341+00:00,"[""victory, triumph, win""]",,,,,false,de,512,der,Siege,b1
1966,Hochzeit,2026-08-28T15:49:25.685341+00:00,,,noun,2026-08-28T15:49:25.685341+00:00,"[""wedding ceremony""]",,,,,false,de,524,die,Hochzeiten,a2
1967,drucken,2026-08-28T15:49:25.685341+00:00,,,verb,2026-08-28T15:49:25.685341+00:00,"[""to print, run off""]",,,,,false,de,505,,,b1
1968,Kassenbon,2026-08-28T15:49:25.685341+00:00,1,,noun,2026-08-28T15:49:25.685341+00:00,"[""receipt""]",,,,,false,de,594,der,Kassenbons,a2
1969,Frischfleisch,2026-08-28T15:49:25.685341+00:00,5,,noun,2026-08-28T15:49:25.685341+00:00,"[""fresh meat""]",,,,,false,de,466,das,,b2
1970,Widerspruch,2026-08-28T15:49:25.685341+00:00,28,,noun,2026-08-28T15:49:25.685341+00:00,"[""opposition, objection"", ""the opposite, contrary""]",,,,,false,de,478,der,Widersprüche,b2
1971,einfach,2026-08-28T15:49:25.685341+00:00,,,adjective,2026-08-28T15:49:25.685341+00:00,"[""easy, simple"", ""readily, without difficulty""]",,,,,false,de,582,,,a1
1972,Wörterbuch,2026-08-28T15:49:25.685341+00:00,8,,noun,2026-08-28T15:49:25.685341+00:00,"[""dictionary""]",,,,,false,de,458,das,Wörterbücher,a2
1973,Geschäftsführer,2026-08-28T15:49:25.685341+00:00,25,,noun,2026-08-28T15:49:25.685341+00:00,"[""company president, CEO""]",,,,,false,de,588,der,Geschäftsführer,b2
1974,Dienstreise,2026-08-28T15:49:25.685341+00:00,12,,noun,2026-08-28T15:49:25.685341+00:00,"[""business trip""]",,,,,false,de,480,die,Dienstreisen,b1
1975,Auswanderung,2026-08-28T15:49:25.685341+00:00,12,,noun,2026-08-28T15:49:25.685341+00:00,"[""emigration, immigration"", ""migration, relocation""]",,,,,false,de,459,die,Auswanderungen,b2
1976,Frischfisch,2026-08-28T15:49:25.685341+00:00,5,,noun,2026-08-28T15:49:25.685341+00:00,"[""fresh fish""]",,,,,false,de,473,der,,b2
1977,Schlange,2026-08-28T15:49:25.685341+00:00,,,noun,2026-08-28T15:49:25.685341+00:00,"[""line, queue"", ""procession, parade""]",,,,,false,de,595,die,Schlangen,a2
1978,Ausstattung,2026-08-28T15:49:25.685341+00:00,30,,noun,2026-08-28T15:49:25.685341+00:00,"[""facilities"", ""equipment""]",,,,,false,de,474,die,,b1
1979,Milch,2026-08-28T15:49:25.685341+00:00,5,,noun,2026-08-28T15:49:25.685341+00:00,"[""cow's milk"", ""milk""]",,,,,false,de,590,die,,a1
1980,Satellit,2026-08-28T15:49:25.685341+00:00,,,noun,2026-08-28T15:49:25.685341+00:00,"[""satellite"", ""moon (natural satellite)""]",,,,,false,de,579,der,Satelliten,b2
1981,Anfang,2026-08-28T15:49:25.685341+00:00,13,,noun,2026-08-28T15:49:25.685341+00:00,"[""first, beginning, start""]",,,,,false,de,468,der,Anfänge,a1
1982,genesen,2026-08-28T15:49:25.685341+00:00,9,,verb,2026-08-28T15:49:25.685341+00:00,"[""to heal, recover (intransitive), be cured""]",,,,,false,de,575,,,c1
1983,Lieferung,2026-08-28T15:49:25.685341+00:00,11,,noun,2026-08-28T15:49:25.685341+00:00,"[""delivery (of mail, goods, etc.)""]",,,,,false,de,484,die,Lieferungen,b1
1984,Mittelschule,2026-08-28T15:49:25.685341+00:00,8,,noun,2026-08-28T15:49:25.685341+00:00,"[""middle school, junior high school""]",,,,,false,de,569,die,Mittelschulen,a2
1985,dick geschnitten,2026-08-28T15:49:25.685341+00:00,7,,phrase,2026-08-28T15:49:25.685341+00:00,"[""thick-cut""]",,,,,false,de,507,,,b2
1986,Japanisch,2026-08-28T15:49:25.685341+00:00,24,,noun,2026-08-28T15:49:25.685341+00:00,"[""Japanese language""]",,,,,false,de,547,das,,a1
1987,Nebenkosten,2026-08-28T15:49:25.685341+00:00,33,,noun,2026-08-28T15:49:25.685341+00:00,"[""utility bills""]",,,,,false,de,485,die,,b2
1988,Ausmaß,2026-08-28T15:49:25.685341+00:00,28,,noun,2026-08-28T15:49:25.685341+00:00,"[""degree, extent, level"", ""about, approximately (when used adverbially)""]",,,,,false,de,578,das,,b2
1989,Süden,2026-08-28T15:49:25.685341+00:00,22,,noun,2026-08-28T15:49:25.685341+00:00,"[""south""]",,,,,false,de,556,der,,a2
1990,Spende,2026-08-28T15:49:25.685341+00:00,,,noun,2026-08-28T15:49:25.685341+00:00,"[""donation, contribution"", ""charitable giving""]",,,,,false,de,566,die,Spenden,b1
1991,Text,2026-08-28T15:49:25.685341+00:00,24,,noun,2026-08-28T15:49:25.685341+00:00,"[""sentence, text, writing, composition""]",,,,,false,de,515,der,Texte,a2
1992,Fahrzeug,2026-08-28T15:49:25.685341+00:00,2,,noun,2026-08-28T15:49:25.685341+00:00,"[""vehicle, means of transport"", ""ride (e.g., at an amusement park)""]",,,,,false,de,540,das,Fahrzeuge,a2
1993,Punktzahl,2026-08-28T15:49:25.685341+00:00,8,,noun,2026-08-28T15:49:25.685341+00:00,"[""score, points, grade""]",,,,,false,de,543,die,Punktzahlen,b1
1994,Ziel,2026-08-28T15:49:25.685341+00:00,12,,noun,2026-08-28T15:49:25.685341+00:00,"[""destination""]",,,,,false,de,532,das,Ziele,a2
1995,Bus,2026-08-28T15:49:25.685341+00:00,33,,noun,2026-08-28T15:49:25.685341+00:00,"[""bus""]",,,,,false,de,536,der,Busse,a1
1996,Körpergröße,2026-08-28T15:49:25.685341+00:00,21,,noun,2026-08-28T15:49:25.685341+00:00,"[""height (of a person), stature""]",,,,,false,de,475,die,,a2
1997,Ausschussmitglied,2026-08-28T15:49:25.685341+00:00,11,,noun,2026-08-28T15:49:25.685341+00:00,"[""committee member"", ""person in charge""]",,,,,false,de,570,das,Ausschussmitglieder,c1
1998,Café,2026-08-28T15:49:25.685341+00:00,7,,noun,2026-08-28T15:49:25.685341+00:00,"[""coffee shop, café, tea room""]",,,,,false,de,462,das,Cafés,a1
1999,Mahlzeit,2026-08-28T15:49:25.685341+00:00,7,,noun,2026-08-28T15:49:25.685341+00:00,"[""cooked rice, meal""]",,,,,false,de,461,die,Mahlzeiten,a2
2000,Aufzeichnung,2026-08-28T15:49:25.685341+00:00,27,,noun,2026-08-28T15:49:25.685341+00:00,"[""record, document"", ""best performance, record (sports)""]",,,,,false,de,499,die,Aufzeichnungen,b2
2001,Dreieck,2026-08-28T15:49:25.685341+00:00,,,noun,2026-08-28T15:49:25.685341+00:00,"[""triangle"", ""triangular shape""]",,,,,false,de,593,das,Dreiecke,a2
2002,Ausland,2026-08-28T15:49:25.685341+00:00,12,,noun,2026-08-28T15:49:25.685341+00:00,"[""foreign country, overseas country""]",,,,,false,de,498,das,,a2
2003,Kopf,2026-08-28T15:49:25.685341+00:00,17,,noun,2026-08-28T15:49:25.685341+00:00,"[""head, mind, brain, intelligence""]",,,,,false,de,519,der,Köpfe,a1
2004,Beratung,2026-08-28T15:49:25.685341+00:00,24,,noun,2026-08-28T15:49:25.685341+00:00,"[""consultation, discussion, talking over""]",,,,,false,de,581,die,Beratungen,b1
2005,hell,2026-08-28T15:49:25.685341+00:00,,,adjective,2026-08-28T15:49:25.685341+00:00,"[""bright, well-lit"", ""cheerful, lively, optimistic""]",,,,,false,de,493,,,a1
2006,bergsteigen,2026-08-28T15:49:25.685341+00:00,27,,verb,2026-08-28T15:49:25.685341+00:00,"[""to climb a mountain, to go mountain climbing""]",,,,,false,de,600,,,b2
2007,Trockner,2026-08-28T15:49:25.685341+00:00,30,,noun,2026-08-28T15:49:25.685341+00:00,"[""dryer""]",,,,,false,de,530,der,Trockner,b1
2008,Betrag,2026-08-28T15:49:25.685341+00:00,19,,noun,2026-08-28T15:49:25.685341+00:00,"[""amount of money, sum"", ""monetary value""]",,,,,false,de,576,der,Beträge,b1
2009,Lagerbestand,2026-08-28T15:49:25.685341+00:00,3,,noun,2026-08-28T15:49:25.685341+00:00,"[""stock / inventory""]",,,,,false,de,589,der,Lagerbestände,b2
2010,Sonne,2026-08-28T15:49:25.685341+00:00,14,,noun,2026-08-28T15:49:25.685341+00:00,"[""sun, solar""]",,,,,false,de,546,die,Sonnen,a1
2011,Empfang,2026-08-28T15:49:25.685341+00:00,29,,noun,2026-08-28T15:49:25.685341+00:00,"[""receive (mail/signal)""]",,,,,false,de,494,der,,b1
2012,Reis,2026-08-28T15:49:25.685341+00:00,5,,noun,2026-08-28T15:49:25.685341+00:00,"[""(uncooked) rice, rice grain""]",,,,,false,de,535,der,,a1
2013,Forschungsinstitut,2026-08-28T15:49:25.685341+00:00,25,,noun,2026-08-28T15:49:25.685341+00:00,"[""research institute, laboratory""]",,,,,false,de,565,das,Forschungsinstitute,b2
2014,Kleid,2026-08-28T15:49:25.685341+00:00,3,,noun,2026-08-28T15:49:25.685341+00:00,"[""dress (one-piece)""]",,,,,false,de,456,das,Kleider,a1
2015,Dienst,2026-08-28T15:49:25.685341+00:00,25,,noun,2026-08-28T15:49:25.685341+00:00,"[""work, duty, service"", ""working hours""]",,,,,false,de,483,der,Dienste,b1
2016,Trend,2026-08-28T15:49:25.685341+00:00,3,,noun,2026-08-28T15:49:25.685341+00:00,"[""trend, fashion, craze"", ""epidemic, outbreak (of disease)""]",,,,,false,de,551,der,Trends,b1
2017,Geduld,2026-08-28T15:49:25.685341+00:00,15,,noun,2026-08-28T15:49:25.685341+00:00,"[""patience, endurance"", ""tolerance, self-control""]",,,,,false,de,470,die,,b1
2018,Talsohle,2026-08-28T15:49:25.685341+00:00,14,,noun,2026-08-28T15:49:25.685341+00:00,"[""valley floor, bottom of a valley, depths""]",,,,,false,de,571,die,Talsohlen,c1
2019,Rettung,2026-08-28T15:49:25.685341+00:00,,,noun,2026-08-28T15:49:25.685341+00:00,"[""rescue, relief, saving""]",,,,,false,de,585,die,Rettungen,b2
2020,laufen,2026-08-28T15:49:25.685341+00:00,20,,verb,2026-08-28T15:49:25.685341+00:00,"[""to run, to dash""]",,,,,false,de,514,,,a1
2021,Märchen,2026-08-28T15:49:25.685341+00:00,,,noun,2026-08-28T15:49:25.685341+00:00,"[""folktale, old story, fairy tale"", ""talk about the old days""]",,,,,false,de,531,das,Märchen,b1
2022,Eindruck,2026-08-28T15:49:25.685341+00:00,15,,noun,2026-08-28T15:49:25.685341+00:00,"[""impression, thoughts, feelings (about something)"", ""one's reaction or opinion""]",,,,,false,de,454,der,Eindrücke,b1
2023,Dauer,2026-08-28T15:49:25.685341+00:00,13,,noun,2026-08-28T15:49:25.685341+00:00,"[""period, duration, term""]",,,,,false,de,560,die,,b1
2024,Arzt,2026-08-28T15:49:25.685341+00:00,9,,noun,2026-08-28T15:49:25.685341+00:00,"[""doctor, physician"", ""medical doctor""]",,,,,false,de,545,der,Ärzte,a1
2025,aufklaren,2026-08-28T15:49:25.685341+00:00,14,,verb,2026-08-28T15:49:25.685341+00:00,"[""to clear up (weather), to become sunny""]",,,,,false,de,487,,,b2
2026,Samstag,2026-08-28T15:49:25.685341+00:00,13,,noun,2026-08-28T15:49:25.685341+00:00,"[""Saturday""]",,,,,false,de,553,der,Samstage,a1
2027,Rezeption,2026-08-28T15:49:25.685341+00:00,,,noun,2026-08-28T15:49:25.685341+00:00,"[""reception, front desk"", ""reception counter, registration""]",,,,,false,de,587,die,Rezeptionen,a2
2028,Mitternacht,2026-08-28T15:49:25.685341+00:00,13,,noun,2026-08-28T15:49:25.685341+00:00,"[""late at night, midnight, the small hours""]",,,,,false,de,558,die,,b1
2029,Möbel,2026-08-28T15:49:25.685341+00:00,31,,noun,2026-08-28T15:49:25.685341+00:00,"[""furniture"", ""household furnishings""]",,,,,false,de,534,das,Möbel,a2
2030,Zitat,2026-08-28T15:49:25.685341+00:00,24,,noun,2026-08-28T15:49:25.685341+00:00,"[""quotation, citation""]",,,,,false,de,511,das,Zitate,b2
2031,Strom,2026-08-28T15:49:25.685341+00:00,30,,noun,2026-08-28T15:49:25.685341+00:00,"[""electricity, electric light""]",,,,,false,de,506,der,,a2
2032,ernsthaft,2026-08-28T15:49:25.685341+00:00,,,adjective,2026-08-28T15:49:25.685341+00:00,"[""serious, earnest, diligent, sincere""]",,,,,false,de,520,,,b1
2033,Straße,2026-08-28T15:49:25.685341+00:00,,,noun,2026-08-28T15:49:25.685341+00:00,"[""road, street, highway""]",,,,,false,de,457,die,Straßen,a1
2034,Vortrag,2026-08-28T15:49:25.685341+00:00,24,,noun,2026-08-28T15:49:25.685341+00:00,"[""lecture, speech"", ""public address, talk""]",,,,,false,de,567,der,Vorträge,b1
2035,Adel,2026-08-28T15:49:25.685341+00:00,,,noun,2026-08-28T15:49:25.685341+00:00,"[""nobility, aristocracy"", ""noble, aristocrat""]",,,,,false,de,477,der,,b2
2036,Prozess,2026-08-28T15:49:25.685341+00:00,,,noun,2026-08-28T15:49:25.685341+00:00,"[""process, course"", ""procedure, progress""]",,,,,false,de,586,der,Prozesse,b1
2037,Reiz,2026-08-28T15:49:25.685341+00:00,30,,noun,2026-08-28T15:49:25.685341+00:00,"[""charm"", ""appeal""]",,,,,false,de,513,der,Reize,b2
2038,Hauskleidung,2026-08-28T15:49:25.685341+00:00,3,,noun,2026-08-28T15:49:25.685341+00:00,"[""loungewear""]",,,,,false,de,460,die,,b2
2039,Verschiebung,2026-08-28T15:49:25.685341+00:00,13,,noun,2026-08-28T15:49:25.685341+00:00,"[""postponement, delay"", ""deferment""]",,,,,false,de,529,die,Verschiebungen,b2
2040,Heißwasser,2026-08-28T15:49:25.685341+00:00,10,,noun,2026-08-28T15:49:25.685341+00:00,"[""hot water, boiled water""]",,,,,false,de,591,das,,b1
2041,Vorderseite,2026-08-28T15:49:25.685341+00:00,22,,noun,2026-08-28T15:49:25.685341+00:00,"[""front, before, in front of"", ""ago, previously""]",,,,,false,de,552,die,Vorderseiten,b1
2042,bedeutend,2026-08-28T15:49:25.685341+00:00,29,,adjective,2026-08-28T15:49:25.685341+00:00,"[""important, crucial, significant""]",,,,,false,de,557,,,b1
2043,traurig,2026-08-28T15:49:25.685341+00:00,15,,adjective,2026-08-28T15:49:25.685341+00:00,"[""sad, sorrowful, grieving""]",,,,,false,de,521,,,a1
2044,Bilderbuch,2026-08-28T15:49:25.685341+00:00,,,noun,2026-08-28T15:49:25.685341+00:00,"[""picture book, illustrated book""]",,,,,false,de,502,das,Bilderbücher,a2
2045,hinzufügen,2026-08-28T15:49:25.685341+00:00,19,,verb,2026-08-28T15:49:25.685341+00:00,"[""to add, include, apply""]",,,,,false,de,501,,,b1
2046,Salz,2026-08-28T15:49:25.685341+00:00,5,,noun,2026-08-28T15:49:25.685341+00:00,"[""salt""]",,,,,false,de,509,das,,a1
2047,Wahl,2026-08-28T15:49:25.685341+00:00,11,,noun,2026-08-28T15:49:25.685341+00:00,"[""election""]",,,,,false,de,463,die,Wahlen,b1
2048,See,2026-08-28T15:49:25.685341+00:00,14,,noun,2026-08-28T15:49:25.685341+00:00,"[""lake""]",,,,,false,de,488,der,Seen,a2
2049,Speisekarte,2026-08-28T15:49:25.685341+00:00,7,,noun,2026-08-28T15:49:25.685341+00:00,"[""menu""]",,,,,false,de,516,die,Speisekarten,a1
2050,Pferd,2026-08-28T15:49:25.685341+00:00,18,,noun,2026-08-28T15:49:25.685341+00:00,"[""horse""]",,,,,false,de,580,das,Pferde,a1
2051,Grillfleisch,2026-08-28T15:49:25.685341+00:00,7,,noun,2026-08-28T15:49:25.685341+00:00,"[""grilled meat"", ""yakiniku""]",,,,,false,de,564,das,,b2
2052,stark,2026-08-28T15:49:25.685341+00:00,,,adjective,2026-08-28T15:49:25.685341+00:00,"[""strong, powerful, tough"", ""good at, skilled in""]",,,,,false,de,539,,,a1
2053,nehmen,2026-08-28T15:49:25.685341+00:00,,,verb,2026-08-28T15:49:25.685341+00:00,"[""to take, to get, to obtain"", ""to remove, to pick up""]",,,,,false,de,467,,,a1
2054,Titel,2026-08-28T15:49:25.685341+00:00,,,noun,2026-08-28T15:49:25.685341+00:00,"[""title (of a work), name of a piece""]",,,,,false,de,517,der,Titel,a2
2055,werden,2026-08-28T15:49:25.685341+00:00,,,verb,2026-08-28T15:49:25.685341+00:00,"[""to become, to turn into""]",,,,,false,de,574,,,a1
2056,Schwarztee,2026-08-28T15:49:25.685341+00:00,5,,noun,2026-08-28T15:49:25.685341+00:00,"[""black tea""]",,,,,false,de,525,der,,a2
2057,Gesicht,2026-08-28T15:49:25.685341+00:00,17,,noun,2026-08-28T15:49:25.685341+00:00,"[""face"", ""expression, look""]",,,,,false,de,451,das,Gesichter,a1
2058,Landschaft,2026-08-28T15:49:25.685341+00:00,14,,noun,2026-08-28T15:49:25.685341+00:00,"[""scenery, view, landscape""]",,,,,false,de,583,die,Landschaften,b1
2059,sich trennen,2026-08-28T15:49:25.685341+00:00,,,verb,2026-08-28T15:49:25.685341+00:00,"[""to part, separate, say goodbye""]",,,,,false,de,568,,,b1
2060,Herkunft,2026-08-28T15:49:25.685341+00:00,,,noun,2026-08-28T15:49:25.685341+00:00,"[""birthplace, hometown, origin, background (education/organization)""]",,,,,false,de,544,die,,b1
2061,ziehen,2026-08-28T15:49:25.685341+00:00,,,verb,2026-08-28T15:49:25.685341+00:00,"[""to pull, to draw"", ""to attract, to subtract""]",,,,,false,de,562,,,a2
2062,Handtuch,2026-08-28T15:49:25.685341+00:00,31,,noun,2026-08-28T15:49:25.685341+00:00,"[""towel""]",,,,,false,de,572,das,Handtücher,a1
2063,November,2026-08-28T15:49:25.685341+00:00,13,,noun,2026-08-28T15:49:25.685341+00:00,"[""November""]",,,,,false,de,495,der,,a1
2064,Musik,2026-08-28T15:49:25.685341+00:00,29,,noun,2026-08-28T15:49:25.685341+00:00,"[""music""]",,,,,false,de,469,die,,a1
2065,Vorstellungsgespräch,2026-08-28T15:49:25.685341+00:00,25,,noun,2026-08-28T15:49:25.685341+00:00,"[""interview (job, school)""]",,,,,false,de,561,das,Vorstellungsgespräche,b1
2066,einatmen,2026-08-28T15:49:25.685341+00:00,,,verb,2026-08-28T15:49:25.685341+00:00,"[""to inhale, to breathe in"", ""to suck, to smoke (cigarette)""]",,,,,false,de,510,,,b1
2067,Schwimmen,2026-08-28T15:49:25.685341+00:00,27,,noun,2026-08-28T15:49:25.685341+00:00,"[""swimming"", ""swim (as a sport or activity)""]",,,,,false,de,482,das,,a2
2068,sich füllen,2026-08-28T15:49:25.685341+00:00,,,verb,2026-08-28T15:49:25.685341+00:00,"[""to be full, fill up, be brimming""]",,,,,false,de,573,,,b2
2069,gehen,2026-08-28T15:49:25.685341+00:00,20,,verb,2026-08-28T15:49:25.685341+00:00,"[""to walk""]",,,,,false,de,522,,,a1
2070,Flur,2026-08-28T15:49:25.685341+00:00,35,,noun,2026-08-28T15:49:25.685341+00:00,"[""entryway"", ""genkan""]",,,,,false,de,597,der,Flure,a2
2071,Mülleimer,2026-08-28T15:49:25.685341+00:00,29,,noun,2026-08-28T15:49:25.685341+00:00,"[""trash can"", ""recycle bin""]",,,,,false,de,598,der,Mülleimer,a1
2072,Nacht,2026-08-28T15:49:25.685341+00:00,13,,noun,2026-08-28T15:49:25.685341+00:00,"[""night, evening""]",,,,,false,de,476,die,Nächte,a1
2073,Bestnote,2026-08-28T15:49:25.685341+00:00,8,,noun,2026-08-28T15:49:25.685341+00:00,"[""perfect score, full marks""]",,,,,false,de,472,die,Bestnoten,b2
2074,Prüfungsteilnahme,2026-08-28T15:49:25.685341+00:00,8,,noun,2026-08-28T15:49:25.685341+00:00,"[""taking an exam, sitting for an exam"", ""entrance examination""]",,,,,false,de,584,die,,c1
2075,tatsächlich,2026-08-28T15:49:25.685341+00:00,,,adverb,2026-08-28T15:49:25.685341+00:00,"[""in practice, actually"", ""in reality, in fact""]",,,,,false,de,503,,,b1
2076,verzeihen,2026-08-28T15:49:25.685341+00:00,,,verb,2026-08-28T15:49:25.685341+00:00,"[""to forgive, to pardon"", ""to permit, to allow""]",,,,,false,de,592,,,b1
2077,Wochenende,2026-08-28T15:49:25.685341+00:00,13,,noun,2026-08-28T15:49:25.685341+00:00,"[""weekend""]",,,,,false,de,491,das,Wochenenden,a1
2078,Verkehrsmittel,2026-08-28T15:49:25.685341+00:00,12,,noun,2026-08-28T15:49:25.685341+00:00,"[""means of transportation""]",,,,,false,de,527,das,Verkehrsmittel,b1
2079,Kombination,2026-08-28T15:49:25.685341+00:00,,,noun,2026-08-28T15:49:25.685341+00:00,"[""combination, pairing, arrangement""]",,,,,false,de,490,die,Kombinationen,b1
2080,Sprudelwasser,2026-08-28T15:49:25.685341+00:00,5,,noun,2026-08-28T15:49:25.685341+00:00,"[""carbonated water""]",,,,,false,de,548,das,,a2
2081,Wende,2026-08-28T15:49:25.685341+00:00,27,,noun,2026-08-28T15:49:25.685341+00:00,"[""reversal, turnaround"", ""comeback, upset""]",,,,,false,de,538,die,Wenden,b2
2082,Verwaltung,2026-08-28T15:49:25.685341+00:00,25,,noun,2026-08-28T15:49:25.685341+00:00,"[""management, administration, control""]",,,,,false,de,453,die,Verwaltungen,b1
2083,Tiefkühlkost,2026-08-28T15:52:23.100949+00:00,5,,noun,2026-08-28T15:52:23.100949+00:00,"[""frozen food""]",,,,,false,de,681,die,,b1
2084,sparen,2026-08-28T15:52:23.100949+00:00,23,,verb,2026-08-28T15:52:23.100949+00:00,"[""to save (money), accumulate, store up""]",,,,,false,de,664,,,a2
2085,erlernen,2026-08-28T15:52:23.100949+00:00,8,,verb,2026-08-28T15:52:23.100949+00:00,"[""to learn (from a teacher), to take lessons in""]",,,,,false,de,647,,,b1
2086,Nudel,2026-08-28T15:52:23.100949+00:00,5,,noun,2026-08-28T15:52:23.100949+00:00,"[""noodles""]",,,,,false,de,630,die,Nudeln,a1
2087,Rechnung,2026-08-28T15:52:23.100949+00:00,3,,noun,2026-08-28T15:52:23.100949+00:00,"[""checkout / payment""]",,,,,false,de,665,die,Rechnungen,a2
2088,leihen,2026-08-28T15:52:23.100949+00:00,8,,verb,2026-08-28T15:52:23.100949+00:00,"[""to borrow, rent, hire""]",,,,,false,de,606,,,a2
2089,nachschlagen,2026-08-28T15:52:23.100949+00:00,26,,verb,2026-08-28T15:52:23.100949+00:00,"[""to investigate, to look up, to examine, to check""]",,,,,false,de,700,,,b1
2090,Donnerstag,2026-08-28T15:52:23.100949+00:00,13,,noun,2026-08-28T15:52:23.100949+00:00,"[""Thursday""]",,,,,false,de,620,der,Donnerstage,a1
2091,Tofu,2026-08-28T15:52:23.100949+00:00,5,,noun,2026-08-28T15:52:23.100949+00:00,"[""tofu""]",,,,,false,de,745,der,,a2
2092,Braun,2026-08-28T15:52:23.100949+00:00,16,,noun,2026-08-28T15:52:23.100949+00:00,"[""brown (color)""]",,,,,false,de,667,das,,a1
2093,Fachwissen,2026-08-28T15:52:23.100949+00:00,25,,noun,2026-08-28T15:52:23.100949+00:00,"[""specialty, expertise, special field""]",,,,,false,de,733,das,,b2
2094,breit,2026-08-28T15:52:23.100949+00:00,21,,adjective,2026-08-28T15:52:23.100949+00:00,"[""wide, spacious, broad"", ""large (area)""]",,,,,false,de,706,,,a1
2095,nach dem Unterricht,2026-08-28T15:52:23.100949+00:00,8,,phrase,2026-08-28T15:52:23.100949+00:00,"[""after school""]",,,,,false,de,714,,,a2
2096,Tabelle,2026-08-28T15:52:23.100949+00:00,,,noun,2026-08-28T15:52:23.100949+00:00,"[""table, chart, list"", ""surface, front, outside""]",,,,,false,de,662,die,Tabellen,b1
2097,Fest,2026-08-28T15:52:23.100949+00:00,,,noun,2026-08-28T15:52:23.100949+00:00,"[""festival, celebration, matsuri""]",,,,,false,de,640,das,Feste,a2
2098,Tag,2026-08-28T15:52:23.100949+00:00,13,,noun,2026-08-28T15:52:23.100949+00:00,"[""one day, all day long"", ""the first day (of the month, read as ついたち)""]",,,,,false,de,633,der,Tage,a1
2099,Haustier,2026-08-28T15:52:23.100949+00:00,12,,noun,2026-08-28T15:52:23.100949+00:00,"[""pet (animal)""]",,,,,false,de,738,das,Haustiere,a2
2100,knapp,2026-08-28T15:52:23.100949+00:00,,,adjective,2026-08-28T15:52:23.100949+00:00,"[""concise, brief"", ""to the point""]",,,,,false,de,644,,,b2
2101,viel,2026-08-28T15:52:23.100949+00:00,19,,adjective,2026-08-28T15:52:23.100949+00:00,"[""many, numerous, a lot"", ""frequent, common""]",,,,,false,de,686,,,a1
2102,Übersicht,2026-08-28T15:52:23.100949+00:00,29,,noun,2026-08-28T15:52:23.100949+00:00,"[""overview"", ""summary""]",,,,,false,de,684,die,Übersichten,b1
2103,hoch,2026-08-28T15:52:23.100949+00:00,21,,adjective,2026-08-28T15:52:23.100949+00:00,"[""tall, high, expensive, loud""]",,,,,false,de,655,,,a1
2104,Wettkampf,2026-08-28T15:52:23.100949+00:00,27,,noun,2026-08-28T15:52:23.100949+00:00,"[""match, contest, competition"", ""game, bout""]",,,,,false,de,617,der,Wettkämpfe,b1
2105,heute,2026-08-28T15:52:23.100949+00:00,13,,adverb,2026-08-28T15:52:23.100949+00:00,"[""today""]",,,,,false,de,674,,,a1
2106,Check-in,2026-08-28T15:52:23.100949+00:00,12,,noun,2026-08-28T15:52:23.100949+00:00,"[""check-in""]",,,,,false,de,672,der,Check-ins,b1
2107,Einrichtung,2026-08-28T15:52:23.100949+00:00,30,,noun,2026-08-28T15:52:23.100949+00:00,"[""facility""]",,,,,false,de,629,die,Einrichtungen,b1
2108,kostenlos,2026-08-28T15:52:23.100949+00:00,12,,adjective,2026-08-28T15:52:23.100949+00:00,"[""free of charge""]",,,,,false,de,624,,,a2
2109,Gewerbe,2026-08-28T15:52:23.100949+00:00,25,,noun,2026-08-28T15:52:23.100949+00:00,"[""industry, enterprise, business""]",,,,,false,de,626,das,Gewerbe,b2
2110,erste,2026-08-28T15:52:23.100949+00:00,28,,adjective,2026-08-28T15:52:23.100949+00:00,"[""number one, first"", ""most, best, the most ... (superlative)""]",,,,,false,de,705,,,a1
2111,Klasse,2026-08-28T15:52:23.100949+00:00,8,,noun,2026-08-28T15:52:23.100949+00:00,"[""class, classroom (in school)""]",,,,,false,de,727,die,Klassen,a2
2112,Fisch,2026-08-28T15:52:23.100949+00:00,5,,noun,2026-08-28T15:52:23.100949+00:00,"[""fish""]",,,,,false,de,696,der,Fische,a1
2113,wertvoll,2026-08-28T15:52:23.100949+00:00,,,adjective,2026-08-28T15:52:23.100949+00:00,"[""precious, valuable"", ""rare, important""]",,,,,false,de,627,,,b1
2114,verstehen,2026-08-28T15:52:23.100949+00:00,26,,verb,2026-08-28T15:52:23.100949+00:00,"[""to understand, to comprehend"", ""to be clear, to be known""]",,,,,false,de,636,,,a1
2115,unterliegen,2026-08-28T15:52:23.100949+00:00,27,,verb,2026-08-28T15:52:23.100949+00:00,"[""to lose, to be defeated, to succumb""]",,,,,false,de,651,,,b2
2116,Fremde,2026-08-28T15:52:23.100949+00:00,,,noun,2026-08-28T15:52:23.100949+00:00,"[""other person, stranger"", ""someone else, unrelated person""]",,,,,false,de,631,der,Fremden,b1
2117,Werk,2026-08-28T15:52:23.100949+00:00,,,noun,2026-08-28T15:52:23.100949+00:00,"[""work of art, creation, piece"", ""literary or artistic work""]",,,,,false,de,729,das,Werke,b1
2118,U-Bahn,2026-08-28T15:52:23.100949+00:00,2,,noun,2026-08-28T15:52:23.100949+00:00,"[""subway, underground train, metro""]",,,,,false,de,730,die,U-Bahnen,a1
2119,freies Zimmer,2026-08-28T15:52:23.100949+00:00,30,,phrase,2026-08-28T15:52:23.100949+00:00,"[""vacant room"", ""vacancy""]",,,,,false,de,712,,,a2
2120,anstehen,2026-08-28T15:52:23.100949+00:00,22,,verb,2026-08-28T15:52:23.100949+00:00,"[""to line up, to stand in a row"", ""to be equal to, to rank with""]",,,,,false,de,723,,,b1
2121,machen,2026-08-28T15:52:23.100949+00:00,,,verb,2026-08-28T15:52:23.100949+00:00,"[""to make, to create, to produce"", ""to cook, to prepare""]",,,,,false,de,695,,,a1
2122,Prominente,2026-08-28T15:52:23.100949+00:00,29,,noun,2026-08-28T15:52:23.100949+00:00,"[""celebrity""]",,,,,false,de,642,der,Prominenten,b2
2123,Körperschaft,2026-08-28T15:52:23.100949+00:00,32,,noun,2026-08-28T15:52:23.100949+00:00,"[""corporation"", ""juridical person""]",,,,,false,de,737,die,Körperschaften,c1
2124,Lesen,2026-08-28T15:52:23.100949+00:00,,,noun,2026-08-28T15:52:23.100949+00:00,"[""reading (books as a hobby or activity)""]",,,,,false,de,610,das,,a2
2125,Angestellte,2026-08-28T15:52:23.100949+00:00,25,,noun,2026-08-28T15:52:23.100949+00:00,"[""company employee, staff member"", ""corporate member""]",,,,,false,de,748,der,Angestellten,b1
2126,Wetter,2026-08-28T15:52:23.100949+00:00,14,,noun,2026-08-28T15:52:23.100949+00:00,"[""weather"", ""fine weather, sunny weather""]",,,,,false,de,719,das,,a1
2127,Goldfisch,2026-08-28T15:52:23.100949+00:00,18,,noun,2026-08-28T15:52:23.100949+00:00,"[""goldfish""]",,,,,false,de,661,der,Goldfische,a2
2128,Maler,2026-08-28T15:52:23.100949+00:00,25,,noun,2026-08-28T15:52:23.100949+00:00,"[""painter, artist""]",,,,,false,de,609,der,Maler,a2
2129,Jahreszeit,2026-08-28T15:52:23.100949+00:00,13,,noun,2026-08-28T15:52:23.100949+00:00,"[""season""]",,,,,false,de,718,die,Jahreszeiten,a2
2130,Stimme,2026-08-28T15:52:23.100949+00:00,24,,noun,2026-08-28T15:52:23.100949+00:00,"[""voice, sound (of a person or animal)""]",,,,,false,de,690,die,Stimmen,a2
2131,Neuzugang,2026-08-28T15:52:23.100949+00:00,29,,noun,2026-08-28T15:52:23.100949+00:00,"[""new arrival""]",,,,,false,de,673,der,Neuzugänge,b2
2132,klettern,2026-08-28T15:52:23.100949+00:00,20,,verb,2026-08-28T15:52:23.100949+00:00,"[""to climb, to ascend, to go up""]",,,,,false,de,656,,,a2
2133,rechte Seite,2026-08-28T15:52:23.100949+00:00,22,,noun,2026-08-28T15:52:23.100949+00:00,"[""right side""]",,,,,false,de,625,die,,a1
2134,Adresse,2026-08-28T15:52:23.100949+00:00,30,,noun,2026-08-28T15:52:23.100949+00:00,"[""address, residence"", ""domicile""]",,,,,false,de,694,die,Adressen,a1
2135,Schwester,2026-08-28T15:52:23.100949+00:00,10,,noun,2026-08-28T15:52:23.100949+00:00,"[""younger sister (plain/humble)""]",,,,,false,de,679,die,Schwestern,a1
2136,verfolgen,2026-08-28T15:52:23.100949+00:00,20,,verb,2026-08-28T15:52:23.100949+00:00,"[""to chase, to pursue, to follow"", ""to drive away, to expel""]",,,,,false,de,653,,,b1
2137,Kaffee,2026-08-28T15:52:23.100949+00:00,5,,noun,2026-08-28T15:52:23.100949+00:00,"[""coffee""]",,,,,false,de,654,der,Kaffees,a1
2138,ändern,2026-08-28T15:52:23.100949+00:00,,,verb,2026-08-28T15:52:23.100949+00:00,"[""to change (transitive), alter""]",,,,,false,de,643,,,a2
2139,Hut,2026-08-28T15:52:23.100949+00:00,3,,noun,2026-08-28T15:52:23.100949+00:00,"[""hat""]",,,,,false,de,635,der,Hüte,a1
2140,zugehen,2026-08-28T15:52:23.100949+00:00,,,verb,2026-08-28T15:52:23.100949+00:00,"[""to close, to be shut (intransitive)"", ""to be locked, to close up""]",,,,,false,de,701,,,b1
2141,dreifach,2026-08-28T15:52:23.100949+00:00,7,,adjective,2026-08-28T15:52:23.100949+00:00,"[""triple (size)""]",,,,,false,de,736,,,b1
2142,Gesinnung,2026-08-28T15:52:23.100949+00:00,,,noun,2026-08-28T15:52:23.100949+00:00,"[""political views, political opinions""]",,,,,false,de,704,die,Gesinnungen,c1
2143,Erwachsene,2026-08-28T15:52:23.100949+00:00,12,,noun,2026-08-28T15:52:23.100949+00:00,"[""adult, grown-up"", ""mature person""]",,,,,false,de,637,der,Erwachsenen,a2
2144,Fluss,2026-08-28T15:52:23.100949+00:00,14,,noun,2026-08-28T15:52:23.100949+00:00,"[""rivers, waterways"", ""rivers and streams""]",,,,,false,de,638,der,Flüsse,a2
2145,groß,2026-08-28T15:52:23.100949+00:00,21,,adjective,2026-08-28T15:52:23.100949+00:00,"[""big, large, great"", ""important, serious""]",,,,,false,de,692,,,a1
2146,Nutzung,2026-08-28T15:52:23.100949+00:00,33,,noun,2026-08-28T15:52:23.100949+00:00,"[""use, utilization, making use of""]",,,,,false,de,739,die,Nutzungen,b1
2147,Sendung,2026-08-28T15:52:23.100949+00:00,24,,noun,2026-08-28T15:52:23.100949+00:00,"[""TV program, radio program""]",,,,,false,de,652,die,Sendungen,b1
2148,sich verlängern,2026-08-28T15:52:23.100949+00:00,21,,verb,2026-08-28T15:52:23.100949+00:00,"[""to extend, to be prolonged"", ""to grow (hair, nails), to stretch""]",,,,,false,de,722,,,b1
2149,lustig,2026-08-28T15:52:23.100949+00:00,15,,adjective,2026-08-28T15:52:23.100949+00:00,"[""fun, enjoyable, pleasant"", ""delightful, cheerful""]",,,,,false,de,646,,,a1
2150,Lokal,2026-08-28T15:52:23.100949+00:00,7,,noun,2026-08-28T15:52:23.100949+00:00,"[""shop, store, restaurant""]",,,,,false,de,725,das,Lokale,b1
2151,Genie,2026-08-28T15:52:23.100949+00:00,,,noun,2026-08-28T15:52:23.100949+00:00,"[""genius, prodigy, extraordinary talent""]",,,,,false,de,744,das,Genies,b2
2152,Veröffentlichung,2026-08-28T15:52:23.100949+00:00,24,,noun,2026-08-28T15:52:23.100949+00:00,"[""public release, making public"", ""open to the public""]",,,,,false,de,707,die,Veröffentlichungen,b2
2153,halten,2026-08-28T15:52:23.100949+00:00,,,verb,2026-08-28T15:52:23.100949+00:00,"[""to hold, to have, to carry""]",,,,,false,de,683,,,a2
2154,werfen,2026-08-28T15:52:23.100949+00:00,20,,verb,2026-08-28T15:52:23.100949+00:00,"[""to throw, to toss, to pitch""]",,,,,false,de,685,,,a2
2155,Wirkung,2026-08-28T15:52:23.100949+00:00,26,,noun,2026-08-28T15:52:23.100949+00:00,"[""impression""]",,,,,false,de,693,die,Wirkungen,b1
2156,Getränke inklusive,2026-08-28T15:52:23.100949+00:00,7,,phrase,2026-08-28T15:52:23.100949+00:00,"[""all-you-can-drink""]",,,,,false,de,732,,,b1
2157,durcheinandergeraten,2026-08-28T15:52:23.100949+00:00,,,verb,2026-08-28T15:52:23.100949+00:00,"[""to be in disorder, to be disturbed"", ""to be disheveled, to be in turmoil""]",,,,,false,de,699,,,c1
2158,Industrie,2026-08-28T15:52:23.100949+00:00,25,,noun,2026-08-28T15:52:23.100949+00:00,"[""industry, manufacturing, engineering""]",,,,,false,de,623,die,Industrien,b1
2159,Hoffnung,2026-08-28T15:52:23.100949+00:00,15,,noun,2026-08-28T15:52:23.100949+00:00,"[""hope, wish, desire""]",,,,,false,de,628,die,Hoffnungen,b1
2160,Index,2026-08-28T15:52:23.100949+00:00,33,,noun,2026-08-28T15:52:23.100949+00:00,"[""index""]",,,,,false,de,669,der,Indizes,b2
2161,Richtung,2026-08-28T15:52:23.100949+00:00,22,,noun,2026-08-28T15:52:23.100949+00:00,"[""direction, orientation"", ""course, way""]",,,,,false,de,675,die,Richtungen,a2
2162,Gewährung,2026-08-28T15:52:23.100949+00:00,33,,noun,2026-08-28T15:52:23.100949+00:00,"[""to grant"", ""to award""]",,,,,false,de,670,die,,c1
2163,sein,2026-08-28T15:52:23.100949+00:00,,,verb,2026-08-28T15:52:23.100949+00:00,"[""to be, to exist (for animate objects)"", ""to stay, to remain""]",,,,,false,de,709,,,a1
2164,Ausverkauf,2026-08-28T15:52:23.100949+00:00,3,,noun,2026-08-28T15:52:23.100949+00:00,"[""sale""]",,,,,false,de,708,der,Ausverkäufe,b1
2165,zusteuern,2026-08-28T15:52:23.100949+00:00,20,,verb,2026-08-28T15:52:23.100949+00:00,"[""to head toward, to go toward"", ""to face, to confront""]",,,,,false,de,697,,,b2
2166,braten,2026-08-28T15:52:23.100949+00:00,,,verb,2026-08-28T15:52:23.100949+00:00,"[""to grill, bake, burn, roast""]",,,,,false,de,632,,,a2
2167,Firma,2026-08-28T15:52:23.100949+00:00,25,,noun,2026-08-28T15:52:23.100949+00:00,"[""company, firm, corporation""]",,,,,false,de,676,die,Firmen,a1
2168,Erfahrung,2026-08-28T15:52:23.100949+00:00,,,noun,2026-08-28T15:52:23.100949+00:00,"[""experience"", ""personal history, background""]",,,,,false,de,717,die,Erfahrungen,b1
2169,Inselgruppe,2026-08-28T15:52:23.100949+00:00,14,,noun,2026-08-28T15:52:23.100949+00:00,"[""archipelago, group of islands"", ""island chain""]",,,,,false,de,710,die,Inselgruppen,b2
2170,sich nähern,2026-08-28T15:52:23.100949+00:00,20,,verb,2026-08-28T15:52:23.100949+00:00,"[""to approach, to draw near"", ""to drop by, to stop at""]",,,,,false,de,605,,,b1
2171,hinausgehen,2026-08-28T15:52:23.100949+00:00,20,,verb,2026-08-28T15:52:23.100949+00:00,"[""to go out, to exit, to leave"", ""to appear, to come out, to attend""]",,,,,false,de,604,,,a2
2172,Name,2026-08-28T15:52:23.100949+00:00,,,noun,2026-08-28T15:52:23.100949+00:00,"[""name (of a person, thing, place)""]",,,,,false,de,691,der,Namen,a1
2173,Atmung,2026-08-28T15:52:23.100949+00:00,17,,noun,2026-08-28T15:52:23.100949+00:00,"[""breathing, respiration"", ""breath""]",,,,,false,de,641,die,,b1
2174,Abstimmung,2026-08-28T15:52:23.100949+00:00,11,,noun,2026-08-28T15:52:23.100949+00:00,"[""voting, ballot, poll""]",,,,,false,de,702,die,Abstimmungen,b1
2175,Sternbild,2026-08-28T15:52:23.100949+00:00,,,noun,2026-08-28T15:52:23.100949+00:00,"[""constellation, star sign""]",,,,,false,de,639,das,Sternbilder,b2
2176,Vorstellung,2026-08-28T15:52:23.100949+00:00,26,,noun,2026-08-28T15:52:23.100949+00:00,"[""imagination, fancy, supposition""]",,,,,false,de,750,die,Vorstellungen,b1
2177,Muttermilch,2026-08-28T15:52:23.100949+00:00,,,noun,2026-08-28T15:52:23.100949+00:00,"[""breast milk"", ""mother's milk""]",,,,,false,de,688,die,,b1
2178,Gatte,2026-08-28T15:52:23.100949+00:00,10,,noun,2026-08-28T15:52:23.100949+00:00,"[""husband (one's own)"", ""master, owner, head of household""]",,,,,false,de,721,der,Gatten,b2
2179,Gelegenheit,2026-08-28T15:52:23.100949+00:00,,,noun,2026-08-28T15:52:23.100949+00:00,"[""opportunity, chance, occasion""]",,,,,false,de,742,die,Gelegenheiten,b1
2180,duschen,2026-08-28T15:52:23.100949+00:00,10,,verb,2026-08-28T15:52:23.100949+00:00,"[""to bathe in, shower, be exposed to""]",,,,,false,de,724,,,a2
2181,Reise,2026-08-28T15:52:23.100949+00:00,12,,noun,2026-08-28T15:52:23.100949+00:00,"[""travel, trip, journey""]",,,,,false,de,703,die,Reisen,a1
2182,Singvogel,2026-08-28T15:52:23.100949+00:00,18,,noun,2026-08-28T15:52:23.100949+00:00,"[""small bird, little bird""]",,,,,false,de,735,der,Singvögel,b1
2183,Zug,2026-08-28T15:52:23.100949+00:00,2,,noun,2026-08-28T15:52:23.100949+00:00,"[""train, electric train, commuter train""]",,,,,false,de,660,der,Züge,a1
2184,Wohltäter,2026-08-28T15:52:23.100949+00:00,,,noun,2026-08-28T15:52:23.100949+00:00,"[""benefactor, person one is indebted to"", ""someone who helped greatly""]",,,,,false,de,658,der,Wohltäter,c1
2185,Ergebnis,2026-08-28T15:52:23.100949+00:00,12,,noun,2026-08-28T15:52:23.100949+00:00,"[""result, outcome, consequence""]",,,,,false,de,715,das,Ergebnisse,b1
2186,stehen,2026-08-28T15:52:23.100949+00:00,20,,verb,2026-08-28T15:52:23.100949+00:00,"[""to stand, to stand up"", ""to rise, to leave, to be established""]",,,,,false,de,621,,,a1
2187,Stadt,2026-08-28T15:52:23.100949+00:00,,,noun,2026-08-28T15:52:23.100949+00:00,"[""city, urban area, metropolis""]",,,,,false,de,734,die,Städte,a1
2188,Zusammenleben,2026-08-28T15:52:23.100949+00:00,10,,noun,2026-08-28T15:52:23.100949+00:00,"[""living together, cohabitation"", ""sharing a residence""]",,,,,false,de,607,das,,b2
2189,Gebrauch,2026-08-28T15:52:23.100949+00:00,,,noun,2026-08-28T15:52:23.100949+00:00,"[""use, application"", ""usage, employment""]",,,,,false,de,713,der,,b1
2190,Geschäftslokal,2026-08-28T15:52:23.100949+00:00,,,noun,2026-08-28T15:52:23.100949+00:00,"[""store"", ""shop""]",,,,,false,de,720,das,Geschäftslokale,b2
2191,zeigen,2026-08-28T15:52:23.100949+00:00,22,,verb,2026-08-28T15:52:23.100949+00:00,"[""to point to, to indicate, to refer to""]",,,,,false,de,698,,,a2
2192,Verwirrung,2026-08-28T15:52:23.100949+00:00,15,,noun,2026-08-28T15:52:23.100949+00:00,"[""confusion, disorder"", ""chaos, turmoil""]",,,,,false,de,648,die,,b2
2193,Haut,2026-08-28T15:52:23.100949+00:00,17,,noun,2026-08-28T15:52:23.100949+00:00,"[""skin (of the body)""]",,,,,false,de,680,die,Häute,a2
2194,Kohle,2026-08-28T15:52:23.100949+00:00,,,noun,2026-08-28T15:52:23.100949+00:00,"[""coal""]",,,,,false,de,663,die,Kohlen,b1
2195,Schwachstelle,2026-08-28T15:52:23.100949+00:00,,,noun,2026-08-28T15:52:23.100949+00:00,"[""weak point, weakness, vulnerability""]",,,,,false,de,678,die,Schwachstellen,b2
2196,Gegend,2026-08-28T15:52:23.100949+00:00,10,,noun,2026-08-28T15:52:23.100949+00:00,"[""local, one's hometown, home area"", ""the local area""]",,,,,false,de,613,die,Gegenden,b1
2197,tagsüber,2026-08-28T15:52:23.100949+00:00,13,,adverb,2026-08-28T15:52:23.100949+00:00,"[""daytime, during the day""]",,,,,false,de,726,,,b1
2198,sich gewöhnen,2026-08-28T15:52:23.100949+00:00,,,verb,2026-08-28T15:52:23.100949+00:00,"[""to get used to, to become accustomed to"", ""to be familiar with""]",,,,,false,de,677,,,b1
2199,Umfang,2026-08-28T15:52:23.100949+00:00,,,noun,2026-08-28T15:52:23.100949+00:00,"[""range, scope, extent""]",,,,,false,de,666,der,Umfänge,b2
2200,absolvieren,2026-08-28T15:52:23.100949+00:00,8,,verb,2026-08-28T15:52:23.100949+00:00,"[""to graduate""]",,,,,false,de,619,,,b2
2201,genau,2026-08-28T15:52:23.100949+00:00,,,adjective,2026-08-28T15:52:23.100949+00:00,"[""accurate, precise"", ""exact, correct""]",,,,,false,de,682,,,a2
2202,Blatt,2026-08-28T15:52:23.100949+00:00,14,,noun,2026-08-28T15:52:23.100949+00:00,"[""leaf, blade (of grass), petal""]",,,,,false,de,608,das,Blätter,a2
2203,Erweiterung,2026-08-28T15:52:23.100949+00:00,21,,noun,2026-08-28T15:52:23.100949+00:00,"[""expansion, enlargement"", ""magnification""]",,,,,false,de,743,die,Erweiterungen,b2
2204,Stellung,2026-08-28T15:52:23.100949+00:00,25,,noun,2026-08-28T15:52:23.100949+00:00,"[""status, standing, position, rank""]",,,,,false,de,611,die,Stellungen,b2
2205,Hühnerfleisch,2026-08-28T15:52:23.100949+00:00,5,,noun,2026-08-28T15:52:23.100949+00:00,"[""chicken (meat)""]",,,,,false,de,671,das,,a2
2206,Spielzeug,2026-08-28T15:52:23.100949+00:00,36,,noun,2026-08-28T15:52:23.100949+00:00,"[""toy""]",,,,,false,de,618,das,Spielzeuge,a1
2207,gemeinsam,2026-08-28T15:52:23.100949+00:00,,,adjective,2026-08-28T15:52:23.100949+00:00,"[""common, shared, mutual""]",,,,,false,de,668,,,a2
2208,Geschichte,2026-08-28T15:52:23.100949+00:00,,,noun,2026-08-28T15:52:23.100949+00:00,"[""history""]",,,,,false,de,747,die,Geschichten,a2
2209,Unglück,2026-08-28T15:52:23.100949+00:00,15,,noun,2026-08-28T15:52:23.100949+00:00,"[""unhappiness, misfortune"", ""bad luck, tragedy""]",,,,,false,de,731,das,,b1
2210,tiefgekühlt,2026-08-28T15:52:23.100949+00:00,5,,adjective,2026-08-28T15:52:23.100949+00:00,"[""frozen""]",,,,,false,de,746,,,b1
2211,Tagesausflug,2026-08-28T15:52:23.100949+00:00,12,,noun,2026-08-28T15:52:23.100949+00:00,"[""day trip""]",,,,,false,de,645,der,Tagesausflüge,b1
2212,Opposition,2026-08-28T15:52:23.100949+00:00,11,,noun,2026-08-28T15:52:23.100949+00:00,"[""opposition party""]",,,,,false,de,649,die,,b2
2213,Betreuung,2026-08-28T15:52:23.100949+00:00,10,,noun,2026-08-28T15:52:23.100949+00:00,"[""care, looking after"", ""help, assistance""]",,,,,false,de,634,die,,b2
2214,leicht,2026-08-28T15:52:23.100949+00:00,21,,adjective,2026-08-28T15:52:23.100949+00:00,"[""light (not heavy), easy, casual"", ""trivial, slight""]",,,,,false,de,659,,,a1
2215,Punkt,2026-08-28T15:52:23.100949+00:00,12,,noun,2026-08-28T15:52:23.100949+00:00,"[""point"", ""location""]",,,,,false,de,716,der,Punkte,a2
2216,Gehweg,2026-08-28T15:52:23.100949+00:00,,,noun,2026-08-28T15:52:23.100949+00:00,"[""sidewalk, footpath, pedestrian path""]",,,,,false,de,602,der,Gehwege,a2
2217,Wort,2026-08-28T15:52:23.100949+00:00,24,,noun,2026-08-28T15:52:23.100949+00:00,"[""word, language, expression, speech""]",,,,,false,de,657,das,Wörter,a1
2218,Wissen,2026-08-28T15:52:23.100949+00:00,26,,noun,2026-08-28T15:52:23.100949+00:00,"[""knowledge, information, learning""]",,,,,false,de,711,das,,b1
2219,gültig,2026-08-28T15:52:23.100949+00:00,,,adjective,2026-08-28T15:52:23.100949+00:00,"[""valid, effective, in effect"", ""useful, efficient""]",,,,,false,de,749,,,b1
2220,Mittwoch,2026-08-28T15:52:23.100949+00:00,13,,noun,2026-08-28T15:52:23.100949+00:00,"[""Wednesday""]",,,,,false,de,612,der,Mittwoche,a1
2221,Schulleiter,2026-08-28T15:52:23.100949+00:00,8,,noun,2026-08-28T15:52:23.100949+00:00,"[""school principal, headmaster""]",,,,,false,de,740,der,Schulleiter,b1
2222,Bekannte,2026-08-28T15:52:23.100949+00:00,,,noun,2026-08-28T15:52:23.100949+00:00,"[""acquaintance, person one knows""]",,,,,false,de,616,der,Bekannten,b1
2223,sich beeilen,2026-08-28T15:52:23.100949+00:00,20,,verb,2026-08-28T15:52:23.100949+00:00,"[""to hurry, to rush, to hasten""]",,,,,false,de,615,,,a2
2224,Stylingprodukt,2026-08-28T15:55:11.415162+00:00,6,,noun,2026-08-28T15:55:11.415162+00:00,"[""hair styling product""]",,,,,false,de,866,das,Stylingprodukte,b2
2225,Tüte,2026-08-28T15:55:11.415162+00:00,1,,noun,2026-08-28T15:55:11.415162+00:00,"[""bag""]",,,,,false,de,887,die,Tüten,a2
2226,Überraschung,2026-08-28T15:55:11.415162+00:00,15,,noun,2026-08-28T15:55:11.415162+00:00,"[""unexpectedness, surprise"", ""unexpected (na-adjective use)""]",,,,,false,de,802,die,Überraschungen,b1
2227,Sonnenschein,2026-08-28T15:55:11.415162+00:00,14,,noun,2026-08-28T15:55:11.415162+00:00,"[""clear weather, sunny, fine weather""]",,,,,false,de,850,der,,b1
2228,Zeit,2026-08-28T15:55:11.415162+00:00,13,,noun,2026-08-28T15:55:11.415162+00:00,"[""time, hour"", ""time (duration)""]",,,,,false,de,801,die,Zeiten,a1
2229,früh,2026-08-28T15:55:11.415162+00:00,13,,adjective,2026-08-28T15:55:11.415162+00:00,"[""early, too soon"", ""fast, quick (速い is more common for speed)""]",,,,,false,de,856,,,a1
2230,Kasse,2026-08-28T15:55:11.415162+00:00,1,,noun,2026-08-28T15:55:11.415162+00:00,"[""cashier / register""]",,,,,false,de,807,die,Kassen,a2
2231,scheitern,2026-08-28T15:55:11.415162+00:00,27,,verb,2026-08-28T15:55:11.415162+00:00,"[""to be defeated, lose""]",,,,,false,de,756,,,b2
2232,Glückseligkeit,2026-08-28T15:55:11.415162+00:00,15,,noun,2026-08-28T15:55:11.415162+00:00,"[""happiness, bliss, good fortune""]",,,,,false,de,872,die,,c1
2233,Wettervorhersage,2026-08-28T15:55:11.415162+00:00,14,,noun,2026-08-28T15:55:11.415162+00:00,"[""weather forecast"", ""weather report""]",,,,,false,de,852,die,Wettervorhersagen,a2
2234,erziehen,2026-08-28T15:55:11.415162+00:00,10,,verb,2026-08-28T15:55:11.415162+00:00,"[""to raise, to bring up"", ""to nurture, to cultivate, to develop""]",,,,,false,de,836,,,b1
2235,anführen,2026-08-28T15:55:11.415162+00:00,,,verb,2026-08-28T15:55:11.415162+00:00,"[""to raise, lift up, cite, give as an example""]",,,,,false,de,847,,,b2
2236,Chemie,2026-08-28T15:55:11.415162+00:00,8,,noun,2026-08-28T15:55:11.415162+00:00,"[""chemistry (science)"", ""chemical science""]",,,,,false,de,883,die,,b1
2237,ungeschickt,2026-08-28T15:55:11.415162+00:00,,,adjective,2026-08-28T15:55:11.415162+00:00,"[""unskilled, poor at, clumsy"", ""bad at something""]",,,,,false,de,785,,,b1
2238,Verkäufer,2026-08-28T15:55:11.415162+00:00,1,,noun,2026-08-28T15:55:11.415162+00:00,"[""store staff""]",,,,,false,de,765,der,Verkäufer,a2
2239,Garantie,2026-08-28T15:55:11.415162+00:00,4,,noun,2026-08-28T15:55:11.415162+00:00,"[""warranty""]",,,,,false,de,899,die,Garantien,b1
2240,Sommer,2026-08-28T15:55:11.415162+00:00,14,,noun,2026-08-28T15:55:11.415162+00:00,"[""summer""]",,,,,false,de,786,der,Sommer,a1
2241,schwer,2026-08-28T15:55:11.415162+00:00,21,,adjective,2026-08-28T15:55:11.415162+00:00,"[""heavy (weight), serious, severe""]",,,,,false,de,825,,,a1
2242,gewinnen,2026-08-28T15:55:11.415162+00:00,27,,verb,2026-08-28T15:55:11.415162+00:00,"[""to win, to be victorious"", ""to defeat, to overcome""]",,,,,false,de,838,,,a2
2243,Halbjahr,2026-08-28T15:55:11.415162+00:00,13,,noun,2026-08-28T15:55:11.415162+00:00,"[""half a year, six months""]",,,,,false,de,805,das,Halbjahre,b1
2244,dunkel,2026-08-28T15:55:11.415162+00:00,,,adjective,2026-08-28T15:55:11.415162+00:00,"[""dark, dim"", ""gloomy, depressing""]",,,,,false,de,815,,,a1
2245,Erzählung,2026-08-28T15:55:11.415162+00:00,,,noun,2026-08-28T15:55:11.415162+00:00,"[""story, tale, narrative""]",,,,,false,de,774,die,Erzählungen,b1
2246,Dichter,2026-08-28T15:55:11.415162+00:00,,,noun,2026-08-28T15:55:11.415162+00:00,"[""poet""]",,,,,false,de,833,der,Dichter,b2
2247,weglassen,2026-08-28T15:55:11.415162+00:00,,,verb,2026-08-28T15:55:11.415162+00:00,"[""to omit, save, cut out""]",,,,,false,de,839,,,b2
2248,Geschmack,2026-08-28T15:55:11.415162+00:00,7,,noun,2026-08-28T15:55:11.415162+00:00,"[""taste, flavor"", ""experience, feel""]",,,,,false,de,882,der,Geschmäcker,a2
2249,Reihe,2026-08-28T15:55:11.415162+00:00,,,noun,2026-08-28T15:55:11.415162+00:00,"[""row, line, queue"", ""column, rank""]",,,,,false,de,834,die,Reihen,a2
2250,beginnen,2026-08-28T15:55:11.415162+00:00,13,,verb,2026-08-28T15:55:11.415162+00:00,"[""to begin, to start (something)"", ""to commence, to initiate""]",,,,,false,de,812,,,a1
2251,Dezember,2026-08-28T15:55:11.415162+00:00,13,,noun,2026-08-28T15:55:11.415162+00:00,"[""December""]",,,,,false,de,827,der,,a1
2252,Auflösung,2026-08-28T15:55:11.415162+00:00,26,,noun,2026-08-28T15:55:11.415162+00:00,"[""answer, solution, response""]",,,,,false,de,861,die,Auflösungen,b2
2253,Panne,2026-08-28T15:55:11.415162+00:00,4,,noun,2026-08-28T15:55:11.415162+00:00,"[""breakdown, malfunction"", ""trouble, failure""]",,,,,false,de,816,die,Pannen,b1
2254,März,2026-08-28T15:55:11.415162+00:00,13,,noun,2026-08-28T15:55:11.415162+00:00,"[""March""]",,,,,false,de,900,der,,a1
2255,Praxis,2026-08-28T15:55:11.415162+00:00,9,,noun,2026-08-28T15:55:11.415162+00:00,"[""clinic, doctor's office"", ""private medical practice""]",,,,,false,de,817,die,Praxen,b1
2256,Versammlung,2026-08-28T15:55:11.415162+00:00,20,,noun,2026-08-28T15:55:11.415162+00:00,"[""gathering, assembly, meeting point, rendezvous""]",,,,,false,de,763,die,Versammlungen,b1
2257,Sportunterricht,2026-08-28T15:55:11.415162+00:00,8,,noun,2026-08-28T15:55:11.415162+00:00,"[""physical education, P.E."", ""physical training""]",,,,,false,de,848,der,,b1
2258,Fortschritt,2026-08-28T15:55:11.415162+00:00,,,noun,2026-08-28T15:55:11.415162+00:00,"[""progress, advance, development, improvement""]",,,,,false,de,752,der,Fortschritte,b1
2259,Vorhaben,2026-08-28T15:55:11.415162+00:00,,,noun,2026-08-28T15:55:11.415162+00:00,"[""plan, project, schedule""]",,,,,false,de,853,das,Vorhaben,b2
2260,Arbeitsplatz,2026-08-28T15:55:11.415162+00:00,12,,noun,2026-08-28T15:55:11.415162+00:00,"[""workplace""]",,,,,false,de,777,der,Arbeitsplätze,b1
2261,Gutschein,2026-08-28T15:55:11.415162+00:00,33,,noun,2026-08-28T15:55:11.415162+00:00,"[""coupon""]",,,,,false,de,898,der,Gutscheine,a2
2262,Gelb,2026-08-28T15:55:11.415162+00:00,16,,noun,2026-08-28T15:55:11.415162+00:00,"[""yellow (color)""]",,,,,false,de,796,das,,a1
2263,Geschirrschrank,2026-08-28T15:55:11.415162+00:00,35,,noun,2026-08-28T15:55:11.415162+00:00,"[""cupboard"", ""china cabinet""]",,,,,false,de,843,der,Geschirrschränke,b2
2264,Rest,2026-08-28T15:55:11.415162+00:00,19,,noun,2026-08-28T15:55:11.415162+00:00,"[""remainder, rest, leftover""]",,,,,false,de,823,der,Reste,a2
2265,Zuständigkeit,2026-08-28T15:55:11.415162+00:00,25,,noun,2026-08-28T15:55:11.415162+00:00,"[""charge, responsibility, being in charge of"", ""person in charge""]",,,,,false,de,841,die,Zuständigkeiten,b2
2266,Kopie,2026-08-28T15:55:11.415162+00:00,1,,noun,2026-08-28T15:55:11.415162+00:00,"[""photocopy""]",,,,,false,de,886,die,Kopien,a2
2267,Beobachtung,2026-08-28T15:55:11.415162+00:00,26,,noun,2026-08-28T15:55:11.415162+00:00,"[""observation, watching""]",,,,,false,de,781,die,Beobachtungen,b1
2268,Gleichmäßigkeit,2026-08-28T15:55:11.415162+00:00,28,,noun,2026-08-28T15:55:11.415162+00:00,"[""equality, evenness"", ""uniformity, equal distribution""]",,,,,false,de,893,die,,c1
2269,Aktivität,2026-08-28T15:55:11.415162+00:00,,,noun,2026-08-28T15:55:11.415162+00:00,"[""activity, action, movement"", ""operation""]",,,,,false,de,819,die,Aktivitäten,b1
2270,Entscheidung,2026-08-28T15:55:11.415162+00:00,26,,noun,2026-08-28T15:55:11.415162+00:00,"[""decision, determination"", ""conclusion, resolution""]",,,,,false,de,813,die,Entscheidungen,b1
2271,Rauchverbot,2026-08-28T15:55:11.415162+00:00,7,,noun,2026-08-28T15:55:11.415162+00:00,"[""no smoking""]",,,,,false,de,851,das,Rauchverbote,b1
2272,Abgrenzung,2026-08-28T15:55:11.415162+00:00,22,,noun,2026-08-28T15:55:11.415162+00:00,"[""boundary, border"", ""dividing line""]",,,,,false,de,806,die,Abgrenzungen,b2
2273,Anweisung,2026-08-28T15:55:11.415162+00:00,24,,noun,2026-08-28T15:55:11.415162+00:00,"[""instructions, directions, indication""]",,,,,false,de,885,die,Anweisungen,b1
2274,Gasthaus,2026-08-28T15:55:11.415162+00:00,12,,noun,2026-08-28T15:55:11.415162+00:00,"[""inn"", ""lodging""]",,,,,false,de,868,das,Gasthäuser,b1
2275,Naturwissenschaft,2026-08-28T15:55:11.415162+00:00,8,,noun,2026-08-28T15:55:11.415162+00:00,"[""science (as a school subject)""]",,,,,false,de,891,die,Naturwissenschaften,b1
2276,Bezirk,2026-08-28T15:55:11.415162+00:00,,,noun,2026-08-28T15:55:11.415162+00:00,"[""area, district, zone"", ""region""]",,,,,false,de,800,der,Bezirke,b1
2277,Zoo,2026-08-28T15:55:11.415162+00:00,,,noun,2026-08-28T15:55:11.415162+00:00,"[""zoo, zoological garden""]",,,,,false,de,879,der,Zoos,a1
2278,Eisenbahn,2026-08-28T15:55:11.415162+00:00,2,,noun,2026-08-28T15:55:11.415162+00:00,"[""railroad, railway""]",,,,,false,de,770,die,Eisenbahnen,b1
2279,Faktor,2026-08-28T15:55:11.415162+00:00,,,noun,2026-08-28T15:55:11.415162+00:00,"[""factor, main cause"", ""key element""]",,,,,false,de,782,der,Faktoren,b1
2280,Vertrieb,2026-08-28T15:55:11.415162+00:00,12,,noun,2026-08-28T15:55:11.415162+00:00,"[""business, sales, operation"", ""business hours, commercial activity""]",,,,,false,de,869,der,,b2
2281,Entbindung,2026-08-28T15:55:11.415162+00:00,3,,noun,2026-08-28T15:55:11.415162+00:00,"[""childbirth""]",,,,,false,de,837,die,Entbindungen,b2
2282,Natur,2026-08-28T15:55:11.415162+00:00,14,,noun,2026-08-28T15:55:11.415162+00:00,"[""nature, the natural world, naturally""]",,,,,false,de,897,die,,a2
2283,fallen lassen,2026-08-28T15:55:11.415162+00:00,20,,verb,2026-08-28T15:55:11.415162+00:00,"[""to drop, to lose, to let fall""]",,,,,false,de,789,,,b1
2284,Pilz,2026-08-28T15:55:11.415162+00:00,7,,noun,2026-08-28T15:55:11.415162+00:00,"[""mushroom""]",,,,,false,de,822,der,Pilze,a2
2285,Unhöflichkeit,2026-08-28T15:55:11.415162+00:00,24,,noun,2026-08-28T15:55:11.415162+00:00,"[""rudeness, impoliteness; excuse me""]",,,,,false,de,846,die,,b2
2286,Waschmittel,2026-08-28T15:55:11.415162+00:00,5,,noun,2026-08-28T15:55:11.415162+00:00,"[""detergent""]",,,,,false,de,863,das,Waschmittel,b1
2287,weinen,2026-08-28T15:55:11.415162+00:00,15,,verb,2026-08-28T15:55:11.415162+00:00,"[""to cry, weep""]",,,,,false,de,818,,,a2
2288,früher,2026-08-28T15:55:11.415162+00:00,13,,adverb,2026-08-28T15:55:11.415162+00:00,"[""before, previously, formerly, ago""]",,,,,false,de,820,,,a2
2289,Übung,2026-08-28T15:55:11.415162+00:00,27,,noun,2026-08-28T15:55:11.415162+00:00,"[""practice, training, exercise""]",,,,,false,de,775,die,Übungen,a2
2290,Verlängerung,2026-08-28T15:55:11.415162+00:00,13,,noun,2026-08-28T15:55:11.415162+00:00,"[""extension, prolongation"", ""extra time""]",,,,,false,de,889,die,Verlängerungen,b1
2291,Berechnung,2026-08-28T15:55:11.415162+00:00,26,,noun,2026-08-28T15:55:11.415162+00:00,"[""calculation, computation, arithmetic""]",,,,,false,de,759,die,Berechnungen,b1
2292,Topf,2026-08-28T15:55:11.415162+00:00,7,,noun,2026-08-28T15:55:11.415162+00:00,"[""pot"", ""hot pot""]",,,,,false,de,875,der,Töpfe,a2
2293,wünschen,2026-08-28T15:55:11.415162+00:00,15,,verb,2026-08-28T15:55:11.415162+00:00,"[""to wish, request, hope, pray""]",,,,,false,de,892,,,a2
2294,Fleisch,2026-08-28T15:55:11.415162+00:00,5,,noun,2026-08-28T15:55:11.415162+00:00,"[""meat""]",,,,,false,de,804,das,,a1
2295,offiziell,2026-08-28T15:55:11.415162+00:00,,,adjective,2026-08-28T15:55:11.415162+00:00,"[""official, formal"", ""formula, equation""]",,,,,false,de,758,,,b1
2296,Auffassung,2026-08-28T15:55:11.415162+00:00,26,,noun,2026-08-28T15:55:11.415162+00:00,"[""opinion, point of view, perspective (formal)""]",,,,,false,de,755,die,Auffassungen,b2
2297,Haus,2026-08-28T15:55:11.415162+00:00,10,,noun,2026-08-28T15:55:11.415162+00:00,"[""house, home"", ""one's household""]",,,,,false,de,803,das,Häuser,a1
2298,Sicherheit,2026-08-28T15:55:11.415162+00:00,33,,noun,2026-08-28T15:55:11.415162+00:00,"[""safety, security"", ""safe (na-adjective use)""]",,,,,false,de,865,die,,b1
2299,Überreichung,2026-08-28T15:55:11.415162+00:00,33,,noun,2026-08-28T15:55:11.415162+00:00,"[""to award"", ""to present (as a gift)""]",,,,,false,de,809,die,,c1
2300,September,2026-08-28T15:55:11.415162+00:00,13,,noun,2026-08-28T15:55:11.415162+00:00,"[""September""]",,,,,false,de,881,der,,a1
2301,Ausdehnung,2026-08-28T15:55:11.415162+00:00,,,noun,2026-08-28T15:55:11.415162+00:00,"[""expansion, extension"", ""enlargement""]",,,,,false,de,855,die,,b2
2302,Nadel,2026-08-28T15:55:11.415162+00:00,,,noun,2026-08-28T15:55:11.415162+00:00,"[""needle, pin"", ""thorn, hand (clock), compass needle""]",,,,,false,de,877,die,Nadeln,b1
2303,Einheit,2026-08-28T15:55:11.415162+00:00,8,,noun,2026-08-28T15:55:11.415162+00:00,"[""unit, credit (academic)""]",,,,,false,de,876,die,Einheiten,b1
2304,Flugzeug,2026-08-28T15:55:11.415162+00:00,12,,noun,2026-08-28T15:55:11.415162+00:00,"[""airplane""]",,,,,false,de,821,das,Flugzeuge,a1
2305,Wohnraum,2026-08-28T15:55:11.415162+00:00,30,,noun,2026-08-28T15:55:11.415162+00:00,"[""housing"", ""residence""]",,,,,false,de,871,der,Wohnräume,b2
2306,leben,2026-08-28T15:55:11.415162+00:00,,,verb,2026-08-28T15:55:11.415162+00:00,"[""to live, to be alive"", ""to make a living, to survive""]",,,,,false,de,762,,,a1
2307,Mama,2026-08-28T15:55:11.415162+00:00,10,,noun,2026-08-28T15:55:11.415162+00:00,"[""mom, mother (polite/familiar form)""]",,,,,false,de,751,die,Mamas,a1
2308,Art und Weise,2026-08-28T15:55:11.415162+00:00,,,noun,2026-08-28T15:55:11.415162+00:00,"[""way, method, manner"", ""means, how to do""]",,,,,false,de,795,die,,b1
2309,sich drehen,2026-08-28T15:55:11.415162+00:00,20,,verb,2026-08-28T15:55:11.415162+00:00,"[""to turn, to rotate"", ""to go around, to circulate""]",,,,,false,de,811,,,a2
2310,Geschirr,2026-08-28T15:55:11.415162+00:00,31,,noun,2026-08-28T15:55:11.415162+00:00,"[""tableware""]",,,,,false,de,842,das,,b1
2311,fließen,2026-08-28T15:55:11.415162+00:00,20,,verb,2026-08-28T15:55:11.415162+00:00,"[""to flow, to stream, to run"", ""to drift, to pass (time)""]",,,,,false,de,799,,,b1
2312,Epoche,2026-08-28T15:55:11.415162+00:00,13,,noun,2026-08-28T15:55:11.415162+00:00,"[""era, period, age, epoch""]",,,,,false,de,844,die,Epochen,b2
2313,Kommentar,2026-08-28T15:55:11.415162+00:00,29,,noun,2026-08-28T15:55:11.415162+00:00,"[""comment""]",,,,,false,de,835,der,Kommentare,b1
2314,Rolle,2026-08-28T15:55:11.415162+00:00,25,,noun,2026-08-28T15:55:11.415162+00:00,"[""role, part"", ""function, duty""]",,,,,false,de,849,die,Rollen,b1
2315,Uhr,2026-08-28T15:55:11.415162+00:00,31,,noun,2026-08-28T15:55:11.415162+00:00,"[""clock, watch""]",,,,,false,de,764,die,Uhren,a1
2316,Wohnfläche,2026-08-28T15:55:11.415162+00:00,30,,noun,2026-08-28T15:55:11.415162+00:00,"[""exclusive floor area""]",,,,,false,de,761,die,Wohnflächen,b2
2317,Krankenhaus,2026-08-28T15:55:11.415162+00:00,9,,noun,2026-08-28T15:55:11.415162+00:00,"[""hospital"", ""clinic (general)""]",,,,,false,de,845,das,Krankenhäuser,a2
2318,hören,2026-08-28T15:55:11.415162+00:00,24,,verb,2026-08-28T15:55:11.415162+00:00,"[""to listen, to hear, to ask""]",,,,,false,de,778,,,a1
2319,selbst,2026-08-28T15:55:11.415162+00:00,,,pronoun,2026-08-28T15:55:11.415162+00:00,"[""oneself, myself, yourself""]",,,,,false,de,870,,,a2
2320,Durchschnitt,2026-08-28T15:55:11.415162+00:00,19,,noun,2026-08-28T15:55:11.415162+00:00,"[""average, mean"", ""balance, equilibrium""]",,,,,false,de,794,der,Durchschnitte,b1
2321,blau,2026-08-28T15:55:11.415162+00:00,16,,adjective,2026-08-28T15:55:11.415162+00:00,"[""blue, green (for traffic lights, plants)"", ""pale, unripe, inexperienced""]",,,,,false,de,862,,,a1
2322,Ankündigung,2026-08-28T15:55:11.415162+00:00,24,,noun,2026-08-28T15:55:11.415162+00:00,"[""announcement, presentation, publication""]",,,,,false,de,830,die,Ankündigungen,b1
2323,Uniform,2026-08-28T15:55:11.415162+00:00,8,,noun,2026-08-28T15:55:11.415162+00:00,"[""uniform (school, work, etc.)""]",,,,,false,de,769,die,Uniformen,b1
2324,heute Abend,2026-08-28T15:55:11.415162+00:00,13,,adverb,2026-08-28T15:55:11.415162+00:00,"[""tonight, this evening""]",,,,,false,de,858,,,a1
2325,steil,2026-08-28T15:55:11.415162+00:00,,,adjective,2026-08-28T15:55:11.415162+00:00,"[""steep, precipitous"", ""harsh, severe (expression)""]",,,,,false,de,766,,,b1
2326,schnell,2026-08-28T15:55:11.415162+00:00,20,,adjective,2026-08-28T15:55:11.415162+00:00,"[""fast, quick, speedy (refers to speed of movement)""]",,,,,false,de,854,,,a1
2327,vorzeigen,2026-08-28T15:55:11.415162+00:00,33,,verb,2026-08-28T15:55:11.415162+00:00,"[""to show, to display, to present""]",,,,,false,de,888,,,b1
2328,Vertrag,2026-08-28T15:55:11.415162+00:00,30,,noun,2026-08-28T15:55:11.415162+00:00,"[""contract""]",,,,,false,de,810,der,Verträge,b1
2329,Blutdruck,2026-08-28T15:55:11.415162+00:00,17,,noun,2026-08-28T15:55:11.415162+00:00,"[""blood pressure""]",,,,,false,de,857,der,,b1
2330,geschehen,2026-08-28T15:55:11.415162+00:00,,,verb,2026-08-28T15:55:11.415162+00:00,"[""to occur, to happen, to arise""]",,,,,false,de,814,,,b1
2331,Folgewoche,2026-08-28T15:55:11.415162+00:00,13,,noun,2026-08-28T15:55:11.415162+00:00,"[""next week""]",,,,,false,de,791,die,Folgewochen,b1
2332,Hausaufgabe,2026-08-28T15:55:11.415162+00:00,8,,noun,2026-08-28T15:55:11.415162+00:00,"[""homework, assignment""]",,,,,false,de,890,die,Hausaufgaben,a1
2333,Wohnungsmiete,2026-08-28T15:55:11.415162+00:00,30,,noun,2026-08-28T15:55:11.415162+00:00,"[""rent (for housing)"", ""monthly rent""]",,,,,false,de,793,die,Wohnungsmieten,b1
2334,Freude,2026-08-28T15:55:11.415162+00:00,15,,noun,2026-08-28T15:55:11.415162+00:00,"[""joy, delight, pleasure, happiness""]",,,,,false,de,768,die,Freuden,a2
2335,Kunstmuseum,2026-08-28T15:55:11.415162+00:00,12,,noun,2026-08-28T15:55:11.415162+00:00,"[""art museum""]",,,,,false,de,860,das,Kunstmuseen,a2
2336,Frühling,2026-08-28T15:55:11.415162+00:00,13,,noun,2026-08-28T15:55:11.415162+00:00,"[""spring (season)""]",,,,,false,de,780,der,Frühlinge,a1
2337,Alkohol,2026-08-28T15:55:11.415162+00:00,7,,noun,2026-08-28T15:55:11.415162+00:00,"[""alcohol""]",,,,,false,de,760,der,,b1
2338,aktueller Standort,2026-08-28T15:55:11.415162+00:00,12,,noun,2026-08-28T15:55:11.415162+00:00,"[""current location""]",,,,,false,de,895,der,,b1
2339,Position,2026-08-28T15:55:11.415162+00:00,22,,noun,2026-08-28T15:55:11.415162+00:00,"[""position, location, place""]",,,,,false,de,894,die,Positionen,b1
2340,Verlängerungsgebühr,2026-08-28T15:55:11.415162+00:00,30,,noun,2026-08-28T15:55:11.415162+00:00,"[""lease renewal fee""]",,,,,false,de,790,die,Verlängerungsgebühren,c1
2341,Ebbe,2026-08-28T15:55:11.415162+00:00,14,,noun,2026-08-28T15:55:11.415162+00:00,"[""low tide, ebb tide""]",,,,,false,de,864,die,,c1
2342,Sehhilfe,2026-08-28T15:55:11.415162+00:00,31,,noun,2026-08-28T15:55:11.415162+00:00,"[""eyeglasses, spectacles"", ""glasses""]",,,,,false,de,797,die,Sehhilfen,c1
2343,Regierungspartei,2026-08-28T15:55:11.415162+00:00,11,,noun,2026-08-28T15:55:11.415162+00:00,"[""ruling party, governing party""]",,,,,false,de,884,die,Regierungsparteien,c1
2344,Schnee,2026-08-28T15:55:11.415162+00:00,14,,noun,2026-08-28T15:55:11.415162+00:00,"[""snow""]",,,,,false,de,824,der,,a1
2345,Bewertung,2026-08-28T15:55:11.415162+00:00,12,,noun,2026-08-28T15:55:11.415162+00:00,"[""evaluation, assessment"", ""appraisal, rating""]",,,,,false,de,776,die,Bewertungen,b1
2346,aufführen,2026-08-28T15:55:11.415162+00:00,,,verb,2026-08-28T15:55:11.415162+00:00,"[""to perform, to act"", ""to play a role, to put on""]",,,,,false,de,873,,,b2
2347,Übertragung,2026-08-28T15:55:11.415162+00:00,29,,noun,2026-08-28T15:55:11.415162+00:00,"[""delivery"", ""distribution (media)""]",,,,,false,de,859,die,Übertragungen,b2
2348,Freitag,2026-08-28T15:55:11.415162+00:00,13,,noun,2026-08-28T15:55:11.415162+00:00,"[""Friday""]",,,,,false,de,787,der,Freitage,a1
2349,Missbrauch,2026-08-28T15:55:11.415162+00:00,33,,noun,2026-08-28T15:55:11.415162+00:00,"[""fraudulent use""]",,,,,false,de,792,der,,b2
2350,dick,2026-08-28T15:55:11.415162+00:00,21,,adjective,2026-08-28T15:55:11.415162+00:00,"[""fat, thick, broad"", ""bold (of lines/type)""]",,,,,false,de,867,,,a1
2351,Wildvogel,2026-08-28T15:55:11.415162+00:00,18,,noun,2026-08-28T15:55:11.415162+00:00,"[""wild bird""]",,,,,false,de,753,der,Wildvögel,b2
2352,Weltall,2026-08-28T15:55:11.415162+00:00,,,noun,2026-08-28T15:55:11.415162+00:00,"[""universe, outer space"", ""cosmos""]",,,,,false,de,757,das,,b1
2353,Kanzler,2026-08-28T15:55:11.415162+00:00,11,,noun,2026-08-28T15:55:11.415162+00:00,"[""prime minister""]",,,,,false,de,773,der,Kanzler,b2
2354,Abholservice,2026-08-28T15:55:11.415162+00:00,12,,noun,2026-08-28T15:55:11.415162+00:00,"[""pick-up/drop-off service""]",,,,,false,de,808,der,Abholservices,b2
2355,Schriftsteller,2026-08-28T15:55:11.415162+00:00,8,,noun,2026-08-28T15:55:11.415162+00:00,"[""writer, author, novelist"", ""artist, creator""]",,,,,false,de,798,der,Schriftsteller,b1
2356,Schauspiel,2026-08-28T15:55:11.415162+00:00,12,,noun,2026-08-28T15:55:11.415162+00:00,"[""sightseeing, watching, spectacle""]",,,,,false,de,874,das,Schauspiele,b2
2357,Verdacht,2026-08-28T15:55:11.415162+00:00,26,,noun,2026-08-28T15:55:11.415162+00:00,"[""suspicion, doubt"", ""distrust""]",,,,,false,de,832,der,,b2
2358,Flüchtling,2026-08-28T15:55:11.415162+00:00,,,noun,2026-08-28T15:55:11.415162+00:00,"[""refugee"", ""displaced person""]",,,,,false,de,772,der,Flüchtlinge,b2
2359,Hin- und Rückfahrt,2026-08-28T15:58:07.104266+00:00,12,,noun,2026-08-28T15:58:07.104266+00:00,"[""round trip, going and returning"", ""back and forth""]",,,,,false,de,1046,die,,b1
2360,Ersparnisse,2026-08-28T15:58:07.104266+00:00,23,,noun,2026-08-28T15:58:07.104266+00:00,"[""savings, money saved""]",,,,,false,de,1042,die,,b1
2361,Hemd,2026-08-28T15:58:07.104266+00:00,3,,noun,2026-08-28T15:58:07.104266+00:00,"[""shirt""]",,,,,false,de,921,das,Hemden,a1
2362,empfangen,2026-08-28T15:58:07.104266+00:00,33,,verb,2026-08-28T15:58:07.104266+00:00,"[""to receive, to accept"", ""to collect, to pick up""]",,,,,false,de,1048,,,b1
2363,Umgang,2026-08-28T15:58:07.104266+00:00,24,,noun,2026-08-28T15:58:07.104266+00:00,"[""exchange (of people, ideas), interaction, fellowship""]",,,,,false,de,1043,der,,b2
2364,kurz,2026-08-28T15:58:07.104266+00:00,21,,adjective,2026-08-28T15:58:07.104266+00:00,"[""short (length, time)"", ""brief""]",,,,,false,de,957,,,a1
2365,Dank,2026-08-28T15:58:07.104266+00:00,15,,noun,2026-08-28T15:58:07.104266+00:00,"[""thanks, gratitude""]",,,,,false,de,996,der,,a2
2366,Kirschblüte,2026-08-28T15:58:07.104266+00:00,14,,noun,2026-08-28T15:58:07.104266+00:00,"[""cherry blossom, cherry tree"", ""sakura""]",,,,,false,de,910,die,Kirschblüten,b1
2367,Suppe,2026-08-28T15:58:07.104266+00:00,7,,noun,2026-08-28T15:58:07.104266+00:00,"[""soup""]",,,,,false,de,969,die,Suppen,a1
2368,verschieden,2026-08-28T15:58:07.104266+00:00,,,adjective,2026-08-28T15:58:07.104266+00:00,"[""various, all kinds, many different""]",,,,,false,de,942,,,a2
2369,letzte Zug,2026-08-28T15:58:07.104266+00:00,2,,noun,2026-08-28T15:58:07.104266+00:00,"[""last train""]",,,,,false,de,1009,der,,b1
2370,Verpflegung,2026-08-28T15:58:07.104266+00:00,7,,noun,2026-08-28T15:58:07.104266+00:00,"[""eating and drinking"", ""food and drink""]",,,,,false,de,1047,die,,b2
2371,Ecke,2026-08-28T15:58:07.104266+00:00,22,,noun,2026-08-28T15:58:07.104266+00:00,"[""corner, angle"", ""turn (in road)""]",,,,,false,de,974,die,Ecken,a2
2372,reparieren,2026-08-28T15:58:07.104266+00:00,,,verb,2026-08-28T15:58:07.104266+00:00,"[""to fix, to repair, to correct""]",,,,,false,de,1033,,,a2
2373,Aufführung,2026-08-28T15:58:07.104266+00:00,27,,noun,2026-08-28T15:58:07.104266+00:00,"[""musical performance, playing"", ""recital""]",,,,,false,de,1019,die,Aufführungen,b2
2374,unterrichten,2026-08-28T15:58:07.104266+00:00,24,,verb,2026-08-28T15:58:07.104266+00:00,"[""to teach, to instruct"", ""to tell, to inform""]",,,,,false,de,1021,,,a2
2375,entlangführen,2026-08-28T15:58:07.104266+00:00,,,verb,2026-08-28T15:58:07.104266+00:00,"[""to run along, to follow (a road or river)"", ""to comply with, to meet""]",,,,,false,de,980,,,c1
2376,trinken,2026-08-28T15:58:07.104266+00:00,7,,verb,2026-08-28T15:58:07.104266+00:00,"[""to drink, to swallow"", ""to take (medicine)""]",,,,,false,de,1003,,,a1
2377,Junge,2026-08-28T15:58:07.104266+00:00,,,noun,2026-08-28T15:58:07.104266+00:00,"[""boy"", ""young man""]",,,,,false,de,914,der,Jungen,a1
2378,gerettet werden,2026-08-28T15:58:07.104266+00:00,,,verb,2026-08-28T15:58:07.104266+00:00,"[""to be saved, to be rescued"", ""to be helpful, to be relieved""]",,,,,false,de,949,,,b2
2379,Fabrik,2026-08-28T15:58:07.104266+00:00,25,,noun,2026-08-28T15:58:07.104266+00:00,"[""factory, plant, workshop""]",,,,,false,de,927,die,Fabriken,b1
2380,Grundriss,2026-08-28T15:58:07.104266+00:00,30,,noun,2026-08-28T15:58:07.104266+00:00,"[""floor plan""]",,,,,false,de,995,der,Grundrisse,b2
2381,Haarschnitt,2026-08-28T15:58:07.104266+00:00,6,,noun,2026-08-28T15:58:07.104266+00:00,"[""haircut""]",,,,,false,de,918,der,Haarschnitte,b1
2382,schwierig,2026-08-28T15:58:07.104266+00:00,,,adjective,2026-08-28T15:58:07.104266+00:00,"[""difficult, hard"", ""complicated, tricky""]",,,,,false,de,956,,,a1
2383,Erwiderung,2026-08-28T15:58:07.104266+00:00,24,,noun,2026-08-28T15:58:07.104266+00:00,"[""answer, reply, response""]",,,,,false,de,1014,die,Erwiderungen,c1
2384,Ring,2026-08-28T15:58:07.104266+00:00,,,noun,2026-08-28T15:58:07.104266+00:00,"[""ring (for a finger)""]",,,,,false,de,1026,der,Ringe,a2
2385,Selbstreflexion,2026-08-28T15:58:07.104266+00:00,26,,noun,2026-08-28T15:58:07.104266+00:00,"[""reflection, self-examination"", ""reconsideration, repentance""]",,,,,false,de,938,die,,c1
2386,jährlich,2026-08-28T15:58:07.104266+00:00,13,,adverb,2026-08-28T15:58:07.104266+00:00,"[""every year, annually""]",,,,,false,de,1023,,,b1
2387,Annahme,2026-08-28T15:58:07.104266+00:00,26,,noun,2026-08-28T15:58:07.104266+00:00,"[""assumption, hypothesis"", ""supposition, if""]",,,,,false,de,1000,die,Annahmen,b2
2388,Knoblauch,2026-08-28T15:58:07.104266+00:00,7,,noun,2026-08-28T15:58:07.104266+00:00,"[""garlic""]",,,,,false,de,970,der,,a2
2389,Herbsttagundnachtgleiche,2026-08-28T15:58:07.104266+00:00,13,,noun,2026-08-28T15:58:07.104266+00:00,"[""autumn equinox, autumnal equinox""]",,,,,false,de,919,die,,c2
2390,spiegeln,2026-08-28T15:58:07.104266+00:00,,,verb,2026-08-28T15:58:07.104266+00:00,"[""to project, to reflect"", ""to cast (a shadow, image)""]",,,,,false,de,946,,,b2
2391,Genehmigung,2026-08-28T15:58:07.104266+00:00,11,,noun,2026-08-28T15:58:07.104266+00:00,"[""permit, license"", ""authorization document""]",,,,,false,de,1045,die,Genehmigungen,b2
2392,Bauer,2026-08-28T15:58:07.104266+00:00,,,noun,2026-08-28T15:58:07.104266+00:00,"[""farmhouse, farming family, farmer""]",,,,,false,de,984,der,Bauern,a2
2393,schön,2026-08-28T15:58:07.104266+00:00,,,adjective,2026-08-28T15:58:07.104266+00:00,"[""beautiful, lovely, pretty""]",,,,,false,de,965,,,a1
2394,Kleidung,2026-08-28T15:58:07.104266+00:00,3,,noun,2026-08-28T15:58:07.104266+00:00,"[""Western-style clothes, clothes (general)""]",,,,,false,de,915,die,,a1
2395,Mittag,2026-08-28T15:58:07.104266+00:00,13,,noun,2026-08-28T15:58:07.104266+00:00,"[""noon, daytime, midday""]",,,,,false,de,923,der,Mittage,a1
2396,Papier,2026-08-28T15:58:07.104266+00:00,,,noun,2026-08-28T15:58:07.104266+00:00,"[""paper, sheet of paper""]",,,,,false,de,997,das,Papiere,a1
2397,erreichen,2026-08-28T15:58:07.104266+00:00,,,verb,2026-08-28T15:58:07.104266+00:00,"[""to reach, achieve, attain, amount to""]",,,,,false,de,952,,,b1
2398,zwitschern,2026-08-28T15:58:07.104266+00:00,18,,verb,2026-08-28T15:58:07.104266+00:00,"[""to cry, to chirp, to bark, to sing (animals/birds)""]",,,,,false,de,977,,,b2
2399,Profil,2026-08-28T15:58:07.104266+00:00,29,,noun,2026-08-28T15:58:07.104266+00:00,"[""profile""]",,,,,false,de,976,das,Profile,b1
2400,Ruine,2026-08-28T15:58:07.104266+00:00,12,,noun,2026-08-28T15:58:07.104266+00:00,"[""ruins, historic site"", ""archaeological site""]",,,,,false,de,1049,die,Ruinen,b2
2401,Farbvariante,2026-08-28T15:58:07.104266+00:00,3,,noun,2026-08-28T15:58:07.104266+00:00,"[""different color variant""]",,,,,false,de,1007,die,Farbvarianten,b2
2402,teilen,2026-08-28T15:58:07.104266+00:00,,,verb,2026-08-28T15:58:07.104266+00:00,"[""to divide, to split"", ""to break, to crack""]",,,,,false,de,983,,,a2
2403,genügen,2026-08-28T15:58:07.104266+00:00,19,,verb,2026-08-28T15:58:07.104266+00:00,"[""to be sufficient, to be enough"", ""to be adequate""]",,,,,false,de,994,,,b1
2404,Student,2026-08-28T15:58:07.104266+00:00,8,,noun,2026-08-28T15:58:07.104266+00:00,"[""student (mainly university level)""]",,,,,false,de,979,der,Studenten,a1
2405,Matratze,2026-08-28T15:58:07.104266+00:00,35,,noun,2026-08-28T15:58:07.104266+00:00,"[""mattress""]",,,,,false,de,931,die,Matratzen,b1
2406,Einzelartikel,2026-08-28T15:58:07.104266+00:00,7,,noun,2026-08-28T15:58:07.104266+00:00,"[""single item"", ""a la carte""]",,,,,false,de,954,der,Einzelartikel,b2
2407,denken,2026-08-28T15:58:07.104266+00:00,26,,verb,2026-08-28T15:58:07.104266+00:00,"[""to think, to consider, to ponder""]",,,,,false,de,1029,,,a1
2408,Park,2026-08-28T15:58:07.104266+00:00,,,noun,2026-08-28T15:58:07.104266+00:00,"[""park, public garden""]",,,,,false,de,935,der,Parks,a1
2409,Gruppe,2026-08-28T15:58:07.104266+00:00,,,noun,2026-08-28T15:58:07.104266+00:00,"[""class, group, team, set""]",,,,,false,de,937,die,Gruppen,a2
2410,Handel,2026-08-28T15:58:07.104266+00:00,25,,noun,2026-08-28T15:58:07.104266+00:00,"[""trade, commerce"", ""foreign trade, import/export""]",,,,,false,de,1001,der,,b1
2411,sich bewegen,2026-08-28T15:58:07.104266+00:00,20,,verb,2026-08-28T15:58:07.104266+00:00,"[""to move, to shift"", ""to operate, to work (machinery)""]",,,,,false,de,913,,,a2
2412,Maklerprovision,2026-08-28T15:58:07.104266+00:00,30,,noun,2026-08-28T15:58:07.104266+00:00,"[""broker's commission""]",,,,,false,de,966,die,Maklerprovisionen,c1
2413,Hals,2026-08-28T15:58:07.104266+00:00,17,,noun,2026-08-28T15:58:07.104266+00:00,"[""neck, head (of an organization)""]",,,,,false,de,1017,der,Hälse,a2
2414,sagen,2026-08-28T15:58:07.104266+00:00,24,,verb,2026-08-28T15:58:07.104266+00:00,"[""to say, to speak, to tell""]",,,,,false,de,1022,,,a1
2415,klappbar,2026-08-28T15:58:07.104266+00:00,35,,adjective,2026-08-28T15:58:07.104266+00:00,"[""folding"", ""foldable""]",,,,,false,de,1006,,,b2
2416,Durchfahrt,2026-08-28T15:58:07.104266+00:00,2,,noun,2026-08-28T15:58:07.104266+00:00,"[""passing through, transit"", ""passing (an exam/stage)""]",,,,,false,de,941,die,Durchfahrten,b2
2417,Obergrenze,2026-08-28T15:58:07.104266+00:00,,,noun,2026-08-28T15:58:07.104266+00:00,"[""limit, boundary"", ""maximum, capacity""]",,,,,false,de,1018,die,Obergrenzen,b2
2418,Büro,2026-08-28T15:58:07.104266+00:00,25,,noun,2026-08-28T15:58:07.104266+00:00,"[""office, place of business""]",,,,,false,de,928,das,Büros,a1
2419,gebraucht,2026-08-28T15:58:07.104266+00:00,4,,adjective,2026-08-28T15:58:07.104266+00:00,"[""secondhand""]",,,,,false,de,987,,,b1
2420,warm,2026-08-28T15:58:07.104266+00:00,14,,adjective,2026-08-28T15:58:07.104266+00:00,"[""warm (temperature), warm-hearted"", ""cozy, friendly""]",,,,,false,de,985,,,a1
2421,was,2026-08-28T15:58:07.104266+00:00,,,pronoun,2026-08-28T15:58:07.104266+00:00,"[""what"", ""how many, how much""]",,,,,false,de,971,,,a1
2422,Straßenverkehr,2026-08-28T15:58:07.104266+00:00,12,,noun,2026-08-28T15:58:07.104266+00:00,"[""traffic, transportation"", ""communication""]",,,,,false,de,930,der,,b1
2423,Einzelperson,2026-08-28T15:58:07.104266+00:00,32,,noun,2026-08-28T15:58:07.104266+00:00,"[""individual"", ""private person""]",,,,,false,de,903,die,Einzelpersonen,b2
2424,herausnehmen,2026-08-28T15:58:07.104266+00:00,,,verb,2026-08-28T15:58:07.104266+00:00,"[""to take out, to put out"", ""to submit, to send, to serve (food)""]",,,,,false,de,959,,,a2
2425,Bestätigung,2026-08-28T15:58:07.104266+00:00,33,,noun,2026-08-28T15:58:07.104266+00:00,"[""confirmation, verification"", ""check, acknowledgment""]",,,,,false,de,1005,die,Bestätigungen,b1
2426,Preis,2026-08-28T15:58:07.104266+00:00,23,,noun,2026-08-28T15:58:07.104266+00:00,"[""price, cost"", ""selling price""]",,,,,false,de,967,der,Preise,a1
2427,Exil,2026-08-28T15:58:07.104266+00:00,,,noun,2026-08-28T15:58:07.104266+00:00,"[""exile, defection"", ""seeking political asylum""]",,,,,false,de,1002,das,,c1
2428,Westen,2026-08-28T15:58:07.104266+00:00,22,,noun,2026-08-28T15:58:07.104266+00:00,"[""west, western direction""]",,,,,false,de,1050,der,,a2
2429,Stuhl,2026-08-28T15:58:07.104266+00:00,35,,noun,2026-08-28T15:58:07.104266+00:00,"[""chair""]",,,,,false,de,1040,der,Stühle,a1
2430,Land,2026-08-28T15:58:07.104266+00:00,,,noun,2026-08-28T15:58:07.104266+00:00,"[""country, nation"", ""homeland, one's home country""]",,,,,false,de,939,das,Länder,a1
2431,spielen,2026-08-28T15:58:07.104266+00:00,,,verb,2026-08-28T15:58:07.104266+00:00,"[""to play, to have fun, to enjoy oneself""]",,,,,false,de,988,,,a1
2432,sehen,2026-08-28T15:58:07.104266+00:00,,,verb,2026-08-28T15:58:07.104266+00:00,"[""to see, to look, to watch, to view, to observe, to examine, to assess""]",,,,,false,de,991,,,a1
2433,alle Zimmer,2026-08-28T15:58:07.104266+00:00,30,,phrase,2026-08-28T15:58:07.104266+00:00,"[""all rooms""]",,,,,false,de,940,,,b1
2434,andere Seite,2026-08-28T15:58:07.104266+00:00,22,,noun,2026-08-28T15:58:07.104266+00:00,"[""the other side, over there"", ""the other party, them""]",,,,,false,de,986,die,,b1
2435,haften,2026-08-28T15:58:07.104266+00:00,,,verb,2026-08-28T15:58:07.104266+00:00,"[""to stick, be attached, be lit""]",,,,,false,de,950,,,b2
2436,Konzept,2026-08-28T15:58:07.104266+00:00,32,,noun,2026-08-28T15:58:07.104266+00:00,"[""plan""]",,,,,false,de,961,das,Konzepte,b2
2437,weiß,2026-08-28T15:58:07.104266+00:00,16,,adjective,2026-08-28T15:58:07.104266+00:00,"[""white"", ""pale, blank""]",,,,,false,de,951,,,a1
2438,ehrlich,2026-08-28T15:58:07.104266+00:00,,,adjective,2026-08-28T15:58:07.104266+00:00,"[""honest, frank, truthful"", ""straightforward, sincere""]",,,,,false,de,1020,,,b1
2439,Forschung,2026-08-28T15:58:07.104266+00:00,26,,noun,2026-08-28T15:58:07.104266+00:00,"[""research, study, investigation""]",,,,,false,de,964,die,Forschungen,b1
2440,wir,2026-08-28T15:58:07.104266+00:00,,,pronoun,2026-08-28T15:58:07.104266+00:00,"[""we, us"", ""our (formal/written style)""]",,,,,false,de,968,,,a1
2441,Kosten,2026-08-28T15:58:07.104266+00:00,30,,noun,2026-08-28T15:58:07.104266+00:00,"[""cost"", ""expense""]",,,,,false,de,922,die,,b1
2442,linke Seite,2026-08-28T15:58:07.104266+00:00,22,,noun,2026-08-28T15:58:07.104266+00:00,"[""left side""]",,,,,false,de,1008,die,,a1
2443,monatlich,2026-08-28T15:58:07.104266+00:00,13,,adverb,2026-08-28T15:58:07.104266+00:00,"[""every month, monthly""]",,,,,false,de,1032,,,b1
2444,Vertreter,2026-08-28T15:58:07.104266+00:00,,,noun,2026-08-28T15:58:07.104266+00:00,"[""representative, spokesperson"", ""representation""]",,,,,false,de,1004,der,Vertreter,b1
2445,Neugeborene,2026-08-28T15:58:07.104266+00:00,3,,noun,2026-08-28T15:58:07.104266+00:00,"[""newborn baby""]",,,,,false,de,947,das,Neugeborenen,b2
2446,Speicherung,2026-08-28T15:58:07.104266+00:00,29,,noun,2026-08-28T15:58:07.104266+00:00,"[""save"", ""preservation""]",,,,,false,de,955,die,,b2
2447,Reparatur,2026-08-28T15:58:07.104266+00:00,4,,noun,2026-08-28T15:58:07.104266+00:00,"[""repair""]",,,,,false,de,973,die,Reparaturen,b1
2448,Folgejahr,2026-08-28T15:58:07.104266+00:00,13,,noun,2026-08-28T15:58:07.104266+00:00,"[""next year""]",,,,,false,de,1013,das,Folgejahre,b1
2449,Grundschule,2026-08-28T15:58:07.104266+00:00,8,,noun,2026-08-28T15:58:07.104266+00:00,"[""elementary school, primary school""]",,,,,false,de,1025,die,Grundschulen,a2
2450,Entfernung,2026-08-28T15:58:07.104266+00:00,,,noun,2026-08-28T15:58:07.104266+00:00,"[""removal, elimination"", ""eradication""]",,,,,false,de,932,die,Entfernungen,b2
2451,hervorragend,2026-08-28T15:58:07.104266+00:00,,,adjective,2026-08-28T15:58:07.104266+00:00,"[""excellent, outstanding"", ""superior, talented""]",,,,,false,de,999,,,b2
2452,Batterie,2026-08-28T15:58:07.104266+00:00,4,,noun,2026-08-28T15:58:07.104266+00:00,"[""battery""]",,,,,false,de,904,die,Batterien,a2
2453,Zweck,2026-08-28T15:58:07.104266+00:00,12,,noun,2026-08-28T15:58:07.104266+00:00,"[""purpose""]",,,,,false,de,992,der,Zwecke,b1
2454,kommen,2026-08-28T15:58:07.104266+00:00,20,,verb,2026-08-28T15:58:07.104266+00:00,"[""to come, to arrive""]",,,,,false,de,993,,,a1
2455,parallel,2026-08-28T15:58:07.104266+00:00,,,adjective,2026-08-28T15:58:07.104266+00:00,"[""parallel, concurrent"", ""running side by side""]",,,,,false,de,1028,,,b2
2456,Herbst,2026-08-28T15:58:07.104266+00:00,14,,noun,2026-08-28T15:58:07.104266+00:00,"[""autumn, fall""]",,,,,false,de,1035,der,Herbste,a1
2457,Flughafen,2026-08-28T15:58:07.104266+00:00,12,,noun,2026-08-28T15:58:07.104266+00:00,"[""airport""]",,,,,false,de,1038,der,Flughäfen,a1
2458,Kontostand,2026-08-28T15:58:07.104266+00:00,33,,noun,2026-08-28T15:58:07.104266+00:00,"[""balance (account)""]",,,,,false,de,948,der,Kontostände,b2
2459,Pfeil,2026-08-28T15:58:07.104266+00:00,27,,noun,2026-08-28T15:58:07.104266+00:00,"[""arrow""]",,,,,false,de,1039,der,Pfeile,b1
2460,Bonuspunkt,2026-08-28T15:58:07.104266+00:00,3,,noun,2026-08-28T15:58:07.104266+00:00,"[""points / rewards""]",,,,,false,de,990,der,Bonuspunkte,b1
2461,Objekt,2026-08-28T15:58:07.104266+00:00,30,,noun,2026-08-28T15:58:07.104266+00:00,"[""real estate property"", ""listing""]",,,,,false,de,936,das,Objekte,b2
2462,weit,2026-08-28T15:58:07.104266+00:00,22,,adjective,2026-08-28T15:58:07.104266+00:00,"[""far, distant"", ""remote""]",,,,,false,de,960,,,a1
2463,streiten,2026-08-28T15:58:07.104266+00:00,,,verb,2026-08-28T15:58:07.104266+00:00,"[""to compete, dispute, fight over""]",,,,,false,de,929,,,b1
2464,Abendgarderobe,2026-08-28T15:58:07.104266+00:00,3,,noun,2026-08-28T15:58:07.104266+00:00,"[""formal wear""]",,,,,false,de,1012,die,,c1
2465,Ware,2026-08-28T15:58:07.104266+00:00,23,,noun,2026-08-28T15:58:07.104266+00:00,"[""product, merchandise, goods""]",,,,,false,de,978,die,Waren,b1
2466,Hochgeschwindigkeitszug,2026-08-28T15:58:07.104266+00:00,2,,noun,2026-08-28T15:58:07.104266+00:00,"[""bullet train, Shinkansen""]",,,,,false,de,912,der,Hochgeschwindigkeitszüge,b2
2467,Entwurf,2026-08-28T15:58:07.104266+00:00,29,,noun,2026-08-28T15:58:07.104266+00:00,"[""draft""]",,,,,false,de,906,der,Entwürfe,b2
2468,kürzlich,2026-08-28T15:58:07.104266+00:00,12,,adverb,2026-08-28T15:58:07.104266+00:00,"[""recently, lately, these days""]",,,,,false,de,945,,,b1
2469,Ankunft,2026-08-28T15:58:07.104266+00:00,12,,noun,2026-08-28T15:58:07.104266+00:00,"[""arrival""]",,,,,false,de,981,die,,a2
2470,Entdeckung,2026-08-28T15:58:07.104266+00:00,26,,noun,2026-08-28T15:58:07.104266+00:00,"[""discovery, finding""]",,,,,false,de,975,die,Entdeckungen,b1
2471,Verhalten,2026-08-28T15:58:07.104266+00:00,20,,noun,2026-08-28T15:58:07.104266+00:00,"[""action, conduct"", ""behavior, movement""]",,,,,false,de,909,das,,b1
2472,Führung,2026-08-28T15:58:07.104266+00:00,30,,noun,2026-08-28T15:58:07.104266+00:00,"[""viewing"", ""tour""]",,,,,false,de,1024,die,Führungen,b1
2473,scheinen,2026-08-28T15:58:07.104266+00:00,14,,verb,2026-08-28T15:58:07.104266+00:00,"[""to shine (sun, moon)""]",,,,,false,de,905,,,b1
2474,Ausstellungsstück,2026-08-28T15:58:07.104266+00:00,4,,noun,2026-08-28T15:58:07.104266+00:00,"[""display item""]",,,,,false,de,1044,das,Ausstellungsstücke,b2
2475,Benachrichtigung,2026-08-28T15:58:07.104266+00:00,29,,noun,2026-08-28T15:58:07.104266+00:00,"[""notification""]",,,,,false,de,982,die,Benachrichtigungen,b2
2476,August,2026-08-28T15:58:07.104266+00:00,13,,noun,2026-08-28T15:58:07.104266+00:00,"[""August""]",,,,,false,de,1010,der,,a1
2477,Training,2026-08-28T15:58:07.104266+00:00,,,noun,2026-08-28T15:58:07.104266+00:00,"[""training, drill, practice""]",,,,,false,de,1016,das,,b1
2478,Ausstrahlung,2026-08-28T15:58:07.104266+00:00,24,,noun,2026-08-28T15:58:07.104266+00:00,"[""broadcast, broadcasting (TV/radio)""]",,,,,false,de,1015,die,Ausstrahlungen,b2
2479,fortsetzen,2026-08-28T15:58:07.104266+00:00,,,verb,2026-08-28T15:58:07.104266+00:00,"[""to continue (transitive), keep doing""]",,,,,false,de,924,,,b1
2480,Definition,2026-08-28T15:58:07.104266+00:00,,,noun,2026-08-28T15:58:07.104266+00:00,"[""definition"", ""defining, specification""]",,,,,false,de,920,die,Definitionen,b2
2481,aufbewahren,2026-08-28T15:58:07.104266+00:00,,,verb,2026-08-28T15:58:07.104266+00:00,"[""to leave behind, save, set aside""]",,,,,false,de,901,,,b1
2482,Bauarbeiten,2026-08-28T15:58:07.104266+00:00,25,,noun,2026-08-28T15:58:07.104266+00:00,"[""construction work, engineering work""]",,,,,false,de,902,die,,b1
2483,An- und Verkauf,2026-08-28T15:58:07.104266+00:00,23,,noun,2026-08-28T15:58:07.104266+00:00,"[""buying and selling, trade, transaction""]",,,,,false,de,944,der,,b2
2484,Kontakt,2026-08-28T15:58:07.104266+00:00,24,,noun,2026-08-28T15:58:07.104266+00:00,"[""contact, communication, liaison""]",,,,,false,de,911,der,Kontakte,a2
2485,neu gebaut,2026-08-28T15:58:07.104266+00:00,30,,phrase,2026-08-28T15:58:07.104266+00:00,"[""newly built""]",,,,,false,de,916,,,b2
2486,Bedauern,2026-08-28T15:58:07.104266+00:00,15,,noun,2026-08-28T15:58:07.104266+00:00,"[""regret, remorse""]",,,,,false,de,1036,das,,b2
2487,Belastung,2026-08-28T15:58:07.104266+00:00,,,noun,2026-08-28T15:58:07.104266+00:00,"[""burden, load, responsibility, share of cost""]",,,,,false,de,963,die,Belastungen,b2
2488,Kampagne,2026-08-28T15:58:07.104266+00:00,30,,noun,2026-08-28T15:58:07.104266+00:00,"[""campaign""]",,,,,false,de,1037,die,Kampagnen,b2
2489,Aschenbecher,2026-08-28T15:58:07.104266+00:00,36,,noun,2026-08-28T15:58:07.104266+00:00,"[""ashtray""]",,,,,false,de,907,der,Aschenbecher,b1
2490,Baumwolle,2026-08-28T15:58:07.104266+00:00,3,,noun,2026-08-28T15:58:07.104266+00:00,"[""cotton""]",,,,,false,de,933,die,,b1
2491,Vorbereitung,2026-08-28T15:58:07.104266+00:00,33,,noun,2026-08-28T15:58:07.104266+00:00,"[""preparation""]",,,,,false,de,1034,die,Vorbereitungen,b1
2492,Erinnerung,2026-08-28T15:58:07.104266+00:00,26,,noun,2026-08-28T15:58:07.104266+00:00,"[""memory, recollection, reminiscence""]",,,,,false,de,1027,die,Erinnerungen,b1
2493,Wirtschaft,2026-08-28T15:58:07.104266+00:00,29,,noun,2026-08-28T15:58:07.104266+00:00,"[""economy, economics"", ""economizing, saving""]",,,,,false,de,989,die,,b1
2494,Norden,2026-08-28T15:58:07.104266+00:00,22,,noun,2026-08-28T15:58:07.104266+00:00,"[""north""]",,,,,false,de,972,der,,a2
2495,Gast,2026-08-28T15:58:07.104266+00:00,23,,noun,2026-08-28T15:58:07.104266+00:00,"[""guest, visitor"", ""customer, client""]",,,,,false,de,1030,der,Gäste,a1
2496,Verspätung,2026-08-28T15:58:07.104266+00:00,2,,noun,2026-08-28T15:58:07.104266+00:00,"[""delay""]",,,,,false,de,926,die,Verspätungen,b1
2497,über,2026-08-28T15:58:07.104266+00:00,12,,preposition,2026-08-28T15:58:07.104266+00:00,"[""via"", ""by way of""]",,,,,false,de,917,,,a2
2498,falten,2026-08-28T15:58:07.104266+00:00,,,verb,2026-08-28T15:58:07.104266+00:00,"[""to fold, break, bend""]",,,,,false,de,908,,,b1
2499,Einstellung,2026-08-28T15:58:07.104266+00:00,30,,noun,2026-08-28T15:58:07.104266+00:00,"[""hiring"", ""recruitment""]",,,,,false,de,925,die,Einstellungen,b2
2500,Januar,2026-08-28T15:58:07.104266+00:00,13,,noun,2026-08-28T15:58:07.104266+00:00,"[""January""]",,,,,false,de,962,der,,a1
2501,Pause,2026-08-28T15:58:07.104266+00:00,,,noun,2026-08-28T15:58:07.104266+00:00,"[""rest, break, repose""]",,,,,false,de,953,die,Pausen,a1
2502,zurückgeben,2026-08-28T16:00:58.769023+00:00,,,verb,2026-08-28T16:00:58.769023+00:00,"[""to return, to give back, to send back"", ""to repay (money), to restore""]",,,,,false,de,1074,,,a2
2503,dieses Jahr,2026-08-28T16:00:58.769023+00:00,13,,adverb,2026-08-28T16:00:58.769023+00:00,"[""this year""]",,,,,false,de,1070,,,a2
2504,Ergänzung,2026-08-28T16:00:58.769023+00:00,29,,noun,2026-08-28T16:00:58.769023+00:00,"[""addition, supplement, appendix""]",,,,,false,de,1191,die,Ergänzungen,b1
2505,Foto,2026-08-28T16:00:58.769023+00:00,,,noun,2026-08-28T16:00:58.769023+00:00,"[""photograph, photo"", ""picture""]",,,,,false,de,1080,das,Fotos,a1
2506,Nachbarschaft,2026-08-28T16:00:58.769023+00:00,10,,noun,2026-08-28T16:00:58.769023+00:00,"[""neighborhood, vicinity"", ""nearby area""]",,,,,false,de,1167,die,,b1
2507,Feld,2026-08-28T16:00:58.769023+00:00,,,noun,2026-08-28T16:00:58.769023+00:00,"[""field (for growing crops), farm, vegetable garden""]",,,,,false,de,1087,das,Felder,a2
2508,Kabinett,2026-08-28T16:00:58.769023+00:00,11,,noun,2026-08-28T16:00:58.769023+00:00,"[""cabinet (government)"", ""the government ministry""]",,,,,false,de,1101,das,Kabinette,c1
2509,Wäsche,2026-08-28T16:00:58.769023+00:00,36,,noun,2026-08-28T16:00:58.769023+00:00,"[""laundry""]",,,,,false,de,1083,die,,a2
2510,bauen,2026-08-28T16:00:58.769023+00:00,30,,verb,2026-08-28T16:00:58.769023+00:00,"[""to build, construct, erect""]",,,,,false,de,1076,,,a2
2511,tief,2026-08-28T16:00:58.769023+00:00,15,,adjective,2026-08-28T16:00:58.769023+00:00,"[""deep, profound"", ""intense, strong (feeling)""]",,,,,false,de,1143,,,a2
2512,Pferderennen,2026-08-28T16:00:58.769023+00:00,27,,noun,2026-08-28T16:00:58.769023+00:00,"[""horse racing""]",,,,,false,de,1174,das,Pferderennen,b2
2513,Lage,2026-08-28T16:00:58.769023+00:00,,,noun,2026-08-28T16:00:58.769023+00:00,"[""present situation, current state"", ""status quo""]",,,,,false,de,1092,die,Lagen,b1
2514,weggehen,2026-08-28T16:00:58.769023+00:00,20,,verb,2026-08-28T16:00:58.769023+00:00,"[""to leave, to go away"", ""to depart, to pass (time)""]",,,,,false,de,1114,,,b1
2515,Bürgschaftsgesellschaft,2026-08-28T16:00:58.769023+00:00,30,,noun,2026-08-28T16:00:58.769023+00:00,"[""guarantor company""]",,,,,false,de,1069,die,Bürgschaftsgesellschaften,c1
2516,Region,2026-08-28T16:00:58.769023+00:00,,,noun,2026-08-28T16:00:58.769023+00:00,"[""region, area, district"", ""local area""]",,,,,false,de,1060,die,Regionen,b1
2517,Beschwerde,2026-08-28T16:00:58.769023+00:00,24,,noun,2026-08-28T16:00:58.769023+00:00,"[""complaint, grumble"", ""phrase, wording""]",,,,,false,de,1162,die,Beschwerden,b1
2518,drinnen,2026-08-28T16:00:58.769023+00:00,,,adverb,2026-08-28T16:00:58.769023+00:00,"[""indoors, interior, inside a room""]",,,,,false,de,1105,,,a2
2519,Subjekt,2026-08-28T16:00:58.769023+00:00,24,,noun,2026-08-28T16:00:58.769023+00:00,"[""subject (in grammar)"", ""grammatical subject of a sentence""]",,,,,false,de,1171,das,Subjekte,b2
2520,kämpfen,2026-08-28T16:00:58.769023+00:00,,,verb,2026-08-28T16:00:58.769023+00:00,"[""to fight, battle, compete""]",,,,,false,de,1116,,,b1
2521,ausreichend,2026-08-28T16:00:58.769023+00:00,19,,adjective,2026-08-28T16:00:58.769023+00:00,"[""sufficient, enough, adequate"", ""thorough, fully""]",,,,,false,de,1146,,,b1
2522,Krankheit,2026-08-28T16:00:58.769023+00:00,9,,noun,2026-08-28T16:00:58.769023+00:00,"[""illness, sickness, disease""]",,,,,false,de,1108,die,Krankheiten,a2
2523,Talent,2026-08-28T16:00:58.769023+00:00,,,noun,2026-08-28T16:00:58.769023+00:00,"[""talent, ability, gift, aptitude""]",,,,,false,de,1120,das,Talente,b1
2524,Minister,2026-08-28T16:00:58.769023+00:00,11,,noun,2026-08-28T16:00:58.769023+00:00,"[""cabinet minister"", ""member of the cabinet""]",,,,,false,de,1093,der,Minister,b2
2525,Strickjacke,2026-08-28T16:00:58.769023+00:00,3,,noun,2026-08-28T16:00:58.769023+00:00,"[""cardigan""]",,,,,false,de,1073,die,Strickjacken,b1
2526,Vokabel,2026-08-28T16:00:58.769023+00:00,30,,noun,2026-08-28T16:00:58.769023+00:00,"[""word, vocabulary item""]",,,,,false,de,1100,die,Vokabeln,b1
2527,Unterstützung,2026-08-28T16:00:58.769023+00:00,4,,noun,2026-08-28T16:00:58.769023+00:00,"[""compatible / support""]",,,,,false,de,1178,die,,b1
2528,Nachspeise,2026-08-28T16:00:58.769023+00:00,7,,noun,2026-08-28T16:00:58.769023+00:00,"[""dessert""]",,,,,false,de,1065,die,Nachspeisen,a2
2529,Füller,2026-08-28T16:00:58.769023+00:00,,,noun,2026-08-28T16:00:58.769023+00:00,"[""fountain pen""]",,,,,false,de,1125,der,Füller,b1
2530,Katze,2026-08-28T16:00:58.769023+00:00,31,,noun,2026-08-28T16:00:58.769023+00:00,"[""cat""]",,,,,false,de,1188,die,Katzen,a1
2531,rot,2026-08-28T16:00:58.769023+00:00,16,,adjective,2026-08-28T16:00:58.769023+00:00,"[""red"", ""crimson, scarlet""]",,,,,false,de,1104,,,a1
2532,Hilfe,2026-08-28T16:00:58.769023+00:00,,,noun,2026-08-28T16:00:58.769023+00:00,"[""aid, assistance"", ""support, relief""]",,,,,false,de,1079,die,,a2
2533,Rückvergütung,2026-08-28T16:00:58.769023+00:00,33,,noun,2026-08-28T16:00:58.769023+00:00,"[""cashback"", ""rebate""]",,,,,false,de,1085,die,Rückvergütungen,c1
2534,Vormonat,2026-08-28T16:00:58.769023+00:00,13,,noun,2026-08-28T16:00:58.769023+00:00,"[""last month""]",,,,,false,de,1129,der,Vormonate,b1
2535,kostbar,2026-08-28T16:00:58.769023+00:00,,,adjective,2026-08-28T16:00:58.769023+00:00,"[""important, precious, valued"", ""careful, cherished""]",,,,,false,de,1117,,,b2
2536,westliche Küche,2026-08-28T16:00:58.769023+00:00,7,,phrase,2026-08-28T16:00:58.769023+00:00,"[""Western-style food, Western cuisine""]",,,,,false,de,1200,,,b1
2537,Reinigung,2026-08-28T16:00:58.769023+00:00,30,,noun,2026-08-28T16:00:58.769023+00:00,"[""cleaning""]",,,,,false,de,1109,die,Reinigungen,b1
2538,Lohn,2026-08-28T16:00:58.769023+00:00,25,,noun,2026-08-28T16:00:58.769023+00:00,"[""wages, salary, pay"", ""remuneration""]",,,,,false,de,1081,der,Löhne,b1
2539,Zusammenarbeit,2026-08-28T16:00:58.769023+00:00,,,noun,2026-08-28T16:00:58.769023+00:00,"[""cooperation, joint, collaboration""]",,,,,false,de,1134,die,,b1
2540,Einfamilienhaus,2026-08-28T16:00:58.769023+00:00,30,,noun,2026-08-28T16:00:58.769023+00:00,"[""detached house""]",,,,,false,de,1175,das,Einfamilienhäuser,b2
2541,Winter,2026-08-28T16:00:58.769023+00:00,14,,noun,2026-08-28T16:00:58.769023+00:00,"[""winter""]",,,,,false,de,1153,der,Winter,a1
2542,Innovation,2026-08-28T16:00:58.769023+00:00,,,noun,2026-08-28T16:00:58.769023+00:00,"[""innovation, reform"", ""renovation""]",,,,,false,de,1150,die,Innovationen,b2
2543,Sportler,2026-08-28T16:00:58.769023+00:00,27,,noun,2026-08-28T16:00:58.769023+00:00,"[""athlete, player, competitor""]",,,,,false,de,1164,der,Sportler,b1
2544,diesen Monat,2026-08-28T16:00:58.769023+00:00,13,,adverb,2026-08-28T16:00:58.769023+00:00,"[""this month""]",,,,,false,de,1063,,,a2
2545,Gedanke,2026-08-28T16:00:58.769023+00:00,26,,noun,2026-08-28T16:00:58.769023+00:00,"[""idea, thought, thinking, opinion""]",,,,,false,de,1139,der,Gedanken,b1
2546,sich ansammeln,2026-08-28T16:00:58.769023+00:00,33,,verb,2026-08-28T16:00:58.769023+00:00,"[""to accumulate""]",,,,,false,de,1140,,,b2
2547,Fehler,2026-08-28T16:00:58.769023+00:00,,,noun,2026-08-28T16:00:58.769023+00:00,"[""failure, mistake, blunder""]",,,,,false,de,1194,der,Fehler,a2
2548,Klassiker,2026-08-28T16:00:58.769023+00:00,,,noun,2026-08-28T16:00:58.769023+00:00,"[""classical literature, classic"", ""classical (art, music)""]",,,,,false,de,1064,der,Klassiker,b2
2549,Ostausgang,2026-08-28T16:00:58.769023+00:00,2,,noun,2026-08-28T16:00:58.769023+00:00,"[""east exit, east entrance""]",,,,,false,de,1180,der,Ostausgänge,b1
2550,Problem,2026-08-28T16:00:58.769023+00:00,,,noun,2026-08-28T16:00:58.769023+00:00,"[""problem, question, issue"", ""matter, concern""]",,,,,false,de,1141,das,Probleme,a2
2551,ausschließlich,2026-08-28T16:00:58.769023+00:00,30,,adjective,2026-08-28T16:00:58.769023+00:00,"[""exclusive use"", ""dedicated""]",,,,,false,de,1118,,,b2
2552,Getränk,2026-08-28T16:00:58.769023+00:00,1,,noun,2026-08-28T16:00:58.769023+00:00,"[""drink / beverage""]",,,,,false,de,1123,das,Getränke,a1
2553,Decke,2026-08-28T16:00:58.769023+00:00,35,,noun,2026-08-28T16:00:58.769023+00:00,"[""blanket""]",,,,,false,de,1152,die,Decken,a2
2554,international,2026-08-28T16:00:58.769023+00:00,,,adjective,2026-08-28T16:00:58.769023+00:00,"[""international, global""]",,,,,false,de,1131,,,b1
2555,bezweifeln,2026-08-28T16:00:58.769023+00:00,26,,verb,2026-08-28T16:00:58.769023+00:00,"[""to doubt, to suspect"", ""to distrust, to question""]",,,,,false,de,1056,,,b2
2556,Post,2026-08-28T16:00:58.769023+00:00,11,,noun,2026-08-28T16:00:58.769023+00:00,"[""post office""]",,,,,false,de,1156,die,,a1
2557,Mitglied,2026-08-28T16:00:58.769023+00:00,,,noun,2026-08-28T16:00:58.769023+00:00,"[""member (of a club or organization)"", ""subscriber""]",,,,,false,de,1137,das,Mitglieder,b1
2558,Ewigkeit,2026-08-28T16:00:58.769023+00:00,13,,noun,2026-08-28T16:00:58.769023+00:00,"[""permanence, eternity"", ""forever, perpetual""]",,,,,false,de,1184,die,,b2
2559,Kunst,2026-08-28T16:00:58.769023+00:00,29,,noun,2026-08-28T16:00:58.769023+00:00,"[""art, fine arts""]",,,,,false,de,1186,die,Künste,a2
2560,entscheiden,2026-08-28T16:00:58.769023+00:00,26,,verb,2026-08-28T16:00:58.769023+00:00,"[""to decide, to determine, to fix upon""]",,,,,false,de,1136,,,b1
2561,anhalten,2026-08-28T16:00:58.769023+00:00,20,,verb,2026-08-28T16:00:58.769023+00:00,"[""to stop, to halt, to come to a stop (intransitive)""]",,,,,false,de,1148,,,a2
2562,Trockenware,2026-08-28T16:00:58.769023+00:00,5,,noun,2026-08-28T16:00:58.769023+00:00,"[""dried goods""]",,,,,false,de,1183,die,Trockenwaren,c1
2563,Erdöl,2026-08-28T16:00:58.769023+00:00,,,noun,2026-08-28T16:00:58.769023+00:00,"[""oil, petroleum, kerosene""]",,,,,false,de,1051,das,,b1
2564,umfangreich,2026-08-28T16:00:58.769023+00:00,21,,adjective,2026-08-28T16:00:58.769023+00:00,"[""wide-ranging"", ""extensive""]",,,,,false,de,1089,,,b2
2565,Gelehrte,2026-08-28T16:00:58.769023+00:00,25,,noun,2026-08-28T16:00:58.769023+00:00,"[""scholar, academic, learned person""]",,,,,false,de,1135,der,Gelehrten,c1
2566,Geschäftsführung,2026-08-28T16:00:58.769023+00:00,25,,noun,2026-08-28T16:00:58.769023+00:00,"[""operation, management"", ""administration, running""]",,,,,false,de,1122,die,,b2
2567,Unterhemd,2026-08-28T16:00:58.769023+00:00,3,,noun,2026-08-28T16:00:58.769023+00:00,"[""innerwear"", ""base layer""]",,,,,false,de,1102,das,Unterhemden,b1
2568,Bewegung,2026-08-28T16:00:58.769023+00:00,27,,noun,2026-08-28T16:00:58.769023+00:00,"[""exercise, physical activity"", ""movement, motion""]",,,,,false,de,1062,die,Bewegungen,b1
2569,langes Wochenende,2026-08-28T16:00:58.769023+00:00,12,,noun,2026-08-28T16:00:58.769023+00:00,"[""consecutive holidays""]",,,,,false,de,1181,das,,b1
2570,Dampfer,2026-08-28T16:00:58.769023+00:00,12,,noun,2026-08-28T16:00:58.769023+00:00,"[""steamship, steamboat""]",,,,,false,de,1107,der,Dampfer,c1
2571,Quelle,2026-08-28T16:00:58.769023+00:00,33,,noun,2026-08-28T16:00:58.769023+00:00,"[""source"", ""citation""]",,,,,false,de,1091,die,Quellen,b2
2572,Vorratsdose,2026-08-28T16:00:58.769023+00:00,36,,noun,2026-08-28T16:00:58.769023+00:00,"[""storage container""]",,,,,false,de,1052,die,Vorratsdosen,b2
2573,Bücherregal,2026-08-28T16:00:58.769023+00:00,35,,noun,2026-08-28T16:00:58.769023+00:00,"[""bookshelf""]",,,,,false,de,1078,das,Bücherregale,a2
2574,Winterferien,2026-08-28T16:00:58.769023+00:00,8,,noun,2026-08-28T16:00:58.769023+00:00,"[""winter vacation, winter holidays""]",,,,,false,de,1157,die,,a2
2575,veraltet,2026-08-28T16:00:58.769023+00:00,,,adjective,2026-08-28T16:00:58.769023+00:00,"[""old-fashioned, obsolete"", ""outdated, conventional""]",,,,,false,de,1106,,,b2
2576,vergrößern,2026-08-28T16:00:58.769023+00:00,21,,verb,2026-08-28T16:00:58.769023+00:00,"[""to expand, to enlarge"", ""to magnify, to increase""]",,,,,false,de,1138,,,b1
2577,Suche,2026-08-28T16:00:58.769023+00:00,29,,noun,2026-08-28T16:00:58.769023+00:00,"[""search""]",,,,,false,de,1128,die,Suchen,a2
2578,Änderung,2026-08-28T16:00:58.769023+00:00,12,,noun,2026-08-28T16:00:58.769023+00:00,"[""change"", ""modification""]",,,,,false,de,1099,die,Änderungen,b1
2579,möglich,2026-08-28T16:00:58.769023+00:00,,,adjective,2026-08-28T16:00:58.769023+00:00,"[""possible, potential"", ""feasible, achievable""]",,,,,false,de,1133,,,a2
2580,helfen,2026-08-28T16:00:58.769023+00:00,,,verb,2026-08-28T16:00:58.769023+00:00,"[""to help, to rescue"", ""to save, to give aid""]",,,,,false,de,1130,,,a1
2581,Gedenken,2026-08-28T16:00:58.769023+00:00,,,noun,2026-08-28T16:00:58.769023+00:00,"[""commemoration, memory"", ""souvenir, keepsake""]",,,,,false,de,1057,das,,b2
2582,Parkplatz,2026-08-28T16:00:58.769023+00:00,30,,noun,2026-08-28T16:00:58.769023+00:00,"[""parking lot""]",,,,,false,de,1110,der,Parkplätze,a2
2583,Übernachtung,2026-08-28T16:00:58.769023+00:00,12,,noun,2026-08-28T16:00:58.769023+00:00,"[""lodging, overnight stay"", ""accommodation""]",,,,,false,de,1151,die,Übernachtungen,b1
2584,Aufbewahrung,2026-08-28T16:00:58.769023+00:00,36,,noun,2026-08-28T16:00:58.769023+00:00,"[""storage""]",,,,,false,de,1190,die,,b2
2585,du,2026-08-28T16:00:58.769023+00:00,,,pronoun,2026-08-28T16:00:58.769023+00:00,"[""you (familiar, mainly used by males or among friends)""]",,,,,false,de,1096,,,a1
2586,Erde,2026-08-28T16:00:58.769023+00:00,14,,noun,2026-08-28T16:00:58.769023+00:00,"[""Earth, the globe, the world""]",,,,,false,de,1198,die,,a2
2587,fliegen,2026-08-28T16:00:58.769023+00:00,20,,verb,2026-08-28T16:00:58.769023+00:00,"[""to fly, jump, leap""]",,,,,false,de,1154,,,a2
2588,Erbe,2026-08-28T16:00:58.769023+00:00,,,noun,2026-08-28T16:00:58.769023+00:00,"[""inheritance, legacy"", ""heritage""]",,,,,false,de,1115,das,,b2
2589,gefährlich,2026-08-28T16:00:58.769023+00:00,,,adjective,2026-08-28T16:00:58.769023+00:00,"[""danger, hazard, peril"", ""dangerous, risky"", ""hazardous""]",,,,,false,de,1067,,,a2
2590,Spitze,2026-08-28T16:00:58.769023+00:00,22,,noun,2026-08-28T16:00:58.769023+00:00,"[""front, lead, top, vanguard""]",,,,,false,de,1103,die,Spitzen,b2
2591,Warnung,2026-08-28T16:00:58.769023+00:00,24,,noun,2026-08-28T16:00:58.769023+00:00,"[""warning, alert"", ""caution, notice""]",,,,,false,de,1142,die,Warnungen,b1
2592,Gemeinde,2026-08-28T16:00:58.769023+00:00,11,,noun,2026-08-28T16:00:58.769023+00:00,"[""city, municipality""]",,,,,false,de,1176,die,Gemeinden,b1
2593,Aufnahme,2026-08-28T16:00:58.769023+00:00,,,noun,2026-08-28T16:00:58.769023+00:00,"[""absorption, assimilation"", ""taking in, merger""]",,,,,false,de,1072,die,Aufnahmen,b2
2594,Mittagessen,2026-08-28T16:00:58.769023+00:00,10,,noun,2026-08-28T16:00:58.769023+00:00,"[""lunch""]",,,,,false,de,1055,das,Mittagessen,a1
2595,Vorfall,2026-08-28T16:00:58.769023+00:00,,,noun,2026-08-28T16:00:58.769023+00:00,"[""incident, case"", ""crime, event (often bad)""]",,,,,false,de,1066,der,Vorfälle,b2
2596,Wein,2026-08-28T16:00:58.769023+00:00,7,,noun,2026-08-28T16:00:58.769023+00:00,"[""wine""]",,,,,false,de,1169,der,Weine,a1
2597,Zweifel,2026-08-28T16:00:58.769023+00:00,26,,noun,2026-08-28T16:00:58.769023+00:00,"[""question, doubt"", ""uncertainty""]",,,,,false,de,1165,der,Zweifel,b2
2598,warten,2026-08-28T16:00:58.769023+00:00,,,verb,2026-08-28T16:00:58.769023+00:00,"[""to wait, to wait for""]",,,,,false,de,1075,,,a1
2599,Teilbereich,2026-08-28T16:00:58.769023+00:00,33,,noun,2026-08-28T16:00:58.769023+00:00,"[""part"", ""portion""]",,,,,false,de,1132,der,Teilbereiche,b2
2600,ausgebucht,2026-08-28T16:00:58.769023+00:00,7,,adjective,2026-08-28T16:00:58.769023+00:00,"[""fully occupied / full""]",,,,,false,de,1163,,,b2
2601,Aufladung,2026-08-28T16:00:58.769023+00:00,33,,noun,2026-08-28T16:00:58.769023+00:00,"[""charge"", ""top-up""]",,,,,false,de,1098,die,Aufladungen,b2
2602,Aufbaustudium,2026-08-28T16:00:58.769023+00:00,8,,noun,2026-08-28T16:00:58.769023+00:00,"[""graduate school"", ""postgraduate school""]",,,,,false,de,1197,das,,c1
2603,aufrichtig,2026-08-28T16:00:58.769023+00:00,,,adjective,2026-08-28T16:00:58.769023+00:00,"[""upright, manly, gallant"", ""pure, clean, righteous""]",,,,,false,de,1068,,,c1
2604,Inneneinrichtung,2026-08-28T16:00:58.769023+00:00,36,,noun,2026-08-28T16:00:58.769023+00:00,"[""interior decor""]",,,,,false,de,1182,die,,b2
2605,Gemüse,2026-08-28T16:00:58.769023+00:00,5,,noun,2026-08-28T16:00:58.769023+00:00,"[""vegetables""]",,,,,false,de,1158,das,,a1
2606,aufwenden,2026-08-28T16:00:58.769023+00:00,,,verb,2026-08-28T16:00:58.769023+00:00,"[""to spend, use up, expend, consume""]",,,,,false,de,1111,,,c1
2607,ankommen,2026-08-28T16:00:58.769023+00:00,20,,verb,2026-08-28T16:00:58.769023+00:00,"[""to arrive, to reach (a destination)""]",,,,,false,de,1126,,,a2
2608,täglich,2026-08-28T16:00:58.769023+00:00,13,,adverb,2026-08-28T16:00:58.769023+00:00,"[""every day, daily""]",,,,,false,de,1095,,,a1
2609,treffen,2026-08-28T16:00:58.769023+00:00,,,verb,2026-08-28T16:00:58.769023+00:00,"[""to hit, to strike (something)"", ""to be correct, to win (lottery)""]",,,,,false,de,1112,,,b1
2610,öffnen,2026-08-28T16:00:58.769023+00:00,,,verb,2026-08-28T16:00:58.769023+00:00,"[""to open (something)"", ""to unlock, to unwrap""]",,,,,false,de,1090,,,a1
2611,Museum,2026-08-28T16:00:58.769023+00:00,12,,noun,2026-08-28T16:00:58.769023+00:00,"[""museum""]",,,,,false,de,1155,das,Museen,a1
2612,übermitteln,2026-08-28T16:00:58.769023+00:00,24,,verb,2026-08-28T16:00:58.769023+00:00,"[""to convey, tell, pass on, report""]",,,,,false,de,1147,,,b2
2613,nah,2026-08-28T16:00:58.769023+00:00,22,,adjective,2026-08-28T16:00:58.769023+00:00,"[""near, close, short (distance)"", ""soon (time)""]",,,,,false,de,1166,,,a1
2614,Spiegelei,2026-08-28T16:00:58.769023+00:00,10,,noun,2026-08-28T16:00:58.769023+00:00,"[""fried egg"", ""sunny-side-up egg""]",,,,,false,de,1196,das,Spiegeleier,a2
2615,Verkaufsabteilung,2026-08-28T16:00:58.769023+00:00,,,noun,2026-08-28T16:00:58.769023+00:00,"[""sales floor, counter, sales section""]",,,,,false,de,1097,die,Verkaufsabteilungen,b2
2616,Brot,2026-08-28T16:00:58.769023+00:00,5,,noun,2026-08-28T16:00:58.769023+00:00,"[""bread""]",,,,,false,de,1172,das,Brote,a1
2617,Wachsamkeit,2026-08-28T16:00:58.769023+00:00,,,noun,2026-08-28T16:00:58.769023+00:00,"[""vigilance, caution"", ""guard, lookout""]",,,,,false,de,1113,die,,c1
2618,Bankkonto,2026-08-28T16:00:58.769023+00:00,33,,noun,2026-08-28T16:00:58.769023+00:00,"[""bank account""]",,,,,false,de,1144,das,Bankkonten,b1
2619,Frühstück,2026-08-28T16:00:58.769023+00:00,10,,noun,2026-08-28T16:00:58.769023+00:00,"[""breakfast""]",,,,,false,de,1149,das,Frühstücke,a1
2620,begrenzen,2026-08-28T16:00:58.769023+00:00,,,verb,2026-08-28T16:00:58.769023+00:00,"[""to limit, to restrict"", ""to be limited to, to apply only to""]",,,,,false,de,1058,,,b2
2621,wiegen,2026-08-28T16:00:58.769023+00:00,21,,verb,2026-08-28T16:00:58.769023+00:00,"[""to measure (weight/volume)""]",,,,,false,de,1061,,,b1
2622,Konfiguration,2026-08-28T16:00:58.769023+00:00,12,,noun,2026-08-28T16:00:58.769023+00:00,"[""settings""]",,,,,false,de,1054,die,Konfigurationen,b2
2623,heute Morgen,2026-08-28T16:00:58.769023+00:00,13,,adverb,2026-08-28T16:00:58.769023+00:00,"[""this morning""]",,,,,false,de,1053,,,a1
2624,Küste,2026-08-28T16:00:58.769023+00:00,14,,noun,2026-08-28T16:00:58.769023+00:00,"[""coast, shore"", ""coastal area""]",,,,,false,de,1094,die,Küsten,b1
2625,April,2026-08-28T16:00:58.769023+00:00,13,,noun,2026-08-28T16:00:58.769023+00:00,"[""April""]",,,,,false,de,1121,der,,a1
2626,Versand,2026-08-28T16:00:58.769023+00:00,29,,noun,2026-08-28T16:00:58.769023+00:00,"[""send (mail/signal)""]",,,,,false,de,1179,der,,b1
2627,Volk,2026-08-28T16:00:58.769023+00:00,,,noun,2026-08-28T16:00:58.769023+00:00,"[""ethnic group, people, race, nation""]",,,,,false,de,1077,das,Völker,b2
2628,senden,2026-08-28T16:00:58.769023+00:00,33,,verb,2026-08-28T16:00:58.769023+00:00,"[""to send, to deliver, to transmit"", ""to see off, to escort""]",,,,,false,de,1086,,,a2
2629,sicher,2026-08-28T16:00:58.769023+00:00,,,adjective,2026-08-28T16:00:58.769023+00:00,"[""certain, reliable"", ""definite, sure""]",,,,,false,de,1187,,,b1
2630,angenehm,2026-08-28T16:00:58.769023+00:00,15,,adjective,2026-08-28T16:00:58.769023+00:00,"[""comfortable, pleasant"", ""cozy, agreeable""]",,,,,false,de,1193,,,b1
2631,qualvoll,2026-08-28T16:00:58.769023+00:00,15,,adjective,2026-08-28T16:00:58.769023+00:00,"[""painful, difficult, hard (physically/emotionally)"", ""suffering, agonizing""]",,,,,false,de,1059,,,b2
2632,schützen,2026-08-28T16:00:58.769023+00:00,,,verb,2026-08-28T16:00:58.769023+00:00,"[""to protect, to defend"", ""to keep, to observe, to obey""]",,,,,false,de,1189,,,b1
2633,Abfahrtsort,2026-08-28T16:00:58.769023+00:00,12,,noun,2026-08-28T16:00:58.769023+00:00,"[""point of departure""]",,,,,false,de,1127,der,Abfahrtsorte,b2
2634,Obergeschoss,2026-08-28T16:00:58.769023+00:00,22,,noun,2026-08-28T16:00:58.769023+00:00,"[""second floor, upstairs""]",,,,,false,de,1168,das,Obergeschosse,b1
2635,Aktie,2026-08-28T16:00:58.769023+00:00,33,,noun,2026-08-28T16:00:58.769023+00:00,"[""stock, shares"", ""equity""]",,,,,false,de,1145,die,Aktien,b2
2636,meinen,2026-08-28T16:00:58.769023+00:00,26,,verb,2026-08-28T16:00:58.769023+00:00,"[""to think, to feel, to consider"", ""to believe, to imagine""]",,,,,false,de,1177,,,a2
2637,Beschränkung,2026-08-28T16:00:58.769023+00:00,,,noun,2026-08-28T16:00:58.769023+00:00,"[""restriction, limitation"", ""limit, constraint""]",,,,,false,de,1159,die,Beschränkungen,b2
2638,Osterferien,2026-08-28T16:00:58.769023+00:00,8,,noun,2026-08-28T16:00:58.769023+00:00,"[""spring vacation, spring break""]",,,,,false,de,1173,die,,a2
2639,rezitieren,2026-08-28T16:00:58.769023+00:00,24,,verb,2026-08-28T16:00:58.769023+00:00,"[""to chant, recite, advocate""]",,,,,false,de,1160,,,c1
2640,Aufhebung,2026-08-28T16:00:58.769023+00:00,29,,noun,2026-08-28T16:00:58.769023+00:00,"[""release"", ""cancel""]",,,,,false,de,1161,die,Aufhebungen,b2
2641,Flöte,2026-08-28T16:00:58.769023+00:00,,,noun,2026-08-28T16:00:58.769023+00:00,"[""flute, whistle, pipe (wind instrument)""]",,,,,false,de,1088,die,Flöten,b1
2642,Krankenschwester,2026-08-28T16:00:58.769023+00:00,9,,noun,2026-08-28T16:00:58.769023+00:00,"[""nurse"", ""registered nurse""]",,,,,false,de,1199,die,Krankenschwestern,a2
2643,Ernährung,2026-08-28T16:00:58.769023+00:00,17,,noun,2026-08-28T16:00:58.769023+00:00,"[""nutrition, nourishment""]",,,,,false,de,1195,die,,b1
2644,überarbeiten,2026-08-28T16:00:58.769023+00:00,,,verb,2026-08-28T16:00:58.769023+00:00,"[""to reform, correct, renew, reconsider""]",,,,,false,de,1119,,,b2
2645,diese Woche,2026-08-28T16:04:05.161573+00:00,13,,adverb,2026-08-28T16:04:05.161573+00:00,"[""this week""]",,,,,false,de,1350,,,a2
2646,aussteigen,2026-08-28T16:04:05.161573+00:00,20,,verb,2026-08-28T16:04:05.161573+00:00,"[""to get off, to alight"", ""to descend, to step down""]",,,,,false,de,1209,,,a2
2647,Temperatur,2026-08-28T16:04:05.161573+00:00,14,,noun,2026-08-28T16:04:05.161573+00:00,"[""temperature"", ""degree of heat or cold""]",,,,,false,de,1288,die,Temperaturen,a2
2648,Curry,2026-08-28T16:04:05.161573+00:00,7,,noun,2026-08-28T16:04:05.161573+00:00,"[""curry""]",,,,,false,de,1231,das,,a2
2649,Gericht,2026-08-28T16:04:05.161573+00:00,7,,noun,2026-08-28T16:04:05.161573+00:00,"[""cooking, cuisine, dish""]",,,,,false,de,1269,das,Gerichte,b1
2650,Zuständige,2026-08-28T16:04:05.161573+00:00,25,,noun,2026-08-28T16:04:05.161573+00:00,"[""person in charge, official"", ""staff member, responsible person""]",,,,,false,de,1283,der,Zuständigen,b2
2651,Rührung,2026-08-28T16:04:05.161573+00:00,15,,noun,2026-08-28T16:04:05.161573+00:00,"[""being moved (emotionally), being touched, being impressed""]",,,,,false,de,1314,die,,c1
2652,munter,2026-08-28T16:04:05.161573+00:00,15,,adjective,2026-08-28T16:04:05.161573+00:00,"[""healthy, energetic, lively"", ""cheerful, in good spirits""]",,,,,false,de,1253,,,b1
2653,Halbinsel,2026-08-28T16:04:05.161573+00:00,14,,noun,2026-08-28T16:04:05.161573+00:00,"[""peninsula""]",,,,,false,de,1348,die,Halbinseln,b1
2654,Größe,2026-08-28T16:04:05.161573+00:00,3,,noun,2026-08-28T16:04:05.161573+00:00,"[""size""]",,,,,false,de,1250,die,Größen,a1
2655,vorankommen,2026-08-28T16:04:05.161573+00:00,20,,verb,2026-08-28T16:04:05.161573+00:00,"[""to advance, to progress, to proceed"", ""to go forward""]",,,,,false,de,1273,,,b1
2656,glauben,2026-08-28T16:04:05.161573+00:00,26,,verb,2026-08-28T16:04:05.161573+00:00,"[""to believe, trust""]",,,,,false,de,1299,,,a2
2657,Beliebtheit,2026-08-28T16:04:05.161573+00:00,30,,noun,2026-08-28T16:04:05.161573+00:00,"[""popularity""]",,,,,false,de,1289,die,,b1
2658,Universität,2026-08-28T16:04:05.161573+00:00,8,,noun,2026-08-28T16:04:05.161573+00:00,"[""university, college""]",,,,,false,de,1335,die,Universitäten,a1
2659,verteilen,2026-08-28T16:04:05.161573+00:00,,,verb,2026-08-28T16:04:05.161573+00:00,"[""to distribute, to hand out, to deal (cards)"", ""to distribute, to hand out, to deliver""]",,,,,false,de,1210,,,b1
2660,Sohn,2026-08-28T16:04:05.161573+00:00,10,,noun,2026-08-28T16:04:05.161573+00:00,"[""son (one's own)""]",,,,,false,de,1293,der,Söhne,a1
2661,Richtlinie,2026-08-28T16:04:05.161573+00:00,,,noun,2026-08-28T16:04:05.161573+00:00,"[""guideline, policy"", ""pointer, indicator""]",,,,,false,de,1222,die,Richtlinien,b2
2662,Essen,2026-08-28T16:04:05.161573+00:00,7,,noun,2026-08-28T16:04:05.161573+00:00,"[""meal, dining, eating""]",,,,,false,de,1320,das,Essen,a1
2663,sich ausruhen,2026-08-28T16:04:05.161573+00:00,,,verb,2026-08-28T16:04:05.161573+00:00,"[""to rest, to take a break"", ""to be absent, to stay home""]",,,,,false,de,1304,,,a2
2664,Gepäck,2026-08-28T16:04:05.161573+00:00,12,,noun,2026-08-28T16:04:05.161573+00:00,"[""baggage, luggage"", ""package, parcel, cargo""]",,,,,false,de,1333,das,,a2
2665,Umstände,2026-08-28T16:04:05.161573+00:00,,,noun,2026-08-28T16:04:05.161573+00:00,"[""circumstances, convenience"", ""schedule, availability""]",,,,,false,de,1243,die,,b2
2666,Grund,2026-08-28T16:04:05.161573+00:00,33,,noun,2026-08-28T16:04:05.161573+00:00,"[""reason, cause, explanation""]",,,,,false,de,1308,der,Gründe,a2
2667,Pflicht,2026-08-28T16:04:05.161573+00:00,,,noun,2026-08-28T16:04:05.161573+00:00,"[""duty, obligation"", ""responsibility, requirement""]",,,,,false,de,1337,die,Pflichten,b1
2668,sich spiegeln,2026-08-28T16:04:05.161573+00:00,,,verb,2026-08-28T16:04:05.161573+00:00,"[""to be reflected, to appear"", ""to look, to seem""]",,,,,false,de,1207,,,b2
2669,fühlen,2026-08-28T16:04:05.161573+00:00,15,,verb,2026-08-28T16:04:05.161573+00:00,"[""to feel, to sense, to perceive""]",,,,,false,de,1251,,,a2
2670,Kluft,2026-08-28T16:04:05.161573+00:00,28,,noun,2026-08-28T16:04:05.161573+00:00,"[""disparity, gap"", ""inequality, difference""]",,,,,false,de,1225,die,Klüfte,c1
2671,Quadratmeter,2026-08-28T16:04:05.161573+00:00,30,,noun,2026-08-28T16:04:05.161573+00:00,"[""square meters""]",,,,,false,de,1275,der,Quadratmeter,b1
2672,Körpergewicht,2026-08-28T16:04:05.161573+00:00,17,,noun,2026-08-28T16:04:05.161573+00:00,"[""body weight""]",,,,,false,de,1280,das,,a2
2673,anfangen,2026-08-28T16:04:05.161573+00:00,13,,verb,2026-08-28T16:04:05.161573+00:00,"[""to begin, to start (intransitive)"", ""to commence, to open""]",,,,,false,de,1298,,,a1
2674,verbrennen,2026-08-28T16:04:05.161573+00:00,,,verb,2026-08-28T16:04:05.161573+00:00,"[""to burn, bake, be roasted, be grilled""]",,,,,false,de,1317,,,b1
2675,Militär,2026-08-28T16:04:05.161573+00:00,,,noun,2026-08-28T16:04:05.161573+00:00,"[""military, armed forces, troops""]",,,,,false,de,1264,das,,b2
2676,Krise,2026-08-28T16:04:05.161573+00:00,,,noun,2026-08-28T16:04:05.161573+00:00,"[""crisis, emergency"", ""critical moment""]",,,,,false,de,1263,die,Krisen,b2
2677,Erschließung,2026-08-28T16:04:05.161573+00:00,25,,noun,2026-08-28T16:04:05.161573+00:00,"[""development (of land, software, products)"", ""exploitation, creation""]",,,,,false,de,1281,die,Erschließungen,c1
2678,Pinsel,2026-08-28T16:04:05.161573+00:00,,,noun,2026-08-28T16:04:05.161573+00:00,"[""writing brush, paintbrush""]",,,,,false,de,1345,der,Pinsel,b1
2679,dünn,2026-08-28T16:04:05.161573+00:00,21,,adjective,2026-08-28T16:04:05.161573+00:00,"[""thin, slender, narrow, fine""]",,,,,false,de,1252,,,a1
2680,Diagnose,2026-08-28T16:04:05.161573+00:00,32,,noun,2026-08-28T16:04:05.161573+00:00,"[""diagnosis""]",,,,,false,de,1219,die,Diagnosen,b2
2681,Leitung,2026-08-28T16:04:05.161573+00:00,,,noun,2026-08-28T16:04:05.161573+00:00,"[""command, direction"", ""conducting (music)""]",,,,,false,de,1246,die,Leitungen,b2
2682,Meer,2026-08-28T16:04:05.161573+00:00,14,,noun,2026-08-28T16:04:05.161573+00:00,"[""sea, ocean""]",,,,,false,de,1285,das,Meere,a1
2683,Wohngemeinschaft,2026-08-28T16:04:05.161573+00:00,30,,noun,2026-08-28T16:04:05.161573+00:00,"[""share house""]",,,,,false,de,1201,die,Wohngemeinschaften,b2
2684,wöchentlich,2026-08-28T16:04:05.161573+00:00,13,,adverb,2026-08-28T16:04:05.161573+00:00,"[""every week, weekly""]",,,,,false,de,1215,,,b1
2685,Angebot,2026-08-28T16:04:05.161573+00:00,,,noun,2026-08-28T16:04:05.161573+00:00,"[""offer, provision"", ""supply, service""]",,,,,false,de,1232,das,Angebote,b1
2686,Nachmittag,2026-08-28T16:04:05.161573+00:00,13,,noun,2026-08-28T16:04:05.161573+00:00,"[""afternoon, PM (after noon)""]",,,,,false,de,1346,der,Nachmittage,a1
2687,sich versammeln,2026-08-28T16:04:05.161573+00:00,20,,verb,2026-08-28T16:04:05.161573+00:00,"[""to gather, to assemble, to come together (intransitive)""]",,,,,false,de,1306,,,b1
2688,Oktober,2026-08-28T16:04:05.161573+00:00,13,,noun,2026-08-28T16:04:05.161573+00:00,"[""October""]",,,,,false,de,1276,der,,a1
2689,Freie,2026-08-28T16:04:05.161573+00:00,,,noun,2026-08-28T16:04:05.161573+00:00,"[""outdoors, open air, outside""]",,,,,false,de,1258,das,,b2
2690,Fahrkartenautomat,2026-08-28T16:04:05.161573+00:00,2,,noun,2026-08-28T16:04:05.161573+00:00,"[""ticket vending machine"", ""ticket machine""]",,,,,false,de,1296,der,Fahrkartenautomaten,b1
2691,Sonderangebot,2026-08-28T16:04:05.161573+00:00,5,,noun,2026-08-28T16:04:05.161573+00:00,"[""special sale""]",,,,,false,de,1274,das,Sonderangebote,b1
2692,glücklich,2026-08-28T16:04:05.161573+00:00,15,,adjective,2026-08-28T16:04:05.161573+00:00,"[""happiness, good fortune"", ""lucky, happy""]",,,,,false,de,1321,,,a2
2693,rund,2026-08-28T16:04:05.161573+00:00,,,adjective,2026-08-28T16:04:05.161573+00:00,"[""round, circular, spherical"", ""curved""]",,,,,false,de,1340,,,a2
2694,T-Shirt,2026-08-28T16:04:05.161573+00:00,3,,noun,2026-08-28T16:04:05.161573+00:00,"[""T-shirt""]",,,,,false,de,1242,das,T-Shirts,a1
2695,Käse,2026-08-28T16:04:05.161573+00:00,7,,noun,2026-08-28T16:04:05.161573+00:00,"[""cheese""]",,,,,false,de,1292,der,,a1
2696,Fels,2026-08-28T16:04:05.161573+00:00,14,,noun,2026-08-28T16:04:05.161573+00:00,"[""rock, boulder, crag""]",,,,,false,de,1203,der,Felsen,b1
2697,stoppen,2026-08-28T16:04:05.161573+00:00,20,,verb,2026-08-28T16:04:05.161573+00:00,"[""to stop, to halt, to prevent (transitive)""]",,,,,false,de,1211,,,a2
2698,Unfall,2026-08-28T16:04:05.161573+00:00,,,noun,2026-08-28T16:04:05.161573+00:00,"[""accident, incident"", ""mishap, crash""]",,,,,false,de,1328,der,Unfälle,a2
2699,erwärmen,2026-08-28T16:04:05.161573+00:00,1,,verb,2026-08-28T16:04:05.161573+00:00,"[""to heat up""]",,,,,false,de,1202,,,b1
2700,Freigabe,2026-08-28T16:04:05.161573+00:00,29,,noun,2026-08-28T16:04:05.161573+00:00,"[""share (jointly own)""]",,,,,false,de,1220,die,Freigaben,b2
2701,einsteigen,2026-08-28T16:04:05.161573+00:00,2,,verb,2026-08-28T16:04:05.161573+00:00,"[""to ride, to get on"", ""to board (a vehicle)""]",,,,,false,de,1343,,,a2
2702,Privatunterkunft,2026-08-28T16:04:05.161573+00:00,12,,noun,2026-08-28T16:04:05.161573+00:00,"[""private lodging (Airbnb-style stay)""]",,,,,false,de,1235,die,Privatunterkünfte,b2
2703,Medizin,2026-08-28T16:04:05.161573+00:00,9,,noun,2026-08-28T16:04:05.161573+00:00,"[""medical science, medicine (as a field)""]",,,,,false,de,1265,die,,b1
2704,Innenstadt,2026-08-28T16:04:05.161573+00:00,33,,noun,2026-08-28T16:04:05.161573+00:00,"[""town, city, street""]",,,,,false,de,1233,die,Innenstädte,b1
2705,Wiese,2026-08-28T16:04:05.161573+00:00,14,,noun,2026-08-28T16:04:05.161573+00:00,"[""field, meadow, open plain""]",,,,,false,de,1236,die,Wiesen,a2
2706,anziehen,2026-08-28T16:04:05.161573+00:00,3,,verb,2026-08-28T16:04:05.161573+00:00,"[""to wear, to put on (upper body clothing)""]",,,,,false,de,1330,,,a1
2707,Kissen,2026-08-28T16:04:05.161573+00:00,35,,noun,2026-08-28T16:04:05.161573+00:00,"[""cushion""]",,,,,false,de,1332,das,Kissen,a2
2708,wecken,2026-08-28T16:04:05.161573+00:00,20,,verb,2026-08-28T16:04:05.161573+00:00,"[""to wake someone up, to cause, to raise up""]",,,,,false,de,1341,,,b1
2709,gleichzeitig,2026-08-28T16:04:05.161573+00:00,13,,adjective,2026-08-28T16:04:05.161573+00:00,"[""simultaneous, at the same time, concurrent""]",,,,,false,de,1270,,,b1
2710,erfrischend,2026-08-28T16:04:05.161573+00:00,15,,adjective,2026-08-28T16:04:05.161573+00:00,"[""refreshing, exhilarating"", ""invigorating, brisk""]",,,,,false,de,1213,,,b2
2711,Aufgabe,2026-08-28T16:04:05.161573+00:00,8,,noun,2026-08-28T16:04:05.161573+00:00,"[""task, assignment, issue, challenge""]",,,,,false,de,1301,die,Aufgaben,a2
2712,danach,2026-08-28T16:04:05.161573+00:00,22,,adverb,2026-08-28T16:04:05.161573+00:00,"[""after, later, behind"", ""the rest, afterwards""]",,,,,false,de,1344,,,a2
2713,Rückmeldung,2026-08-28T16:04:05.161573+00:00,29,,noun,2026-08-28T16:04:05.161573+00:00,"[""reply""]",,,,,false,de,1322,die,Rückmeldungen,b2
2714,Management,2026-08-28T16:04:05.161573+00:00,25,,noun,2026-08-28T16:04:05.161573+00:00,"[""management, administration"", ""running a business, operation""]",,,,,false,de,1312,das,,b2
2715,hingehen,2026-08-28T16:04:05.161573+00:00,20,,verb,2026-08-28T16:04:05.161573+00:00,"[""to go, to proceed, to head toward""]",,,,,false,de,1271,,,a2
2716,Abendland,2026-08-28T16:04:05.161573+00:00,,,noun,2026-08-28T16:04:05.161573+00:00,"[""the West, Western world, Occident""]",,,,,false,de,1267,das,,c1
2717,Kühlschrank,2026-08-28T16:04:05.161573+00:00,10,,noun,2026-08-28T16:04:05.161573+00:00,"[""refrigerator, fridge""]",,,,,false,de,1224,der,Kühlschränke,a1
2718,leichtfertig,2026-08-28T16:04:05.161573+00:00,,,adjective,2026-08-28T16:04:05.161573+00:00,"[""easy-going, careless"", ""taking the easy way out, thoughtless""]",,,,,false,de,1244,,,c1
2719,Stau,2026-08-28T16:04:05.161573+00:00,12,,noun,2026-08-28T16:04:05.161573+00:00,"[""traffic jam""]",,,,,false,de,1303,der,Staus,b1
2720,nützlich,2026-08-28T16:04:05.161573+00:00,,,adjective,2026-08-28T16:04:05.161573+00:00,"[""profitable, beneficial"", ""useful, instructive""]",,,,,false,de,1310,,,b1
2721,Kalligrafie,2026-08-28T16:04:05.161573+00:00,27,,noun,2026-08-28T16:04:05.161573+00:00,"[""calligraphy, the art of writing""]",,,,,false,de,1338,die,Kalligrafien,c1
2722,Stern,2026-08-28T16:04:05.161573+00:00,14,,noun,2026-08-28T16:04:05.161573+00:00,"[""star, heavenly body""]",,,,,false,de,1339,der,Sterne,a2
2723,Verstoß,2026-08-28T16:04:05.161573+00:00,11,,noun,2026-08-28T16:04:05.161573+00:00,"[""violation, infringement"", ""breach (of rules or law)""]",,,,,false,de,1327,der,Verstöße,b2
2724,Ordnung,2026-08-28T16:04:05.161573+00:00,,,noun,2026-08-28T16:04:05.161573+00:00,"[""arranging, tidying up, organizing"", ""sorting, putting in order""]",,,,,false,de,1240,die,,b1
2725,Raum,2026-08-28T16:04:05.161573+00:00,30,,noun,2026-08-28T16:04:05.161573+00:00,"[""space""]",,,,,false,de,1262,der,Räume,b1
2726,Vorführung,2026-08-28T16:04:05.161573+00:00,,,noun,2026-08-28T16:04:05.161573+00:00,"[""screening, showing (of a film)""]",,,,,false,de,1282,die,Vorführungen,b2
2727,Ruf,2026-08-28T16:04:05.161573+00:00,24,,noun,2026-08-28T16:04:05.161573+00:00,"[""loud voice, shout, yell""]",,,,,false,de,1313,der,Rufe,b1
2728,Beruhigung,2026-08-28T16:04:05.161573+00:00,33,,noun,2026-08-28T16:04:05.161573+00:00,"[""relief, peace of mind"", ""reassurance""]",,,,,false,de,1216,die,,b2
2729,Sprachwissenschaft,2026-08-28T16:04:05.161573+00:00,8,,noun,2026-08-28T16:04:05.161573+00:00,"[""language study, linguistics""]",,,,,false,de,1248,die,Sprachwissenschaften,b2
2730,löschen,2026-08-28T16:04:05.161573+00:00,,,verb,2026-08-28T16:04:05.161573+00:00,"[""to turn off, to erase, to put out""]",,,,,false,de,1325,,,a2
2731,Hinterbliebenen,2026-08-28T16:04:05.161573+00:00,10,,noun,2026-08-28T16:04:05.161573+00:00,"[""bereaved family"", ""surviving family members""]",,,,,false,de,1247,die,,c1
2732,sinken,2026-08-28T16:04:05.161573+00:00,20,,verb,2026-08-28T16:04:05.161573+00:00,"[""to go down, to fall, to drop"", ""to hang down, to move back""]",,,,,false,de,1291,,,b1
2733,begegnen,2026-08-28T16:04:05.161573+00:00,,,verb,2026-08-28T16:04:05.161573+00:00,"[""to meet, to see (a person)""]",,,,,false,de,1238,,,b1
2734,vernehmen,2026-08-28T16:04:05.161573+00:00,,,verb,2026-08-28T16:04:05.161573+00:00,"[""to be audible, to be heard, to sound""]",,,,,false,de,1309,,,c1
2735,Behinderung,2026-08-28T16:04:05.161573+00:00,,,noun,2026-08-28T16:04:05.161573+00:00,"[""disability, handicap"", ""obstacle, impediment""]",,,,,false,de,1254,die,Behinderungen,b1
2736,Pizza,2026-08-28T16:04:05.161573+00:00,7,,noun,2026-08-28T16:04:05.161573+00:00,"[""pizza""]",,,,,false,de,1234,die,Pizzen,a1
2737,Bank,2026-08-28T16:04:05.161573+00:00,11,,noun,2026-08-28T16:04:05.161573+00:00,"[""bank (financial institution)""]",,,,,false,de,1221,die,Banken,a1
2738,kurz davor,2026-08-28T16:04:05.161573+00:00,12,,adverb,2026-08-28T16:04:05.161573+00:00,"[""just before"", ""last-minute""]",,,,,false,de,1347,,,b1
2739,Treppe,2026-08-28T16:04:05.161573+00:00,,,noun,2026-08-28T16:04:05.161573+00:00,"[""stairs, staircase, steps""]",,,,,false,de,1319,die,Treppen,a2
2740,aufstehen,2026-08-28T16:04:05.161573+00:00,20,,verb,2026-08-28T16:04:05.161573+00:00,"[""to wake up, to get up, to occur""]",,,,,false,de,1217,,,a1
2741,umgeben,2026-08-28T16:04:05.161573+00:00,,,verb,2026-08-28T16:04:05.161573+00:00,"[""to surround, enclose, encircle""]",,,,,false,de,1237,,,b2
2742,Neujahr,2026-08-28T16:04:05.161573+00:00,13,,noun,2026-08-28T16:04:05.161573+00:00,"[""New Year, New Year's holiday"", ""January (traditional term)""]",,,,,false,de,1279,das,,a2
2743,Wolle,2026-08-28T16:04:05.161573+00:00,36,,noun,2026-08-28T16:04:05.161573+00:00,"[""wool yarn, knitting yarn""]",,,,,false,de,1278,die,,b1
2744,Seite,2026-08-28T16:04:05.161573+00:00,21,,noun,2026-08-28T16:04:05.161573+00:00,"[""side, beside"", ""horizontal, width""]",,,,,false,de,1290,die,Seiten,a1
2745,Aussicht,2026-08-28T16:04:05.161573+00:00,14,,noun,2026-08-28T16:04:05.161573+00:00,"[""scenery, landscape, view""]",,,,,false,de,1349,die,Aussichten,b1
2746,neu,2026-08-28T16:04:05.161573+00:00,,,adjective,2026-08-28T16:04:05.161573+00:00,"[""new, fresh, recent"", ""novel, modern""]",,,,,false,de,1241,,,a1
2747,tätig sein,2026-08-28T16:04:05.161573+00:00,25,,verb,2026-08-28T16:04:05.161573+00:00,"[""to work, labor""]",,,,,false,de,1204,,,b2
2748,benutzen,2026-08-28T16:04:05.161573+00:00,33,,verb,2026-08-28T16:04:05.161573+00:00,"[""to use, to make use of"", ""to employ""]",,,,,false,de,1214,,,a1
2749,Größenordnung,2026-08-28T16:04:05.161573+00:00,21,,noun,2026-08-28T16:04:05.161573+00:00,"[""scale, scope, size"", ""magnitude, extent""]",,,,,false,de,1311,die,Größenordnungen,b2
2750,Telefon,2026-08-28T16:04:05.161573+00:00,32,,noun,2026-08-28T16:04:05.161573+00:00,"[""telephone, phone, phone call""]",,,,,false,de,1205,das,Telefone,a1
2751,Einkauf,2026-08-28T16:04:05.161573+00:00,33,,noun,2026-08-28T16:04:05.161573+00:00,"[""shopping, purchasing""]",,,,,false,de,1227,der,Einkäufe,a1
2752,Pension,2026-08-28T16:04:05.161573+00:00,12,,noun,2026-08-28T16:04:05.161573+00:00,"[""guesthouse"", ""B&B""]",,,,,false,de,1268,die,Pensionen,b1
2753,regnen,2026-08-28T16:04:05.161573+00:00,14,,verb,2026-08-28T16:04:05.161573+00:00,"[""to fall (rain, snow, hail)"", ""to precipitate""]",,,,,false,de,1336,,,a1
2754,sich verändern,2026-08-28T16:04:05.161573+00:00,,,verb,2026-08-28T16:04:05.161573+00:00,"[""to change, alter, transform""]",,,,,false,de,1286,,,b1
2755,verletzen,2026-08-28T16:04:05.161573+00:00,15,,verb,2026-08-28T16:04:05.161573+00:00,"[""to wound, to injure"", ""to hurt (feelings), to damage""]",,,,,false,de,1255,,,b1
2756,unkompliziert,2026-08-28T16:04:05.161573+00:00,33,,adjective,2026-08-28T16:04:05.161573+00:00,"[""simple, easy"", ""brief, uncomplicated""]",,,,,false,de,1261,,,b1
2757,Bedienungsanleitung,2026-08-28T16:04:05.161573+00:00,4,,noun,2026-08-28T16:04:05.161573+00:00,"[""instruction manual""]",,,,,false,de,1260,die,Bedienungsanleitungen,b1
2758,Familie,2026-08-28T16:04:05.161573+00:00,10,,noun,2026-08-28T16:04:05.161573+00:00,"[""family""]",,,,,false,de,1256,die,Familien,a1
2759,Strecke,2026-08-28T16:04:05.161573+00:00,2,,noun,2026-08-28T16:04:05.161573+00:00,"[""route, line (bus/train), course""]",,,,,false,de,1297,die,Strecken,b1
2760,Tafel,2026-08-28T16:04:05.161573+00:00,8,,noun,2026-08-28T16:04:05.161573+00:00,"[""blackboard, chalkboard""]",,,,,false,de,1307,die,Tafeln,a2
2761,Schüler,2026-08-28T16:04:05.161573+00:00,8,,noun,2026-08-28T16:04:05.161573+00:00,"[""student (secondary school), pupil""]",,,,,false,de,1277,der,Schüler,a1
2762,Auto,2026-08-28T16:04:05.161573+00:00,,,noun,2026-08-28T16:04:05.161573+00:00,"[""automobile""]",,,,,false,de,1272,das,Autos,a1
2763,Umstieg,2026-08-28T16:04:05.161573+00:00,2,,noun,2026-08-28T16:04:05.161573+00:00,"[""transfer (train)""]",,,,,false,de,1259,der,Umstiege,b1
2764,heiter,2026-08-28T16:04:05.161573+00:00,14,,adjective,2026-08-28T16:04:05.161573+00:00,"[""cheerful, lively; fine weather, warm weather""]",,,,,false,de,1266,,,b2
2765,Schachtel,2026-08-28T16:04:05.161573+00:00,,,noun,2026-08-28T16:04:05.161573+00:00,"[""box, case, container""]",,,,,false,de,1218,die,Schachteln,a2
2766,Geschenk,2026-08-28T16:04:05.161573+00:00,36,,noun,2026-08-28T16:04:05.161573+00:00,"[""gift""]",,,,,false,de,1305,das,Geschenke,a2
2767,Wohnzimmer,2026-08-28T16:04:05.161573+00:00,10,,noun,2026-08-28T16:04:05.161573+00:00,"[""living room"", ""sitting room""]",,,,,false,de,1300,das,Wohnzimmer,a1
2768,Gefühl,2026-08-28T16:04:05.161573+00:00,15,,noun,2026-08-28T16:04:05.161573+00:00,"[""feeling, mood, sensation"", ""sensation, sensation of...""]",,,,,false,de,1206,das,Gefühle,a2
2769,Zimmer,2026-08-28T16:04:05.161573+00:00,10,,noun,2026-08-28T16:04:05.161573+00:00,"[""room"", ""bedroom, living space""]",,,,,false,de,1318,das,Zimmer,a1
2770,Mensch,2026-08-28T16:04:05.161573+00:00,,,noun,2026-08-28T16:04:05.161573+00:00,"[""human being, person, mankind"", ""character, personality""]",,,,,false,de,1334,der,Menschen,a2
2771,Luftdruck,2026-08-28T16:04:05.161573+00:00,14,,noun,2026-08-28T16:04:05.161573+00:00,"[""atmospheric pressure"", ""air pressure""]",,,,,false,de,1329,der,,b2
2772,Personenzug,2026-08-28T16:04:05.161573+00:00,2,,noun,2026-08-28T16:04:05.161573+00:00,"[""train (formal/general term)"", ""railway train""]",,,,,false,de,1316,der,Personenzüge,b2
2773,Anfangskosten,2026-08-28T16:04:05.161573+00:00,30,,noun,2026-08-28T16:04:05.161573+00:00,"[""initial costs""]",,,,,false,de,1315,die,,b2
2774,Komposition,2026-08-28T16:04:05.161573+00:00,27,,noun,2026-08-28T16:04:05.161573+00:00,"[""musical composition, composing music""]",,,,,false,de,1245,die,Kompositionen,b2
2775,Freundlichkeit,2026-08-28T16:04:05.161573+00:00,15,,noun,2026-08-28T16:04:05.161573+00:00,"[""kindness, kind-heartedness, being kind""]",,,,,false,de,1249,die,,b1
2776,Friseursalon,2026-08-28T16:04:05.161573+00:00,6,,noun,2026-08-28T16:04:05.161573+00:00,"[""beauty salon, hairdresser's"", ""hair salon""]",,,,,false,de,1239,der,Friseursalons,a2
2777,Vormundschaft,2026-08-28T16:04:05.161573+00:00,,,noun,2026-08-28T16:04:05.161573+00:00,"[""guardianship, guardian, backing, support""]",,,,,false,de,1212,die,Vormundschaften,c1
2778,Zwiebel,2026-08-28T16:04:05.161573+00:00,5,,noun,2026-08-28T16:04:05.161573+00:00,"[""onion""]",,,,,false,de,1326,die,Zwiebeln,a2
2779,Dach,2026-08-28T16:04:05.161573+00:00,10,,noun,2026-08-28T16:04:05.161573+00:00,"[""roof"", ""rooftop""]",,,,,false,de,1228,das,Dächer,a2
2780,Befreiung,2026-08-28T16:04:05.161573+00:00,,,noun,2026-08-28T16:04:05.161573+00:00,"[""release, liberation"", ""freedom, emancipation""]",,,,,false,de,1294,die,Befreiungen,b2
2781,Geld,2026-08-28T16:04:05.161573+00:00,23,,noun,2026-08-28T16:04:05.161573+00:00,"[""money""]",,,,,false,de,1208,das,,a1
2782,Gebäude,2026-08-28T16:04:05.161573+00:00,30,,noun,2026-08-28T16:04:05.161573+00:00,"[""building, structure""]",,,,,false,de,1302,das,Gebäude,a2
2783,kürzer,2026-08-28T16:04:05.161573+00:00,6,,adjective,2026-08-28T16:04:05.161573+00:00,"[""shorter (than usual)""]",,,,,false,de,1331,,,b1
2784,wählen,2026-08-28T23:48:27.190564+00:00,,,verb,2026-08-28T23:48:27.190564+00:00,"[""to choose, select, pick""]",,,,,false,de,1351,,,a2
2785,Obst,2026-08-28T23:48:27.190564+00:00,5,,noun,2026-08-28T23:48:27.190564+00:00,"[""fruit""]",,,,,false,de,1420,das,,a1
2786,Weg,2026-08-28T23:48:27.190564+00:00,,,noun,2026-08-28T23:48:27.190564+00:00,"[""road, way, path, street""]",,,,,false,de,1468,der,Wege,a1
2787,Buchhandlung,2026-08-28T23:48:27.190564+00:00,,,noun,2026-08-28T23:48:27.190564+00:00,"[""bookstore, bookshop"", ""bookseller""]",,,,,false,de,1439,die,Buchhandlungen,a2
2788,höchst,2026-08-28T23:48:27.190564+00:00,28,,adjective,2026-08-28T23:48:27.190564+00:00,"[""best, highest, maximum, greatest""]",,,,,false,de,1369,,,b1
2789,Wiedergabe,2026-08-28T23:48:27.190564+00:00,29,,noun,2026-08-28T23:48:27.190564+00:00,"[""playback"", ""regeneration""]",,,,,false,de,1419,die,Wiedergaben,b2
2790,Osten,2026-08-28T23:48:27.190564+00:00,22,,noun,2026-08-28T23:48:27.190564+00:00,"[""east, eastern direction""]",,,,,false,de,1476,der,,a2
2791,Februar,2026-08-28T23:48:27.190564+00:00,13,,noun,2026-08-28T23:48:27.190564+00:00,"[""February""]",,,,,false,de,1462,der,,a1
2792,Anzahl,2026-08-28T23:48:27.190564+00:00,19,,noun,2026-08-28T23:48:27.190564+00:00,"[""number of cases, count"", ""number of items/matters""]",,,,,false,de,1478,die,,b1
2793,Blickwinkel,2026-08-28T23:48:27.190564+00:00,30,,noun,2026-08-28T23:48:27.190564+00:00,"[""viewpoint"", ""perspective""]",,,,,false,de,1383,der,Blickwinkel,b2
2794,Kindergeschichte,2026-08-28T23:48:27.190564+00:00,,,noun,2026-08-28T23:48:27.190564+00:00,"[""fairy tale, children's story""]",,,,,false,de,1403,die,Kindergeschichten,b1
2795,Einfallsreichtum,2026-08-28T23:48:27.190564+00:00,26,,noun,2026-08-28T23:48:27.190564+00:00,"[""device, scheme, ingenuity"", ""creative idea, effort""]",,,,,false,de,1396,der,,c1
2796,verschiedene Länder,2026-08-28T23:48:27.190564+00:00,,,phrase,2026-08-28T23:48:27.190564+00:00,"[""various countries, many nations"", ""different countries""]",,,,,false,de,1487,,,b1
2797,Ei,2026-08-28T23:48:27.190564+00:00,7,,noun,2026-08-28T23:48:27.190564+00:00,"[""egg""]",,,,,false,de,1399,das,Eier,a1
2798,Fremdkultur,2026-08-28T23:48:27.190564+00:00,12,,noun,2026-08-28T23:48:27.190564+00:00,"[""different culture, foreign culture""]",,,,,false,de,1388,die,Fremdkulturen,c1
2799,linke Hand,2026-08-28T23:48:27.190564+00:00,17,,noun,2026-08-28T23:48:27.190564+00:00,"[""left hand""]",,,,,false,de,1408,die,,a1
2800,Grundprinzip,2026-08-28T23:48:27.190564+00:00,,,noun,2026-08-28T23:48:27.190564+00:00,"[""basics, fundamentals"", ""foundation, principle""]",,,,,false,de,1425,das,Grundprinzipien,b2
2801,üblich,2026-08-28T23:48:27.190564+00:00,12,,adjective,2026-08-28T23:48:27.190564+00:00,"[""usual"", ""normal""]",,,,,false,de,1473,,,b1
2802,Lufttemperatur,2026-08-28T23:48:27.190564+00:00,14,,noun,2026-08-28T23:48:27.190564+00:00,"[""air temperature"", ""atmospheric temperature""]",,,,,false,de,1377,die,,b2
2803,Studium,2026-08-28T23:48:27.190564+00:00,8,,noun,2026-08-28T23:48:27.190564+00:00,"[""study, studying"", ""learning""]",,,,,false,de,1400,das,Studien,b1
2804,Fahrplan,2026-08-28T23:48:27.190564+00:00,12,,noun,2026-08-28T23:48:27.190564+00:00,"[""timetable""]",,,,,false,de,1375,der,Fahrpläne,b1
2805,Eingang,2026-08-28T23:48:27.190564+00:00,2,,noun,2026-08-28T23:48:27.190564+00:00,"[""entrance""]",,,,,false,de,1469,der,Eingänge,a1
2806,Auskunft,2026-08-28T23:48:27.190564+00:00,12,,noun,2026-08-28T23:48:27.190564+00:00,"[""guidance, information, guide, tour""]",,,,,false,de,1437,die,Auskünfte,b1
2807,Monatszeitschrift,2026-08-28T23:48:27.190564+00:00,13,,noun,2026-08-28T23:48:27.190564+00:00,"[""monthly publication"", ""monthly""]",,,,,false,de,1389,die,Monatszeitschriften,b2
2808,Hochebene,2026-08-28T23:48:27.190564+00:00,14,,noun,2026-08-28T23:48:27.190564+00:00,"[""plateau, highlands, tableland""]",,,,,false,de,1364,die,Hochebenen,c1
2809,Meinung,2026-08-28T23:48:27.190564+00:00,24,,noun,2026-08-28T23:48:27.190564+00:00,"[""opinion, view""]",,,,,false,de,1479,die,Meinungen,a2
2810,richtig,2026-08-28T23:48:27.190564+00:00,,,adjective,2026-08-28T23:48:27.190564+00:00,"[""correct, right, proper"", ""just, righteous, lawful""]",,,,,false,de,1416,,,a1
2811,Baujahr,2026-08-28T23:48:27.190564+00:00,30,,noun,2026-08-28T23:48:27.190564+00:00,"[""building age""]",,,,,false,de,1373,das,Baujahre,b2
2812,Mangel,2026-08-28T23:48:27.190564+00:00,,,noun,2026-08-28T23:48:27.190564+00:00,"[""defect, flaw, shortcoming, weakness""]",,,,,false,de,1451,der,Mängel,b2
2813,direkt,2026-08-28T23:48:27.190564+00:00,,,adjective,2026-08-28T23:48:27.190564+00:00,"[""direct, directly, in person""]",,,,,false,de,1394,,,a2
2814,schwimmen,2026-08-28T23:48:27.190564+00:00,20,,verb,2026-08-28T23:48:27.190564+00:00,"[""to swim"", ""to swim through, to navigate""]",,,,,false,de,1374,,,a1
2815,Ampel,2026-08-28T23:48:27.190564+00:00,,,noun,2026-08-28T23:48:27.190564+00:00,"[""traffic signal, signal, sign""]",,,,,false,de,1458,die,Ampeln,a2
2816,zählen,2026-08-28T23:48:27.190564+00:00,19,,verb,2026-08-28T23:48:27.190564+00:00,"[""to count, to enumerate""]",,,,,false,de,1428,,,a2
2817,Danksagung,2026-08-28T23:48:27.190564+00:00,15,,noun,2026-08-28T23:48:27.190564+00:00,"[""thanks, gratitude, expression of thanks""]",,,,,false,de,1386,die,Danksagungen,b2
2818,Gebühr,2026-08-28T23:48:27.190564+00:00,23,,noun,2026-08-28T23:48:27.190564+00:00,"[""fee, charge, fare""]",,,,,false,de,1407,die,Gebühren,b1
2819,Zahlung,2026-08-28T23:48:27.190564+00:00,33,,noun,2026-08-28T23:48:27.190564+00:00,"[""payment"", ""settlement""]",,,,,false,de,1463,die,Zahlungen,b1
2820,Strand,2026-08-28T23:48:27.190564+00:00,14,,noun,2026-08-28T23:48:27.190564+00:00,"[""seashore, coast, beach""]",,,,,false,de,1414,der,Strände,a2
2821,beleuchten,2026-08-28T23:48:27.190564+00:00,,,verb,2026-08-28T23:48:27.190564+00:00,"[""to illuminate, light up, shine on""]",,,,,false,de,1429,,,b2
2822,Reaktion,2026-08-28T23:48:27.190564+00:00,,,noun,2026-08-28T23:48:27.190564+00:00,"[""reaction, response"", ""chemical reaction""]",,,,,false,de,1358,die,Reaktionen,b1
2823,Briefpost,2026-08-28T23:48:27.190564+00:00,11,,noun,2026-08-28T23:48:27.190564+00:00,"[""mail, post"", ""postal service""]",,,,,false,de,1453,die,,b2
2824,Unterrichtsvorbereitung,2026-08-28T23:48:27.190564+00:00,8,,noun,2026-08-28T23:48:27.190564+00:00,"[""preparation for class, advance study"", ""previewing lessons""]",,,,,false,de,1372,die,,c1
2825,Teich,2026-08-28T23:48:27.190564+00:00,14,,noun,2026-08-28T23:48:27.190564+00:00,"[""pond""]",,,,,false,de,1359,der,Teiche,b1
2826,Welt,2026-08-28T23:48:27.190564+00:00,,,noun,2026-08-28T23:48:27.190564+00:00,"[""world, the globe"", ""universe, realm""]",,,,,false,de,1450,die,Welten,a1
2827,Flüssigkeit,2026-08-28T23:48:27.190564+00:00,,,noun,2026-08-28T23:48:27.190564+00:00,"[""liquid, fluid"", ""liquid state""]",,,,,false,de,1449,die,Flüssigkeiten,b1
2828,sich anmelden,2026-08-28T23:48:27.190564+00:00,,,verb,2026-08-28T23:48:27.190564+00:00,"[""to apply, to register, to sign up""]",,,,,false,de,1412,,,a2
2829,verstreuen,2026-08-28T23:48:27.190564+00:00,14,,verb,2026-08-28T23:48:27.190564+00:00,"[""to scatter, fall (petals), disperse""]",,,,,false,de,1417,,,b2
2830,leuchten,2026-08-28T23:48:27.190564+00:00,14,,verb,2026-08-28T23:48:27.190564+00:00,"[""to shine, to glitter, to sparkle"", ""to be brilliant, to stand out""]",,,,,false,de,1435,,,b1
2831,schreiben,2026-08-28T23:48:27.190564+00:00,24,,verb,2026-08-28T23:48:27.190564+00:00,"[""to write, to compose, to draw""]",,,,,false,de,1357,,,a1
2832,Hose,2026-08-28T23:48:27.190564+00:00,3,,noun,2026-08-28T23:48:27.190564+00:00,"[""pants"", ""trousers""]",,,,,false,de,1486,die,Hosen,a1
2833,wetteifern,2026-08-28T23:48:27.190564+00:00,27,,verb,2026-08-28T23:48:27.190564+00:00,"[""to compete, rival""]",,,,,false,de,1387,,,c1
2834,Nachricht,2026-08-28T23:48:27.190564+00:00,29,,noun,2026-08-28T23:48:27.190564+00:00,"[""news""]",,,,,false,de,1484,die,Nachrichten,a2
2835,verbringen,2026-08-28T23:48:27.190564+00:00,13,,verb,2026-08-28T23:48:27.190564+00:00,"[""to spend (time), to pass"", ""to live through, to get by""]",,,,,false,de,1460,,,b1
2836,derzeit,2026-08-28T23:48:27.190564+00:00,13,,adverb,2026-08-28T23:48:27.190564+00:00,"[""now, present, currently"", ""the present time""]",,,,,false,de,1378,,,b1
2837,Kaution,2026-08-28T23:48:27.190564+00:00,30,,noun,2026-08-28T23:48:27.190564+00:00,"[""security deposit""]",,,,,false,de,1370,die,Kautionen,b2
2838,Sonntag,2026-08-28T23:48:27.190564+00:00,13,,noun,2026-08-28T23:48:27.190564+00:00,"[""Sunday""]",,,,,false,de,1475,der,Sonntage,a1
2839,Freiheit,2026-08-28T23:48:27.190564+00:00,,,noun,2026-08-28T23:48:27.190564+00:00,"[""freedom, liberty"", ""free, unrestricted""]",,,,,false,de,1457,die,Freiheiten,b1
2840,wenig,2026-08-28T23:48:27.190564+00:00,19,,adjective,2026-08-28T23:48:27.190564+00:00,"[""few, scarce, little"", ""not many, insufficient""]",,,,,false,de,1477,,,a1
2841,einheimisch,2026-08-28T23:48:27.190564+00:00,5,,adjective,2026-08-28T23:48:27.190564+00:00,"[""domestically produced""]",,,,,false,de,1452,,,b2
2842,Erklärung,2026-08-28T23:48:27.190564+00:00,24,,noun,2026-08-28T23:48:27.190564+00:00,"[""explanation, description, account""]",,,,,false,de,1381,die,Erklärungen,a2
2843,Gegenstand,2026-08-28T23:48:27.190564+00:00,33,,noun,2026-08-28T23:48:27.190564+00:00,"[""object, target, subject (of something)"", ""the thing something is directed at""]",,,,,false,de,1447,der,Gegenstände,b2
2844,Entfaltung,2026-08-28T23:48:27.190564+00:00,,,noun,2026-08-28T23:48:27.190564+00:00,"[""display, demonstration"", ""putting to use (ability, talent)""]",,,,,false,de,1448,die,,c1
2845,hinfallen,2026-08-28T23:48:27.190564+00:00,20,,verb,2026-08-28T23:48:27.190564+00:00,"[""to fall down, to tumble, to trip""]",,,,,false,de,1355,,,b1
2846,Speise,2026-08-28T23:48:27.190564+00:00,7,,noun,2026-08-28T23:48:27.190564+00:00,"[""food, thing to eat""]",,,,,false,de,1361,die,Speisen,b1
2847,Partnerbetrieb,2026-08-28T23:48:27.190564+00:00,33,,noun,2026-08-28T23:48:27.190564+00:00,"[""affiliated store"", ""member store""]",,,,,false,de,1430,der,Partnerbetriebe,c1
2848,Arbeit,2026-08-28T23:48:27.190564+00:00,25,,noun,2026-08-28T23:48:27.190564+00:00,"[""work, job"", ""business, task""]",,,,,false,de,1402,die,Arbeiten,a1
2849,Sparbuch,2026-08-28T23:48:27.190564+00:00,11,,noun,2026-08-28T23:48:27.190564+00:00,"[""bankbook, passbook""]",,,,,false,de,1432,das,Sparbücher,b2
2850,Block,2026-08-28T23:48:27.190564+00:00,29,,noun,2026-08-28T23:48:27.190564+00:00,"[""block""]",,,,,false,de,1443,der,Blöcke,b1
2851,hinstellen,2026-08-28T23:48:27.190564+00:00,,,verb,2026-08-28T23:48:27.190564+00:00,"[""to put, place, leave""]",,,,,false,de,1415,,,a2
2852,Mietwohnung,2026-08-28T23:48:27.190564+00:00,30,,noun,2026-08-28T23:48:27.190564+00:00,"[""apartment""]",,,,,false,de,1368,die,Mietwohnungen,b1
2853,Farbe,2026-08-28T23:48:27.190564+00:00,16,,noun,2026-08-28T23:48:27.190564+00:00,"[""color, hue""]",,,,,false,de,1418,die,Farben,a1
2854,Auswendiglernen,2026-08-28T23:48:27.190564+00:00,8,,noun,2026-08-28T23:48:27.190564+00:00,"[""memorization, learning by heart""]",,,,,false,de,1426,das,,b2
2855,Wert,2026-08-28T23:48:27.190564+00:00,23,,noun,2026-08-28T23:48:27.190564+00:00,"[""value, worth"", ""importance""]",,,,,false,de,1422,der,Werte,b1
2856,Charakter,2026-08-28T23:48:27.190564+00:00,,,noun,2026-08-28T23:48:27.190564+00:00,"[""personality, character"", ""nature, disposition""]",,,,,false,de,1480,der,Charaktere,b1
2857,Mühe,2026-08-28T23:48:27.190564+00:00,,,noun,2026-08-28T23:48:27.190564+00:00,"[""hardship, toil, trouble, suffering""]",,,,,false,de,1470,die,Mühen,b1
2858,kalt,2026-08-28T23:48:27.190564+00:00,14,,adjective,2026-08-28T23:48:27.190564+00:00,"[""cold (weather, air temperature)"", ""chilly""]",,,,,false,de,1433,,,a1
2859,einlesen,2026-08-28T23:48:27.190564+00:00,33,,verb,2026-08-28T23:48:27.190564+00:00,"[""to scan"", ""to read (data)""]",,,,,false,de,1376,,,b2
2860,sich freuen,2026-08-28T23:48:27.190564+00:00,15,,verb,2026-08-28T23:48:27.190564+00:00,"[""to be glad, rejoice, be delighted""]",,,,,false,de,1438,,,a2
2861,Rechnen,2026-08-28T23:48:27.190564+00:00,8,,noun,2026-08-28T23:48:27.190564+00:00,"[""arithmetic, elementary school math""]",,,,,false,de,1367,das,,a2
2862,andauern,2026-08-28T23:48:27.190564+00:00,,,verb,2026-08-28T23:48:27.190564+00:00,"[""to continue, last, go on""]",,,,,false,de,1385,,,b1
2863,Ehe,2026-08-28T23:48:27.190564+00:00,10,,noun,2026-08-28T23:48:27.190564+00:00,"[""marriage, wedding""]",,,,,false,de,1446,die,Ehen,b1
2864,Erwägung,2026-08-28T23:48:27.190564+00:00,26,,noun,2026-08-28T23:48:27.190564+00:00,"[""consideration, examination"", ""study, review, investigation""]",,,,,false,de,1483,die,Erwägungen,c1
2865,Tierlaut,2026-08-28T23:48:27.190564+00:00,18,,noun,2026-08-28T23:48:27.190564+00:00,"[""animal cry, call, chirp, bark""]",,,,,false,de,1413,der,Tierlaute,c1
2866,trocknen,2026-08-28T23:48:27.190564+00:00,10,,verb,2026-08-28T23:48:27.190564+00:00,"[""to dry, to air out"", ""to hang up (laundry)""]",,,,,false,de,1423,,,b1
2867,Beispiel,2026-08-28T23:48:27.190564+00:00,,,noun,2026-08-28T23:48:27.190564+00:00,"[""example, instance, precedent""]",,,,,false,de,1362,das,Beispiele,a1
2868,Abendessen,2026-08-28T23:48:27.190564+00:00,7,,noun,2026-08-28T23:48:27.190564+00:00,"[""dinner, evening meal, supper""]",,,,,false,de,1406,das,Abendessen,a1
2869,aufheben,2026-08-28T23:48:27.190564+00:00,20,,verb,2026-08-28T23:48:27.190564+00:00,"[""to pick up, to find (and take), to collect""]",,,,,false,de,1353,,,b1
2870,Wirklichkeit,2026-08-28T23:48:27.190564+00:00,,,noun,2026-08-28T23:48:27.190564+00:00,"[""reality, actuality"", ""the real world, actual situation""]",,,,,false,de,1392,die,,b1
2871,wohnen,2026-08-28T23:48:27.190564+00:00,30,,verb,2026-08-28T23:48:27.190564+00:00,"[""to live, to reside"", ""to dwell, to inhabit""]",,,,,false,de,1440,,,a1
2872,Bestellung,2026-08-28T23:48:27.190564+00:00,7,,noun,2026-08-28T23:48:27.190564+00:00,"[""order""]",,,,,false,de,1441,die,Bestellungen,a2
2873,Geschwindigkeit,2026-08-28T23:48:27.190564+00:00,20,,noun,2026-08-28T23:48:27.190564+00:00,"[""speed, velocity, rate""]",,,,,false,de,1472,die,Geschwindigkeiten,b1
2874,zum Mitnehmen,2026-08-28T23:48:27.190564+00:00,7,,phrase,2026-08-28T23:48:27.190564+00:00,"[""takeout""]",,,,,false,de,1459,,,b1
2875,Versandkosten,2026-08-28T23:48:27.190564+00:00,3,,noun,2026-08-28T23:48:27.190564+00:00,"[""shipping fee""]",,,,,false,de,1467,die,,b1
2876,Wissenschaft,2026-08-28T23:48:27.190564+00:00,,,noun,2026-08-28T23:48:27.190564+00:00,"[""science"", ""natural science""]",,,,,false,de,1354,die,Wissenschaften,b1
2877,Identitätsprüfung,2026-08-28T23:48:27.190564+00:00,33,,noun,2026-08-28T23:48:27.190564+00:00,"[""identity verification""]",,,,,false,de,1380,die,Identitätsprüfungen,c1
2878,Regel,2026-08-28T23:48:27.190564+00:00,,,noun,2026-08-28T23:48:27.190564+00:00,"[""rule, regulation"", ""norm, procedure""]",,,,,false,de,1445,die,Regeln,a2
2879,Shampoo,2026-08-28T23:48:27.190564+00:00,5,,noun,2026-08-28T23:48:27.190564+00:00,"[""shampoo""]",,,,,false,de,1442,das,Shampoos,a2
2880,Blut,2026-08-28T23:48:27.190564+00:00,17,,noun,2026-08-28T23:48:27.190564+00:00,"[""blood"", ""bloodstream""]",,,,,false,de,1398,das,,a2
2881,Markt,2026-08-28T23:48:27.190564+00:00,,,noun,2026-08-28T23:48:27.190564+00:00,"[""market, marketplace (いちば)"", ""market (economic) (しじょう)""]",,,,,false,de,1397,der,Märkte,a2
2882,aufschlagen,2026-08-28T23:48:27.190564+00:00,,,verb,2026-08-28T23:48:27.190564+00:00,"[""to open (a door, book, etc.)"", ""to begin, to hold (a meeting)""]",,,,,false,de,1409,,,b1
2883,Erlaubnis,2026-08-28T23:48:27.190564+00:00,11,,noun,2026-08-28T23:48:27.190564+00:00,"[""permission, approval"", ""authorization, license""]",,,,,false,de,1474,die,,b1
2884,Kohlensäure,2026-08-28T23:48:27.190564+00:00,31,,noun,2026-08-28T23:48:27.190564+00:00,"[""carbonic acid, carbonation, fizzy/sparkling (water/drink)""]",,,,,false,de,1391,die,,b2
2885,Bibliothek,2026-08-28T23:48:27.190564+00:00,8,,noun,2026-08-28T23:48:27.190564+00:00,"[""library""]",,,,,false,de,1356,die,Bibliotheken,a2
2886,Tor,2026-08-28T23:48:27.190564+00:00,,,noun,2026-08-28T23:48:27.190564+00:00,"[""gate, entrance, school gate""]",,,,,false,de,1352,das,Tore,a2
2887,Aufstehen,2026-08-28T23:48:27.190564+00:00,10,,noun,2026-08-28T23:48:27.190564+00:00,"[""getting up, rising (from bed)""]",,,,,false,de,1363,das,,b1
2888,Teppich,2026-08-28T23:48:27.190564+00:00,35,,noun,2026-08-28T23:48:27.190564+00:00,"[""carpet""]",,,,,false,de,1365,der,Teppiche,a2
2889,erhoffen,2026-08-28T23:48:27.190564+00:00,15,,verb,2026-08-28T23:48:27.190564+00:00,"[""to hope, desire, wish for""]",,,,,false,de,1404,,,b2
2890,verlangen,2026-08-28T23:48:27.190564+00:00,,,verb,2026-08-28T23:48:27.190564+00:00,"[""to seek, request, demand, desire""]",,,,,false,de,1410,,,b1
2891,zusammen,2026-08-28T23:48:27.190564+00:00,28,,adverb,2026-08-28T23:48:27.190564+00:00,"[""together, at the same time"", ""same, identical""]",,,,,false,de,1485,,,a1
2892,Küche,2026-08-28T23:48:27.190564+00:00,10,,noun,2026-08-28T23:48:27.190564+00:00,"[""kitchen""]",,,,,false,de,1393,die,Küchen,a1
2893,Apotheke,2026-08-28T23:48:27.190564+00:00,12,,noun,2026-08-28T23:48:27.190564+00:00,"[""pharmacy, drugstore""]",,,,,false,de,1401,die,Apotheken,a2
2894,Untergeschoss,2026-08-28T23:48:27.190564+00:00,22,,noun,2026-08-28T23:48:27.190564+00:00,"[""underground, below ground"", ""basement, subway""]",,,,,false,de,1464,das,Untergeschosse,b1
2895,Sommerferien,2026-08-28T23:48:27.190564+00:00,8,,noun,2026-08-28T23:48:27.190564+00:00,"[""summer vacation, summer holidays""]",,,,,false,de,1371,die,,a2
2896,Pflanze,2026-08-28T23:48:27.190564+00:00,14,,noun,2026-08-28T23:48:27.190564+00:00,"[""plant, vegetation, flora""]",,,,,false,de,1444,die,Pflanzen,a2
2897,Haushalt,2026-08-28T23:48:27.190564+00:00,10,,noun,2026-08-28T23:48:27.190564+00:00,"[""home, household, family (domestic setting)""]",,,,,false,de,1431,der,Haushalte,b1
2898,Registrierung,2026-08-28T23:48:27.190564+00:00,29,,noun,2026-08-28T23:48:27.190564+00:00,"[""registration"", ""subscription""]",,,,,false,de,1384,die,Registrierungen,b1
2899,Fortbewegung,2026-08-28T23:48:27.190564+00:00,20,,noun,2026-08-28T23:48:27.190564+00:00,"[""movement, travel"", ""transfer, relocation""]",,,,,false,de,1436,die,,b2
2900,Pasta,2026-08-28T23:48:27.190564+00:00,7,,noun,2026-08-28T23:48:27.190564+00:00,"[""pasta""]",,,,,false,de,1360,die,,a2
2901,doppelt,2026-08-28T23:48:27.190564+00:00,19,,adjective,2026-08-28T23:48:27.190564+00:00,"[""double, twice as much"", ""times (multiplier)""]",,,,,false,de,1455,,,a2
2902,Galaxie,2026-08-28T23:48:27.190564+00:00,,,noun,2026-08-28T23:48:27.190564+00:00,"[""galaxy"", ""Milky Way""]",,,,,false,de,1395,die,Galaxien,b2
2903,Englisch,2026-08-28T23:48:27.190564+00:00,24,,noun,2026-08-28T23:48:27.190564+00:00,"[""English language""]",,,,,false,de,1466,das,,a1
2904,Verletzung,2026-08-28T23:48:27.190564+00:00,17,,noun,2026-08-28T23:48:27.190564+00:00,"[""wound, injury"", ""scratch, scar, flaw""]",,,,,false,de,1411,die,Verletzungen,b1
2905,Eigentumswohnung,2026-08-28T23:48:27.190564+00:00,30,,noun,2026-08-28T23:48:27.190564+00:00,"[""condominium"", ""apartment building""]",,,,,false,de,1456,die,Eigentumswohnungen,b2
2906,übrig bleiben,2026-08-28T23:48:27.190564+00:00,,,verb,2026-08-28T23:48:27.190564+00:00,"[""to remain, be left over""]",,,,,false,de,1421,,,b1
2907,retten,2026-08-28T23:48:27.190564+00:00,,,verb,2026-08-28T23:48:27.190564+00:00,"[""to save, rescue, relieve""]",,,,,false,de,1482,,,b1
2908,Geschwister,2026-08-28T23:48:27.190564+00:00,10,,noun,2026-08-28T23:48:27.190564+00:00,"[""siblings, brothers"", ""brothers and sisters""]",,,,,false,de,1424,die,,a2
2909,Dienstag,2026-08-28T23:48:27.190564+00:00,13,,noun,2026-08-28T23:48:27.190564+00:00,"[""Tuesday""]",,,,,false,de,1454,der,Dienstage,a1
2910,zeitlich begrenzt,2026-08-28T23:48:27.190564+00:00,33,,phrase,2026-08-28T23:48:27.190564+00:00,"[""limited-time""]",,,,,false,de,1434,,,b2
2911,Dorf,2026-08-28T23:48:27.190564+00:00,,,noun,2026-08-28T23:48:27.190564+00:00,"[""village, hometown, birthplace, country""]",,,,,false,de,1379,das,Dörfer,a2
