id,channel_id,title,url,category,created_at,updated_at,transcript,is_transcript_complete,language,category_id
1,3,Japanese Listening Practice | Changing Trains at Shinjuku Station,https://www.youtube.com/watch?v=hRXmaCx1jTA,listening-practice,2026-07-17T02:59:13.914993+00:00,2026-07-17T02:59:13.914993+00:00,"みなさん、こんにちは
ここは、甲府駅です
今日は電車に乗って、（東京の）参宮橋というところに行きます
参宮橋に行くには、新宿で小田急線に乗り換えます
まずは新宿に行きます
新宿行きは何番線ですか？
２番線です
Suica で入ります
２番線は、左ですね
新宿は、日本でいちばん大きい駅です
今日は、新宿での乗り換えの勉強もしましょう
私が乗るのは、10号車です
右のほうですね、まっすぐ進みます
EKI na CAFE がありました
カフェラテを買いに行きましょう
ここでカップを買うみたいですね
「今ごめんなさい、あのカフェラテがご用意、今できませんので…」 「カフェラテができない、あ、じゃあわかりました、すいません」
カフェラテを飲みたかったので、買うのはやめました
ちょっと残念でした
ここは９号車です
私は10号車なので、もう少し先です
この辺で待ちます
ホームの反対側には消防署があります
救急車と消防車が見えます
こちらの建物は税務署です
税金に関する手続きをする場所です
「お待たせをいたしました。 ２番線には特急あずさ26号、新宿行きが到着をいたします」
「３分少々遅れて到着となります。 お急ぎのところ列車遅れまして、申し訳ございませんでした」
３分遅れて、電車が到着しました
電車に乗ります
私の席は16番のDです
ここです
窓際の席です
コンセントがあります
電車が動き出しました
「本日もJR東日本をご利用くださいまして、ありがとうございます。 この列車は特急あずさ26号、新宿行きです」
富士山が見えます
富士山の上に雲があります
あの雲のおかげで、富士山がよく見えなくても
富士山がどこにあるかが、わかりました
車内販売のワゴンが来ました
お菓子や飲み物などが買えます
車内販売があるのは、特急や新幹線だけです
富士山はもう見えなくなりました
車内販売の人が、また通り過ぎていきました
新宿に着いたので、電車を降ります
まずは、表示を探します
私は小田急線に乗り換えます
どこに行けばいいか、一緒に考えてください
ここですね、B１に行きます
新宿駅は広いです
もし、このあと階段を上って上の階に行ってしまうと
小田急線に行くのが大変になります
なので、ホームから移動する前に
自分の行き先を確認したほうが、いいと思います
この階段を下ります
「小田急線」って書いてありますね
小田急線は、「小さい田んぼに急ぐ」と書きます
今だけでいいので、覚えてください
階段を下りました
ここからは右と左、どっちに行けばいいですか？
小田急線を探してください
これです
左の西改札に行きます
西改札はここです
ここから出ます
さあ、小田急線はどっちですか？
西口のほうです
左に行きます
さあ、ここはどっちに行きますか？
左です
さあ、小田急線の文字を探してください
ありました
まっすぐ行けばいいです
ここは、右にも左にも小田急線の文字があるので
どっちに行っても大丈夫です
小田急線の改札が見えてきました
ここは切符売り場です
私は Suica で入ります
階段の上は、快速急行と急行です
でも私が乗るのは、各駅停車というものです
各駅停車は、すべての駅にとまる電車です
８、９が各駅停車のホームですね
次の電車は、右側９番線に来るみたいですね
電車が来ました
降りる人を待って電車に乗ります
小学生が電車に乗っています
都会の子どもたちは、私立の小学校に行くことも多いです
その場合、学校が遠いので電車で学校に行きます
「まもなく参宮橋、参宮橋です」
参宮橋は、新宿から２つ目の駅です
あっという間に着きました
参宮橋駅は、木でできていて素敵でした
駅の名前も木に掘ってありました
この改札を出ます
駅はこんな感じです
「この先行き止まり」と書いてあります
行き止まりというのは、道がなくなるということです
ベビーカーを押している人を何人も見ました
参宮橋は、子育てがしやすいのかもしれません
ここはパン屋さんです
ここはドラッグストアです
からあげのお店もありました
そしてここはイタリア料理のお店です
参宮橋に来たのは、ここで夜、夫とご飯を食べるためでした
ここは花屋さん
こっちはセブンイレブン
光が眩しいですね
おもしろそうな細い道があるので、行ってみましょう
「立入禁止」って書いてありました
戻りましょう
おそば屋さんもあります
この電柱に「春の小川」と書いてあります
あそこにも書いてあります
春の小川というのは、とても有名な歌の名前で
子どものための歌です
今から100年ぐらい前に作られた歌です
本当は歌詞もあるんですが、音楽だけ流します
100年前には、この道は川でした
『春の小川』の歌の元になった、川が流れていたんです
電車が通り
その上を
飛行機が飛び
さらにもう１台、電車が通りました
なかなか賑やかな場所ですね
これは掲示板です
お知らせなどが貼ってあります
この道は、電車が通ったら怖そうですね
また飛行機が飛んでいきました
踏切で警報が鳴り始めました
さっき電車が通ったばっかりなのに、もう次の電車が来るんですね
ちなみに、踏切のこの音
言葉にすると、カンカンカンカンです
電車が通っていきました
踏切が開ましたが、渡らずにこっちへ行きます
ここにも「春の小川」と書いてあります
その下の矢印に「その通り」と書いてあります
さっきの道のことを言っているんだと思います
突き当たりは床屋さんです
さっきの道に戻ってきました
ここはカレー屋さんです
いい匂いがしました
夜行く予定のお店の前を曲がります
ここは居酒屋ですね
ここは焼き肉屋さん
不動産屋さんがありました
いくらぐらいでしょうか
ここは参宮橋から徒歩６分 49平米で16万2千円
その上の６万８千円の物件も、すごく安いんですが
後でよくよく見たら、1977年に建てられた建物でした
なのでこれは、古いから安いのかもしれないです
ただ全体的に、 そんなに、高くはない印象でした
ここはご飯も食べられるカフェですね
ここはパン屋さんとカフェです
お店はここまでで終わります
小さくコンパクトにまとまった町というイメージでした
新宿が近くて、住むのに便利な町だと思います
あそこが参宮橋駅です
駅を通り過ぎて、まっすぐ行きます
Amazon のロッカーがありました
隣のコインロッカーより大きいですね
この道の終わりに、参宮橋があります
つまり、この地名の由来は参宮橋という橋です
参宮橋は漢字で、「お宮に参る橋」と書きます
この下を小田急線が走っています
さっき私が乗ってきた電車です
参宮橋の名前の話に戻ります
「参る」は、神社などに行くことをいいます
「宮」というのは、神社などのことです
そして、ここでのお宮は明治神宮のことです
つまり参宮橋という名前は、明治神宮に行く橋という意味ですね
ところで、みなさん 「表参道」っていう地名を聞いたことがありますか？
「表」は正面という意味で
「参道」というのは、お寺や神社にお参りする、行くときの道です
実はその表参道の名前も
明治神宮へ行く正面の道、というところから来ています
さあ、今から動物が見えますよ
こんなところに馬がいるとは、びっくりしました
その隣には
ポニーがいました
乗れるのは子どもだけみたいです
ポニーのいる場所のもう少し先に、明治神宮の入り口がありました
明治神宮は、とても大きい神社です
初詣に来る人が、日本でいちばん多い神社です
この入り口はあまり使われていないので、人がいないですね
長くなるので、今日の動画はここまでです
明治神宮の中の様子は、次回の動画でお見せします
楽しみにしていてください
今日の新宿での乗り換え、どうでしたか？
ぜひコメントで感想を聞かせてください
みなさんのコメント、全部読んでいます
とても励みになっています
今日もコメントを１つ、みなさんにシェアしたいと思います
タチアナさんからです
Speak Japanese Naturally さんへ
このようなことをしてくれて、本当にありがとうございます！
これがいちばんわかりやすくて、いちばん詳しくて、いちばん楽しい学び方です
私には教科書よりも役に立っています
ちゃんと理解できているし、さらにわかるようになってきました （そんな日が来るなんて思ってもみませんでした :) ）
タチアナさん、ありがとうございます
私の動画が勉強のお役に立てていると聞いて、本当にうれしいです
自分を信じて、これからもがんばってくださいね
もっともっと、理解できることが増えていきますよ！
これからも、タチアナさんやほかのみなさんをサポートできるよう、いい動画を作りますね
私は、みなさんが上手に話せるようにお手伝いをしたいと思っています
そのために、発音、リズム、アクセント、イントネーションを改善するためのコースを作りました
もし日本人と話すときにもっと自信を持ちたいと感じているなら、 このコースをぜひチェックしてみてください
リンクは動画の概要欄にあります
最後まで見てくれて、ありがとうございます！
もしこの動画がよかったら、高評価、お友達にシェア、 そしてチャンネル登録をよろしくお願いします
よい１日をお過ごしください
またねー",true,ja,82
2,3,Japanese Listening Practice | Train & Bus Journey!,https://www.youtube.com/watch?v=D2JXtNRDYLs,listening-practice,2026-07-17T02:59:13.914993+00:00,2026-07-17T02:59:13.914993+00:00,"みなさん、こんにちは
ここは甲府駅です
今日はこれから金沢に行きます
電車を２回乗り換えます
つまり３つの電車に乗ります
そして最後にはバスにも乗ります
楽しみにしていてください
階段を人が上がってきています
私の乗る予定の電車がもう来ていました
急ぎます
無事、乗れてよかったです
甲府を出発しました
空が青くて気持ちのいい天気です
旅行にぴったりです
１つ目の乗り換えの駅、松本に着きました
こんな感じの電車に乗っていました
これは新宿から松本の間を走る「あずさ」という特急です
特急は「急行」や「快速」より速いです
また座席も、普通列車よりいいものになっています
なので特急料金がかかります
ホームにおもしろい電車がありました
ぬいぐるみが座っています
「リゾートビューふるさと」という電車です
普通の電車より窓が大きいです
座席の間隔も広くて、外が見える席もあります
観光用の電車だそうです
駅員さんが手を振っています
お昼を買いに行きます
私が買いたいのは駅弁です
駅弁というのは駅でしか売っていないお弁当です
そして、地域によって売っている駅弁がちがいます
いろいろあり過ぎて、悩んでしまいました
それで「当店おすすめ」の釜飯にしました
「当店」というのはここのお店ということです
「すいません、これって、ゴミはふつうに捨てちゃって大丈夫ですか？」 「大丈夫です。駅構内でしたら、大丈夫ですよ」 「わかりました。よかったです」
「袋、いかがいたしましょう？」 「袋、お願いします」 「はい」
「９８０円で、クレジットですね。かしこまりました
「じゃ、カードを差し込み口にお願いします 。はい、このままちょっとお待ちくださいませ」
「はい、ありがとうございます。カードお取りください。レシートとクレジット控え出しますね」
「はい、どうぞ。ありがとうございます」「ありがとうございます」
次に乗る電車のホームを確認します
次に乗るのは、「特急しなの７号、長野行き」です
何番線、つまり、何番のホームですか？
３番線ですね
３番ホームに行きます
ここですね
この階段から下りましょう
しなのが来ました
降りてくる人たちを待ちます
あまり混んでなくてよかったです
ここが私の席です
しなのの車両は少し古い感じがします
電源もWi-Fiもありません
電車が動き出しました
ご乗車、ありがとうございます。特急、しなの７号、長野行きです
「特急、しなの７号、長野行きです」と言いました
「しなの」というのは特急の名前です
「しなの」は長野の古い言い方です
昔、長野県は「信濃の国」と呼ばれていました
この特急は名古屋から長野を走っています
なので「しなの」という名前をつけたんだと思います
日本ではふつう、電車の中であまりものは食べません
でも特急や新幹線は別です
お昼の時間の特急や新幹線ではお弁当を食べる人が多いです
私もさっき買った釜飯を食べます
お手ふき、手を拭くのがついていました
ふたはプラスチックですね
中はこんな感じです
この黒いのはしいたけです
これは栗です
これは漬物、ピクルスのようなものです
ご飯がちょっと茶色いのはおしょうゆの色です
ご飯を炊くときにしょうゆを入れると、こういう色になります
これは野菜を鶏肉で巻いたものです
食べ終わりました
この入れ物は陶器です
これで家でご飯を炊いたり、植木鉢にしたりなどして再利用する人もいるそうです
これ稲を干しています
稲を刈ってから、２週間ほど、干すんだそうです
お米を乾燥させるためです
こちらは稲を刈る前の田んぼです
きれいですね
今から小さな駅を通り過ぎます
見てみてください
これです
とっても小さい建物でした
あそこでも稲を干してますね
これはこの上を新幹線が走るものですね
長野駅が近づいてきました
「ご乗車、ありがとうございました。まもなく、終点、長野です」
終点というのは電車やバスなどの最後の駅のことです
電車がいくつも止まっています
向こうに新幹線も見えますね
長野に着きました
降りる時にゴミを捨てられます
長野で新幹線に乗り換えます
新幹線のマークがあります
あの矢印の方に行きます
ここは出口なので、ちがいます
あっちに、新幹線のマークが見えます
新幹線のりかえ口と書いてあります
「乗り換え」というのは１つの電車から別の電車に乗り換えることです
今いる場所が新幹線のどの車両なのかが書いてありますね
ここに新幹線の切符を入れます
出てきた切符を取って入ります
私が乗るのは１時１５分の金沢行き
つまりここを下りていけばいいということです
でも時間があったのでコーヒーを買いに行きます
レジの列に並びます
「すいません、アイスカフェラテのレギュラーお願いします」「はい、かしこまりました」「２１０円ですので。カードで。ではこちらのいちばん下に、差し込みをお願いします」
「はい、ありがとうございます」「ふたをはずしてからお願いします」
アイスカフェラテを入れます
入りました
では１２番ホームに向かいます
私の乗る新幹線はまだ来ていません
新幹線がホームに入ってきました
新幹線は路線や止まる駅によって名前が違います
私が乗るのは「かがやき」です
この日はほぼ満席、けっこう混んでいました
コーヒーの容れ物に「EKI na CAFE」と書いてあります
これ、２つの意味があると思います
１つは「駅の中」という意味の「えきなか」
それから「粋な」という言葉があるんですが、 その「粋な」と「えきなか」の「えきな」をかけてると思います
「粋な」というのはかっこいいというような意味です
金沢駅に着きました
電車にはもう乗らないので、のりかえ口ではなく出口に向かいます
人が多いですね
改札を出ます
次はバスに乗ります
バス停は左手の方向です
天井がすごいですね
今はバスを待っている列に並んでいます
バスの乗り方を説明します
地域によっても違いますが、ICカードが使えればピッとやるだけなので簡単です
でも金沢のバスは私が持っているSuicaは使えません
なので現金で払います
現金で払う場合には乗るときにこの紙を取ります
地域によってはバスの始発、つまり一番最初の場所では紙が出ないこともあります
バスの料金は、この前に出ています
数字が１と書いてあります
１を見ると２４０と書いてあります
もし次で降りるなら私は２４０円払うということです
次の停留所で降りたい時に、ボタンを押します
この女性は赤信号で両替をしています
バスはおつりが出ないので、ぴったりのお金を払います
そのために両替をしています
運転手さんの横の、こっちがお札を両替するところ
こっちが硬貨、コインを両替するところです
降りる時にここに紙とお金を入れます
ICカードが使えればここにタッチします
私の旅はここまでです
みなさん、電車とバスの旅はいかがでしたか
ぜひ感想を教えてください
みなさんのコメント、全部読んでます。いつもありがとうございます
今日紹介したいコメントはこれです アンソニーさんからです。
ふみ先生のチャンネルは、私のリスニングとボキャブラリーの練習に欠かせない存在です
私はまだ日本語脳に取り組んでいますが、ふみ先生の洞察力がなければ、 そのアプローチすらわかっていなかったでしょう。ありがとうございます
アンソニーさん、ありがとうございます！
日本語脳づくりには、このwalk-and-talk動画シリーズ、 とても役に立ちますよね
「欠かせない存在」と言ってもらえてうれしいです
これからも役にたつ動画をたくさん作りたいと思っています
アンソニーさんも日本語脳づくり、がんばってください！
「日本語脳」ってなに？と思った方のために言いますと、この動画、Creat Your Japanese Brainで使った言葉です
日本語で文を作れるようになるためには、日本語脳を作るのが大事、 と伝えている動画です
日本語で話せるようになるためのヒントも入ってます
「新しい考え方だった」といろんな人がコメントをくれました
まだ見ていない人はぜひ見てみてください
最後に、私の音声のコースについてお話しします
それは私が本当にやりたいことです
音声のことが好きですし、
それに、そういう知識がみなさんの役にたつと思っているからです
聞いたり、話したりする時に
つまり、日本人とコミュニケーションをとる時に、です
私のコースで、日本語の音声について学べます
「あ、そうだったんだ」という気づきがたくさんあると思います
それが発音の改善につながると思っています
なので、よかったらリンクから、私のサイトを見てみてください
リンクは概要欄にあります
それが、日本語をレベルアップさせるために必要なものかもしれません
では、今日の動画はここまでです
高評価、チャンネル登録お願いします
さらに、お友達にシェアしてくれると本当にうれしいです
ではみなさん、よい一日をお過ごしください
またねー",true,ja,82
3,3,Train and Plane Ride | Japanese Listening Practice,https://www.youtube.com/watch?v=g_l-yvcdrpk,listening-practice,2026-07-17T02:59:13.914993+00:00,2026-07-17T02:59:13.914993+00:00,"みなさん、こんにちは
ここは、甲府駅前です
このときは、朝の５時半です
これから、電車に乗って羽田空港に行きます
そして飛行機で、どこかに行きます
私は、どこに行くでしょうか？
ぜひ、楽しんで見てください
改札で、スマホをタッチします
「スマホをかざす」とも言います
ホームで電車を待ちます
電車が来ました
電車に乗ります
朝早いので、そんなに混んでいませんでした
新宿に着きました
次は、山手線に乗り換えます
金曜日の朝７時半なので、けっこう混んでいます
山手線は、黄緑色です
山手線が、ホームに来ています
でも、ドアが閉まっています
理由を聞いてみてください
「ただいま、14番線の山手線は車内に具合の悪いお客様がいらっしゃるため、一度ドアを開けて対応を行います。発車しばらくお待ちください」」
「具合の悪いお客様」というのは、病気のお客様という意味です
電車が止まっているのは、具合の悪い人がいたからです
電車が止まっている間に、人が増えました
さっきの電車が出発しました
この人もあの人も、
リュックを前で持っています
混んでいる電車では、リュックを前で持ちます
次の電車が来ました
降りる人が、先に降ります
それから乗ります
朝の山手線は、ものすごく混んでいました
これは「吊り革」といいます
「品川に到着です」
品川駅に着きました
品川で、また電車を乗り換えます
この京急線に乗り換えます
「羽田空港」と書いてあります
改札で、スマホをタッチして通ります
電車が来ました
降りる人が降りてから、乗ります
羽田空港の駅に着きました
私は、第１ターミナルに行きます
改札で、スマホをタッチします
エスカレーターで上がります
家を出てから、４時間ぐらい経っています
疲れてきました
ここで、チェックインの手続きをします
「出発は…、第２ターミナルからのご出発となるんですけれども」
ここは第１ターミナルなので、第２ターミナルに行かないといけません
「１階に下りていただいて、バス乗り場８番から第２ターミナル出発のシャトルバス無料で出ておりますので」「あ、バスに乗らなきゃいけない、わかりました」
オンラインでチェックインすればよかったです
無料のシャトルバスで移動します
シャトルバスのバス停に向かいます
羽田空港は、広いです
もう、けっこう歩きました
第２ターミナル行きのシャトルバスが来ました
第２ターミナルには、３分ぐらいで着きました
では、出発する場所に向かいましょう
こっちは国際線なので、
こっちですね
私が乗るのは、これです
ゲートは、502です
まずは、保安検査場に行きます
ここから保安検査場に入ります
空いていました
すぐに通れました
朝ごはんを食べます
「大変お待たせいたしました」「えっと、おにぎりセットのB、お願いします」
注文するときは、「〇〇お願いします」と言います
「お支払い方法はどうされますか？」「えっと、どうしよう。IDでいいですか？」「IDで、かしこまりました。お願いいたしまーす」
「お支払い方法」というのは、何でお金を払うか、ということです
空いている席に行きます
これが、おにぎりセットです
バスラウンジに行きます
飛行機まで、バスで行きます
ここで、仕事ができそうです
混んではいないですね
あそこに「502」と書いてあります
飛行機に乗る時間が来ました
ここで、チケットを読ませます
このバスで飛行機まで行きます
飛行機がよく見えました
私たちは、この飛行機に乗ります
バスを降ります
エンジンに渦巻きが描いてあります
この模様を「渦巻き」といいます
タラップを上がって、飛行機に乗ります
あの人も撮影していますね
こっちの人も撮影していました
タラップから、景色がよく見えました
では、飛行機の中に入ります
私の席は、ここです
窓際です
飛行機が動き出しました
あの飛行機の模様、かわいいですね
こちらは、JALの飛行機です
「みなさま、離陸いたします。シートベルトをもう一度お確かめください」
「離陸する」というのは、「陸を離れる」と書きます
「今から飛びますよ」という意味です
エンジンの音が大きくなりました
スピードが、どんどん速くなっていきます
今、離陸しました
飛んでますね
私の席は、エンジンの横でした
船が見えます
雲が見えます
どこまでが海で、どこからが空か、わかりません
町が見えます
雲の上から町を見ています
私の隣の席は、誰もいませんでした
１時間ぐらい経ちました
また下に、町が見えてきました
町と山と海と、島が見えます
田んぼに水が入っています
この日は、5 月 16 日でした
このあと、田植えをしたんだと思います
山を越えたら
飛行場でした
着陸します
着陸は、「陸に着く」と書きます
「HIROSHIMA」と書いてあります
飛行機を降ります
人の流れに、ついていきます
あれが、乗ってきた飛行機です
無事、広島に着いてよかったです
ルシウスさん、スティーブンさん、シシバンバンさん、スーパーサンクスをありがとうございました
本当にありがたいです 感謝しております！
最後に、コメントをひとつご紹介します
いちばん好きなのは、あなたの旅の動画です 遠くじゃなくてもいいんです、電車で行ける近場でも！
電車の動画は楽しいです
ありがとうございます！ このコメントを読んで、今日の電車と飛行機の移動動画を作ることにしました
あなたも、そして見てくださっているみなさんも、乗り物を楽しみながら日本語学習を楽しんでもらえたらうれしいです
私は、みなさんが自信を持って日本語を話せるようにお手伝いしたいと思っています
そのために、発音、リズム、アクセント、イントネーションを改善するためのコースを作りました
もし、日本人と話すときにもっと自信を持ちたいと感じているなら、
ぜひ私のサブスクリプションコースをチェックしてみてください！
そして、日本人ともっと深くつきたいと思っているなら、
11日間のホームステイプログラムがあります
日本の家庭に滞在し、日常生活の中で日本語を使いながら、
同じことをすることで仲良くなれます
場所は、きれいで静かな瀬戸内海エリアです
きっと忘れられない体験になると思います
リンクは概要欄にあります
最後まで見てくださって、いいねボタンを押してくれたり、お友達とシェアしてくださったみなさん、本当にありがとうございます
みなさん、どうぞ素敵な１日をお過ごしください！ 次の動画でまた お会いしましょう！ またねー
またねー",true,ja,82
4,3,Japanese Listening Practice | Supermarket and Christmas in Japan,https://www.youtube.com/watch?v=C3oPjuudXas,listening-practice,2026-07-17T02:59:13.914993+00:00,2026-07-17T02:59:13.914993+00:00,"みなさん、こんにちは
ここは、スーパーです
買い物の前に、牛乳パックなどリサイクルの物を出します
今日は、スーパーで買い物をしながら
日本のクリスマスについてお話しします
ここにセール品が売っていますが
日本のスーパーは大抵、野菜と果物のコーナーから始まります
みなさんの国のスーパーはどうですか？
私の右手は、山梨県で採れた野菜が売っているコーナーです
もやしは安い野菜です
「すいません、ちょっとネギ取ってもいいですか？ あ、すいません。すいません」 「はい、ありがとうございます」
前はこの小ネギ、100円ぐらいでした
でも今は、すごく量が少ないさっきのものが、200円ぐらいでした
水菜も買います
卵も買います
10個入りで280円ですね
キムチも買います
納豆も買います
納豆は健康のために食べています
でも、そんなに好きというわけでありません
卵を買い足します
かごの中の整理をします
日本のクリスマスの話をしましょう
日本ではクリスマスは、キリスト教とは関係ないイベントになっています
子どもが特に楽しみにしている気がします
プレゼントが貰えたり、美味しいものが食べられるからかなと思います
うちの子達も小さい時は、ものすごく楽しみにしていました
若い人にとっては、クリスマスはデートをする日です
うちの高校生の息子は、彼女ができたので
クリスマスイブの日はデートに行くそうです
きっと楽しいと思います
でも、付き合っている人がいない人にとっては
嫌な日かもしれません
クリスマスを１人で過ごすのが嫌だから
クリスマス前に、彼氏彼女を作る人もいるようです
日本ではクリスマスといえば、 24日のイブが大事です
ちなみに24日(にじゅうよっか)は、「にじゅうよんにち」とは言いません
これは４日、これは14日、これは24日と言います
クリスマスには、チキンを食べる人が多いと思います
昔は、私も丸ごとのチキンを焼いたりしていました
あと、ケンタッキーフライドチキンを食べる人も多いです
24日にケンタッキーの前を通ると、すごい行列ができています
ただ実際、自分で作ったほうが安くて美味しくて健康にもいいです
というわけで、今日はこの後
ケンタッキーのフライドチキンみたいなフライドチキンを作ります
実は、その材料を買いに来ていました
そのついでに、３日分ぐらいの食料を買っていました
ところで、この漢字知っていますか？
「はんがく」と読みます
半分の金額で50％オフ、ということです
では、鶏肉のコーナーに行きます
この鶏のもも肉を買います
買い物リストをチェックします
牛乳を買います
炭酸水を買います
聞こえにくいですが、クリスマスソングがかかっています
クリスマスソングがかかっていると
つい楽しくなって、余計な物を買ってしまいます
ここに山梨ヌーボーが売っています
山梨県はワインの生産量が日本一です
このスパークリングワイン、美味しいんですよ
山梨では、一升瓶ワインが売っています
一升瓶は日本酒のいちばん大きいサイズで
普通は日本酒にしか使いません
なので、とても珍しいです
こっちは日本酒です
これが日本酒のいちばん大きいサイズ 一升瓶１.８リットルです
私は今日は、ワインではなくビールを買います
このビール、おすすめです
では、お会計をします
このお店は最近、セルフレジになりました
お店のかごを左側に置きます
そして自分のかごを右側に置きます
「会員カードはお持ちですか？ 商品のバーコードをスキャナーに近づけて登録を行ってください」
「89円」
「219円」
「250(にひゃくごじゅう)…。 店員を呼び出しています、少々お待ちください」
「はい」
「お酒の年齢確認の商品となります、 どうもありがとうございます」
お酒は20歳、つまり20歳以上でないと買えません
なので、お酒のバーコードを読ませると
店員さんが年齢を確認しに来ます
中学生とか高校生が、お酒を買えないようにしています
クリスマスの話に戻ります
クリスマスにはチキンのほかに、ケーキを食べることが多いです
クリスマスケーキとしては、だいたい苺のショートケーキが多いです
他にはチョコレートケーキとか、
ブッシュ・ド・ノエルなどもあると思います
私は毎年、苺のクリスマスケーキを作っています
ケーキは丸ごとのホールのを買うと、４千円とか５千円ぐらいします
１年間に子ども達の誕生日３回と、クリスマス１回
合計４回、ケーキを買うと高いので自分で作るようになりました
そしたら、だいぶケーキ作りも上手になりました
この後は家に帰って、ケンタッキー風のフライドチキンを作ります
「何々風」というのは、「何々みたいな、何々のような」という意味です
では、作ります
塩です
これは白胡椒
こっちが黒胡椒
両方入れます
これはオールスパイスです
ちょっと思ったより少なかったです
混ぜます
これを後で、鶏肉の上にかけてよく混ぜます
鶏肉を切ります
１枚を３つに切ります
ちょっと叩きます
ボウルに入れます
スパイスを入れて、よく混ぜます
混ざりました
ラップをして、１時間冷蔵庫で休ませます
次は衣をつけます
フライドチキンや天ぷらなどの、周りの部分を「衣」と言います
昔の言葉で「服」の意味です
小麦粉に炭酸水を入れます
炭酸水だと肉が柔らかくなるそうです
でも、水でも大丈夫です
ちょっとだけ混ぜます
鶏肉を冷蔵庫から出して、ラップを外しました
液体のほうにつけてから
粉をつけます
余計な粉を、はたきます
最後の１つが終わりました
このあと揚げます
ガスの火をつけます
温度を180度に設定します
油で揚げます
１回揚げたものを、もう一度揚げます
２回揚げることを「二度揚げする」と言います
二度揚げしたら、きれいな色になりました
実際は、ケンタッキーの味ではなかったけど
まあ、美味しくできました
子ども達が喜んでくれたので、よかったです
みなさんは色々な国に住んでいて、色々な宗教を信じていると思います
そのうえでお聞きしますが、みなさんはクリスマス何かしますか？
何をするのか、しないのか、コメントで教えてもらえるとうれしいです
今日もコメントを１つ紹介します
シャドーイングの動画へのコメントです
キャロルさんからです
やり方を教えてくれて、ありがとうございます
シャドーイングは試したことがありましたが、 どういうステップでやるか説明を聞くまで
やり方を間違えて理解していました
そのせいでフラストレーションがたまり、やめてしまいました
今朝からあなたの方法を始めて、少しずつ上達するのを楽しみにしています
とても役に立つ動画に感謝しています
ありがとうございます、キャロルさん！
シャドーイングをもう一度やってみようと思ってもらえて、うれしいです！
焦らず、自分のペースで楽しんでくださいね
語学学習は少しずつ進むものだし、
目に見えなくても確実に成長しています
あきらめずに、続けましょうね！
一緒にがんばりましょう！
私は、みなさんが上手に話せるようにお手伝いをしたいと思っています
そのために、発音、リズム、アクセント、 イントネーションを改善するためのコースを作りました
もし日本人と話すときにもっと自信を持ちたいと感じているなら、 このコースをぜひチェックしてみてください
リンクは動画の概要欄にあります
動画を見てくれて、ありがとうございます！
もしこの動画がよかったら、高評価、お友達にシェア、 そしてチャンネル登録をよろしくお願いします
よい１日を！
またねー",true,ja,72
5,1,日本のスーパー／The Japanese Supermarket in Hokkaido,https://www.youtube.com/watch?v=5YIadrdOsnM,vocabulary,2026-07-17T02:59:13.914993+00:00,2026-07-17T02:59:13.914993+00:00,"皆さんこんにちは茜です私は今美唄市の スーパーに行きますスーパーってなかなか
スーパーに行きますスーパーってなかなか 撮影許可が取れないんですけど今回の被害
撮影許可が取れないんですけど今回の被害 者の方の協力のおかげで撮影できることに
者の方の協力のおかげで撮影できることに なりましたちょっとね菜館様子を一緒に見
なりましたちょっとね菜館様子を一緒に見 ていきたいとおもいます
だいたいどこのスーパーも入り口の近くに 野菜や果物を売っていることが多いと思い
野菜や果物を売っていることが多いと思い ます
ます ここに人の名前が書いてありますがこれは
ここに人の名前が書いてありますがこれは その野菜を作った人
その野菜を作った人 a 3社の名前です
ん [音楽]
[音楽] ん
ん シャインマスカットは結構高いです
シャインマスカットは結構高いです 1,480円
1,480円 皆さんの国では a果物は高いですか
次は豆腐 豆腐のコーナーを見ましょう
豆腐
こっちが 金あっ
金あっ こっちが
こっちが も面です
も面です 鬼奴はすごく滑らかです
鬼奴はすごく滑らかです でも麺はちょっとザラザラしている
でも麺はちょっとザラザラしている 感じです
感じです 入った
こんにゃく
[音楽]
me 後編はラーメンですね
後編はラーメンですね 札幌
札幌 生ラーメン
生ラーメン お焼きそばもあります
お焼きそばもあります や基礎が焼きそは
海老餃子 もあります
もあります あとうどん
あとうどん 場所どうも好きなんですよ
うどんねー
これは suke ものです漬物
[音楽]
次は調味料のコーナーです こちらは
こちらは はい醤油
はい醤油 性への周囲は多いですね
野党 寒くなるとねこういう
寒くなるとねこういう なぜの
なぜの だしとか鍋のスープ
だしとか鍋のスープ も売っていまーす
も売っていまーす いろんなのがありますよ
味噌
ここがミソんをコーラ
私がよく使ってるのはね これです
売掛とかふりかけ使いますか うん
あんまり使わない
私のおすすめのりたま これはもう
これはもう 子供の時によく食べた尾根切れの定番の味
子供の時によく食べた尾根切れの定番の味 ですねでもいろんなね
ですねでもいろんなね 種類がありますふりかけの種類
種類がありますふりかけの種類 ごはんに振って食べたりおにぎりにして
ごはんに振って食べたりおにぎりにして 食べたりします
食べたりします あと皆さんの国にもあるかな or
あと皆さんの国にもあるかな or クノールのカップスープもあります
クノールのカップスープもあります ジェームスさん
ジェームスさん 9ガールって
9ガールって オーストラリアにもありますか
オーストラリアにもありますか そうなんだねだいたいこうどうですか味は
そうなんだねだいたいこうどうですか味は 同じの種類同じ感じですか
同じの種類同じ感じですか そうそういやいない開くそうなんですね
そうそういやいない開くそうなんですね 内装でソースを上げにはないそうです
内装でソースを上げにはないそうです 個人を
個人を パスタソースですね
パスタソースですね 茹でたパスタにこのソースを
茹でたパスタにこのソースを カラメル一緒にを混ぜるだけで
カラメル一緒にを混ぜるだけで 出来上がるものです
内ではこれは 美唄の地元の名産品です
美唄の地元の名産品です 焼きそばバーン
焼きそばバーン 袋に入った焼きそばです
袋に入った焼きそばです 地元の人はこの袋のまま
地元の人はこの袋のまま そのまま開けて食べるそうです
そのまま開けて食べるそうです フライパンで見た目てお召し上がり
フライパンで見た目てお召し上がり くださいって書いてあるんですけどその
くださいって書いてあるんですけどその まま食べるそうです
まま食べるそうです [音楽]
[音楽] ん
こちらにも 美唄の名産品お土産を売っているコーナー
美唄の名産品お土産を売っているコーナー があります
私ねこれ昨日の買ったんですけどみて くださいこれ
くださいこれ 乾燥野菜なんですドライの野菜です
乾燥野菜なんですドライの野菜です これすごく便利ですよね
これすごく便利ですよね これとか
これとか 可能
可能 このまま味噌汁とかスープに入れるだけで
このまま味噌汁とかスープに入れるだけで 味噌汁とかスープができるっていうもの
味噌汁とかスープができるっていうもの です
美唄はとりめしが有名です をのセットを買えば簡単に作れるし
をのセットを買えば簡単に作れるし 美味しいのでちょっと紹介させてください
美味しいのでちょっと紹介させてください 案件や pr ではありません
案件や pr ではありません この鳥めし炊き込みセットを買えば自分の
この鳥めし炊き込みセットを買えば自分の 家で簡単に作ることができます
家で簡単に作ることができます [音楽]
[音楽] 炊飯器2個のセットに入っている声と具を
炊飯器2個のセットに入っている声と具を 一緒に入れて炊くとできます
はいとりめしが出来ましたおいしそう
うぉっ あそうなんですね混んでる今日はいい
コメディー
ゆめぴりか 5 k
5 k 2910金の1000枚です
2910金の1000枚です 巨泉のアイテムは洗わなくてもいいという
巨泉のアイテムは洗わなくてもいいという ことですね
ことですね ありがとうございます
スムーズ袋お願いします
はいクレジットです
はいん
はい1回デイ
ありがとうございなぁ すいませんありがとうございます
すいませんありがとうございます はいいかがでしたか
はいいかがでしたか ぜひコメントで教えてください皆さんいつ
ぜひコメントで教えてください皆さんいつ も見てくださってありがとうございますか
も見てくださってありがとうございますか はここまでで
はここまでで by ヴァン
これが北海道で出自身のアップ分穴です
ん 思っ
re いやねこれがあるという滑りにくいですよ
いやねこれがあるという滑りにくいですよ ねー
ねー すごい皆さん何月ぐらいから履くんですか
すごい皆さん何月ぐらいから履くんですか 大きな息が上がってから
大きな息が上がってから じゃあ
じゃあ 11月とかも早い時で読む
11月とかも早い時で読む 11月中旬以来いい
[音楽] ん",true,ja,72
6,1,【日本語の単語】日本の市場(マーケット)で買い物するときの日本語／野菜の名前も紹介します,https://www.youtube.com/watch?v=eShOGfMx9FI,vocabulary,2026-07-17T02:59:13.914993+00:00,2026-07-17T02:59:13.914993+00:00,"皆さんこんにちはあね的日本語教室のあね です今日は沖縄でお土産を買う様子を皆
です今日は沖縄でお土産を買う様子を皆 さんにシェアしたいと思いますこちらのお
さんにシェアしたいと思いますこちらのお 店にはお土産だけではなくて肉や野菜など
店にはお土産だけではなくて肉や野菜など も売っていますなのでそういう名前も紹介
も売っていますなのでそういう名前も紹介 したいと思います最後まで見てもらえたら
したいと思います最後まで見てもらえたら 嬉しいですでは早速お店の中に入ります
嬉しいですでは早速お店の中に入ります はい撮影許可撮れましたのでと今日はあの
はい撮影許可撮れましたのでと今日はあの 野菜の名前を紹介しようと思ってたんです
野菜の名前を紹介しようと思ってたんです けど沖縄のお土産とかもたくさんあるので
けど沖縄のお土産とかもたくさんあるので ちょっとそういうものも紹介したいと思い
ちょっとそういうものも紹介したいと思い ますまずはここにある野菜を紹介し
ますまずはここにある野菜を紹介し ますまずは
ますまずは トマトトマトはい
トマトトマトはい トマトいろんな大きさがあります
トマトいろんな大きさがあります ねはい次は
ねはい次は キュウリキュウリです
キュウリキュウリです キュウリこれは
キュウリこれは ナス
ナス ナス私はナスが大好きなのでナスをただ
ナス私はナスが大好きなのでナスをただ フライパンで焼いて塩をちょっとかけて
フライパンで焼いて塩をちょっとかけて 食べるのが好きです皆さんはどうですか
食べるのが好きです皆さんはどうですか 結構野菜食べますかどうかな多分日本に
結構野菜食べますかどうかな多分日本に ない野菜もあるかもしれないですよね国に
ない野菜もあるかもしれないですよね国に よって作れる野菜が違うと思うので皆さん
よって作れる野菜が違うと思うので皆さん もこの動画を見て私が住んでるとこには
もこの動画を見て私が住んでるとこには こういうのもありますっていうのがあっ
こういうのもありますっていうのがあっ たら教えてくださいでこちらはどちら
たら教えてくださいでこちらはどちら かって言うとこの街にある特産品とか名物
かって言うとこの街にある特産品とか名物 があったりとかまちょっと野菜とかもある
があったりとかまちょっと野菜とかもある というお店なのでスーパーとはまた
というお店なのでスーパーとはまた ちょっと違うんですけどまでもあの卵とか
ちょっと違うんですけどまでもあの卵とか 肉もありますパッションフルーツも売って
肉もありますパッションフルーツも売って ます
ます ね東京とか千葉県のスーパーではあまり
ね東京とか千葉県のスーパーではあまり 見かけないですあるかもしれないんです
見かけないですあるかもしれないんです けど私はあんまり見たことがありません
けど私はあんまり見たことがありません ファッションフルーツのイメージは南国の
ファッションフルーツのイメージは南国の フルーツですはいこっちはねあ糖
フルーツですはいこっちはねあ糖 VOICEですね糖VOICE結構大きい
VOICEですね糖VOICE結構大きい ですよこれ私の手と比べると結構大きいと
ですよこれ私の手と比べると結構大きいと 思いますあみかんもありますねみかん
みかんパパイヤもありますやっぱり沖縄だ から結構南国のものがありますよ
から結構南国のものがありますよ ねパパイヤあこの街で取れたものですね
ねパパイヤあこの街で取れたものですね ダイエット効果もあるって書いてある
ダイエット効果もあるって書いてある すごいパパイヤがたくさんありますお次は
すごいパパイヤがたくさんありますお次は 玉ねぎこれは北海道さんの玉ねぎです
玉ねぎこれは北海道さんの玉ねぎです 玉ねぎはいろんな料理に使うことができ
玉ねぎはいろんな料理に使うことができ ますよねカレーを作るとにも私はたくさん
ますよねカレーを作るとにも私はたくさん 玉ねぎを入れてカレーを作りますお勤め品
玉ねぎを入れてカレーを作りますお勤め品 というのは通常よりも安く売られている
というのは通常よりも安く売られている 商品のことです特に賞味期限や消費期限が
商品のことです特に賞味期限や消費期限が 近い商品が安く売られていることが多いと
近い商品が安く売られていることが多いと 思いますあとはじゃがいもじゃがいもも
思いますあとはじゃがいもじゃがいもも カレーを作る時によく使いますあとただ
カレーを作る時によく使いますあとただ 切って油であげてフライドポテトにする
切って油であげてフライドポテトにする こともできますじゃあ今度は肉を見てみ
こともできますじゃあ今度は肉を見てみ ましょうハンバーグ美味し
そうカゆ鳥 鶏
鶏 元アグ豚です
元アグ豚です ね
ね 豚これは
豚これは ソーセージです
ソーセージです ソーセージえ
ソーセージえ と型
と型 ロース
ロース とロースあこうやってしゃぶしゃぶにして
とロースあこうやってしゃぶしゃぶにして 食べるんですね美味し
食べるんですね美味し そうあとはバラ肉ですねあ待って待って
そうあとはバラ肉ですねあ待って待って こっちにも野菜あったこれは
こっちにも野菜あったこれは キャベツ
キャベツ キャベツこれは卵
キャベツこれは卵 卵前キャストで紹介したんですけど日本の
卵前キャストで紹介したんですけど日本の 卵って6個か10個で売られていることが
卵って6個か10個で売られていることが 多いと思いますもちろんお店によって違う
多いと思いますもちろんお店によって違う んですけど私の住んでいる街のスーパーで
んですけど私の住んでいる街のスーパーで も6個とか10個で売られていることが
も6個とか10個で売られていることが 多いですでも国によっては12個で売られ
多いですでも国によっては12個で売られ ているところもあるみたいですねあの
ているところもあるみたいですねあの コストコに行った時は結構個とかちょっと
コストコに行った時は結構個とかちょっと 忘れてしまったんですけどたくさん入って
忘れてしまったんですけどたくさん入って 売られていました日本ではコスコではなく
売られていました日本ではコスコではなく てコストコと呼ばれています皆さんが住ん
てコストコと呼ばれています皆さんが住ん でいる街の卵は何個入りで売られている
でいる街の卵は何個入りで売られている ことが多いですか是非コメントで教えて
ことが多いですか是非コメントで教えて ください次はお土産を見てみましょうさ
ください次はお土産を見てみましょうさ こちらがおすすめですはいこちらがお店の
こちらがおすすめですはいこちらがお店の 人がおすめのえっとプレッツェルですね
人がおすめのえっとプレッツェルですね はいこちらの元という場所にこのお店が
はいこちらの元という場所にこのお店が あるんですが元借ゴールを使ったラング
あるんですが元借ゴールを使ったラング 土車とかこういうものがえっと販売されて
土車とかこういうものがえっと販売されて いて皆さんチウ水族館多分知ってる人も
いて皆さんチウ水族館多分知ってる人も 多いんですけどそこともコラボしている
多いんですけどそこともコラボしている そう
ですカレーもありますえービーフカレー 美味しそうですね
美味しそうですね アグー豚フォーク
アグー豚フォーク カレーあと沖縄といえばね沖縄そばも有名
カレーあと沖縄といえばね沖縄そばも有名 です私今日普通に買い物するのでこのかを
です私今日普通に買い物するのでこのかを 取ってカートも使いますこれはカートです
取ってカートも使いますこれはカートです よいしょよしカートにかを乗せて買い物し
よいしょよしカートにかを乗せて買い物し ますこの辺も沖縄の土産でよく見かける
ますこの辺も沖縄の土産でよく見かける ものですねあラフテ売ってるお肉ですこれ
ものですねあラフテ売ってるお肉ですこれ このまま食べてもいいしあとうどんの上と
このまま食べてもいいしあとうどんの上と かそばの上に乗せてもいいのでこれを買い
かそばの上に乗せてもいいのでこれを買い ますえどうしようえ3つ買おうかなあとは
ますえどうしようえ3つ買おうかなあとは ああジューシーの元沖縄に来たら絶対に
ああジューシーの元沖縄に来たら絶対に 買い
買い ますはいこれも買い
ますはいこれも買い ましょうあちらに飲み物があるので飲み物
ましょうあちらに飲み物があるので飲み物 見てみ
見てみ ましょう
ましょう お飲み物があり
お飲み物があり ます沖縄といえばオリオンビールですここ
ます沖縄といえばオリオンビールですここ ら辺は東京にもあります私の住んでいる街
ら辺は東京にもあります私の住んでいる街 のスーパーにもあります
のスーパーにもあります 豆乳豆乳でもこれは沖縄ですかねシーク
豆乳豆乳でもこれは沖縄ですかねシーク ワーサーっていう沖縄の果物があるので
ワーサーっていう沖縄の果物があるので 沖縄県の特産って書いてありますねはい
沖縄県の特産って書いてありますねはい もし皆さん沖縄に来たらぜぜひシークアサ
もし皆さん沖縄に来たらぜぜひシークアサ ジュースを飲んでみてくださいあここにも
ジュースを飲んでみてくださいあここにも ありますねシークワーサーこれ1本買っ
ありますねシークワーサーこれ1本買っ とこうか
とこうか なパインもあるしええグアバもある
なパインもあるしええグアバもある やっぱり珍しいです
やっぱり珍しいです ね
ね うーんこの辺のお茶は東京にも千葉県にも
うーんこの辺のお茶は東京にも千葉県にも ありますこのねサンピンちゃんは沖縄限定
ありますこのねサンピンちゃんは沖縄限定 で書いてありますよねそう沖縄でサンピン
で書いてありますよねそう沖縄でサンピン ちゃんはすごく有名な飲み物です
ちゃんはすごく有名な飲み物です ジャスミンですねはいあこれも買っとこう
ジャスミンですねはいあこれも買っとこう よしサンピンちゃ買いますかごに入れ
よしサンピンちゃ買いますかごに入れ ますあとはえコーラとか炭酸です
ますあとはえコーラとか炭酸です [音楽]
[音楽] ねこちらにもお酒がありますあ
ねこちらにもお酒がありますあ すごいの形だええ観光地限定青森か青森と
すごいの形だええ観光地限定青森か青森と いうお酒も沖縄のお酒
いうお酒も沖縄のお酒 ですこんな感じです
ね はいあとなんかもうちょっとお菓子も見
はいあとなんかもうちょっとお菓子も見 たいです
たいです ねあオリオンビールのタンブラー
ねあオリオンビールのタンブラー タンブラーここにビールを注いで飲みます
タンブラーここにビールを注いで飲みます えーフェイスタオルもありますあとこう
えーフェイスタオルもありますあとこう いうステッカーもあり
いうステッカーもあり ますクリアファイルも可愛いですよね私
ますクリアファイルも可愛いですよね私 こういうクリアファイルを見るとつい買っ
こういうクリアファイルを見るとつい買っ てしまいます
えあコーヒーが
あるヤンバルバセ工房うーうんいいです ねあチンスコがあるチンスコも沖縄で
ねあチンスコがあるチンスコも沖縄で すごく有名なお菓子
すごく有名なお菓子 です
へえさっきお店の人がお勧めしてくれた このプレッツェルも買い
このプレッツェルも買い ましょう元ぶカウゴールドパインの王様
ましょう元ぶカウゴールドパインの王様 これ
これ 黄色青1個ずつ買います
黄色青1個ずつ買います よいしょ多分この動画の前に沖縄V6が出
よいしょ多分この動画の前に沖縄V6が出 てると思いますそこで石鹸の専門のお店で
てると思いますそこで石鹸の専門のお店で 石鹸を買っている場面を撮影しているので
石鹸を買っている場面を撮影しているので そちらの動画も是非見てくださいあと背中
そちらの動画も是非見てくださいあと背中 も沖縄限定の味がありますねシクサー味と
も沖縄限定の味がありますねシクサー味と かマンゴー味
かマンゴー味 あとパイナップル味ですねこれ限定と読み
あとパイナップル味ですねこれ限定と読み ますこの前私が教えている日本語学校の
ますこの前私が教えている日本語学校の 学生に言われたんですけどとか結構
学生に言われたんですけどとか結構 いろんなあの外国人の方に言われるんです
いろんなあの外国人の方に言われるんです けど日本って限定が好きですよねってよく
けど日本って限定が好きですよねってよく 言われます確かにこう場所の限定とかあと
言われます確かにこう場所の限定とかあと 季節限定春限定夏限定とかあとこういうね
季節限定春限定夏限定とかあとこういうね 沖縄限定北海道に行けば北海道限定とか
沖縄限定北海道に行けば北海道限定とか 結構いろんなそういう限定の商品が確かに
結構いろんなそういう限定の商品が確かに 多いかもしれませんねはいじゃあえっと
多いかもしれませんねはいじゃあえっと 会計したいと思い
ますありがとうございますすいません袋と か持ちですかあじゃあ袋1枚お願いし
か持ちですかあじゃあ袋1枚お願いし ます袋はおいくらですか援になるますいい
ます袋はおいくらですか援になるますいい ですかはいお願いし
ですかはいお願いし ます8円ですはいクレジットカードでお
ます8円ですはいクレジットカードでお 願いし
願いし ますタッチタイプですかあ差し込み
ますタッチタイプですかあ差し込み です番号お願いします
です番号お願いします はいありがとうござい
はいありがとうござい ますすいませんあの営業部長の様て今
ますすいませんあの営業部長の様て今 いらっしゃいますあそうでしたかわかり
いらっしゃいますあそうでしたかわかり ましたじゃああの撮影させていただいて
ましたじゃああの撮影させていただいて ありがとうございましたとお伝えいただけ
ありがとうございましたとお伝えいただけ ますかすいませんありがとうございまし
ますかすいませんありがとうございまし たカート戻しま
たカート戻しま [音楽]
よいしょはい撮影させていただきました あの当日行って撮影してもいいですかと
あの当日行って撮影してもいいですかと 聞いてあのすぐにオッケーしてください
聞いてあのすぐにオッケーしてください ました本当にありがとうございましたで私
ました本当にありがとうございましたで私 実はエコバッグ持っていたんですけど袋が
実はエコバッグ持っていたんですけど袋が 欲しい時にどうやって言えばいいのかと
欲しい時にどうやって言えばいいのかと いうのをちょっと皆さんにシェアしたかっ
いうのをちょっと皆さんにシェアしたかっ たので今回はねあのわざと壁買います
たので今回はねあのわざと壁買います わざとというか守ってるんですけど買って
わざとというか守ってるんですけど買って みましたま袋1枚くださいとか袋あります
みましたま袋1枚くださいとか袋あります かと聞けばお店の人がいくらですと言って
かと聞けばお店の人がいくらですと言って くれると思いますしさっき私いくらか
くれると思いますしさっき私いくらか 分からなかったので袋1枚いくらですかと
分からなかったので袋1枚いくらですかと いう風にえ聞きましたはい皆さんどうでし
いう風にえ聞きましたはい皆さんどうでし たかここねあのさっきみたいに野菜だけ
たかここねあのさっきみたいに野菜だけ じゃなくてお土産もたくさんあるので是非
じゃなくてお土産もたくさんあるので是非 皆さん来てみてくださいとこのお店の情報
皆さん来てみてくださいとこのお店の情報 はこの動画の概要欄にあります是非見て
はこの動画の概要欄にあります是非見て ください皆さんいつも見てくださって本当
ください皆さんいつも見てくださって本当 にありがとうございます今日はここまで
にありがとうございます今日はここまで ですまた来週お会いしましょうバイ
[音楽] バイ",true,ja,72
7,2,#01 Real Japanese for Restaurants (Part1) | Shadowing & Role Play Practice,https://www.youtube.com/watch?v=YurForSAId4,shadowing,2026-07-17T02:59:13.914993+00:00,2026-07-17T02:59:13.914993+00:00,"「日本のお店で自然な注文の仕方がわからない」
店員さんの日本語が速すぎて
「フォーマルすぎて難しい」
この動画はそんな人のためのレッスンです。
お店に入るところから注文まで
自然に店員さんと会話ができるように練習します。
みなさんこんにちは！
日本語チューターのかなです。
このレッスンでは、
飲食店でお客さんがよく使える便利なフレーズや、
店員さんがよく言うフレーズなどを紹介します。
日本に住んでいる人、旅行に来る人にぴったりのレッスンです。
このレッスンは3つのステップがあります。
1つ目、店員さんとお客さんの会話を聞く
2つ目、フレーズと表現を一緒に確認する
3番シャドーイングとロールプレーで会話練習
いいですか？
それではまずは１番
この会話どれくらい分かりますか？
聞いてみてください
どうでしたか？
お店に入るところから
注文まで練習しました。
前より少し自信を持ってお店に行けそうですか？
もっと練習がしたい人は、概要欄をチェックしてみてください。
それでは行ってらっしゃい！",false,ja,71
8,2,#02 Real Japanese for Restaurants (Part 2) | Shadowing & Role Play Practice,https://www.youtube.com/watch?v=l57NRbedo3g,shadowing,2026-07-17T02:59:13.914993+00:00,2026-07-17T02:59:13.914993+00:00,"ご注文の品はお揃いでしょうか? それではこちらに電費票を失礼します。
それではこちらに電費票を失礼します。 すいません。お会計お願いします。
すいません。お会計お願いします。 お会計2500円になります。
お会計2500円になります。 はい。カードでお願いします。
はい。カードでお願いします。 聞き取れましたか?この動画の最後には全部分かるようになります。皆さんこんにちは。日本語チューターのかナです。
[音楽]
このレッスンでは注文してからお会計、お 店を出るところまで自然に店員さんと会話
店を出るところまで自然に店員さんと会話 ができるように練習します。日本に住んで
ができるように練習します。日本に住んで いる人、旅行に来る人にぴったりの
いる人、旅行に来る人にぴったりの レッスンです。このレッスンは3つの
レッスンです。このレッスンは3つの ステップがあります。店員さんとお客さん
ステップがあります。店員さんとお客さん の会話を聞く。フレーズと表現を一緒に
の会話を聞く。フレーズと表現を一緒に 確認する。シャドウイングとロールプレイ
確認する。シャドウイングとロールプレイ で会話練習。いいですか?それではまずは
で会話練習。いいですか?それではまずは 1番。
1番。 え、この会話どれくらい分かりますか?聞いてみてください。
いずらめっちゃ お待たせいたしました。お先に生ビールです。ただいまお料理お持ちいいたします。
はい、 こちら味噌ラーメンと醤油ラーメンです。こちらが餃子です。タレにつけてお召し上がりください。
はい、ありがとうございます。 ご注文の品はお揃いでしょうか?
ご注文の品はお揃いでしょうか? はい。
はい。 それではこちらに電費票を失礼します。お帰りの際にカウンターにお持ちください。
はい。 すいません。
すいません。 はい。
はい。 お水もらってもいいですか?
お水もらってもいいですか? はい。ただいまお屋お継ぎいたします。
はい。ただいまお屋お継ぎいたします。 ありがとうございます。
こちらおすのお皿お下げしてもよろしいでしょうか? はい、お願いします。すいません。お会お願いします。
はい。ありがとうございます。 お会計2500円になります。
お会計2500円になります。 はい、カードでお願いします。
はい、カードでお願いします。 はい、クレジットですね。少々お待ちください。こちらにお願いします。こちらお客様になります。レシートはご利用ですか?
いや、大丈夫です。 ありがとうございます。またお待ちしております。
ありがとうございます。またお待ちしております。 はい、ごちそうさです。また来ます。
はい、ごちそうさです。また来ます。 ありがとうございました。
ありがとうございました。 ありがとうございました。
お待たせいたしました。 お先に生です。この先にというのは他の
お先に生です。この先にというのは他の ものの前にという意味です。例えば職場で
ものの前にという意味です。例えば職場で まだみんなが仕事しています。私はみんな
まだみんなが仕事しています。私はみんな が帰る前にうちに帰ります。その時
が帰る前にうちに帰ります。その時 おに失礼しますと言います。お先に
おに失礼しますと言います。お先に 生ビールです。ただいまお料理お持ちいた
生ビールです。ただいまお料理お持ちいた いたします。はい
いたします。はい このただいまは今のな言い方で、え、店員さんがよく使いますね。駅や電車のアナウンスでもよく聞きます。こちら味噌ラーメンと醤油ラーメンです。こちらが餃子です。タレにつけてお召し上がりください。
はい。ありがとうございます。 タレは例えば焼肉のタレ、焼きのタレがあります。
ける。例えば寿司を醤油につけて食べます。ポテトをケチャップにつけて食べます。このお召し上がりくださいの言い方ですね。タレにつけてお召し上がりください。
はい。ありがとうございます。 ご注文の品はお揃いでしょうか?
ご注文の品はお揃いでしょうか? はい。
はい。 品は売っているものという意味の丁寧な言い方です。ここでは注文した料理のことを品なと言っています。
お揃いでしょうかは揃っていますかの丁寧 な言い方です。揃うという同詞は全部ある
な言い方です。揃うという同詞は全部ある という意味で例えばこの本屋さんには人気
という意味で例えばこの本屋さんには人気 の漫画が揃っています。今日は1人も休ま
の漫画が揃っています。今日は1人も休ま なかったのでクラス全員揃っています。
なかったのでクラス全員揃っています。 だからご注文の品はお揃いでしょうかどういう意味ですか?
え、注文したものはこれで全部ですかという意味なので、全部来てたらはい。もしま来ていないものがあったらあ、すいません。餃子がまだと言うと店員さんが分かります。申し訳ございません。ただいまおちいたしますと言って持ってきてくれると思います。
それではこちらに伝票失礼します。伝票は注文したものと値段が書いてあるレシートのことです。失礼しますと言ってテーブルの上に置きます。それではこちらに電を失礼します。お帰りの際にカウンターにお持ちください。
はい。 帰る時にお客さんがこの伝票をカウンターに持ってきてお金を払ってくださいということです。
え、この日本のお店では自分で伝票を持っ ていくことが結構多いです。え、テーブル
ていくことが結構多いです。え、テーブル に伝票があったら、え、カウンターに自分
に伝票があったら、え、カウンターに自分 で持っていってください。え、伝票お店の
で持っていってください。え、伝票お店の 人が持っていることもあります。え、その
人が持っていることもあります。え、その 時はお会計の時カウンターに何も持たない
時はお会計の時カウンターに何も持たない でいって大丈夫です。
でいって大丈夫です。 すいません。はい。
すいません。はい。 お水もらいですか?はい。
お水もらいですか?はい。 ただいまお継ぎいたします。
ただいまお継ぎいたします。 ありがとうございます。
ありがとうございます。 今日1
今日1 つ目のキーフレーズです。お水もらってもいいですか?お水もらってもいいですか?お水もらってもいいですか?もらってはもらうの手型ですね。もらってもいいですか?はもらいます。
[音楽]
いいですかという意味です。この手もいい ですか?は、自分がすることについて他の
ですか?は、自分がすることについて他の 人にオッケーかどうか聞く時に使います。
人にオッケーかどうか聞く時に使います。 え、例えばお水が全部なくなってお水が
え、例えばお水が全部なくなってお水が 欲しい時とか箸端を落としてテーブルから
欲しい時とか箸端を落としてテーブルから 落として新しい端が欲しい時などにこの
落として新しい端が欲しい時などにこの フレーズがとっても便利です。あとは1度
フレーズがとっても便利です。あとは1度 注文しました。でもその後にもう1
注文しました。でもその後にもう1 度何か、え、注文したい時にもよく使えます。例えば、え、すいません。餃子もう
つもらってもいいですか?こういう風に使えます。
すいません。 はい。
はい。 お水もらってもいいですか?
お水もらってもいいですか? はい。ただいまお継ぎいたします。
はい。ただいまお継ぎいたします。 ありがとうございます。
ありがとうございます。 こちらおすのお皿をお下げしてもよろしいでしょうか?
こちらおすのお皿をお下げしてもよろしいでしょうか? はい、お願いします。
はい、お願いします。 お炭は住むという同詞の丁寧な名刺の形で
お炭は住むという同詞の丁寧な名刺の形で 住むは終わるという意味です。ここでは
住むは終わるという意味です。ここでは 食べ終わった料理のお皿という意味ですね
食べ終わった料理のお皿という意味ですね 。お下げしてもよろしいでしょうか?お
。お下げしてもよろしいでしょうか?お 下げしても下げるという同詞ですね。
下げしても下げるという同詞ですね。 下げるはお店でテーブルから下げる。店員
下げるはお店でテーブルから下げる。店員 さんが持っていくという意味です。
さんが持っていくという意味です。 もしもう全部食べ終わっていたらはい、お願いしますと言います。もしま食べ終わっていなかったらあ、すいません。まだと言うと店員さんが分かってくれます。こちらおのお皿お下げしてもよろしいでしょうか?
はい、お願いします。すいません。お会お願いします。
はい、ありがとうございます。 2つ目のキーフレーズ。
お会計お願いします。 お会計お願いします。お会計お願いします
お会計お願いします。お会計お願いします 。これもどこの店でも使えるフレーズです
。これもどこの店でも使えるフレーズです 。カウンターでお会計をする時は伝票を
。カウンターでお会計をする時は伝票を カウンターの上に置いてお願いしますだけ
カウンターの上に置いてお願いしますだけ 言っても大丈夫です。席でお会いをする時
言っても大丈夫です。席でお会いをする時 はお会計お願いしますと全部言います。
はお会計お願いしますと全部言います。 すいません。お会計お願いします。はい。
すいません。お会計お願いします。はい。 ありがとうございます。お会計2500
ありがとうございます。お会計2500 円になります。
円になります。 はい、カードでお願いします。
はい、カードでお願いします。 はい、クレジットですね。少々お待ちください。カードでお願いします。カードでカードでお願いします。え、カードでだけでもいいですが、え、カードだけ言うと丁寧じゃないので、このでを忘れないでください。
お会計2500円になります。 はい、カードでお願いします。
はい、カードでお願いします。 はい、クレジットですね。少々お待ちください。こちらにお願いします。こちらお客様になります。レシートはご利用ですか?レシートは使いますか?の丁寧な言い方です。
はい、お願いします。いや、大丈夫です。 え、レシートが欲しい時はい、お願いしますと言います。え、レシートはいらないですという時はいや、大丈夫ですと言えます。
ありがとうございます。またお待ちしております。 はい、ごちそうさです。また来ます。
ごちそうさです。また来ます。ごちそ様です。また来ます。ごちそうさです。食べる前は何ですか?ですね。え、を作ってくれた人、出してくれた人にありがとうね。
[音楽]
え、食べた後はごちそうさです。ごちそう さでしたと言いますね。あの、他のお客
さでしたと言いますね。あの、他のお客 さんもお店を出る時ごちそうさでしたと
さんもお店を出る時ごちそうさでしたと 言っているので、是非聞いてみて真似して
言っているので、是非聞いてみて真似して 使ってみてください。え、また来ます。
使ってみてください。え、また来ます。 本当にそのお店が気に入った時、また来た
本当にそのお店が気に入った時、また来た いっていう時はまた来ますと私は言ってい
いっていう時はまた来ますと私は言ってい ます。え、お店の人が嬉しい気持ちになっ
ます。え、お店の人が嬉しい気持ちになっ てくれるかなと思うので、是非本当に好き
てくれるかなと思うので、是非本当に好き なお店ではこのフレーズを使ってください
なお店ではこのフレーズを使ってください 。じゃあ、便利なフレーズもう1度練習し
。じゃあ、便利なフレーズもう1度練習し ましょう。お水もらってもいいですか?お
ましょう。お水もらってもいいですか?お 水もらってもいいですか?お水もらっても
水もらってもいいですか?お水もらっても いいですか?
お会計お願いします。お会計お願いします 。お会計お願いします。
。お会計お願いします。 カードでお願いします。カードでカードで
カードでお願いします。カードでカードで お願いします。
お願いします。 ごちそうさです。また来ます。ごちそうさ
ごちそうさです。また来ます。ごちそうさ です。また来ます。
[音楽] ずらめっちゃ
ずらめっちゃ お待たせいたしました。お先に生ビールです。ただいまお料理お持ちいいたします。はい、
こちら味噌ラーメンと醤油ラーメンです。こちらが餃子です。タレにつけてお召し上がりください。
はい、ありがとうございます。 ご注文の品はお揃いでしょうか?
ご注文の品はお揃いでしょうか? はい、
はい、 それではこちらに電費票を失礼します。
それではこちらに電費票を失礼します。 お帰りの際にカウンターにお持ちください。
お帰りの際にカウンターにお持ちください。 はい。すいません。
はい。 お水もらってもいいですか?
お水もらってもいいですか? はい。ただいまお屋たします。
はい。ただいまお屋たします。 ありがとうございます。
こちらおのお皿お下げしてもよろしいでしょうか? はい、お願いします。すいません。お会計お願いします。
はい、ありがとうございます。お会計 2500円になります。
2500円になります。 はい、カードでお願いします。
はい、カードでお願いします。 はい、クレジットですね。少々お待ちください。こちらにお願いします。こちらお客様になります。レシートはご利用ですか?
はい、お願いします。いや、大丈夫です。
ありがとうございます。またお待ちしております。 はい、ごちそうさです。また来ます。
はい、ごちそうさです。また来ます。 ありがとうございました。
ありがとうございました。 ありがとうございました。
スラべっちゃ お待たせいたしました。
お待たせいたしました。 お先に生ビールです。ただいまお料理お持ちいいたします。
はい。 こちら味噌ラーメンと醤油ラーメンです。こちらが餃子です。タレにつけてお召し上がりください。
はい、ありがとうございます。 ご注文の品はお揃いでしょうか?
ご注文の品はお揃いでしょうか? はい、
はい、 それではこちらに電を失礼します。お帰りの際にカウンターにお持ちください。
はい。 すいません。
すいません。 はい。
はい。 お水もらってもいいですか?
お水もらってもいいですか? はい、ただいまおヒをお継ぎいたします。
はい、ただいまおヒをお継ぎいたします。 ありがとうございます。
こちらおすのお皿お下げしてもよろしいでしょうか? はい、お願いします。すいません。お会計お願いします。
はい、ありがとうございます。お会計 2500円になります。
2500円になります。 はい、カードでお願いします。
はい、カードでお願いします。 はい、クレジットですね。少々お待ちください。こちらにお願いします。
こちらお客様になります。レシートはご利用ですか?
いや、大丈夫です。 ありがとうございます。またお待ちしております。
ありがとうございます。またお待ちしております。 はい。ごちそうさです。また来ます。
はい。ごちそうさです。また来ます。 ありがとうございました。
ありがとうございました。 ありがとうございました。
ありがとうございました。 [音楽]
[音楽] ラめっちゃ
ラめっちゃ お待たせいたしました。お先に生ビールです。ただいまお料理お持ちいいたします。
こちら味噌ラーメンと醤油ラーメンです。 こちらが餃子です。タレにつけてお
こちらが餃子です。タレにつけてお 召し上がりください。
召し上がりください。 ご注文の品はお揃いでしょうか?
ご注文の品はお揃いでしょうか? それではこちらに伝票を失礼します。お
それではこちらに伝票を失礼します。お 帰りの際にカウンターにお持ちください。
はい。 はい。ただいまお日屋お継ぎいたします。
こちらお炭のお皿お下げしてもよろしい でしょうか?
はい、ありがとうございます。お会計 2500円になります。
2500円になります。 はい、クレジットですね。少々お待ち
はい、クレジットですね。少々お待ち ください。こちらにお願いします。
ください。こちらにお願いします。 こちらお客様になります。
こちらお客様になります。 シートはご利用ですか?ありがとうございます。またお待ちしております。
ありがとうございました。 ありがとうございました。
いずらめっちゃ お待たせいたしました。お先に生ビールです。ただいまお料理お持ちいいたします。こちら味噌ラーメンと醤油ラーメンです。
こちらが餃子です。タレにつけてお 召し上がりください。ご注文の品はお揃い
召し上がりください。ご注文の品はお揃い でしょうか?それではこちらに電を失礼し
でしょうか?それではこちらに電を失礼し ます。お帰りの際にカウンターにお持ち
ます。お帰りの際にカウンターにお持ち ください。
はい。 はい。ただいまお日をお継ぎいたします。
こちらお炭のお皿お下げしてもよろしい でしょうか?
はい、ありがとうございます。お会計 2500円になります。
2500円になります。 はい、クレジットですね。少々お待ち
はい、クレジットですね。少々お待ち ください。こちらにお願いします。
ください。こちらにお願いします。 こちらお客様になります。レシートはご
こちらお客様になります。レシートはご 利用ですか?
利用ですか? ありがとうございます。またお待ちして
ありがとうございます。またお待ちして おります。
おります。 ありがとうございました。
ありがとうございました。 ありがとうございました。ありがとうございました。
ありがとうございました。ありがとうございました。 ありがとうございました。
ありがとうございました。 ありがとうございました。どうでしたか?お会計をしてお店を出るところまで練習しました。お店に入るところから練習したいという人はこの
ありがとうございました。どうでしたか?お会計をしてお店を出るところまで練習しました。お店に入るところから練習したいという人はこの [音楽]
つ前のレッスンに戻って、え、ロールプレイヤーシャドイングで練習をしてみてください。それではいってらっしゃい。",true,ja,71
9,2,#03 Real Japanese for Cafes | Shadowing & Role Play Practice,https://www.youtube.com/watch?v=yqUUwwBnt88,shadowing,2026-07-17T02:59:13.914993+00:00,2026-07-17T02:59:13.914993+00:00,"みなさん こんにちは！
このレッスンではカフェでお客さんがよく使える便利なフレーズや
店員さんがよく言うフレーズを紹介します。
この動画の最後には
カフェで店員さんと自然に会話ができるようになります。
このレッスンは3つのステップがあります。
まずは、１番。
この会話、どれくらいわかりますか？
聞いてみましょう。
どうぞ！
メニューを見て何を注文するか決めよう！
ここまでは大丈夫ですか？
店員さんが 2名様ですか？と聞いてましたね。
「何名様ですか？」と店員さんが聞くときもありますけど、
お客さんを見て、「２名様ですか？」と聞くこともあります。
その時は、合っていたら「はい」
例えば後からもう一人友達が来る時は
「すいません、あとからもうひとり来ます」と言います。
続きを見てみましょう。
聞き取れましたか？
「お好きなお席へどうぞ」はどういう意味ですか？
そう、好きな席どこでもいいですよ、という意味ですね。
例えばカフェにはよく
「カウンター席」
「ソファ席」
「窓際(まどぎわ)の席」
がありますね。
時々「カウンター席でもよろしいですか？」
と店員さんが聞くこともあります。
大丈夫だったら、「はい」
席を指差して、「あそこでも大丈夫ですか？」
「ここでも大丈夫ですか？」
と聞くこともできます。
聞き取れましたか？
長いですが、店員さんがお店でよく使うフレーズですね。
「注文する時に呼んでください」という意味です。
じゃあ、メニューを見て、何を注文するか決めましょう。
コーヒーを注文する時のフレーズです。
ホットかアイスを選べる時は、
ホットの、アイスの、とよく最初に言います。
じゃあ、「カフェラテのホットひとつ」と言うのはどうですか？
ぜんぜん大丈夫です。
でもひとつ、ふたつ、数はいつも一番最後に言います。
注文の時に「カフェラテひとつ」だけ言ったとき、
店員さんが「ホットかアイスどちらになさいますか？」
と聞きます。
どうやって答えますか？
ホットかアイスのように、２つ以上のオプションがあって、
その中から一つを選ぶとき
「〜で」と言います。
お会計の時に言う「カードで」も同じですね。
「ホット」だけ言うとあまり丁寧に聞こえないので、
「ホットで。」この「で」を忘れないでください。
「ほうじ茶アイスクリームひとつ、おねがいします」
最後に「おねがいします」と言いましたね。
「おねがいします」を言わなくても全然失礼ではないです。
でも、たくさん注文する時は
よく最後に「おねがいします」を言います。
もうひとつ、
たくさん注文するときに便利な言葉が出てきました。
あと、ブレンドコーヒーひとつ、
あと、まっちゃパウンドケーキひとつ、
「あと、」ですね。
考えている時にも
「あと〜...」っていうふうに使えるので便利です。
「あと、」使ってみてください
今の、わかりましたか？
店員さんが「おひとつずつ」と言いました。
「AとBひとつずつ」は
Aひとつ、Bひとつ、というように、
それぞれひとつ、という意味です。
たくさん注文する時に、
「ケーキとアイスとクッキーふたつずつ」
と言うこともできますね。
じゃあ、続きも見てみましょう。
わかりましたか？
「ご注文(ちゅうもん)は以上(いじょう)でよろしいですか？」
「今言ったもので注文は全部ですか？」という意味ですね。
お客さんも同じことばを使って
「はい、以上(いじょう)で。」と答えることができます。
店員さんが、メニュー、おさげしてもよろしいですか？
と聞きましたね。
前のレッスンでは
「お済みのお皿お下げしてもよろしいですか？」
という店員さんのフレーズが出てきました。
どういう意味でしたか？
お店で、「下げる」は
店員さんが持っていく、片付けるという意味です。
もう、メニューを見なくてもいい時は、「はい」
もし、まだ後でメニューをみたい時は
「あ、すいません、まだメニュー見てもいいですか？」と
お願いすることもできます。
じゃあ、これで注文はできましたね。
コーヒーが出てきます。
店員さんが「砂糖とミルクはご入用ですか？」
と聞いていました。
「ご入用ですか？」は「使いますか？」「必要ですか？」
という意味ですね。
「さとうとミルクはお使いですか？」
これも店員さんがよく言います。
ミルクか砂糖、ひとつだけ欲しい時は
「じゃあ、さとうおねがいします」
どっちも欲しい時は、「はい、おねがいします」
だけで大丈夫ですね。
どっちも使わないときはなんて言いますか？
「いや、大丈夫です」
「あ、いえ、結構(けっこう)です」でいいですね。
「ご注文はおそろいですか？」
これわかりますか？
注文したものは
全部ありますか？という意味ですね。
ここまでわかりましたか？
伝票は注文したものを
店員さんが書いたものですね。
「失礼します」と言ってテーブルの上に置きます。
「お帰りの際に、カウンターまでお持ちください」
と言っていました。
「お帰り」は「帰ります」ですね。
「際(さい)」は「時(とき)」のformalな言い方です。
だから「帰る時」という意味です。
お客さんが帰る時ですね。
「お持ちください」は「持ちます」+「ください」ですね。
「持ってきてください」
の丁寧な言い方です。
私もお会計のとき、
この伝票をカウンターに持っていくのを時々忘れるんですけど
カウンターでお会計をするときは、
伝票がないか、テーブルの上を見てから
カウンターに行くといいと思います。
店員さんが最後に「ごゆっくりどうぞ」と言いました。
「ごゆっくりどうぞ」は
お店の人が注文したものを 全部出した後に
お客さんに よく言うフレーズですね。
お店にいる時間をゆっくりと楽しんでください、
という意味なので、
「ありがとうございます」と言うのが一番自然です。
便利なフレーズもう一度練習しましょう
どうでしたか？
自信を持ってカフェで注文できそうですか？
何度もシャドーイングをして、
自然に言えるように練習してみてください。
もっと練習したい人は概要欄をチェックしてみてください。
それでは、いってらっしゃーい",true,ja,71
10,2,#04 Real Japanese for Takeout☕️ | Shadowing & Role Play Practice,https://www.youtube.com/watch?v=NyRrbZfuZ1Y,shadowing,2026-07-17T02:59:13.914993+00:00,2026-07-17T02:59:13.914993+00:00,"皆さん、こんにちは。日本語チューターのかナです。今回はコーヒースタンドのようなカフェで店員さんと自然に会話ができるように練習します。今回は私が実際にカフェに行った時の映像で練習します。
[音楽]
ええ、そうなんですね。店内でお願いではい。
ラは コールドのレギュラーでお選びいただきますが、どちらいらっしゃいますか?
聞き取れましたか?早いですよね。 この動画の最後にはコーヒースタンドで
この動画の最後にはコーヒースタンドで 自然に注文ができるようになります。
え、このレッスンは3つのステップがあり ます。日本語の字幕付きで会話を聞く。
ます。日本語の字幕付きで会話を聞く。 言葉とフレーズを学ぶ、シャドウイングと
言葉とフレーズを学ぶ、シャドウイングと ロールプレイで会話練習。まずは1つ目
ロールプレイで会話練習。まずは1つ目 どれくらい分かりますか?聞いてみ
どれくらい分かりますか?聞いてみ ましょう。どうぞ。
店内でお願いします。はい。 ありがとうございます。カペラ
ありがとうございます。カペラ カペラテ
カペラテ はい。
はい。 コールドのレギュラーで
コールドのレギュラーで はい。カフェラテのコールドのレギュラーサイズですね。お豆をお選びただけますがどちらいらっしゃいますか?
マイルドブレンドで はい。マイルのブレンドケーキいかがですか?
あ、今大丈夫です。 大丈夫ですか?はい。ありがとうございます。
大丈夫ですか?はい。ありがとうございます。 650円です。
650円です。 はい。ペでお願いします。
はい。ペでお願いします。 はい。こちらでお願いします。
番お呼びしますのでお席でお待ちください。 ありがとうございます。はい。しました。マイルドバレートのです。ありがとうございます。のままでおします。ありがとうございます。店
内でお願い。 はい。ありがとうございます。
はい。ありがとうございます。 分かりましたか?え、店内という言葉が出
分かりましたか?え、店内という言葉が出 てきまし[音楽]た。え、漢字が分かる人
てきまし[音楽]た。え、漢字が分かる人 はすぐに分かるかもしれません。[音楽]
はすぐに分かるかもしれません。[音楽] え、天はお店、内は何かの外
え、天はお店、内は何かの外 の意味ですね[音楽]。だから内はお店の
の意味ですね[音楽]。だから内はお店の 中という意味です。店内でお過ごしよし。
中という意味です。店内でお過ごしよし。 はい。ありがとうございます。お過ごしで
はい。ありがとうございます。お過ごしで よろしかったですか?お過ごしは過ごすと
よろしかったですか?お過ごしは過ごすと いう同詞の丁寧な言い方です。過ごすは
いう同詞の丁寧な言い方です。過ごすは 時間を使うという意味の同詞ですね。
時間を使うという意味の同詞ですね。 例えば今年の夏休みは家でゆっくり過ごし
例えば今年の夏休みは家でゆっくり過ごし [音楽]た。
[音楽]た。 週末は子供と遊んで過ごした。
週末は子供と遊んで過ごした。 店員さんが店内でお過ごしでよろしかった
店員さんが店内でお過ごしでよろしかった ですかと言っていました。
ですかと言っていました。 じゃあ、ここでは何を聞いていますか?
じゃあ、ここでは何を聞いていますか? お店の中で飲みますか?食べますか?と
お店の中で飲みますか?食べますか?と いうことですね。店内でお召し上がりです
いうことですね。店内でお召し上がりです か?も同じ意味でよく聞くフレーズです。
か?も同じ意味でよく聞くフレーズです。 お店の中で飲みたい時は
はい、店内では店内でカフェではよく使う フレーズです。じゃあ、外に持っていき
フレーズです。じゃあ、外に持っていき たい時は何て言いますか?
あ、テイクアウトで。あ、テイクアウトで お願いします。も言うと丁寧ですね。
お願いします。も言うと丁寧ですね。 テイクアウト。カタカナの英語の言葉です
テイクアウト。カタカナの英語の言葉です ね。英語ではtogoやtakeaway
ね。英語ではtogoやtakeaway も使いますが、日本語ではテイクアウト
も使いますが、日本語ではテイクアウト しか使わないです。
しか使わないです。 あれ、お持ち帰りも聞いたことあるけどっ
あれ、お持ち帰りも聞いたことあるけどっ ていう[音楽]人いますか?そう、お
ていう[音楽]人いますか?そう、お 持ち帰りは同じ意味の日本語の言葉ですね
持ち帰りは同じ意味の日本語の言葉ですね 。お寿司屋さん、とんかち屋さんのような
。お寿司屋さん、とんかち屋さんのような 、ずっと前から日本にあるようなお店はお
、ずっと前から日本にあるようなお店はお 持ち帰りを使うところもあります。カフェ
持ち帰りを使うところもあります。カフェ やファストフードのようなお店は
やファストフードのようなお店は テイクアウトを使うことが多いです。
テイクアウトを使うことが多いです。 例えばカフェでテイクアウトしたい時、
例えばカフェでテイクアウトしたい時、 店員さんが店内でお過ごしですかと聞き
店員さんが店内でお過ごしですかと聞き ませんでした。このお店のコーヒーを
ませんでした。このお店のコーヒーを テイクアウトできるかどうか分かりません
テイクアウトできるかどうか分かりません 。そんな時どうやって聞きますか?すい
。そんな時どうやって聞きますか?すい ません。テイクアウトできますか?
ません。テイクアウトできますか? シンプルですね。是非聞いてみてください
シンプルですね。是非聞いてみてください 。店内でお過はありがとうございます。
。店内でお過はありがとうございます。 フェラテ
フェラテ はい。
はい。 コールドのレギュラーで。
コールドのレギュラーで。 はい。カフェラテのコールドのレギュラーサイズですね。
はい。カフェラテのコールドのレギュラーサイズですね。 はい。聞き取れましたか?
はい。聞き取れましたか? このカフェのメニューはこんな感じでした。え、左から順番にカフェラテのコールドのレギュラーサイズでと言いました。大体お店のメニューに合わせて注文します。
え、その後ですね、カフェラテのコールドのレギュラーでと言った後、店員さんは何て言っていましたか聞いてみましょう。ラ、
カフェラテはドンのレギュラーで
はい。カフェラテのコールドのレギュラーサイズですね。お豆をお選びただけますが、どちらいらっしゃいますか?
分かりましたか?え、お豆をお選びただけますが、どちらになさいますか?豆ですね。お選びただけます。
[音楽]
は選べます。選ぶこと[音楽]ができます の言い方です。どちらになさいますか?
の言い方です。どちらになさいますか? これもABCどれ[音楽]にしますかの
これもABCどれ[音楽]にしますかの 丁寧な言い方です。え、どこ、どっちどれ
丁寧な言い方です。え、どこ、どっちどれ を丁寧に言うと全部[音楽]どちらになり
を丁寧に言うと全部[音楽]どちらになり ます。ちょっと覚えておいてください。お
ます。ちょっと覚えておいてください。お 選びいただけますが、どちらますか?
選びいただけますが、どちらますか? マイルマイルドブレンドです。
マイルマイルドブレンドです。 マイルドブレンド。
マイルドブレンド。 じゃあ、マイルドブレンドで。え、これもいくつかのオプションから
つを選んでいるので、何々ででと言います。 [音楽]
ちなみにミルクの変更がしたい人いますか ?こういう風にミルクの他のオプションが
?こういう風にミルクの他のオプションが ある時、
ミルクを大津ミルクに変更でお願いします 。ミルクを大津ミルクに変更でお願いし
。ミルクを大津ミルクに変更でお願いし ます。ミルクを豆乳に変更でお願いします
ます。ミルクを豆乳に変更でお願いします 。ミルクをアーモンドミルクに変更でお
。ミルクをアーモンドミルクに変更でお 願いします。ということができます。変更
願いします。ということができます。変更 は変えるという意味の少しフォーマルな
は変えるという意味の少しフォーマルな 言葉でオフィシャルなものを変える時に
言葉でオフィシャルなものを変える時に 使います。[音楽]例えば会議の日程の
使います。[音楽]例えば会議の日程の 変更がありましたという風に名刺として
変更がありましたという風に名刺として [音楽]使ったり変更するという同詞とし
[音楽]使ったり変更するという同詞とし て予約[音楽]の時間を変更しましたと
て予約[音楽]の時間を変更しましたと いうことができます。メニューにミルクの
いうことができます。メニューにミルクの オプションがない[音楽]時は
ミルクの変更ってできますか?ミルクの 変更ってできますか?と聞くことができ
変更ってできますか?と聞くことができ ます。それかオーツミルクありますか?
ます。それかオーツミルクありますか? 豆乳ありますか?と直接聞くこともでき
豆乳ありますか?と直接聞くこともでき ますね。私も時々ミルクでお腹が痛くなる
ますね。私も時々ミルクでお腹が痛くなる ので、[音楽]他のオプションがある時は
ので、[音楽]他のオプションがある時は 、え、よくミルクを変更するんですが、
、え、よくミルクを変更するんですが、 日本のカフェでは最近[音楽]
日本のカフェでは最近[音楽] 変更できるお店が少し増えてきたなという
変更できるお店が少し増えてきたなという 感じで、まだオプションがないところも
感じで、まだオプションがないところも 多いです。え、メニューに書いていない時
多いです。え、メニューに書いていない時 は多分変更できないかなと私思っています
は多分変更できないかなと私思っています が、すいません。ミルクの変更できますか
が、すいません。ミルクの変更できますか と聞いてみてもいいですね。
と聞いてみてもいいですね。 ケーキいかがですか?
ケーキいかがですか? あ、今大丈夫です。
あ、今大丈夫です。 大丈夫ですか?
大丈夫ですか? はい。あり、
はい。あり、 ご一緒にケーキいかがですか?いかがですか?はどうですか?の丁寧な言い方ですね。え、コーヒーと一緒にケーキを注文しませんか?どうですか?という意味ですね。もしかしたら後で注文するかもしれないという時は今は大丈夫です。もしで問する可能性がない時は大丈夫です。
あ、結構です。だけでいいと思います。じゃあ、お会のシーンを見てみましょう。ケーキいかがですか?
あ、今大丈夫です。 大丈夫ですか?はい。ありがとうございます。
大丈夫ですか?はい。ありがとうございます。 650円です。
650円です。 はい。ペイペayでお願いします。はい。
はい。ペイペayでお願いします。はい。 Pay
Pay でお願いします。え、お会の時に使えるでお願いします。ですね、よくレジのところにこういうサインがあるので、何で払えるか確認できます。
もしこういうサインがない場合は ApplePay
ApplePay 使いますかと聞いてもいいですね。じゃあ続きを見てみましょう。はい。ペでお願いします。
はい。でお願いします。
番でお呼びしますのでお席でお待ちください。 ありがとうございます。
ありがとうございます。 ありがとうございます。
ありがとうございます。 このカフェでは番号が書いてあるカード番号札をもらって自分の席に座って待ちます。
番号札42番でお呼びしますのでお席でお 待ちください。お呼びします。は呼びます
待ちください。お呼びします。は呼びます 。42番呼びますの言い方ですね。お待ち
。42番呼びますの言い方ですね。お待ち くださいも待ってくださいの丁寧な言い方
くださいも待ってくださいの丁寧な言い方 です。え、席と待ちという言葉が音が
です。え、席と待ちという言葉が音が 聞こえたらあで待つんだなと分かります。
聞こえたらあで待つんだなと分かります。 店員さんが42
店員さんが42 番のお客様と言った時にカウンターにコーヒーを取りに行きます。はい。しました。マイルドバレードの挨拶です。ありがとうございます。のままでお待しお願いします。ありがとうございます。
うん。うん。 お帰りの際、こちらのカウンターまでお戻しお願いします。お帰りの際は帰る時という意味ですね。
お帰りの際、こちらのカウンターまでお戻しお願いします。お帰りの際は帰る時という意味ですね。 [音楽]
え、お戻しお願いしますは戻してください の丁寧な言い方です。帰る[音楽]時に
の丁寧な言い方です。帰る[音楽]時に コーヒーカップをカウンターに戻して
コーヒーカップをカウンターに戻して ください。持って[音楽]きてくださいと
ください。持って[音楽]きてくださいと いう意味です。じゃあ、ここまで全部の
いう意味です。じゃあ、ここまで全部の 会話を確認しました。ここまで大丈夫です
会話を確認しました。ここまで大丈夫です か?じゃあまた便利なフレーズを復習し
か?じゃあまた便利なフレーズを復習し ましょう。
はい。店内ではい。店内で。
あ、テイクアウトで。あ、テイクアウトで 。
ミルクを大津ミルクに変更でお願いします 。ミルクを大津ミルクに変更でお願いし
。ミルクを大津ミルクに変更でお願いし ます。
ます。 [音楽]
[音楽] ミルクの変更ってできますか?ミルクの
ミルクの変更ってできますか?ミルクの 変更ってできます[音楽]か?
字幕を見ながら音声を聞いてすぐ[音楽] 後に続けてリピートしてみましょう。
後に続けてリピートしてみましょう。 店内でお店内はい。カペラテカフェラテ
店内でお店内はい。カペラテカフェラテ はい。
はい。 コールドのレギュラーで。
コールドのレギュラーで。 はい。カフェラテのコールドのレギュラーサイズですね。お豆をお選びただけますがどちらいらっしゃいますか?マイル
マイルドブレンドで。 はい。マイルドブレンド。
ケーキいかがですか? あ、今大丈夫です。
あ、今大丈夫です。 大丈夫ですか?はい。ありがとうございます。
大丈夫ですか?はい。ありがとうございます。 650円です。
650円です。 はい。ペでお願いします。
はい。ペでお願いします。 はい。こちらでお願いします。
番お呼びしますのでお席でお待ちください。 ありがとうございます。はい。しました。マイルドオレートのです。ありがとうございます。のままでおします。ありがとうございます。
リズムやイントネーションをよく聞いてシャドイングしてみてください。店
内でお願いします。 はい。ありがとうございます。
はい。ありがとうございます。 カフェラテは
カフェラテは コールドのレギュラーで
コールドのレギュラーで はい。カフェラテのコールドのレギュラーサイズですね。お豆をお選びただけますが、どちらいらしいますか?
マイルのブレンドで。 はい。マイルのブレンドで豆。
星にケーキいかがですか? あ、今大丈夫です。
あ、今大丈夫です。 大丈夫ですか?はい。ありがとうございます。
大丈夫ですか?はい。ありがとうございます。 650円です。
650円です。 はい。ペでお願いします。
はい。ペでお願いします。 はい。こちらでお願いします。
番でお呼びしますのでお席でお待ちください。 ありがとうございます。はい。
ありがとうございます。はい。 しました。マイルドーボレートの手です。ありがとうございます。のままでおします。ありがとうございます。
次は音のリズムやイントネーションを真似しながら意味も考えてシャドウイングしてみましょう。店内でお過ごしでよろしかったですか?
はい。店内で はい。ありがとうございます。
はい。ありがとうございます。 え、じゃ、カフェラテのコールドのレギュラーで。
はい。カフェラテのコールドのレギュラーサイズですね。お豆を選びただけますが、どちらになさいますか?
じゃあ、マイルドブレンドで。
はい。マイルドブレンドですね。ご一緒にケーキいかがですか?
あ、今は大丈夫です。 大丈夫ですか?はい。ありがとうございます。
650円です。 はい。Payでお願いします。
はい。Payでお願いします。 こちらでお願いします。
番号札42 番でお呼びしますのでお席でお待ちください。
番でお呼びしますのでお席でお待ちください。 はい、42
はい、42 番のお客様
番のお客様 お待たせいたしました。マイルドブレンドのアイスカフェラテです。お帰りなさい。こちらのカウンターまでお戻しお願いします。
はい、ありがとうございます。
店員さんの言っていることをよく聞いてお 客さんの役になって話してみましょう。
客さんの役になって話してみましょう。 店内でお過ごしでよろしかったですか?
店内でお過ごしでよろしかったですか? はい、ありがとうございます。
はい、カフェラテのコールドのレギュラー サイズですね。
サイズですね。 豆を選びいただけますが、どちらになさい
豆を選びいただけますが、どちらになさい ますか?
はい、マイルドブレンドですね。ご一緒に ケーキいかがですか?
ケーキいかがですか? 大丈夫ですか?はい、ありがとうござい
大丈夫ですか?はい、ありがとうござい ます。650円です。
ます。650円です。 こちらでお願いします。
こちらでお願いします。 番号42番でお呼びしますのでお席でお
番号42番でお呼びしますのでお席でお 待ちください。42番のお客様
待ちください。42番のお客様 お待たせいたしました。マイルドブレンドのアイスカフェラテです。お帰りなさい。こちらのカウンターでお戻しお願いします。次はちょっと早いですが店員さんの言ってることをまたよく聞いて自然なスピードで返してみてください。店内でお
[音楽]
店内であ、はい。ありがとうございます。
ラ はい。
はい。 コールドのレギュラーで
コールドのレギュラーで はい。カメラテのコールドのレギュラーサイズですね。めをお選びいただけますが、どちらいらしいますか?マイルのブレンドで。
はい。マイルのブレンド。
星にケーキいかがですか?あ、 今大丈夫です。
今大丈夫です。 大丈夫ですか?はい。ありがとうございます。
大丈夫ですか?はい。ありがとうございます。 650円です。
650円です。 はい。ペでお願い。
はい。ペでお願い。 はい。
はい。 で、お願いします。
番でお呼びしますのでお席でお待ちください。 ありがとうございます。
ありがとうございます。 はい。
はい。 しました。マイルドオレートのです。ありがとうございます。のままでお待しお願いします。ありがとうございます。
最後のチャレンジです。本当にカフェにいる想像をして店員さんと話してみましょう。ゆっくりでも間違えても大丈夫です。気にしないで店員さんが次に言っていることをよく聞いてください。店内でお店内で [音楽]
[音楽]
あ、はい。ありがとうございます。 カペラテはい。
カペラテはい。 コールドのレギュラーで
コールドのレギュラーで はい。カペラテのコールドのレギュラーサイズですね。豆をお選びいただけますが、どちらいらしいますか?マイルのブレンドで。
はい。マイルのブレンド豆。ケーキいかがですか?今大丈夫?
大丈夫ですか?はい。ありがとうございます。 650円です。
650円です。 はい。ペでお願い。
はい。ペでお願い。 はい。
はい。 で、お願いします。
お呼びしますのでお席でお待ちください。ご ありがとうございます。はい。
ありがとうございます。はい。 しましました。マイルドオーバレートのです。ありがとうございます。
のまでおします。ありがとうございます。
うん。うん。 お疲れ様でした。どうでしたか?え、自信を持ってコーヒースタンドで注文できそうですか?え、何度もシャドイングをして自然に言えるように練習してみてください。
もっと練習したい[音楽]人は概要欄を チェックしてみてください。それでは行っ
チェックしてみてください。それでは行っ てらっしゃい。",true,ja,71
11,2,#09 Real Japanese for Izakaya🏮 | Shadowing & Role Play Practice,https://www.youtube.com/watch?v=3bcngLz1rYg,shadowing,2026-07-17T02:59:13.914993+00:00,2026-07-17T02:59:13.914993+00:00,"今日もおつかれさまです！
日本語チューターのカナです。
前回(ぜんかい)のレッスンでは、
電話（でんわ）で居酒屋の予約（よやく）をしたので、
今回は、いよいよ いっしょに 居酒屋に行ってみましょう！
居酒屋(いざかや)は、いろんなスタイルがあって、
ルールなども ちがうので、
できるだけ みなさんがいろんなお店に
安心（あんしん）して行けるように、
今回は、実際に わたしが行（い）った
2つ（ふたつ）の お店での会話（かいわ）をもとにして、
レッスンをつくりました！
店員さんのフレーズ、聞（き）きとれましたか？
このレッスンのさいごには、ぜんぶわかるようになります！
レッスンが終わったら居酒屋 Vlog もあるので
お楽しみに！
このレッスンは、3つのステップがあります。
この会話（かいわ）、どれくらい わかりますか？
まずは、翻訳（ほんやく）なしで 聞（き）いてみましょう！
お店に入（はい）ったとき、店員さんは
なんて聞いていましたか？
聞いてみましょう。
こんばんは！
いらっしゃいませ〜、ご予約（よやく）いただいてますか？
はい！
７時から予約（よやく）してたキムラ(仮)なんですけど...
キムラ様（さま）。
はい。
「ご予約（よやく）いただいてますか？」
「予約（よやく）していますか？」 の
丁寧（ていねい）な言い方ですね。
よく店員さんが使う 「ご + 〇〇 いただく」のかたちです。
たとえば、
「本日（ほんじつ）は、ご来店（らいてん）いただき」
「ありがとうございます」とか、
「あちらのアメニティをご利用（りよう）いただけます」 とか
同じかたちですね。
この居酒屋（いざかや）フレーズ動画（どうが）では、
同（おな）じ意味（いみ）で、
「ご予約(よやく)はございますか？」
というフレーズを紹介（しょうかい）しています。
そのあとにお客さんが言ったこと、聞（き）きとれましたか？
７時から予約（よやく）してたキムラ(仮)なんですけど...
キムラ様（さま）。
はい。
７時から予約してたキムラなんですけど...
７時から２人（ふたり）で予約してたキムラなんですけど...
「7時 から予約(よやく)してたキムラなんですけど...」
「7時 から 2人(ふたり)で 予約（よやく）してた」
「キムラなんですけど...」
このフレーズ、
ホテルのチェックインのレッスンでも出てきました。
こんにちは。
予約（よやく）してた キムラ なんですけど ...。
これに、予約（よやく）の時間（じかん）だけ プラスして、
「7時(しちじ)から予約（よやく）してた」
「キムラなんですけど」
と言っています。
「7時（しちじ）から」と言ったり、
「7時（しちじ）に」と言うこともできます。
どちらでも大丈夫（だいじょうぶ）です。
予約（よやく）をしていたので、こういうふうに答えました。
予約（よやく）をしていないときに言えるフレーズは
この動画（どうが）で紹介（しょうかい）しているので、
ぜひ見てみてください。
すいません、予約（よやく）してないんですけど、
大丈夫（だいじょうぶ）ですか？
このあとに店員さんが、
1つ(ひとつ) 質問（しつもん）をしています。
こんばんは！
いらっしゃいませ〜、ご予約（よやく）いただいてますか？
はい！
７時から予約（よやく）してたキムラ(仮)なんですけど...
キムラ様（さま）。
はい。
２名様（にめいさま）でよろしかったですか？
はい。
「２名様（にめいさま）でよろしかったですか？」
と聞（き）いていますね。
人数（にんずう）の確認（かくにん）ですね。
さっき キーフレーズでは、
「7時（しちじ）から 二人(ふたり)で予約（よやく）してた」
「キムラ（仮）なんですけど...」というふうに、
「ふたりで」 というバージョンも紹介（しょうかい）しました。
最初（さいしょ）に、人数（にんずう） も言うと
店員さんが、ぜんぶ確認（かくにん）をできるので、
すこし長（なが）くなりますが、
「7時（しちじ）から 4人(よにん)で 予約(よやく)してた」
「キムラなんですけど...」
というふうに、言うこともできます。
「〜で よろしいですか？」 は、
「いいですか？」 の、丁寧（ていねい）な言い方。
確認（かくにん）をするときに、よく使（つか）いますね。
「よろしかったですか？」
もっと丁寧（ていねい）に聞こえるように、
よく店員さんが、この質問（しつもん）を
過去（かこ） の 形(かたち) にします。
「〜ですか？」 じゃなくて、 「〜でしたか？」 ですね。
たとえば、
「ご注文（ちゅうもん）はお決まりでしたか？」 とか、
「ご注文の品（しな）はお揃（そろ）いでしたか？」
などですね。
まちがえている日本語だという人も多いですが、
お店などで、よく聞くと思うので
覚（おぼ)えてると良いかなと思います。
じゃあ、つづきを見てみましょう！
キムラ様（さま）。
はい。
２名様（にめいさま）でよろしかったですか？
はい。
お席（せき）の方（ほう）ご案内（あんない）しますねー。
お願（ねが）いしまーす。
ご予約様（よやくさま）でーす。
いらっしゃいませ〜！ (いらっしゃいませー！ )
こちらのお席（せき）になりまーす！
はーい、ありがとうございまーす。
ご来店（らいてん）ありがとうございます。
よかったら 足元 お荷物（にもつ） カゴ🧺 ありますので。
あ、ありがとうございまーす。
「ご来店（らいてん）ありがとうございます」
ご来店（らいてん）
来店（らいてん）は漢字がわかれば簡単（かんたん）です。
「お店に来(く)る」 という意味(いみ)ですね。
お店で席（せき）に座（すわ）って、
最初（さいしょ）に、店員さんが
席（せき）に来（く）るときに
話（はな）し始（はじ）めるとき、
よくこれを言います。
「よかったら 足元（あしもと）」
「お荷物（にもつ）カゴ ありますので」
足元(あしもと)は 足（あし）のまわり / ちかくという意味で
使（つか）いますね。
電車（でんしゃ）のホームのアナウンスとかで
「足元（あしもと） にご注意（ちゅうい）ください。」
というのを聞いたことないですか？
よくアナウンスで使われています。
足元（あしもと）ですね。
そのつぎに、
「お荷物（にもつ）カゴ」 と言っています。
こういう、荷物（にもつ）を入れるカゴが
テーブルの下（した）などに置（お）いてあるので、
店員さんが教(おし)えてくれています。
「よかったら、足元（あしもと） 」
「お荷物（にもつ） カゴありますので」
「つかってください」 ということですね。
居酒屋(いざかや)は、テーブルやイスもせまくて
荷物（にもつ）を置（お）く場所（ばしょ）が
ないところも多（おお）いので、
ときどき、こういうカゴを準備（じゅんび）してくれています。
このあとに、店員さんがいろいろな
お店の説明（せつめい）をしてくれているので
聞いてみましょう。
よかったら 足元 お荷物（にもつ） カゴ🧺 ありますので。
あ、ありがとうございまーす。
こちらメニューになります。
はーい。
ドリンクが、
はい。
おひとり様（さま） 1650円（せんろっぴゃくごじゅうえん）で
飲（の）み放題（ほうだい） おつけできるんですけど、
どうされますか？
「おひとりさま 1650円 で」
「飲（の）み放題（ほうだい）おつけできるんですけど」
「どうされますか？」
と、言っていました。
もう、日本のいろんな居酒屋（いざかや）に
行（い）ったことがある人なら、
よく知（し）っていると思います。
飲（の）み放題（ほうだい）ですね。
たとえば、1時間（いちじかん）とか2時間（にじかん）とか
決（き）まった時間（じかん）のあいだだったら、
1杯、2杯、3枚、４杯...とか
どれだけ飲（の）んでも、同（おな）じ
値段(ねだん)が変（か）わらないですよ、ということです。
このお店では、
ひとり 1650円 払(はら)ったら、
飲（の）み放題（ほうだい）のプランにすることができます。
飲（の）み放題（ほうだい）のほかに、
食（た）べ放題（ほうだい）があるお店もありますね。
「おつけできる」
動詞は「つける」なので
つけることができる、という意味（いみ）です。
「どうされますか？」
「どうしますか？」 と丁寧（ていねい）に
聞いているので、
もし、飲（の）み放題（ほうだい）のプランが良かったら、
「じゃあ、飲（の）み放題（ほうだい）でおねがいします」
と、言うことができます。
飲み放題（ほうだい）プランが必要（ひつよう）なかったら、
なんて言いますか？
おひとり様（さま） 1650円（せんろっぴゃくごじゅうえん）で
飲（の）み放題（ほうだい） おつけできるんですけど、
どうされますか？
いや、単品（たんぴん）で、だいじょうぶです。
「いや、単品（たんぴん）で大丈夫です」
単品（たんぴん）は、セットやコースではなくて、
1つひとつの飲（の）みものや、
料理（りょうり）についてですね。
１品（いっぴん）ずつ、自分（じぶん）で選（えら）んで
注文（ちゅうもん）します。
このお店では、
「飲（の）み放題（ほうだい）お付（つ）けできますが、」
「どうしますか？」 と聞いているので、
「単品（たんぴん）で大丈夫です」 と言いました。
もし、注文（ちゅうもん）するときに、
「単品（たんぴん）のご注文でよろしいですか？」
と、店員さんが確認（かくにん）してくれたら、
「はい、単品（たんぴん）で」 と言うか、
飲（の）み放題（ほうだい）がよかったら、
「あ、飲（の）み放題（ほうだい）でおねがいします。」
ということができます。
ちなみに、このフレーズも
この動画（どうが）に出（で）てくるので
聞いてみてください。
おひとり様（さま） 1650円（せんろっぴゃくごじゅうえん）で
飲（の）み放題（ほうだい） おつけできるんですけど、
どうされますか？
いや、単品（たんぴん）で、だいじょうぶです。
単品（たんぴん）で。
はい。
お席（せき）の方（ほう）が2時間制（じかんせい）で
フードが75分（ななじゅうごふん）、
ドリンクが90分（きゅうじゅっぷん）で
ラストオーダーとらせていただきます。
はーい、わかりました。
これ、速（はや）くて 聞きとりづらいですが、
いちばん大事（だいじ） なルールです。
「お席（せき）の方（ほう）が、2時間制（にじかんせい）で」
この 「制（せい）」 は、ルールという意味（いみ）で
使（つか）います。
「2時間（にじかん）でお店を出（で）てください」
というルールです。
「フードが 75分（ななじゅうごふん）」
「ドリンクが 90分（きゅうじゅっぷん）で」
「ラストオーダー取（と）らせていただきます。」
ラストオーダーは、
さいごに注文（ちゅうもん）できる時間のことですね。
この時間を過（す）ぎると、
もう注文（ちゅうもん）できません、ということです。
このお店は、「フード」 「ドリンク」 と、
カタカナを使(つか)っていましたが、
「お料理(りょうり)」 「お飲(の)み物(もの) 」
と言う お店もあります。
「料理(りょうり)は 75分(ななじゅうごふん）」
なので、1時間15分後（いちじかんじゅうごふんご）で
さいごの注文（ちゅうもん）をしなきゃいけない
ってことですね。
「飲（の）みものは、90分（きゅうじゅっぷん）」 なので、
1時間半後（いちじかんはんご）で、
さいごの注文（ちゅうもん）をします。
もうひとつだけ、説明（せつめい）があるので
聞いてみましょう。
お席（せき）の方（ほう）が2時間制（じかんせい）で
フードが75分（ななじゅうごふん）、
ドリンクが90分（きゅうじゅっぷん）で
ラストオーダーとらせていただきます。
はーい、わかりました。
ラストオーダーの際（さい）、
お鍋（なべ）の注文（ちゅうもん）だけできませんので
ご了承（りょうしょう）くださーい。
はーい。
「ラストオーダーの際（さい）、」
「お鍋（なべ）の注文（ちゅうもん）だけできませんので」
「ご了承（りょうしょう）ください。」
これ、意味（いみ）わかりますか？
「お鍋（なべ）の注文（ちゅうもん）だけできません」
と、言っていました。
お鍋（なべ）の料理（りょうり）があるお店なんですが、
75分後（ななじゅうごふんご）の
さいごの注文（ちゅうもん）のときには、
お鍋（なべ）の注文（ちゅうもん）はできない
ということなんですよね。
お鍋（なべ）を作（つく）るのは時間（じかん）がかかるから
ですよね。
さいごの「ご了承（りょうしょう）ください」 は、
「理解（りかい）してください」 「わかってください」
「おねがいします」 という意味（いみ）です。
ルールなど、もう変（か）えられないことを
伝（つた）えるときによく使うフレーズです。
お席（せき）の方（ほう）が2時間制（じかんせい）で
フードが75分（ななじゅうごふん）、
ドリンクが90分（きゅうじゅっぷん）で
ラストオーダーとらせていただきます。
はーい、わかりました。
ラストオーダーの際（さい）、
お鍋（なべ）の注文（ちゅうもん）だけできませんので
ご了承（りょうしょう）くださーい。
はーい。
よかったら、最初（さいしょ）に
お飲（の）みものの方（ほう）、おうかがいしておきますね。
じゃあ、生（なま）ビール2つ（ふたつ） おねがいします。
生(なま)ビール お2つ（ふたつ）。
はーい。
「よかったら、」
「最初（さいしょ）に、お飲（の）みものの方（ほう）」
「お伺（うかが）いしておきますね。」
店員さんが、飲みものの注文（ちゅうもん）を
最初（さいしょ）に聞くというのは、
居酒屋（いざかや）で、よくあることなんですよね。
よかったら、最初（さいしょ）に
お飲（の）みものの方（ほう）、おうかがいしておきますね。
最初（さいしょ）に飲みものだけ注文（ちゅうもん）して、
店員さんが飲みものを持ってくるまでに、
何の料理（りょうり）を注文（ちゅうもん）するか決めておく
というのが、居酒屋（いざかや）でよくある
スムーズな流（なが）れです。
ここでは、
「じゃあ、生（なま）ビール2つ（ふたつ）お願いします。」
と注文（ちゅうもん）しました。
飲みものがすぐに決（き）まったら、
このように注文（ちゅうもん）してもいいし、
まだ考（かんが）えたいというときは、
「もうすこし考（かんが）えてもいいですか？」
と言って、あとで注文（ちゅうもん）することもできます。
よかったら、最初（さいしょ）に
お飲（の）みものの方（ほう）、おうかがいしておきますね。
じゃあ、生（なま）ビール2つ（ふたつ） おねがいします。
生(なま)ビール お2つ（ふたつ）。
はーい。
失礼（しつれい）しまーす。 お通（とお）しでーす。
あ、ありがとうございまーす。
「お通（とお）しでーす」 と言って、
店員さんが料理（りょうり）を持ってきました。
はじめて居酒屋（いざかや）に行った人は
「え、注文（ちゅうもん）してないよ...！」
と、びっくりするかもしれないんですが、
お通（とお）しは、
注文（ちゅうもん）したお酒（さけ）といっしょに食（た）べる
ちいさい料理（りょうり）のことです。
お酒（さけ）を出すお店なので、
座席料（ざせきりょう） ＝ テーブルチャージとして、
ひとり 300円 〜 500円くらい
絶対（ぜったい）に払わなければならないんですよね。
そのお金（かね）をもらうので、
代（か）わりに、お店がサービスとして
アパタイザーのような、小さい料理（りょうり）を出します。
これは、その料理（りょうり）を食（た）べなかったら、
そのお通（とお）し代（だい）を、払（はら）わなくていい
ということではないので、
覚（おぼ）えておいてください。
伝票（でんぴょう）やレシートに、
こういうふうに、お通（とお）しの値段（ねだん）も
書いてあるので
いくらか確認（かくにん）できます。
ちなみに、とくに関西（かんさい）では、
お通（とお）しのことを、「突き出し（つきだし）」
と言うお店もあるので、
ちょっと覚（おぼ）えておくと便利（べんり）です。
じゃあ、次は料理（りょうり）の注文（ちゅうもん）をします。
失礼（しつれい）しまーす。 お通（とお）しでーす。
あ、ありがとうございまーす。
あ、すいません、注文（ちゅうもん）いいですか？
はい、どうぞー。
枝豆（えだまめ） １つ（ひとつ）。
はい。
からあげ 1皿（ひとさら）。
はい。
つくね 2本(にほん)。
はい。
ポテサラ １つ（ひとつ）。
はい。
注文（ちゅうもん）の仕方（しかた）は、もう大丈夫ですね。
「すいません、注文（ちゅうもん）いいですか？」
と言って、注文（ちゅうもん）を始（はじ）めました。
「枝豆（えだまめ）１つ（ひとつ）」
「からあげ １皿（ひとさら）」
「つくね２本（にほん）」
「ポテサラ 1つ（ひとつ）」
１つ（ひとつ） / １皿（ひとさら）/ 1本（いっぽん）
いろんな数（かぞ）え方（かた）が、出てきましたね。
&lt;font color=#000000FF&gt; かな先生！質問があります。&lt;/font&gt;
からあげは、どうして 1つ（ひとつ）じゃなくて
1皿（ひとさら）って言ったんですか？
あ！ いい質問（しつもん）ですね！ ありがとうございます。
枝豆（えだまめ）とか、ポテサラも
もちろん、お皿（さら）で出てきますよね。
でも、１つ（ひとつ） と言っていました。
からあげは、時々（ときどき）
１つ（ひとつ）、
ほんとうに、この からあげ１つ から注文できる
お店もあるんですよね。
ちょっと大きいからあげとか、
だから、からあげ１つ ではなくて、
5個(ごこ) 入っているお皿（さら）を頼（たの）んでいます。
ということが、店員さんにわかるように
1皿（ひとさら）を使いました。
&lt;font color=#000000FF&gt;ここでもう1つ、豆知識です。&lt;/font&gt;
ちなみに、
メニューには、「５」と カタカナのちいさい「ケ」
と書いていますよね。
これ、もともとは、この漢字のこの部分を
簡単（かんたん）に書いて、
こうなったものらしいんですけど、
たとえば、1ヶ月（いっかげつ）、2か月（にかげつ）と
月（つき）を数（かぞ）えるときにも、使いますよね。
メニューでは、５ケ(ごこ) と読むことができます。
つくね二本（にほん）、
これ 串（くし）と言いますが、
この串（くし） の食（た）べものを数えるときは、
細（ほそ）くて長(なが)いものに使う
本（ほん）： 1本（いっぽん）、2本（にほん）... を使います。
もし、どんな数（かぞ）えかたをするか分からなかったら、
もちろん、ぜんぶ、１つ、2つ、3つ...って
言っても大丈夫です。
この動画(どうが）では、日本語のネイティブスピーカーが
どうやって自然（しぜん）に注文（ちゅうもん）するかを
紹介（しょうかい）しているので、
絶対（ぜったい）に、1皿（ひとさら）とか、
1本（いっぽん）を使わなきゃいけない
というわけじゃないので、
心配（しんぱい）しないでください。
からあげ 1皿（ひとさら）。
はい。
つくね 2本(にほん)。
はい。
ポテサラ １つ（ひとつ）。
はい。
で、えっとー...
飲み物（のみもの）が、
あらごしみかん酒（しゅ）の、ソーダ割（わ）り１つ（ひとつ）。
ソーダ割（わ）り。
はい。
で、えっと、飲み物（のみもの）が、
あらごしみかん酒（しゅ）の、
ソーダ割（わ）り１つ（ひとつ）。
で、えっと、飲み物（のみもの）が、
あらごしみかん酒（しゅ）の、
ソーダ割（わ）り１つ（ひとつ）。
お酒(さけ)の飲（の）み方（かた）を選（えら）べるときに、
「 (お酒のなまえ） の （ロック）」
「 (お酒のなまえ） の （水わり）」
「 (お酒のなまえ） の （お湯わり）」
「 (お酒のなまえ） の （ソーダわり）」
「...１つ（ひとつ）」 というふうに、たのむことができます。
ロックは、英語（えいご）の表現（ひょうげん）
on the rocks から来（き）ていますよね。
氷（こおり）のうえに、お酒（さけ）を入れる飲み方です。
「〜割り」 は、お酒（さけ）をほかのもので
なにかで混（ま）ぜることですね。
ソーダ割（わ）りは、炭酸水（たんさんすい）と お酒（さけ）
水割（みずわ）りは、水（みず）と お酒（さけ）
お湯割（ゆわ）りは、お湯（ゆ）と お酒（さけ）
これをおぼえると、自分の好きな飲み方ができますね。
メニューに、飲（の）み方（かた）のオプションが
こうやって書（か）いてあるお店もあるし、
書（か）いてないお店もあるので、
書いていなかったら
「あ、梅酒（うめしゅ）のお湯割（ゆわ）りってできますか？」
と、聞いてみてもいいと思います。
ちなみに、このお酒の飲み方のフレーズも
この動画で紹介しているので、
ぜひ、聞いてみてください。
で、えっとー...
飲み物（のみもの）が、
あらごしみかん酒（しゅ）の、ソーダ割（わ）り１つ（ひとつ）。
ソーダ割（わ）り。
はい。
じゃあ、ぼくはビールおかわりで。
ビールおかわりで。
はい、おねがいしまーす。
じゃあ、ぼくはビールおかわりで。
おなじものを続（つづ）けてもう一度（いちど）
頼（たの）みたいときに使えるフレーズですね。
「(料理 / 飲み物のなまえ) + おかわりで」 ですね。
「ごはん おかわり自由(じゆう)」というお店が
ときどきありますが、
こういうお店は、だいたい「おかわりが無料（むりょう）」
ということですね。
でも、この 「ビールおかわりで」 は、ただ
「同（おな）じものをお願いします」という意味（いみ）です。
他には、「ビールもう1杯（いっぱい）お願いします」とか
「からあげ もう1皿(ひとさら)お願いします」
こういうふうに言うこともできます。
じゃあ、ぼくはビールおかわりで。
ビールおかわりで。
はい、おねがいしまーす。
以上（いじょう）でよろしいですか？
はい、とりあえず以上（いじょう）で。
「以上（いじょう）で よろしいですか？」
「はい、以上（いじょう）で。」
これは、前（まえ）のレッスンからの復習（ふくしゅう）です。
今回は、「はい、とりあえず以上で」と言っていました。
このフレーズ、聞いたことありますか？
とくに、居酒屋（いざかや）などの
何回（なんかい）も注文（ちゅうもん）するお店で
使うことが多（おお）いですね。
「あとで注文（ちゅうもん）するかもしれないけど」
「いまのところは、これだけで大丈夫です。」
という意味（いみ）です。
「とりあえず、以上で。」 と言うと、
「あ、居酒屋（いざかや）に慣（な）れているんだな」
という感じがあるので、ぜひ使ってみてください。
以上（いじょう）でよろしいですか？
はい、とりあえず以上（いじょう）で。
はい、お持（も）ちしますね〜
こちらおさげしますね〜
あ、お願（ねが）いしまーす。
「お持（も）ちします」 「おさげします」
これも、いままでのレッスンで出てきました。
お店でよく店員さんが言います。
「お持(も)ちします」 は、持(も)っていく / 持ってくる
という意味です。
「おさげします」 は、 下(さ)げる
お店で、「下(さ)げる」は、
店員さんがテーブルから持（も）っていく、
片付（かたづ）けるという意味（いみ）です。
はい、お持（も）ちしますね〜
こちらおさげしますね〜
あ、お願（ねが）いしまーす。
失礼（しつれい）しまーす。
お料理（りょうり）ラストオーダーの
お時間（じかん）となります。
追加（ついか）のご注文（ちゅうもん）はございませんか？
あ、だいじょうぶです。
よろしいですか？
はい。
「お料理（りょうり） ラストオーダーのお時間となります」
最初（さいしょ）に説明（せつめい）がありましたね。
ラストオーダーの時間（じかん）、
75分（ななじゅうごふん） 経（た）ったので、
店員さんが席（せき）に来て、さいごの注文（ちゅうもん）を
取（と）りにきました。
「追加（ついか）のご注文（ちゅうもん）は」
「ございませんか？」
このフレーズも、この動画（どうが）で出てきています。
ただいまでラストオーダーのお時間になりますが、
追加（ついか）のご注文（ちゅうもん）はございますか？
これはおぼえると、とっても便利（べんり）なことばです。
もともと あるものに + なにか付（つ）ける
という意味（いみ）ですね。
ラーメンにトッピングで味玉（あじたま）を 追加 する
と言ったり、
たとえば、カフェ、スタバで
「カプチーノにホイップクリーム 追加 でお願いします」
と言ったりできます。
もし、ほかに注文（ちゅうもん）したいものがなかったら
「あ、大丈夫です、ないです」 と言えばいいですね。
失礼（しつれい）しまーす。
お料理（りょうり）ラストオーダーの
お時間（じかん）となります。
追加（ついか）のご注文（ちゅうもん）はございませんか？
あ、だいじょうぶです。
よろしいですか？
はい。
こちら伝票（でんぴょう）となりますので、
レジの方（ほう）まで、お願（ねが）いいたします。
はーい。
「こちら伝票（でんぴょう）となりますので、」
「レジの方（ほう）まで、お願いいたします。」
伝票（でんぴょう）は、お会計（かいけい）の 紙 ですね。
「レジのほうまでお願いいたします」
ここでは、「お願いいたします」 だけ言ってますが、
意味（いみ）は、「レジまで持っていってください」
ということですね。
カジュアルな居酒屋（いざかや）では、
この紙（かみ）を持って、入りぐちのレジに行くスタイルが
一般的（いっぱんてき）なので、
店員さんが伝票（でんぴょう）をもって
レジとかカウンターと言ったら、
「あ、レジがあるところまで行って」
「お金（かね）を払（はら）うんだ」 と、わかります。
ちなみに、最近（さいきん）、居酒屋（いざかや)で
飲みものを注文（ちゅうもん）したあとに、
「あ、追加（ついか）のご注文（ちゅうもん）のほう」
「QRコードでお願いします」
と、店員さんが言うことが多（おお）くなりました。
QRコードで注文（ちゅうもん）して、
さいごに「お会計（かいけい）」と押（お）すと、
店員さんが、伝票（でんぴょう）を席（せき）に
持ってきてくれることが多いです。
いろんなお会計（かいけい）のスタイルがあるということを
おぼえておくといいかなと思います。
じゃあ、全部の会話（かいわ）を確認（かくにん）したので
5つ（いつつ）のキーフレーズを復習（ふくしゅう）して、
シャドーイングとロールプレイで
会話（かいわ）を練習（れんしゅう）しましょう！
７時から予約してたキムラなんですけど...
７時から２人で予約してたキムラなんですけど...
いや、単品（たんぴん）で、だいじょうぶです。
で、えっと、飲み物（のみもの）が、
あらごしみかん酒（しゅ）の、
ソーダ割（わ）り１つ（ひとつ）。
で、えっと、飲み物（のみもの）が、
あらごしみかん酒（しゅ）の、
ソーダ割（わ）り１つ（ひとつ）。
じゃあ、ぼくはビールおかわりで。
はい、とりあえず以上（いじょう）で。
字幕を見ながら音声を聞いて、
すぐ後に続けてリピートしてみましょう！
リズムやイントネーションをよく聞いて、
シャドーイングしてみてください
こんばんは！
いらっしゃいませ〜、ご予約（よやく）いただいてますか？
はい！
７時から予約（よやく）してたキムラ(仮)なんですけど...
キムラ様（さま）。
はい。
２名様（にめいさま）でよろしかったですか？
はい。
お席（せき）の方（ほう）ご案内（あんない）しますねー。
お願（ねが）いしまーす。
ご予約様（よやくさま）でーす。
いらっしゃいませ〜！ (いらっしゃいませー！ )
こちらのお席（せき）になりまーす！
はーい、ありがとうございまーす。
ご来店（らいてん）ありがとうございます。
よかったら 足元 お荷物（にもつ） カゴ🧺 ありますので。
あ、ありがとうございまーす。
こちらメニューになります。
はーい。
ドリンクが、
はい。
おひとり様（さま） 1650円（せんろっぴゃくごじゅうえん）で
飲（の）み放題（ほうだい） おつけできるんですけど、
どうされますか？
いや、単品（たんぴん）で、だいじょうぶです。
単品（たんぴん）で。
はい。
お席（せき）の方（ほう）が2時間制（じかんせい）で
フードが75分（ななじゅうごふん）、
ドリンクが90分（きゅうじゅっぷん）で
ラストオーダーとらせていただきます。
はーい、わかりました。
ラストオーダーの際（さい）、
お鍋（なべ）の注文（ちゅうもん）だけできませんので
ご了承（りょうしょう）くださーい。
はーい。
よかったら、最初（さいしょ）に
お飲（の）みものの方（ほう）、おうかがいしておきますね。
じゃあ、生（なま）ビール2つ（ふたつ） おねがいします。
生(なま)ビール お2つ（ふたつ）。
はーい。
失礼（しつれい）しまーす。 お通（とお）しでーす。
あ、ありがとうございまーす。
あ、すいません、注文（ちゅうもん）いいですか？
はい、どうぞー。
枝豆（えだまめ） １つ（ひとつ）。
はい。
からあげ 1皿（ひとさら）。
はい。
つくね 2本(にほん)。
はい。
ポテサラ １つ（ひとつ）。
はい。
で、えっとー...
飲み物（のみもの）が、
あらごしみかん酒（しゅ）の、ソーダ割（わ）り１つ（ひとつ）。
ソーダ割（わ）り。
はい。
じゃあ、ぼくはビールおかわりで。
ビールおかわりで。
はい、おねがいしまーす。
以上（いじょう）でよろしいですか？
はい、とりあえず以上（いじょう）で。
はい、お持（も）ちしますね〜
こちらおさげしますね〜
あ、お願（ねが）いしまーす。
失礼（しつれい）しまーす。
お料理（りょうり）ラストオーダーの
お時間（じかん）となります。
追加（ついか）のご注文（ちゅうもん）はございませんか？
あ、だいじょうぶです。
よろしいですか？
はい。
こちら伝票（でんぴょう）となりますので、
レジの方（ほう）まで、お願（ねが）いいたします。
はーい。
次は音のリズムやイントネーションを真似しながら、
意味も考えて、シャドーイングしてみましょう
スタッフの方（かた）の言っていることをよく聞いて、
お客さんの役になって話してみましょう！
つぎは日本語の字幕（じまく）がないので、
相手（あいて）の言っていることをよく聞いて
話してみてください。
こんばんは！
いらっしゃいませ〜、ご予約（よやく）いただいてますか？
はい！
７時から予約（よやく）してたキムラ(仮)なんですけど...
キムラ様（さま）。
はい。
２名様（にめいさま）でよろしかったですか？
はい。
お席（せき）の方（ほう）ご案内（あんない）しますねー。
お願（ねが）いしまーす。
ご予約様（よやくさま）でーす。
いらっしゃいませ〜！ (いらっしゃいませー！ )
こちらのお席（せき）になりまーす！
はーい、ありがとうございまーす。
ご来店（らいてん）ありがとうございます。
よかったら 足元 お荷物（にもつ） カゴ🧺 ありますので。
あ、ありがとうございまーす。
こちらメニューになります。
はーい。
ドリンクが、
はい。
おひとり様（さま） 1650円（せんろっぴゃくごじゅうえん）で
飲（の）み放題（ほうだい） おつけできるんですけど、
どうされますか？
いや、単品（たんぴん）で、だいじょうぶです。
単品（たんぴん）で。
はい。
お席（せき）の方（ほう）が2時間制（じかんせい）で
フードが75分（ななじゅうごふん）、
ドリンクが90分（きゅうじゅっぷん）で
ラストオーダーとらせていただきます。
はーい、わかりました。
ラストオーダーの際（さい）、
お鍋（なべ）の注文（ちゅうもん）だけできませんので
ご了承（りょうしょう）くださーい。
はーい。
よかったら、最初（さいしょ）に
お飲（の）みものの方（ほう）、おうかがいしておきますね。
じゃあ、生（なま）ビール2つ（ふたつ） おねがいします。
生(なま)ビール お2つ（ふたつ）。
はーい。
失礼（しつれい）しまーす。 お通（とお）しでーす。
あ、ありがとうございまーす。
あ、すいません、注文（ちゅうもん）いいですか？
はい、どうぞー。
枝豆（えだまめ） １つ（ひとつ）。
はい。
からあげ 1皿（ひとさら）。
はい。
つくね 2本(にほん)。
はい。
ポテサラ １つ（ひとつ）。
はい。
で、えっとー...
飲み物（のみもの）が、
あらごしみかん酒（しゅ）の、ソーダ割（わ）り１つ（ひとつ）。
ソーダ割（わ）り。
はい。
じゃあ、ぼくはビールおかわりで。
ビールおかわりで。
はい、おねがいしまーす。
以上（いじょう）でよろしいですか？
はい、とりあえず以上（いじょう）で。
はい、お持（も）ちしますね〜
こちらおさげしますね〜
あ、お願（ねが）いしまーす。
失礼（しつれい）しまーす。
お料理（りょうり）ラストオーダーの
お時間（じかん）となります。
追加（ついか）のご注文（ちゅうもん）はございませんか？
あ、だいじょうぶです。
よろしいですか？
はい。
こちら伝票（でんぴょう）となりますので、
レジの方（ほう）まで、お願（ねが）いいたします。
はーい。
最後(さいご)のチャレンジです！
本当にそこにいる想像（そうぞう）をしながら、
自然（しぜん）なスピードで、会話をしてみましょう！
おつかれさまでした！
ぜひ、この動画で何度（なんど）も練習（れんしゅう）をして
日本で居酒屋（いざかや）に行（い）くのを
楽（たの）しんでもらえたらいいなぁと思います。
日本の居酒屋は、飲（の）みものだけじゃなくて、
お酒を飲まなくても、おいしい料理がたくさんあるので、
ぜひ、食（た）べものを 楽（たの）しむためにも
行（い）ってもらえたら、うれしいです。
１番（いちばん）好きな居酒屋の料理は何ですか？
ラーメンサラダかな。。。😋 やっぱり。。
北海道（ほっかいどう）で生まれたって言われてる
ラーメンサラダっていうメニューが
めちゃくちゃ おいしいお店があるので、
ぜひ、北海道（ほっかいどう）に住んでいる方（かた）、
旅行（りょこう）に行く人は、
ラーメンサラダを、頼（たの）んでみてください。
ほかにも日本の旅行、日本の生活での会話を練習できる
レッスンがあるので、ぜひ見て練習してみてください!
それでは、いってらっしゃーい！
じゃあ、ほんとうの居酒屋に行ってみよう！
ご予約（よやく） されてますか？
あ、はい！ 予約（よやく） してた 🐤🐤🐤 なんですけど...
🐤🐤🐤 様。 お席のほうご案内(あんない)しますねー。
ご予約（よやく）さんでーす、いらっしゃいませー。
ありがとうございまーす。
ご来店（らいてん）ありがとうございます。
よかったら 足元 お荷物カゴありますので。
はーい。 ありがとうございまーす。
よかったら さいしょにお飲みもののほう
お伺（うかが）いしときますね。
えっとー、生（なま）ビール...
ドリンクのメニューが、こちらなんですけど...
飲み放題（ほうだい）やったら、うらにのってるんですけど
単品（たんぴん）でいい？
じゃあ、単品（たんぴん）で。
単品（たんぴん）で、生（なま）ビール2つ（ふたつ）
おねがいしまーす。 はい。
追加(ついか)のご注文（ちゅうもん）のほう、
QRコードでおねがいします。
えっとー、ともしびチキンひとつ、
と、セカンドハムカツひとつ。
とりあえず、以上（いじょう）で。
んーっ！
あhっ！！
あっっっつ！！！
はい、失礼（しつれい）します。
ともしびチキンになります。 ここ置（お）いておきますねー。
こちらもお下（さ）げしちゃって大丈夫です？
はーい、大丈夫でーす。
飲みものが、あらごしみかん酒（しゅ）の
ソーダ割（わ）り ひとつ。 はい。
じゃあ、ぼくは ビール おかわりで。
ビール おかわりで。
はい。 おねがいしまーす。
かんぱーい 🍺
天上（てんじょう） の 食べもの 👼
ごちそうさまでしたー。
ごちそうさまでした。 ありがとうございまーす。
おおきに！ ありがとうございますー！
ありがとうございまーす。 またお待ちしております。
また 来（き）まーす。
めっちゃ いい〜！ めっちゃよかった！",true,ja,71
12,2,【18-min】🏮Listen to Izakaya 60+ Phrases for Staff & Customers,https://www.youtube.com/watch?v=WKV6PDR21pc,listening-practice,2026-07-17T02:59:13.914993+00:00,2026-07-17T02:59:13.914993+00:00,"今日もお疲れ様です。
日本語チューターのかなです。
この動画では、日本の居酒屋で
店員さんとお客さんがよく言う自然なフレーズを聞くことができます。
店員さんは予約をしているかどうか聞く時、
お酒の頼み方、
飲み放題の時間
ルールの説明など、
特に居酒屋でよくある場面のフレーズを
60個以上集めました。
声に出せるときは、 シャドーイングもしながら毎日聞いてみてください。
ご予約はございますか？
はい、7時から予約してる木村なんですけど。
ご予約の木村様ですね。お待ちしておりました。
お席ご用意しております。こちらへどうぞー。
すいません、一人来られなくなってしまって…
すいません、予約してないんですけど、大丈夫ですか？
ただいま確認いたしますね。何名様ですか？
当店10時ラストオーダーとなっておりますが、よろしいですか？
8時半からでしたらお席ご用意できるんですが、いかがですか？
大変申し訳ございません。本日ご予約でお席が満席になっておりまして...
大変申し訳ございません。ただいまお席が満席でして...
あー、そうなんですね。どれくらい待ちますかね…
そうですね…30分前後でご案内できるかと思うんですが…
すみません、はっきりとした時間はお伝えできないんですが…
わかりました。大丈夫です。待ちます。
わかりました。すみません、また来ます。
お席空き次第ご案内しますので、こちらでお待ちいただけますでしょうか。
こちらで靴を脱いでお上がりください。
お履物は靴箱にお入れください。
お座敷とテーブル席がございますが、どちらがよろしいですか？
カウンター席へのご案内となりますが、よろしいですか？
こちらが本日おすすめのメニューになっております。
お先にお飲み物、おうかがいします。
本日、お刺身６点盛りコース、２時間半飲み放題付きプランでご予約いただいております。
申し訳ございません、こちらのお飲み物は飲み放題プランに含まれていないんですがよろしいですか？
ソフトドリンクってありますか？
じゃあ、ビール２つと、ハイボール１つ、あと、コーラ１つお願いします。
この焼酎、ウーロン茶割りでお願いします。
うめ酒の飲み方はいかがなさいますか？
ソーダ割りで。
水割りで。
お湯割りで。
ロックで。
この料理に合うお酒ってありますか？
この日本酒をグラスでお願いします。
単品のご注文でよろしいですか？
はい、単品で。
飲み放題で、お願いします。
90分、120分、180分のプランがございますが、どちらになさいますか？
じゃあ、120分で。
こちらお通しです。
ご注文お決まりになりましたら、こちらのベルでお知らせください。
失礼します。お呼びでしょうか。
ご注文おうかがいしていいですか？
すいません、まだちょっと...
おひとり様一品以上のご注文をお願いしております。
ご注文は以上でよろしいですか？
はい、とりあえず以上で。
お席時間は２時間となっておりますので、ご協力お願いいたします。
お席でのお会計となっておりますので、お帰りの際にお呼びください。
グラス交換制となっておりますので、ご協力お願いいたします。
ただいま混み合っておりまして、お料理の提供にお時間をいただいております。
焼き魚はご提供に30分ほどお時間いただきますがよろしいでしょうか？
申し訳ございません。マグロは本日もうなくなってしまって…
かんぱーい！
すいません、取り皿もらってもいいですか？
こちらの鉄板お熱くなっておりますので、お気をつけください。
あ、すいません、枝豆がまだ来てないんですけど...
ただいまでラストオーダーのお時間になりますが、追加のご注文はございますか？
あ、大丈夫です。
じゃあ、ビールもう一杯、お願いします。
お席のご利用時間が残り10分となりましたので、お会計のご準備をお願いいたします。
お会計、カウンターでお願いします。
お疲れ様でした
どうでしたか？
居酒屋でしかあまり聞かないフレーズも多かったと思います。
質問があったらぜひコメントに書いてください。
ではまた明日。",true,ja,71
13,2,"【25-min】Listen to Restaurant, Cafe, Konbini Phrases🎧 -Pomodoro",https://www.youtube.com/watch?v=VJDrNRw52HE,listening-practice,2026-07-17T02:59:13.914993+00:00,2026-07-17T02:59:13.914993+00:00,"今日もお疲れ様です。[音楽]日本語 チューターのかナです。今回は仕事に行く
チューターのかナです。今回は仕事に行く 時、料理をしている時、寝る前いつでも
時、料理をしている時、寝る前いつでも 聞けるような動画にしました[音楽]。
聞けるような動画にしました[音楽]。 この動画に出てくるフレーズは今までの
この動画に出てくるフレーズは今までの レッスンにたくさん出てきています。
レッスンにたくさん出てきています。 どんな時に使う[音楽]のか知りたい人は
どんな時に使う[音楽]のか知りたい人は 是非この動画を見てみてください。じゃあ
是非この動画を見てみてください。じゃあ 最初は[音楽]店員さんがよく言う
最初は[音楽]店員さんがよく言う フレーズから。
何名様ですか?何名様ですか?
何名様ですか? 何名様ですか?
名様ですか?2 名様ですか?
名様ですか? ご予約はございますか?
ご予約はござますか? ご予約はございますか?
ご予約はございますか? ご予約はございますか?
ご予約はございますか? [音楽]
[音楽] 申し訳ございません。ただいま席でして
申し訳ございません。ただいま席でして [音楽]
申し訳ございません。ただいま席でして、 [音楽]
[音楽] こちらでお待ちいただけますでしょうか?
こちらでお待ちいただけますでしょうか? [音楽]
こちらでお待ちいただけますでしょうか? こちらでお待ちいただけますでしょうか?
こちらでお待ちいただけますでしょうか? [音楽]
[音楽] お席ご案内します。
お席ご案内します。 お席ご案内します。[音楽]
お席ご案内します。[音楽] お席ご案内します。
お席ご案内します。 お席ご案内します。
こちらのお席へどうぞ。 [音楽]
[音楽] こちらのお席へどうぞ。こちらのお席へどうぞ。
こちらのお席へどうぞ。 お好きなお席へどうぞ。
お好きなお席へどうぞ。 お好きなお席へどうぞ。
開いているお席へどうぞ。
[音楽] 開いているお席へどうぞ。
開いているお席へどうぞ。 開いてるお席へどうぞ。ご注文決まりになりましたらお呼びください。
開いてるお席へどうぞ。ご注文決まりになりましたらお呼びください。 [音楽]
ご注文決まりになりましたらお呼びください。
ご注文お決まりになりましたらお呼びください。
ご注文お決まりですか? ご注文決まりですか?ご注文お決まりですか?
ご注文決まりですか?
ご注文します。
ご注文 ご注文をお伺いします。
お飲み物はいかがなさいますか?お飲み物はいかがなさいますか?
ご注文は以上でよろしいですか?
ご注文は以上でよろしいでですか? 他に何かご注文はございますか?
他に何かご注文はございますか?[音楽]
以上でお間違いないでしょうか? 以上でお間違いないでしょうか
味噌ラーメンの方 味噌ラーメンの方
神エプロンはお使いになりますか? 上エプロンはお使いになりますか?
ご注文の品はお揃いでしょうか?ご注文の品はお揃いでしょうか?
[音楽] こちらに伝票失礼いたします。
こちらに伝票失礼いたします。[音楽]
お帰りの際にカウンターまでお持ちください。
[音楽] お帰りの際にカウンターまでお持ちください。
お帰りの際にカウンターまでお持ちください。
こちらお炭のお皿お下げしてもよろしいでしょうか?
こちらおすのお皿をお下げしてもよろしいでしょうか?
こちらお炭のお皿を下げしてもよろしいでしょうか?
こちらおのお皿を下げしてもよろしいでしょうか?
開いているお皿お下げしますね。
開いてるお皿をお下げしますね。
開いているお皿を下げしますね。 [音楽]
[音楽] お会計はご一緒でよろしいですか?
お会計はご一緒でよろしいですか? [音楽]
[音楽] お支払いは
お支払いは お支払いは
お支払い方はいかがなさいますか?
お支払い方法はいかがなさいますか?
ご一括でよろしいですか?
ご一括活でよろしいですか?
こちら にタッチか差し込みをお願いします。
にタッチか差し込みをお願いします。 [音楽]
[音楽] こちらにタッチか差し込みをお願いします。こちらにタッチか差し込みをお願いします。
こちらにタッチか差し込みをお願いします。
すみません。こちらお支払いが現金のみとなっておりまして
[音楽] すみません。
すみません。 こちらお仕払いが現金のみとなっておりまして
すみません。こちらお支払いが現金のみとなっておりまして
[音楽] すみません。こちら現金化電子マネーでしたらご利用いただけるんですが
すみません。こちら現金化電子マネーでし たらご利用いただけるんですが、
すいません。こちら現金電子マネーでし たらご利用いただけるんですが
すみません。 こちら現金電子マネでしたらご利用いただけるんですか?
レシートはご入り用ですか?レシートはご利用ですか?
[音楽]
レシートはご利用ですか? レシートはご入り用ですか?
レシートはお使いですか?[音楽]
レシートはお使いですか 店内でお召し上がりですか?
店内でお召し上がりですか?店内でお召し上がりですか?
店内でお過ごしですか? 店内でお過ごしですか?
店内でお過ごしですか? 店内ご利用ですか
店内ご利用ですか? 店内ご利用ですか?[音楽]
ホットかアイスどちらになさいますか?
サイズはいかがなさいますか? サイズはいかがなさいますか?
お豆をお選びいただけますが、どちらになさいますか?
お豆を選びただけますが、どちらになさいますか?
お豆をお選びいただけますが、どちらになさいますか か、
か、 紙のカップかマグカップどちらがよろしいですか?
紙のカップかマグカップどちらがよろしいですか? [音楽]
紙のカップかマンカップどちらがよろしいですか?
マグカップの提供でよろしいですか? [音楽]
[音楽] マグカップの提供でよろしいですか?ご一緒にケーキいかがですか?
ご一緒にケーキいかがですか?
ケーキなどのお食事物はよろしいですか?
ケーキなどのお食事物 はよろしいですか?
はよろしいですか? ケーキなどのお食事物はよろしいですか?
ケーキなどのお食事物はよろしいですか?
お飲み物は食どちらにお持ちしますか? [音楽]
お飲み物は食材食どちらにお持ちしますか?
お飲み物は食どちらにお持ちしますか
お飲み物は直前にお持ちしてよろしいですか? [音楽]
お飲み物は食にお持ちしてよろしいですか?
メニューお下げしてもよろしいですか?メ
メニューをお下げしてもよろしいですか?
メニューを下げしてもよろしいですか?
[音楽] ブレンドコーヒーに砂糖とミルクはお使いですか?
ブレンドコーヒーに砂糖とミルクはお使いですか?
お飲み物あちらのカウンターでお渡ししております。 [音楽]
こちらのレシートアーモンドミルクのお飲み物とお引き換えください。
[音楽]
こちらのレシートアーモンドミルクのお飲み物とお引き換えください。
[音楽]
こちらのレシートアーモンドミルクのお飲み物とお引き換えください。
[音楽] こちらのレシート、アーモンドミルクのお飲み物とお引き換えください。
番号田42 番でお呼びしますのでお席でお待ちください。
番でお呼びしますのでお席でお待ちください。 [音楽]
番号札42 番でお呼びしますのでお席でお待ちください。
お席までお持ちしますのでおかけになってお待ちください。
[音楽] お帰りの際こちらのカウンターまでお戻しお願いします。
お帰りの際、こちらのカウンターまでお戻しお願いします。
お帰りなさい。こちらのカウンターまでお戻しお願いします。
ごゆっくりどうぞ。 ごゆっくりどうぞ。
ごゆっくりどうぞ。 お次の方どうぞ。
お次の方どうぞ。 お次の方どうぞ。
お次の方どうぞ。 レジ袋ご入り用ですか?
レジ袋ご入り用ですか? レジ袋ご入り用ですか?[音楽]
枚3円ですがよろしいですか? [音楽]
[音楽]
枚3円ですがよろしいですか? 有料ですがよろしいですか
有料ですがよろしいですか?
[音楽] 有料ですがよろしいですか?
有料ですがよろしいですか? 有料ですがよろしいですか?
こちら温めますか? こちら温めますか?
こちらにスプーンはお付けしますか?
こちらにスプーンを付けしますか? こちらにスプーンをつけしますか?お付けしますか?
いくつお付けしますか? いくつお付けしますか?
いくつお付けしますか? 何千お付けしますか?
何千お付けしますか? 何千お付けしますか?
何千お付けしますか こちらにタッチか差し込みをお願いします。
こちらにタッチか差し込みをお願いします。
こちらにタッチか差し込みお願いします。
こちらにタッチか差し込みをお願いします。
ポイントカードはお持ちですか? ポイントカードはお持ちですか?
次はお客さんがよく言うフレーズ。
1人です。[音楽]
人です。 2[音楽]
2[音楽] 人です。
人です。 2人です。
2人です。
人です。 3人です。
3人です。 すいません。予約してないんですが大丈夫ですか?
すいません。予約してないんですが大丈夫ですか?
すいません。 予約してないんですが大丈夫ですか?
どれくらい待ちますかね? どれくらい待ちますかね?
どれくらい待ちますかね? すいません、注文。
すいません、注文。
すいません。注文お願いします。 すいません。注文いいですか?
すいません。注文いいですか? すいません。注文いいですか?
これ1つ。 これ1つ。
これ1つ。 味噌ラーメン1つ。
味噌ラーメン1つ。 味噌ラーメン1つ。
味噌ラーメン1つ。 あとコーラ2つお願いします。
あとコーラ2つお願いします。 あとコーラ2つお願いします。
あとコーラ2つお願いします。 はい、お願いします。
はい、お願いします。 はい、お願いします。
はい、お願いします。 はい、大丈夫です。
はい、大丈夫です。 はい、大丈夫です。
はい、大丈夫です。 いや、大丈夫です。
いや、大丈夫です。 いや、大丈夫です。
いや、大丈夫です。 以上で。
以上で。 以上で。[音楽]
以上で。[音楽] 以上で。
以上で。 すいません。これにって入ってますか?
すいません。これにって入ってますか? [音楽]
すいません。これにって入ってますか?すいません。これに肉って入ってますか?
[音楽] すいません。これに肉って入ってますか?
すいません。これ入製品使ってますか?
すいません。これニュース製品使ってますか?
すいません。チーズなしでお願いします。 [音楽]
すいません。チーズなしでお願いします。 お水もらってもいいですか?
お水もらってもいいですか? お会計お願いします。
お会計お願いします。 お会計お願いします。
はい。一緒で。 はい、一緒で。[音楽]
はい、一緒で。 あ、別々でお願いします。
あ、別々でお願いします。 あ、別々でお願いします。
カードでお願いします。 カードでお願いします。
カードでお願いします。 カードって使えますか?
カードって使えますか? カードって使えますか?
カードって使えますか? ごちそうさでした。
ごちそうさでした。 ごちそうさでした。
店内で[音楽]
店内で 店内で内で
テイクアウトでお願いします。 テイクアウトでお願いします。
テイクアウトでお願いします。 テイクアウトってできますか?
テイクアウトってできますか? テイクアウトってできますか?
テイクアウトってできますか? ホットのカフェラテ1つ。
ホットのカフェラテ1つ。 ホットのカフェラテ1つ。
ホットのカフェラテ1つ。 アイスで
アイスで アイスで
アイスで レギュラーサイズで
レギュラーサイズで レギュラーサイズで
レギュラーサイズで マイルドブレンドで
マイルドブレンドで マイルドブレンドで
マイルドブレンドで 髪のカップでお願いします。
紙のカップでお願いします。 紙のカップでお願いします。
紙のカップでお願いします。 マグカップでお願いします。
マグカップでお願いします。 マグカップでお願いします。
マグカップでお願いします。 直前でお願いします。
直前でお願いします。 直前でお願いします。
直前でお願いします。 食後でお願いします。
食後でお願いします。 食後でお願いします。
食後でお願いします。 じゃあ砂糖お願いします。
じゃあ砂糖お願いします。 じゃあ砂糖お願いします。
じゃあ砂糖お願いします。 ミルクの変更ってできますか?
ミルクの変更ってできますか?ミルクの変更ってできますか?
ミルクをアーモンドミルクに変更でお願いします。
お願いします。お願いします。
お願いします。 お願いします。
お願いします。 肉満1つとチキン1つお願いします。
肉満1つとチキン1つお願いします。 [音楽]
肉満1つとチキン1つお願いします。 肉満1つとチキン1つお願いします。
肉満1つとチキン1つお願いします。 肉マ1つとチキン1つお願いします。
肉マ1つとチキン1つお願いします。 すいません。袋1
すいません。袋1 枚お願いします。すいません。袋
1枚お願いします。 すいません。袋1枚お願いします。
すいません。袋1枚お願いします。 すいません。袋1枚お願いします。
すいません。袋1枚お願いします。 すいません。フォーク
すいません。フォーク 1つお願いします。[音楽]
1つお願いします。 すいません。フォーク1つお願いします。
すいません。フォーク1つお願いします。 すいません。フォーク1
すいません。フォーク1 つお願いします。すいません。これあっためてもらってもいいですか?
すいません。これあっためてもらってもいいですか? [音楽]
[音楽] すいません。これってありますか?
すいません。これってありますか? すいません。これってありますか?
すいません。これってありますか? いや、ないです。
いや、ないです。 いや、ないです。[音楽]
いや、ないです。[音楽] いや、ないです。
いや、ないです。 いや、ないです。
いや、ないです。 お疲れ様でした。
お疲れ様でした。 また明日。",true,ja,71
14,1,Helpful Japanese When Ordering at a Restaurant,https://www.youtube.com/watch?v=faKYinAtlIo,conversation,2026-07-17T02:59:13.914993+00:00,2026-07-17T02:59:13.914993+00:00,"皆さんこんにちは赤的日本語教室のあね です私は今浜松町駅の近くにいます今日は
です私は今浜松町駅の近くにいます今日は カレーを食べる時の日本語を皆さんに紹介
カレーを食べる時の日本語を皆さんに紹介 したいと思います早速お店に入ります羽田
したいと思います早速お店に入ります羽田 空港からモノレールで浜松町駅に行って
空港からモノレールで浜松町駅に行って 東京タワーまで散歩した時の様子はこちら
東京タワーまで散歩した時の様子はこちら の動画を見て
の動画を見て ください概要欄にこの動画のリンクを貼っ
ください概要欄にこの動画のリンクを貼っ ておきます
お店は浜松町駅の北口から歩いて5分 ぐらいにあるところですこちらのアブ10
ぐらいにあるところですこちらのアブ10 番薬WRカレーです深海というお店です何
番薬WRカレーです深海というお店です何 回か
回か な6階です
な6階です ね
よいしょはい6階ですエレベーターで6階 に上がります
はい到着しましたこちらですオープンって 書いてあります
書いてあります ね見て
ね見て くださいすごいお酒の種類がすごいですね
くださいすごいお酒の種類がすごいですね すごく
すごく 素敵輪の感じがすごくいいですね
素敵輪の感じがすごくいいですね 雰囲気こちらて夜はあれなんですかバーと
雰囲気こちらて夜はあれなんですかバーと かなんですかねえーすごいお酒好きな人は
かなんですかねえーすごいお酒好きな人は ぜひ来てください人気ですよねそうですね
ぜひ来てください人気ですよねそうですね もう本当にまた高で取引されてて今日あの
もう本当にまた高で取引されてて今日あの 一緒に来る方がビーガンなのでそれでそう
一緒に来る方がビーガンなのでそれでそう なんですよ探してて浜松ちだすごいいいな
なんですよ探してて浜松ちだすごいいいな と思ってはいあの58名で54名であ
と思ってはいあの58名で54名であ ありがとうございます
ありがとうございます えすごいじゃちょっとあの4名の方を使わ
えすごいじゃちょっとあの4名の方を使わ せていただき
せていただき ますすごいこんな感じ
ますすごいこんな感じ ですメニューも先にせて
ですメニューも先にせて お願いありがとうございます先にメニュー
お願いありがとうございます先にメニュー を皆さんにお見せしたいと思い
を皆さんにお見せしたいと思い ますはいこれは水ですねお水が欲しかっ
ますはいこれは水ですねお水が欲しかっ たら水くださいでももちろんいいですでも
たら水くださいでももちろんいいですでも お冷やくださいとかあとお店の人が持って
お冷やくださいとかあとお店の人が持って きてくれる時にこちらお部屋になりますと
きてくれる時にこちらお部屋になりますと かお部屋ですという人が多いと思います水
ですでこれは氷が入って 結日本の飲食店の水の中には氷が入って
結日本の飲食店の水の中には氷が入って ますもし氷入れて欲しくない場合は氷なし
ますもし氷入れて欲しくない場合は氷なし でお願いしますとか氷抜きでお願いします
でお願いしますとか氷抜きでお願いします と言えばいいと思います
と言えばいいと思います はいランチメニはいありがとうござい
はいランチメニはいありがとうござい ますありがとうございますはいすごい今
ますありがとうございますはいすごい今 ランチメニューとディナーメニュー両方
ランチメニューとディナーメニュー両方 持ってきてくれましたで今回一緒に食べる
持ってきてくれましたで今回一緒に食べる 英語の先生はビーガンなんです実はもう何
英語の先生はビーガンなんです実はもう何 回か一緒に撮ってるんですけど前にも
回か一緒に撮ってるんですけど前にも 秋葉原でビーガンレストランで撮りました
秋葉原でビーガンレストランで撮りました あありがとうござい
あありがとうござい ます今鶏皿を持ってきてくれましたはい
ます今鶏皿を持ってきてくれましたはい もしお皿が欲しい時はお皿くださいでお皿
もしお皿が欲しい時はお皿くださいでお皿 の数え方は1枚2枚なのでお皿1枚
の数え方は1枚2枚なのでお皿1枚 くださいとか取分け用の小皿を1枚
くださいとか取分け用の小皿を1枚 くださいと言えはいいですま簡単にお皿
くださいと言えはいいですま簡単にお皿 くださいって言えば何枚ですかて聞いて
くださいって言えば何枚ですかて聞いて くれると思うので1枚くださいとか3枚
くれると思うので1枚くださいとか3枚 くださいと言えばいい
くださいと言えばいい です今英語の先生が来ましたロバートさん
です今英語の先生が来ましたロバートさん ですはいこんにちはハローはいあの皆さん
ですはいこんにちはハローはいあの皆さん ぜひ秋葉原のVログも見てくださいロバト
ぜひ秋葉原のVログも見てくださいロバト さんと話してる場面があり
さんと話してる場面があり ますあここにご注文の流れが書いてあり
ますあここにご注文の流れが書いてあり ますね皿に盛り付けるカレーの数をお選び
ますね皿に盛り付けるカレーの数をお選び くださいえあ1種なのか2種なのか3種な
くださいえあ1種なのか2種なのか3種な のかによって違うんですね私は2種に
のかによって違うんですね私は2種に しようかなそしてサイズも選べますね普通
しようかなそしてサイズも選べますね普通 大盛特盛ライス400g結構多いですね私
大盛特盛ライス400g結構多いですね私 普通でいいかなで注文の流れ2番目はあ
普通でいいかなで注文の流れ2番目はあ カレーの種類を選んでくださいスリランカ
カレーの種類を選んでくださいスリランカ 風薬然スープカレー美味しそうえ鶏と生姜
風薬然スープカレー美味しそうえ鶏と生姜 も美しそうですねあ辛さも書いてあります
も美しそうですねあ辛さも書いてあります ねえ迷います
ねえ迷います ねえこれでも美味しそうだなこれにしよう
ねえこれでも美味しそうだなこれにしよう かなあでも2種類だからあでも当店一押し
かなあでも2種類だからあでも当店一押し が書いてあるうやっぱり当店1押しかかな
が書いてあるうやっぱり当店1押しかかな でもこれも気になるな薬General
でもこれも気になるな薬General スープで作ったカレー作ったチキンカレー
スープで作ったカレー作ったチキンカレー えじゃ私AとBにしようかなと思います
えじゃ私AとBにしようかなと思います ビーガンの人はこれをね頼んだらいいと
ビーガンの人はこれをね頼んだらいいと 思いますで次はオプショントッピングとか
思いますで次はオプショントッピングとか ドリンクライス変更選びますなるほどあ
ドリンクライス変更選びますなるほどあ 温泉卵いいですね温泉卵つけようかなあと
温泉卵いいですね温泉卵つけようかなあと 飲み物もけられねえ自製豆乳チイ美味し
飲み物もけられねえ自製豆乳チイ美味し そうこれにしよっか
そうこれにしよっか なランチタイムは直製ピクルス食べ放題
なランチタイムは直製ピクルス食べ放題 だっってHowsay食べ放題ENG
だっってHowsay食べ放題ENG AllYoucaneatAllYou
AllYoucaneatAllYou caneatああなるほどねはい結構ね
caneatああなるほどねはい結構ね 聞かれますね食べ放題って何ですかて聞か
聞かれますね食べ放題って何ですかて聞か れるんですけどじゃあメニューが決まった
れるんですけどじゃあメニューが決まった ので注文します注文したい時ベルがあっ
ので注文します注文したい時ベルがあっ たらベルを押せばいいんですけどない時は
たらベルを押せばいいんですけどない時は すみませと言えばいいですじゃあやってみ
すみませと言えばいいですじゃあやってみ ましょうすいませんじゃあお伺いします
ましょうすいませんじゃあお伺いします はいと2種盛り役前カレーはいの普通はい
はいと2種盛り役前カレーはいの普通はい でAとBはいAとBですでトッピングが
でAとBはいAとBですでトッピングが 温泉卵
温泉卵 はい食後に自家製投入チイでアイスと
はい食後に自家製投入チイでアイスと ホットを選びいただきますじゃあホットで
ホットを選びいただきますじゃあホットで お願いします終わりましたでであともう1
お願いします終わりましたでであともう1 つも西森アゼカレーはいで普通でいいです
つも西森アゼカレーはいで普通でいいです かうん普通でいい普通でえっとV2とV3
かうん普通でいい普通でえっとV2とV3 はいかしこまりましたで食前にはい
はいかしこまりましたで食前にはい ジンジャエールではいかりまし願いします
ジンジャエールではいかりまし願いします ありがとうございます少々お待ちください
ありがとうございます少々お待ちください で今飲み物頼む時に食前食後と言いました
で今飲み物頼む時に食前食後と言いました ね食前は食べる前に飲み物が来ますで食後
ね食前は食べる前に飲み物が来ますで食後 は食べた後に飲み物が来ますロバートさん
は食べた後に飲み物が来ますロバートさん は食前にジンジャエールを頼んだので多分
は食前にジンジャエールを頼んだので多分 すぐ来ると思います私は食後にチャイを
すぐ来ると思います私は食後にチャイを 頼んだので食べてから来ます
楽しみはい食前なので今ロバートさんの ちょっと借りますねジンジエールが来まし
ちょっと借りますねジンジエールが来まし たで皆さんこれ何ていうか知ってますか
たで皆さんこれ何ていうか知ってますか これはストローですストロー多分英語の
これはストローですストロー多分英語の ネイティブスピーカーの人発音しにくい
ネイティブスピーカーの人発音しにくい ですよねうんストロー英語は何て言うん
ですよねうんストロー英語は何て言うん ですかハ
ですかハ スースースーあちょっと違いますね
スースースーあちょっと違いますね やっぱりはいこれはストローですじゃ
やっぱりはいこれはストローですじゃ どうぞ飲んで
どうぞ飲んで くださいAとBでざいありがとうござい
くださいAとBでざいありがとうござい ますああいい
ますああいい 匂い左からV2とV3でますこちらが左
匂い左からV2とV3でますこちらが左 からAとBにございますAとBありがとう
からAとBにございますAとBありがとう ございますで私はトッピングに温泉卵をけ
ございますで私はトッピングに温泉卵をけ ました頼みました注文しましたちなみにね
ました頼みました注文しましたちなみにね 夜のメニューも結構多くてあのまずねお酒
夜のメニューも結構多くてあのまずねお酒 の種類がねさっきあのお店の中映したと
の種類がねさっきあのお店の中映したと 思うんですけどお酒が結構多いです
思うんですけどお酒が結構多いです ね見えますかね皆さんこれ大丈夫かな
ね見えますかね皆さんこれ大丈夫かな すごい種類すごいすごいここまで全部お酒
すごい種類すごいすごいここまで全部お酒 ですよお酒が好きな人はいいんじゃない
ですよお酒が好きな人はいいんじゃない ですかあノンアルコールもありますねノン
ですかあノンアルコールもありますねノン アルコールはアルコールがないという意味
アルコールはアルコールがないという意味 ですはい他にもいろんな料理があって
ですはい他にもいろんな料理があって 美味しそうですね夜も来てみたいですねあ
美味しそうですね夜も来てみたいですねあ 夜もカレーがあるんですねえあコースも
夜もカレーがあるんですねえあコースも あるAコースご円会パーティー
あるAコースご円会パーティー プランね年末になるとあの忘年会とかね
プランね年末になるとあの忘年会とかね あと今度新年になると新年会があるので
あと今度新年になると新年会があるので こういうコースで注文する人も多いと思い
こういうコースで注文する人も多いと思い ますいただきますの前にこれは何でしょう
ますいただきますの前にこれは何でしょう かもう私の動画で何回も出てきましたね
かもう私の動画で何回も出てきましたね はいこれはおしりですおしりですおしり
はいこれはおしりですおしりですおしり で何をしますか手を拭きます手を拭き
で何をしますか手を拭きます手を拭き ますそしてカレーを食べる時は何を使い
ますそしてカレーを食べる時は何を使い ますかはいですねスプーンでカレーを食べ
ますかはいですねスプーンでカレーを食べ ますスプーンでこの出は何々を使うという
ますスプーンでこの出は何々を使うという 意味の手ですねスプーンでカレーを食べ
意味の手ですねスプーンでカレーを食べ ますじゃあいただきまいただき
ますじゃあいただきまいただき ますじゃあスープカレーの方から食べよう
ますじゃあスープカレーの方から食べよう か
か な
な よいしょ
よいしょ [音楽]
よし美味しそういただき
ます 美味しいうなんかすごい体に良さそうな味
美味しいうなんかすごい体に良さそうな味 がする薬前っていう感じなんですけどでも
がする薬前っていう感じなんですけどでも なん
なん だろうそんな思ったより辛くないかな私
だろうそんな思ったより辛くないかな私 そんなに辛いのすごい得意ではないんです
そんなに辛いのすごい得意ではないんです けど
けど 美味しい健康的な味が
美味しい健康的な味が する
する うーんこっちも食べて
うーんこっちも食べて みようこっちの方があれですねしっかり具
みようこっちの方があれですねしっかり具 がたくさん入ってるっていう感じです
がたくさん入ってるっていう感じです ね
ね うーん生姜が効いてる美味しいはい失礼し
うーん生姜が効いてる美味しいはい失礼し ますこちらピクルスでございます
ますこちらピクルスでございます ありがとうござい
ありがとうござい ます美味しいそうですたねピクルスは食べ
ます美味しいそうですたねピクルスは食べ 放題なのでこのようにしてきました
放題なのでこのようにしてきました えじゃあちょっと私はこの温泉卵をカレー
えじゃあちょっと私はこの温泉卵をカレー にかけますこっちにしようかな
よいしょ温泉卵を入れれると味がまろやか になると思いますでもそこまで辛くないか
になると思いますでもそこまで辛くないか な
な [音楽]
[音楽] うーん今食後のチイが来ましたちょっと
うーん今食後のチイが来ましたちょっと 飲み
飲み ます
うーん美味しい温まりますカレーを食べて さらにチイを飲んで体が温まり
さらにチイを飲んで体が温まり ますはい食べ終わりましたごちそうさでし
ますはい食べ終わりましたごちそうさでし たこれからお会計をし
たこれからお会計をし ますあすいませんお会計お願いしてもいい
ますあすいませんお会計お願いしてもいい ですかはい大丈夫ですはい大丈夫です
ですかはい大丈夫ですはい大丈夫です はい
はい お一緒でよろしいですはい一緒
お一緒でよろしいですはい一緒 でが3700円はいクレジットカードでお
でが3700円はいクレジットカードでお 願いし
願いし ますありがとうございました今お会計が
ますありがとうございました今お会計が 終わりました他のお客さんがいたので
終わりました他のお客さんがいたので ちょっとあんまり撮影できなかったんです
ちょっとあんまり撮影できなかったんです けどまずお買お願いしますて言って伝票が
けどまずお買お願いしますて言って伝票が あったら伝票を持っていくし今回はなかっ
あったら伝票を持っていくし今回はなかっ たのでただお買お願いしますと言ってお買
たのでただお買お願いしますと言ってお買 をしましたで大体お店の人が支払いはどう
をしましたで大体お店の人が支払いはどう なさいますかとかお支払いはで聞かれるの
なさいますかとかお支払いはで聞かれるの でそしたら現金クレジットカードでお願い
でそしたら現金クレジットカードでお願い しますとかICカードでお願いします時々
しますとかICカードでお願いします時々 クレジットカードが使えないお店もあるの
クレジットカードが使えないお店もあるの でクレジットカード使えますかという風に
でクレジットカード使えますかという風に 聞いてみてくださいにあの
聞いてみてくださいにあの InstagramでYouTube投稿
InstagramでYouTube投稿 しましたって言ってタグ付けもインスタで
しましたって言ってタグ付けもインスタで するのでまた投稿したらご連絡しますはい
するのでまた投稿したらご連絡しますはい ありがとうございましたありがとうござい
ありがとうございましたありがとうござい ました
ました ありがとうござい
ありがとうござい [音楽]
[音楽] ますこの後ずっと気になっていたカフェが
ますこの後ずっと気になっていたカフェが あったのでちょっと行ってみまし
たあすいませんありがとうございますはい えっとカフェだてないはいカフェラテ
えっとカフェだてないはいカフェラテ ですこの動画を撮影した日は11月だった
ですこの動画を撮影した日は11月だった のでまだそんなに寒くなくてテラスで
のでまだそんなに寒くなくてテラスで カフェラテを飲むのにすごくちょうどいい
カフェラテを飲むのにすごくちょうどいい 気温でした
気温でした この後ちょっとしたサプライズがありまし
この後ちょっとしたサプライズがありまし たごちそうさでしたありがとうございまし
たごちそうさでしたありがとうございまし た
た はーいあすいませんありがとうございまし
はーいあすいませんありがとうございまし たで見てました本当に
たで見てました本当に ええ見てくれたんですかうん見ましたえ
ええ見てくれたんですかうん見ましたえ これ
これ です嬉しいありがとうございえいいですか
です嬉しいありがとうございえいいですか お店乗せても大丈夫ですどちらの国これ今
お店乗せても大丈夫ですどちらの国これ今 録音しても大丈夫ですかあ顔映さないから
録音しても大丈夫ですかあ顔映さないから 大丈夫ですあはいモンゴルですあモンゴル
大丈夫ですあはいモンゴルですあモンゴル やすごいこの前もYouTubeで見て
やすごいこの前もYouTubeで見て 色々なところに行ってるなと思ってました
色々なところに行ってるなと思ってました え嬉このお店のスタッフさんが私の
え嬉このお店のスタッフさんが私の チャンネルの登録者でしたモンゴルから来
チャンネルの登録者でしたモンゴルから来 たそうですありがとうござい
たそうですありがとうござい ます
ます びっくりこんな素敵な雰囲気のお店なので
びっくりこんな素敵な雰囲気のお店なので 皆さんぜひ来てください概要欄にこちらの
皆さんぜひ来てください概要欄にこちらの 店の情報を貼っておきまはい皆さん今日の
店の情報を貼っておきまはい皆さん今日の 動画はどうでしたか今日は浜松町でカレー
動画はどうでしたか今日は浜松町でカレー を食べるという動画でした多分前の動画で
を食べるという動画でした多分前の動画で 羽田空港から浜松町に行く行き方を説明し
羽田空港から浜松町に行く行き方を説明し ている動画があると思うので羽田空港から
ている動画があると思うので羽田空港から 浜松町までどうやって行けばいいのか
浜松町までどうやって行けばいいのか 分からないっていう人がいたら是非こちら
分からないっていう人がいたら是非こちら の動画も見てくださいいつも見てくださっ
の動画も見てくださいいつも見てくださっ てありがとうございます今日はここまで
てありがとうございます今日はここまで ですじゃあロバートさんも一緒にバイバ
ですじゃあロバートさんも一緒にバイバ イって言ってくださいバイ
[音楽] バイ",true,ja,71
15,1,回転寿司で使う日本語,https://www.youtube.com/watch?v=r-pp-Dpz5AA,vocabulary,2026-07-17T02:59:13.914993+00:00,2026-07-17T02:59:13.914993+00:00,"皆さんこんにちはあかね的日本語教室の あかねです私は今
あかねです私は今 浅草にいます後ろにスカイツリーが見え
浅草にいます後ろにスカイツリーが見え ます今日は回転寿司でお寿司を食べます
ます今日は回転寿司でお寿司を食べます 回転寿司で使う日本語を皆さんにシェアし
回転寿司で使う日本語を皆さんにシェアし たいと思うんですけどその前に今日は本当
たいと思うんですけどその前に今日は本当 に特別な
に特別な ゲストが来てくれていますどうぞ
ゲストが来てくれていますどうぞ 皆さんこんにちはゆうゆうです皆さん
皆さんこんにちはゆうゆうです皆さん ゆうゆう先生のポッドキャスト聞いたこと
ゆうゆう先生のポッドキャスト聞いたこと ある人もいますよねはい今日はゆゆう先生
ある人もいますよねはい今日はゆゆう先生 と一緒に回転寿司でお寿司を食べます食べ
と一緒に回転寿司でお寿司を食べます食べ ましょうじゃあ早速行きましょう行ってき
ましょうじゃあ早速行きましょう行ってき ます
ます 今回
今回 撮影するのはスシロー浅草東橋店さんです
撮影するのはスシロー浅草東橋店さんです 撮影の許可をいただいているので入ります
撮影の許可をいただいているので入ります はいこちらの席に
はいこちらの席に 案内してもらいました
案内してもらいました 座ります最近の回転寿司はここに
座ります最近の回転寿司はここに 寿司が乗っていないパターンが多いので
寿司が乗っていないパターンが多いので このタッチパネルで自分たちで
このタッチパネルで自分たちで 注文します
注文します 粉末緑茶というのがあります
粉末緑茶というのがあります [音楽]
[音楽] はいどうぞでこのお茶の作り方
はいどうぞでこのお茶の作り方 ですここに書いてありますね
ですここに書いてありますね 専用スプーン1杯が目安ですと書いてある
専用スプーン1杯が目安ですと書いてある のってこちらのスプーン1杯を中に入れ
のってこちらのスプーン1杯を中に入れ ます
ます そしてお湯を注ぎますゆゆう先生にお湯を
そしてお湯を注ぎますゆゆう先生にお湯を 注いでもらいましたレバーを手前に回すと
注いでもらいましたレバーを手前に回すと お湯が出ますここにも説明が書いてあり
お湯が出ますここにも説明が書いてあり ます前テレビで見たんですけどスシローは
ます前テレビで見たんですけどスシローは 日本だけじゃなくて他の国にもあるそう
日本だけじゃなくて他の国にもあるそう ですね皆さんの国にもスシローがあります
ですね皆さんの国にもスシローがあります かあとお寿司はどんなネタが好きですか
かあとお寿司はどんなネタが好きですか コメントで教えてくださいじゃあゆう先生
コメントで教えてくださいじゃあゆう先生 注文しましょうはいいや僕マグロが好きな
注文しましょうはいいや僕マグロが好きな ので
ので オーソドックスに
赤み行こうかないいですね中トロ
脂がまあまああるね これでいきたいと思いますはいわかりまし
これでいきたいと思いますはいわかりまし た
た 私はやっぱりねサーモンがいいのでじゃあ
私はやっぱりねサーモンがいいのでじゃあ このサーモン3冠森です
このサーモン3冠森です ちなみにこれってわさび入ってるのかな実
ちなみにこれってわさび入ってるのかな実 は私はわさびが食べられないんです
は私はわさびが食べられないんです なのででもこれ多分選ぶところがないから
なのででもこれ多分選ぶところがないから きっとわさびはどこかに置いてあるんだと
きっとわさびはどこかに置いてあるんだと 思いますこれがわさび
思いますこれがわさび 皆さん今わさびが回ってきました
皆さん今わさびが回ってきました 撮ってください
撮ってください はいわさびは自分で取るスタイルです
はいわさびは自分で取るスタイルです じゃあ
じゃあ 注文するを押します
ご注文ありがとうございます商品は 専用でよりご提供させていただきます回っ
専用でよりご提供させていただきます回っ てる
てる レーンの上から
レーンの上から 注文した商品が
注文した商品が 届くと思いますじゃあ待ちましょう
はい今 注文した商品が届きました
私のサーモン ありがとうございます
はいサーモンがきましたでお箸なんです けど
けど お菓子はここに入っています
お菓子はここに入っています 爪楊枝もここにあります
ここに 醤油あと
醤油あと ここに入っているのはガリと言いますこれ
ここに入っているのはガリと言いますこれ は生姜ですで今お店の人に聞いたんです
は生姜ですで今お店の人に聞いたんです けどここはこのね
けどここはこのね 醤油を直接お寿司にかけますでこれ見て
醤油を直接お寿司にかけますでこれ見て もらうと分かるんだけどちょっとずつしか
もらうと分かるんだけどちょっとずつしか お醤油が出てこないタイプなんです
お醤油が出てこないタイプなんです ちょっとかけてみますね行きますよ
ほら一滴一滴こういう風にかけることが できるのでかけすぎる心配はありませんな
できるのでかけすぎる心配はありませんな ので自分の好きな
ので自分の好きな 量をかけて食べてください
量をかけて食べてください ちなみに
ちなみに 寿司の
寿司の 米のことをシャリと言います
米のことをシャリと言います 米に
米に 酢を入れて作りますさっきゆうゆう先生が
酢を入れて作りますさっきゆうゆう先生が わさびを取ってくれましたね私はわさびが
わさびを取ってくれましたね私はわさびが 食べられないのでわさびを食べる人は自分
食べられないのでわさびを食べる人は自分 でわさびをつけて食べますじゃあいただき
でわさびをつけて食べますじゃあいただき ます
ます サーモン3冠森ですいろんなサーモンが
サーモン3冠森ですいろんなサーモンが ありますねお寿司は1貫2貫3巻と数え
ありますねお寿司は1貫2貫3巻と数え ます
幸せ 僕はわさび入れるので
僕はわさび入れるので 1回
1回 押して
押して ちょっとだけ見せてねはいそしてもう1回
ちょっとだけ見せてねはいそしてもう1回 乗せまして後ろをかけます
いただきます
[音楽] お寿司は久しぶりですか
お寿司は久しぶりですか 最高です本当に久しぶり
最高です本当に久しぶり メキシコにはこういう回転寿司はあります
メキシコにはこういう回転寿司はあります か
特に僕の住んでる街にはないです本当に 久しぶりのお寿司ですね本当にすごい新鮮
久しぶりのお寿司ですね本当にすごい新鮮 でおいしいですねさっきこの醤油を上から
でおいしいですねさっきこの醤油を上から かけるっていう話をしたんですけどこのね
かけるっていう話をしたんですけどこのね 空いたお皿に
空いたお皿に 醤油を入れてつけて食べてもいいですよと
醤油を入れてつけて食べてもいいですよと お店の人が教えてくれました
はい食べますこういう食べ方もできます ありがとうございますこの動画を見てる人
ありがとうございますこの動画を見てる人 の中には食事をする時にお箸を使わない人
の中には食事をする時にお箸を使わない人 もいると思いますなのでお店の人に聞いて
もいると思いますなのでお店の人に聞いて みましたお箸を使わない
みましたお箸を使わない 文化の人がどうするんですかって聞いたん
文化の人がどうするんですかって聞いたん ですけど
ですけど 手で食べてもいいし小さいんですけど
手で食べてもいいし小さいんですけど スプーンやフォークもあるのでそれを使っ
スプーンやフォークもあるのでそれを使っ てもいいという風に教えてくれました
てもいいという風に教えてくれました スプーンはここにあるので
スプーンはここにあるので これを使ってくださいでフォークは
これを使ってくださいでフォークは 席にはないのでさっきねあっちの方にあ
席にはないのでさっきねあっちの方にあ るって言ってたのでちょっと行きましょう
フォークはここにありますコップもあるし ここには冷たい水もあるのでお茶は苦手な
ここには冷たい水もあるのでお茶は苦手な 人はここで冷たい水を自分で入れることが
人はここで冷たい水を自分で入れることが できます一応ねフォークも1本だけ回って
できます一応ねフォークも1本だけ回って いきますはい今スプーンとフォークを
いきますはい今スプーンとフォークを 借りてきましたちょっと小さいですよとは
借りてきましたちょっと小さいですよとは 言ってたんですけどお箸がちょっと使え
言ってたんですけどお箸がちょっと使え ないよって人はフォークやスプーンを使っ
ないよって人はフォークやスプーンを使っ てみてくださいわさび
てみてくださいわさび 以外にも
以外にも 七味とあとは
七味とあとは 塩もあるんですねあと胡椒もありますもし
塩もあるんですねあと胡椒もありますもし ね醤油が苦手な人は
ね醤油が苦手な人は 塩を使ってもいいかもしれません
塩を使ってもいいかもしれません 私はこの和歌山ラーメンを
私はこの和歌山ラーメンを 注文しますでもし間違えちゃったらこのね
注文しますでもし間違えちゃったらこのね 取り消しを押せばいいです取り消しをし
取り消しを押せばいいです取り消しをし ます
あともし一つじゃなくて2つとか3つとか お花見たかったら
お花見たかったら いいですねこれは増やすですこちらテラス
いいですねこれは増やすですこちらテラス なので一つでよかったらテラスを押します
なので一つでよかったらテラスを押します じゃあ収納します
じゃあ収納します はーいラーメンです
はーいラーメンです 赤いのがあるじゃないですかこれを
赤いのがあるじゃないですかこれを 外しますこうやってこう
外しますこうやってこう 蓋が動かないようになってるんですね
美味しそう ちょっとこちらも取ろうはい和歌山
ちょっとこちらも取ろうはい和歌山 ラーメンです
いただきますあこれはナルトです結構太め の面ですね
の面ですね 美味しい回転寿司だけど
美味しい回転寿司だけど ラーメンとかうどんとかあとね天ぷらも
ラーメンとかうどんとかあとね天ぷらも あるんですなので家族とか
あるんですなので家族とか 友達と一緒にお寿司を食べたいけど生魚が
友達と一緒にお寿司を食べたいけど生魚が 苦手な人もいると思うんですよねでもこう
苦手な人もいると思うんですよねでもこう いうところに来ればいろんな種類の食べ物
いうところに来ればいろんな種類の食べ物 があるのでみんなで一緒にいろんなものを
があるのでみんなで一緒にいろんなものを 食べることができると思います
私の大好きなイクラが来ましたいくらと 一緒に乗ってるのはきゅうりですきゅうり
一緒に乗ってるのはきゅうりですきゅうり でこっちはサーモンイクラ軍艦です
でこっちはサーモンイクラ軍艦です サーモンの上にいくらが乗ってますで海苔
サーモンの上にいくらが乗ってますで海苔 で巻いてあるのでこれは
で巻いてあるのでこれは 軍艦と言います
軍艦と言います 軍艦巻きっていったりもするかなゆゆう
軍艦巻きっていったりもするかなゆゆう 先生が頼んだ
先生が頼んだ 炙り戦艦ですすごいこの真ん中のはホタテ
炙り戦艦ですすごいこの真ん中のはホタテ という貝ですね
という貝ですね 炙ってありますなんかあれ何て言うんだっ
炙ってありますなんかあれ何て言うんだっ け
け ヒーターじゃなくて
ヒーターじゃなくて [笑い]
[笑い] 怖い
怖い バーナーでちょっとね
バーナーでちょっとね 焼くというかちょっと焦げ目をつけてって
焼くというかちょっと焦げ目をつけてって いうのが炙るですね皆さん見てください
いうのが炙るですね皆さん見てください これ
これ コンクリにコロッケだってちょっとこれ
コンクリにコロッケだってちょっとこれ 頼んでみようか
頼んでみようか あとお
あとお 寿司屋さんによくあるのが
寿司屋さんによくあるのが 茶碗蒸しですえーどっちがいいかなこの
茶碗蒸しですえーどっちがいいかなこの 茶碗蒸しを
茶碗蒸しを 頼みますこれが
頼みますこれが 茶碗蒸しです
茶碗蒸しです 卵と出汁で作るものですお店によって違う
卵と出汁で作るものですお店によって違う んですけど中に海鮮が入ってたり
んですけど中に海鮮が入ってたり 鶏肉が入ってたりいろんなものを入れて
鶏肉が入ってたりいろんなものを入れて 作りますでこっちがコーンクリーミー
作りますでこっちがコーンクリーミー コロッケですちょっと割ってみます
すごい コーンが入ってます
コーンが入ってます 美味しそうまさかコロッケがあるとは思わ
美味しそうまさかコロッケがあるとは思わ なかったすごいサクサクですさっきの
なかったすごいサクサクですさっきの スプーンで
スプーンで 茶碗蒸しを食べます
茶碗蒸しを食べます
[音楽] 美味しい
美味しい ゆう先生の味噌汁がきました
ゆう先生の味噌汁がきました 結構大きいですねすごいでは最後に
結構大きいですねすごいでは最後に デザートを
デザートを 注文したいと思いますいろいろあるんです
注文したいと思いますいろいろあるんです よ
よ パインのミニパフェとか
パインのミニパフェとか 練乳いちごパフェとか
ケーキもある 卵をいちごみるくプリン皆さんはどれが
卵をいちごみるくプリン皆さんはどれが 食べたいですかコメントで教えてください
食べたいですかコメントで教えてください えぐしもあるんだ
えぐしもあるんだ 昔いいね私みたらし団子好きなんですよ
昔いいね私みたらし団子好きなんですよ もちっとみたらし団子
もちっとみたらし団子 頼みますゆう先生大丈夫ですか
頼みますゆう先生大丈夫ですか 私だけ
私だけ 注文します
いただきます
うんちょっとあったかい出来たて 美味しい食べ終わったので会計します
美味しい食べ終わったので会計します こちらの呼び出し会計を押します
こちらの呼び出し会計を押します お会計に進むまたはスタッフがお伺いお
お会計に進むまたはスタッフがお伺いお 伺いしますよろしいでしょうかはいを押し
伺いしますよろしいでしょうかはいを押し ます
対応確認します黄色2枚と赤が狭いと クロス3枚と白2枚と目によろしい
クロス3枚と白2枚と目によろしい でしょうかはいありがとうございます
はいおかげで4,330円ですお願いし ますありがとうございますありがとう
ますありがとうございますありがとう ございますこちらのカードをレジに持って
ございますこちらのカードをレジに持って いきます
[音楽]
クレジットカードにします
カードを取ってでシートを取ります
これで会計ができました はい今日は回転寿司で使う日本語を紹介し
はい今日は回転寿司で使う日本語を紹介し ました皆さんが日本の回転寿司に行く時に
ました皆さんが日本の回転寿司に行く時に 少しでもこの動画が役に立ったら嬉しい
少しでもこの動画が役に立ったら嬉しい です
です 悠悠先生と浅草で撮影した動画は8月に
悠悠先生と浅草で撮影した動画は8月に 投稿する予定なのでぜひ見てください
投稿する予定なのでぜひ見てください ゆゆう先生のポッドキャストは日本語を
ゆゆう先生のポッドキャストは日本語を 勉強する人にとってとても役に立つと思う
勉強する人にとってとても役に立つと思う のでそちらも概要欄にリンクを貼っておき
のでそちらも概要欄にリンクを貼っておき ます
ます 是非
是非 聴いてください
聴いてください 皆さんいつも素敵なコメントを書いて
皆さんいつも素敵なコメントを書いて くださって本当にありがとうございます
くださって本当にありがとうございます 今日はここまでですバイバイ
今日はここまでですバイバイ [音楽]
[音楽]",true,ja,71
16,1,"【Japanese Conversation】 Cafe Conversation｜Entering, Ordering, and Accounting",https://www.youtube.com/watch?v=r20IdWOSBFE&t=213s,conversation,2026-07-17T02:59:13.914993+00:00,2026-07-17T02:59:13.914993+00:00,"皆さんいらっしゃいませ赤根的日本語 カフェへようこそ今日はカフェや
カフェへようこそ今日はカフェや レストランで使う会話を紹介しますでも
レストランで使う会話を紹介しますでも いつもの動画とは違って今回は私がお店の
いつもの動画とは違って今回は私がお店の 人の役をやり
人の役をやり ます今回は入店注文会計この3つの場面を
ます今回は入店注文会計この3つの場面を 紹介しますまずは入店の場面です3つ紹介
紹介しますまずは入店の場面です3つ紹介 し
し ます1回目は日本語の字幕がありません2
ます1回目は日本語の字幕がありません2 回目は日本語の字幕があり
ますいらっしゃいませ何名様ですか1人 です開いてる好きなお席に
どうぞいらっしゃいませ何名様ですか1人 です開いてる好きなお席にどうぞ何名様
です開いてる好きなお席にどうぞ何名様 ですかは何人ですかという意味です1人
ですかは何人ですかという意味です1人 です2人です3人です4人です5人です
です2人です3人です4人です5人です このように答え
このように答え ます空いているお好きな席に
ます空いているお好きな席に どうぞ開いている席ならどこに座っても
どうぞ開いている席ならどこに座っても いいという意味
ですいらっしゃいませ何名様ですか11時 半に予約した佐藤です佐藤様ですねお待ち
半に予約した佐藤です佐藤様ですねお待ち しておりましたこちらの席に
しておりましたこちらの席に どうぞ
どうぞ いらっしゃいませ何名様ですか11時半に
いらっしゃいませ何名様ですか11時半に 予約した佐藤です佐藤様ですねお待ちして
予約した佐藤です佐藤様ですねお待ちして おりましたこちらの席に
おりましたこちらの席に どうぞ前もって予約してからお店に行く
どうぞ前もって予約してからお店に行く 場合は入店する時に予約した佐藤ですの
場合は入店する時に予約した佐藤ですの ように言えば大丈夫
ですいらっしゃいませ何様ですか6人なん ですけど開いてますか確認しので少々お
ですけど開いてますか確認しので少々お 待ち
くださいお客様申し訳ありませんただいま 満席でして30分後にはご案内できると
満席でして30分後にはご案内できると 思いますがじゃあ待ちますかしこまりまし
思いますがじゃあ待ちますかしこまりまし たではこちらのお席でお待ち
くださいいらっしゃいませ何め様ですか6 人なんですけど開いてますか確認しますの
人なんですけど開いてますか確認しますの で少々お待ち
くださいお客様も申し訳ありません ただいま満席でして30分後にはご案内
ただいま満席でして30分後にはご案内 できると思いますがじゃあ待ちます
できると思いますがじゃあ待ちます かしこまりましたではこちらの席でお待ち
かしこまりましたではこちらの席でお待ち ください満席というのは空いている席が
ください満席というのは空いている席が ないという意味ですここではお店の人が
ないという意味ですここではお店の人が 30分後には席が開くと思いますよと言っ
30分後には席が開くと思いますよと言っ ています次は中文の場面ですその前に皆
ています次は中文の場面ですその前に皆 さんが会話を練習する時にすごく役に立
さんが会話を練習する時にすごく役に立 アプリを紹介したいと思います今日は皆
アプリを紹介したいと思います今日は皆 さんにカフェやレストランで話す日本語の
さんにカフェやレストランで話す日本語の 会話を紹介していますが実際に話す時は
会話を紹介していますが実際に話す時は 緊張したりうまく話せないこともあると
緊張したりうまく話せないこともあると 思いますでも練習すれば自信がつくと思い
思いますでも練習すれば自信がつくと思い ます今回は私がもう4年以上使っている
ます今回は私がもう4年以上使っている アトキーを紹介しますアトキーはオン
アトキーを紹介しますアトキーはオン ラインで勉強できる語学学習アプリで
ラインで勉強できる語学学習アプリで 世界中に3万人以上の先生がいます
世界中に3万人以上の先生がいます たくさん先生がいるので初級の人は自分の
たくさん先生がいるので初級の人は自分の 言語で教えてくれる先生を探すことによっ
言語で教えてくれる先生を探すことによっ て自分の言語で質問ができるのでより理解
て自分の言語で質問ができるのでより理解 が深まると思いますアトキーは1対1で
が深まると思いますアトキーは1対1で 勉強できるので先生と相談しながら自分の
勉強できるので先生と相談しながら自分の ペースで自分が勉強したい内容で勉強を
ペースで自分が勉強したい内容で勉強を 続けることができます自分のの
続けることができます自分のの スケジュールに合わせていつでもどこでも
スケジュールに合わせていつでもどこでも スマホでもパソコンでも勉強できます
スマホでもパソコンでも勉強できます レッスンの料金は1回ごとに払うので毎月
レッスンの料金は1回ごとに払うので毎月 決まった金額を払う必要はありません私は
決まった金額を払う必要はありません私は 今愛機で英語を勉強していますso
今愛機で英語を勉強していますso TodayIwouldliketo
TodayIwouldliketo practice
practice erationat
erationat restOKsoplease
restOKsoplease pretendthestaffof
pretendthestaffof therest
therest OK
OK PERHELLMay
UR
abut
haveDR
caronMENHowshouldI say
say Idrinkcarbonate
Idrinkcarbonate drinkanddoyouhave
drinkanddoyouhave substitutedrinkうんI
substitutedrinkうんI guessthebestwayto
guessthebestwayto askwouldbetosayDo
askwouldbetosayDo youhaveanynon
youhaveanynon carbonatedbeverages
carbonatedbeverages ordrinksDoyouhave
ordrinksDoyouhave anynoncarbonated
anynoncarbonated drinks英語のNAスピーカーの先生
drinks英語のNAスピーカーの先生 と会話の練習をしているので話すことだけ
と会話の練習をしているので話すことだけ じゃなくてリスニングの能力も少しレベル
じゃなくてリスニングの能力も少しレベル アップしたと思います皆さんも好きな場所
アップしたと思います皆さんも好きな場所 で好きな時間にネイティブスピーカーの
で好きな時間にネイティブスピーカーの 先生と練習してみてください概要欄にキー
先生と練習してみてください概要欄にキー のリンクとクーポンコードがあります
のリンクとクーポンコードがあります 10$購入すると最初のレッスンでゴルの
10$購入すると最初のレッスンでゴルの 無料クーポンをもらうことができます
無料クーポンをもらうことができます こちらのプロモーションコードを入力して
こちらのプロモーションコードを入力して くださいこのコードは初めて愛東キーで
くださいこのコードは初めて愛東キーで レッスンを受ける人が対象です先着50名
レッスンを受ける人が対象です先着50名 までもらうことができます是非この機会に
までもらうことができます是非この機会に 愛トーキーでレッスンを受けてみて
愛トーキーでレッスンを受けてみて ください次は注文の場面を3つ紹介し
ますこちらメニューでございますご注文が お決まりになりましたらこちらのベルでお
お決まりになりましたらこちらのベルでお 呼びくださいすみませんお日野もらえます
呼びくださいすみませんお日野もらえます かかしこまりましたすぐにお持ちし
かかしこまりましたすぐにお持ちし ますお待たせいたしましたお部屋でござい
ますお待たせいたしましたお部屋でござい ますすいませんハンバーガー1つト抜きで
ますすいませんハンバーガー1つト抜きで お願いしますかしこまりました少々お待ち
くださいこちらメニューでございますご 注文がお決まりになりましたらこちらの
注文がお決まりになりましたらこちらの ベルでお呼びくださいすみませんお部屋
ベルでお呼びくださいすみませんお部屋 もらえますかかしこまりましたすぐにお
もらえますかかしこまりましたすぐにお 持ちし
持ちし ますお待たせいたしましたお部屋でござい
ますお待たせいたしましたお部屋でござい ますすいませんハンバーガー1つト抜きで
ますすいませんハンバーガー1つト抜きで お願いしますかしこまりました少々お待ち
お願いしますかしこまりました少々お待ち ください
お冷やは水のことです一部の飲食店を除い てほとんど無料で提供され
てほとんど無料で提供され ますトマト抜きでお願いしますこれは
ますトマト抜きでお願いしますこれは トマトを入れないでくださいという意味
トマトを入れないでくださいという意味 ですもしアレルギーなどで食べられない
ですもしアレルギーなどで食べられない ものがあったらこのように注文したり何々
ものがあったらこのように注文したり何々 を入れないでもらえますかと聞いてみ
を入れないでもらえますかと聞いてみ ましょう
お待たせいたしましたご注文はお決まり ですかはいホットコーヒー1つと
ですかはいホットコーヒー1つと チョコレートケーキ1つお願いし
チョコレートケーキ1つお願いし ますかしこまりましたお砂糖とミルクはお
ますかしこまりましたお砂糖とミルクはお 使いになりますかミルクお願いします
使いになりますかミルクお願いします かしこまりました確認いたしますホット
かしこまりました確認いたしますホット コーヒー1つチョコレートケーキ1つ以上
コーヒー1つチョコレートケーキ1つ以上 でお間違いないですかすみませんやっぱり
でお間違いないですかすみませんやっぱり コーヒーなくてオレンジジュースでお願い
コーヒーなくてオレンジジュースでお願い しますオレンジジュースですねかしこまり
しますオレンジジュースですねかしこまり ましたメニューお下げしてもよろしいです
ましたメニューお下げしてもよろしいです かもう少し見てもいいです
かお待たせいたしましたご注文はお決まり ですかはいホットコーヒー1つと
ですかはいホットコーヒー1つと チョコレートケーキ1つお願いし
チョコレートケーキ1つお願いし ますかしこまりましたお砂糖とミルクはお
ますかしこまりましたお砂糖とミルクはお 使いになりますかミルクお願いします
使いになりますかミルクお願いします かしこまりました確認いたしますホット
かしこまりました確認いたしますホット コーヒー1つチョコレートケーキ1つ以上
コーヒー1つチョコレートケーキ1つ以上 でお間違いないですかすみませんやっぱり
でお間違いないですかすみませんやっぱり コーヒーじゃなくてオレンジジュースでお
コーヒーじゃなくてオレンジジュースでお 願いしますオレンジジュースですね
願いしますオレンジジュースですね かしこまりましたメニューお下げしても
かしこまりましたメニューお下げしても よろしいですかもう少し見てもいいですか
よろしいですかもう少し見てもいいですか このやっぱりは意見を変える時に使う
このやっぱりは意見を変える時に使う やっぱりですメニューをお下げしても
やっぱりですメニューをお下げしても よろしいですかはメニューを持っていって
よろしいですかはメニューを持っていって もいいですかという意味です
ご来店ありがとうございますご注文は こちらのタッチパネルからお願いいたし
こちらのタッチパネルからお願いいたし ますわかりまし
たご来店ありがとうございますご注文は こちらのタッチパネルからお願いいたし
こちらのタッチパネルからお願いいたし ますわかりました最近はタッチパネルで
ますわかりました最近はタッチパネルで 注文するお店も増えています次は会計の
注文するお店も増えています次は会計の 場面
場面 です
です すいませんお会計お願いしますかしこまり
すいませんお会計お願いしますかしこまり ましたこちらの伝票をレジまでお持ち
ましたこちらの伝票をレジまでお持ち くださいありがとうございますお会計
くださいありがとうございますお会計 1100円でございますクレジットカード
1100円でございますクレジットカード でお願いしますかしこまりました暗証番号
でお願いしますかしこまりました暗証番号 をお願いいたしますカードとレシートお
をお願いいたしますカードとレシートお 控えでござい
ますすいませんおかきお願いします かしこまりましたこちらの伝票をレジまで
かしこまりましたこちらの伝票をレジまで お持ちください
お持ちください ありがとうございますお会計1100円で
ありがとうございますお会計1100円で ございますクレジットカードでお願いし
ございますクレジットカードでお願いし ますかしこまりました暗証番号をお願い
ますかしこまりました暗証番号をお願い いたしますカードとレシートお控えで
いたしますカードとレシートお控えで ござい
ござい ます日本のクレジットカードの暗証番号は
ます日本のクレジットカードの暗証番号は 4桁です皆さんの国のクレジットカードの
4桁です皆さんの国のクレジットカードの 暗証番号は何桁ですかコメントで教えて
暗証番号は何桁ですかコメントで教えて くださいクレジットカードで払うと
くださいクレジットカードで払うと レシートとは別にお客様控えをもらいます
レシートとは別にお客様控えをもらいます これはクレジットカードでいくら使ったか
これはクレジットカードでいくら使ったか などが書いてある紙
ですごちそうさでしたお預かりいたします 1100円でございますポイントカードは
1100円でございますポイントカードは お持ちですかいえ持ってませんクレジット
お持ちですかいえ持ってませんクレジット カード使えますか申し訳ありません当店は
カード使えますか申し訳ありません当店は 現金のみとなっておりますわかりました
現金のみとなっておりますわかりました 2000円お預かりいたします900円の
2000円お預かりいたします900円の お返しとレシートでございます
ごちそうさでしたお預かりいたします 1100円でございますポイントカードは
1100円でございますポイントカードは お持ちですかいえ持ってませんクレジット
お持ちですかいえ持ってませんクレジット カード使えますか申し訳ありません当店は
カード使えますか申し訳ありません当店は 現金のみとなっておりますわかりました
現金のみとなっておりますわかりました 2000円お預かりいたします900円の
2000円お預かりいたします900円の お返しとレシートでござい
お返しとレシートでござい ます現金のみというのは現金しか使えない
ます現金のみというのは現金しか使えない という意味です日本にはまだ現金しか使え
という意味です日本にはまだ現金しか使え ないお店もあるので皆さん日本に来る時は
ないお店もあるので皆さん日本に来る時は 必ず現金を準備して
必ず現金を準備して くださいはい今日はカフェで使う日本語の
くださいはい今日はカフェで使う日本語の 入店注文会計の場面を皆さんに紹介しまし
入店注文会計の場面を皆さんに紹介しまし たこの撮影をするためにレストランを借り
たこの撮影をするためにレストランを借り ましたパプリカホテルですというホテルの
ましたパプリカホテルですというホテルの 1階にあるレストランですいつも協力して
1階にあるレストランですいつも協力して くださって本当にありがとうございます
くださって本当にありがとうございます このパプリカホテルですさんのURL
このパプリカホテルですさんのURL リンクは概要欄に貼っておくのでもし気に
リンクは概要欄に貼っておくのでもし気に なる人は見てみてくださいそしてこの撮影
なる人は見てみてくださいそしてこの撮影 のために皆さん気づきましたかこの
のために皆さん気づきましたかこの エプロンに赤根的日本語カフェというね
エプロンに赤根的日本語カフェというね あの刺繍をしてもらいました本当にこの
あの刺繍をしてもらいました本当にこの 撮影のためにこういう名札を作っ
撮影のためにこういう名札を作っ たりあとこのベルも
たりあとこのベルも 買いましたこれ100円ショップで
買いましたこれ100円ショップで 30000円で売ってましたちょっとね
30000円で売ってましたちょっとね あの本格的にやりたいなと思ったので
あの本格的にやりたいなと思ったので えっとこういう小物を揃えてやってみまし
えっとこういう小物を揃えてやってみまし た皆さんどうでしたか少しでも役に立っ
た皆さんどうでしたか少しでも役に立っ たら嬉しいですそして今回紹介したような
たら嬉しいですそして今回紹介したような 会話の場面を是非愛トーキーでネイティブ
会話の場面を是非愛トーキーでネイティブ スピーカーの先生と一緒に練習してみて
スピーカーの先生と一緒に練習してみて くださいやっぱり最初は話すのが怖かっ
くださいやっぱり最初は話すのが怖かっ たり自信がなかったりすると思うんです
たり自信がなかったりすると思うんです けど練習すれば慣れてくると思うので是非
けど練習すれば慣れてくると思うので是非 アトキーで練習してみてください今日も
アトキーで練習してみてください今日も 最後まで見てくださって本当にありがとう
最後まで見てくださって本当にありがとう ございますまた次回の動画でお会いし
ございますまた次回の動画でお会いし ましょうバイ
[音楽] バイY",true,ja,71
17,1,カフェで注文するときの日本語,https://www.youtube.com/watch?v=yNsjl7WFtRY,conversation,2026-07-17T02:59:13.914993+00:00,2026-07-17T02:59:13.914993+00:00,"皆さんこんにちはあね的日本語教室のあね です私は今横浜の馬車道というところにい
です私は今横浜の馬車道というところにい ます今日は後ろに見えるすごく素敵なお店
ます今日は後ろに見えるすごく素敵なお店 で撮影をしますそして今日は皆さんに
で撮影をしますそして今日は皆さんに えっとカフェで使う日本語を紹介したいと
えっとカフェで使う日本語を紹介したいと 思いますあと今日はゲストがいます私の
思いますあと今日はゲストがいます私の ペトリオのメンバーのイさんさん
ペトリオのメンバーのイさんさん ですこんにちははい自己紹介お願いします
ですこんにちははい自己紹介お願いします 紹さんと申しますとお金的日本教室の登録
紹さんと申しますとお金的日本教室の登録 者ですどこから来ましたかうんアメリカの
者ですどこから来ましたかうんアメリカの テシから来ましたはいありがとうござい
テシから来ましたはいありがとうござい ますじゃあ今日は一緒にと2人でカフェで
ますじゃあ今日は一緒にと2人でカフェで 食事をしたいと思いますあとデザートも
食事をしたいと思いますあとデザートも 頼みたいと思うので最後まで見てもらえ
頼みたいと思うので最後まで見てもらえ たら嬉しいですじゃあお店に入り
ますこれ建物が5階建てではいえええ4回 5回が会場なんですけどそちらもご覧に
5回が会場なんですけどそちらもご覧に なりますかあいよろしいんですかはい
なりますかあいよろしいんですかはい ありがとうございますはいありがとう
ありがとうございますはいありがとう ございます今お店の方が案内してください
ございます今お店の方が案内してください まこちらが1回から5回まではい4回5回
まこちらが1回から5回まではい4回5回 が宴会場ですね3階レストラン2階がバー
が宴会場ですね3階レストラン2階がバー あと1階が喫茶になりますうどうぞ
あと1階が喫茶になりますうどうぞ ありがとうございますはいこちらが誤解で
ありがとうございますはいこちらが誤解で あのわざわざYouTubeを撮影すると
あのわざわざYouTubeを撮影すると いうことで今見せていただきましたなんか
いうことで今見せていただきましたなんか ソファーの感じとかがすごいやっぱり昔の
ソファーの感じとかがすごいやっぱり昔の 雰囲気もありでもすごい重厚感があります
雰囲気もありでもすごい重厚感があります ねありがとうございますあこっちにも
ねありがとうございますあこっちにも こちらが小さな部がありまして構式も
こちらが小さな部がありまして構式も こちらでよく行うんですねなるほどこらは
こちらでよく行うんですねなるほどこらは あのまブライズルームシプ様の支度室にも
あのまブライズルームシプ様の支度室にも 使います
使います すごい
すごい あこの電気の雰囲気とかやっぱりちょっと
あこの電気の雰囲気とかやっぱりちょっと 明治っぽい感じですねすごいありがとう
明治っぽい感じですねすごいありがとう ござい
ござい ます
ます よしすごいなんかもう色使いとか本当に
綺麗ござい
ますなるほどバーだからたくさんお酒の瓶 がありますあ
がありますあ すごい1階が見えるんです
ね素敵なバーです ね今は近道日月ええだけしか営業しないん
ね今は近道日月ええだけしか営業しないん ですが16時からえ23時までですね用し
ですが16時からえ23時までですね用し てますすごいですねカウンターでそうです
てますすごいですねカウンターでそうです ねすごく人気が
ねすごく人気が あるすごい高級感もあるしなんか特別な
あるすごい高級感もあるしなんか特別な ちょっと個室っぽい感じでえが
ちょっと個室っぽい感じでえが 今ちょっと電気消えてますはいボ席にな
今ちょっと電気消えてますはいボ席にな ますあなるほどじゃあま45人でそうです
ますあなるほどじゃあま45人でそうです 入れるっていう感じです
入れるっていう感じです ね
おしゃれケーキです美味し そうデコレーション
そうデコレーション ケーキこれはショート
ケーキこれはショート ケーキ今秋なのでやっぱりねモランとか紫
モンブランケーキを買う時に使う日本語は この動画で紹介したのでこちらもぜひ見て
この動画で紹介したのでこちらもぜひ見て ください奥こちらはいあじゃあ奥ではい
ください奥こちらはいあじゃあ奥ではい よろしいです
よろしいです かありがとうござい
ますありがとうござい ますこちらがメニュー
ますこちらがメニュー ん
ん で美味しそうなデザートから見てしまい
で美味しそうなデザートから見てしまい ましたでも私たちはまだお昼ご飯を食べて
ましたでも私たちはまだお昼ご飯を食べて いないのでお昼ご飯から食べ
いないのでお昼ご飯から食べ ますも昼ご飯食べなかったんですか時間
ますも昼ご飯食べなかったんですか時間 なかったです
なかったです ねミックス
ねミックス サンド卵
サンド卵 サンドクラブハウスサンド私
サンドクラブハウスサンド私 は卵サンドにしたいと思いますあでも
は卵サンドにしたいと思いますあでも カレーも美味しそうだな開高
カレーも美味しそうだな開高 カレーアシドビーフ
ライス
たかいけ
活お決まりになりましたらお願いいたし ますあの飲食店の水のことをお冷やと言い
ますあの飲食店の水のことをお冷やと言い ますお冷やと呼ぶところが多いですなので
ますお冷やと呼ぶところが多いですなので 今お店の人がお日お持ちしましたと言い
今お店の人がお日お持ちしましたと言い ましたであとお決まりになりましたらお
ましたであとお決まりになりましたらお 呼びくださいと言ってましたね決まったら
呼びくださいと言ってましたね決まったら お店の人を呼んでくださいという意味
お店の人を呼んでくださいという意味 ですこれがコーヒーのメニューです
ですこれがコーヒーのメニューです オリジナルブレンドコーヒーとかて暖かい
オリジナルブレンドコーヒーとかて暖かい のも冷たいのもありますあと紅茶もあり
のも冷たいのもありますあと紅茶もあり ます紅茶以外にもカモミールとかあります
ます紅茶以外にもカモミールとかあります ねあソーダもあるメロンソーダライム
ねあソーダもあるメロンソーダライム スカッシュレモンスカッシュオレンジ
スカッシュレモンスカッシュオレンジ ジュースもありますあココアもあり
ジュースもありますあココアもあり ますじゃあ今から注文しますここはベルが
ますじゃあ今から注文しますここはベルが ないのですみません言って注目します
ないのですみません言って注目します じゃあますすいません今お店の人が来て
じゃあますすいません今お店の人が来て くれ
くれ ます卵サンド1つあとローストビーフ
ます卵サンド1つあとローストビーフ サンド1つうんで飲み物後で注文しても
サンド1つうんで飲み物後で注文しても いいですか大ですちなみにケーキを頼む時
いいですか大ですちなみにケーキを頼む時 にドリンクセットはありますかピにます
にドリンクセットはありますかピにます わかりましたありがとうござい
わかりましたありがとうござい [音楽]
[音楽] ますそれでは卵ローソの1でお違いない
ますそれでは卵ローソの1でお違いない でしょうかありがとうございます私たちは
でしょうかありがとうございます私たちは 後で多分デザートを食べるのでその時に
後で多分デザートを食べるのでその時に 飲み物を注文しますで今聞いたのはよく
飲み物を注文しますで今聞いたのはよく 日本だとデザートを注文する時にその
日本だとデザートを注文する時にその デザートと飲み物をセットで販売してる
デザートと飲み物をセットで販売してる パターンがあるんですねそうすると
パターンがあるんですねそうすると ちょっとセットでなんか安くなるっていう
ちょっとセットでなんか安くなるっていう パターンがあるのでそういう場合がよく
パターンがあるのでそういう場合がよく あるので今そういうセットはあります
あるので今そういうセットはあります かって聞いたんですけどここは単品ですっ
かって聞いたんですけどここは単品ですっ て言ってましたね単品単品単品は1つずつ
て言ってましたね単品単品単品は1つずつ だからデザートと飲み物のセットはなくて
だからデザートと飲み物のセットはなくて どちらも食べたかったら飲みたかったら
どちらも食べたかったら飲みたかったら どちらも注文しなきゃいけないっていう
どちらも注文しなきゃいけないっていう パターンですありがとうござい
パターンですありがとうござい [音楽]
[音楽] ますすいませんちょっとお願いなって
ますすいませんちょっとお願いなって メニューお下げしてもよろしいですかて
メニューお下げしてもよろしいですかて 言ってもらってもいいですかはいメニーを
言ってもらってもいいですかはいメニーを げしてもよろしいですかててもいいですか
げしてもよろしいですかててもいいですか 終りましたありがとうございます今
終りましたありがとうございます今 ちょっとわざと言ってもらったんですけど
ちょっとわざと言ってもらったんですけど 注文し終わった後にメニューを下げしても
注文し終わった後にメニューを下げしても よろしいですかって言われることがあり
よろしいですかって言われることがあり ますこれもうメニューを持っていっても
ますこれもうメニューを持っていっても いいですかっていう意味ですまだ私たちは
いいですかっていう意味ですまだ私たちは デザートとか飲み物を注文したいのであの
デザートとか飲み物を注文したいのであの まだ見てもいいですかとかもうちょっと見
まだ見てもいいですかとかもうちょっと見 たいですと言えばいい
たいですと言えばいい ですさっきお部屋の説明したんですけど
ですさっきお部屋の説明したんですけど 大体ね氷が入てます氷英語でアイスアイス
大体ね氷が入てます氷英語でアイスアイス が入ってますでもし氷入れて欲しくなかっ
が入ってますでもし氷入れて欲しくなかっ たら氷なしでお願いしますとかえ氷抜きで
たら氷なしでお願いしますとかえ氷抜きで お願いしますといえばいいですサドで
お願いしますといえばいいですサドで ござい
ござい [音楽]
[音楽] ますご注文の番全ておさいでしょうかはい
ますご注文の番全ておさいでしょうかはい ありがとうございます今料理が来たんです
ありがとうございます今料理が来たんです けど注文したものは全て来ました全部来
けど注文したものは全て来ました全部来 ましただからお店の人がご注文の品は全部
ましただからお店の人がご注文の品は全部 お揃いですかと言いましたねお揃いです
お揃いですかと言いましたねお揃いです かっていうのは必要なものが全部あ
かっていうのは必要なものが全部あ るっていう状態になりますだからもう
るっていう状態になりますだからもう 私たちが注文したものは全部来ましたか
私たちが注文したものは全部来ましたか っていう確認で聞いてくれましたおいし
っていう確認で聞いてくれましたおいし そうささんのローストビングサンド
そうささんのローストビングサンド ちょっと見てもいいです
ちょっと見てもいいです か美しそう結がありますね量があります
か美しそう結がありますね量があります あとサラダもありますごい卵卵焼き厚みが
あとサラダもありますごい卵卵焼き厚みが ありますね私もサラダがあり
ありますね私もサラダがあり ますいただき
ますいただき ますその前にこれお手拭きですお手拭きで
ますその前にこれお手拭きですお手拭きで 手を拭き
手を拭き ますこれは何ですか皆さん言えますか
ますこれは何ですか皆さん言えますか ソークです
ソークです ねえサラダの前に卵サの食
ねえサラダの前に卵サの食 すごい厚みがありますいただき
ます
おいしい今ねもうすぐ2時半なんですよ これ初めての食事ですごちそうさでした
これ初めての食事ですごちそうさでした おいしかったですもうあっという間に食べ
おいしかったですもうあっという間に食べ てしまいましたあっという間になくなり
てしまいましたあっという間になくなり ましたじゃ次は飲み物とえデザート注し
ましたじゃ次は飲み物とえデザート注し たいと思いますすいません
たいと思いますすいません とこの10番館オリジナルブレンド
とこの10番館オリジナルブレンド コーヒーあとこのダージリンスペシャルの
コーヒーあとこのダージリンスペシャルの ホットでお願いしますとあとケーキ
ホットでお願いしますとあとケーキ がとティラミスとショートケーキでお願い
がとティラミスとショートケーキでお願い します
します はい来ました私のショートケーキショート
はい来ました私のショートケーキショート ケーキはイチゴが乗ってるケーキですねで
ケーキはイチゴが乗ってるケーキですねで 中にスポンジとクリームがありますでいさ
中にスポンジとクリームがありますでいさ さんのがティラミスですねこれはえっと
さんのがティラミスですねこれはえっと コーヒーとクリームのデザートです美味し
コーヒーとクリームのデザートです美味し そうじゃいただき
ましょう紅茶にミルクを入れますこの くらいか
くらいか なスプーンで混ぜ
なスプーンで混ぜ ます皆さんはコーヒーや紅茶を飲む時に
ます皆さんはコーヒーや紅茶を飲む時に ミルクや砂糖を入れますかコメントで教え
ミルクや砂糖を入れますかコメントで教え てくださいああ美味しそうショートケーキ
です
う 美味し甘いの食べると元気になりますね
美味し甘いの食べると元気になりますね 今日午前中は日本語学校で仕事があってで
今日午前中は日本語学校で仕事があってで だからお昼ご飯食べる時間がなかったん
だからお昼ご飯食べる時間がなかったん ですけどしいもし水を飲み終わってもう1
ですけどしいもし水を飲み終わってもう1 杯欲しい時はすいません水くださいとかお
杯欲しい時はすいません水くださいとかお 水お願いしますと言えばいいですちょっと
水お願いしますと言えばいいですちょっと やってみようかじゃあちょっとお水もらっ
やってみようかじゃあちょっとお水もらっ てみましょうあすい
てみましょうあすい ませんあすいませんお水もらってもいい
ませんあすいませんお水もらってもいい ですか
ですか はいお水もらってもいいですかとかお水
はいお水もらってもいいですかとかお水 もらえますかとかま水くださいだけでも
もらえますかとかま水くださいだけでも 大丈夫ですありがとうございますは今水を
大丈夫ですありがとうございますは今水を 入れてくれましたはいじゃあ今からお会計
入れてくれましたはいじゃあ今からお会計 をし
をし ます会計の前にちょっとお知らせがあり
ます会計の前にちょっとお知らせがあり ますN3文法練習問題ご文コースを作り
ますN3文法練習問題ご文コースを作り ました私のYouTubeチャンネルの
ました私のYouTubeチャンネルの トップページにあるコースから見ることが
トップページにあるコースから見ることが できます練習問題にはPDFがあるので
できます練習問題にはPDFがあるので PDFをダウンロードして問題をやてから
PDFをダウンロードして問題をやてから 是非私の動画の解説を見てくださいはい
是非私の動画の解説を見てくださいはい じゃあ今からお会計をしますお会計をお金
じゃあ今からお会計をしますお会計をお金 を払うですねで大体テーブルの上に伝票が
を払うですねで大体テーブルの上に伝票が 置いてあります伝票っていうのは何を注文
置いてあります伝票っていうのは何を注文 したかっていうのが書いてあるものが伝票
したかっていうのが書いてあるものが伝票 ですなのでそれをネジに持っていってお
ですなのでそれをネジに持っていってお 会計をすれば大丈夫ですでもし伝票が
会計をすれば大丈夫ですでもし伝票が なかったらお会計お願いしますと言えば
なかったらお会計お願いしますと言えば いいですで私さっきお手洗いに行ってたん
いいですで私さっきお手洗いに行ってたん ですけどいさんさんが払ってくれてた
ですけどいさんさんが払ってくれてた ありがとうございなんかご私が私がご馳走
ありがとうございなんかご私が私がご馳走 しようと思ってたんですけどあのご馳走し
しようと思ってたんですけどあのご馳走し てくれてましたすいませんえいさんさんさ
てくれてましたすいませんえいさんさんさ 何で払った現金クレジットカード
何で払った現金クレジットカード クレジットカーあオそうですね多ここは
クレジットカーあオそうですね多ここは クレジットカードが使えるのでまいくらで
クレジットカードが使えるのでまいくらで すって言われたらクレジットカードせば
すって言われたらクレジットカードせば いいですでも時々クレジットカードが使え
いいですでも時々クレジットカードが使え ない店があるんです
ない店があるんです でその時はあの金のみですとか現金だけに
でその時はあの金のみですとか現金だけに なりまて言われると思いますあとはIC
なりまて言われると思いますあとはIC カードで払うこともできますねスイカって
カードで払うこともできますねスイカって いうICカードをま東京とか神奈川の人は
いうICカードをま東京とか神奈川の人は よく使うと思うんですけどICカードで
よく使うと思うんですけどICカードで 払うこともできますじゃあささんごちそう
払うこともできますじゃあささんごちそう さでしたありがとうございましたちなみに
さでしたありがとうございましたちなみに 今えっとEさんさんがご馳走してくれまし
今えっとEさんさんがご馳走してくれまし たご馳走するあはるっていう言い方もあり
たご馳走するあはるっていう言い方もあり ますいさんさんが奢ってくれました奢るも
ますいさんさんが奢ってくれました奢るも ご馳走すると一緒で誰かの分を私が全部払
ご馳走すると一緒で誰かの分を私が全部払 うっていうのが奢るですだから例えば友達
うっていうのが奢るですだから例えば友達 とかの会話でよく使いますねあ今日私が
とかの会話でよく使いますねあ今日私が 奢るよとか今日友達が誕生日だったらあ
奢るよとか今日友達が誕生日だったらあ いいよ今日私が奢るよっていう風に言う
いいよ今日私が奢るよっていう風に言う こともできますじゃあすいませんごちそう
こともできますじゃあすいませんごちそう さでしたありがとう私本当にえお金払うよ
さでしたありがとう私本当にえお金払うよ いいやいやいや
いいやいやいや いいやすいませんごちそうさでしたすごい
いいやすいませんごちそうさでしたすごい 色々撮影させていただいてありがとう
色々撮影させていただいてありがとう ございましたはいよろしくお願いします
ございましたはいよろしくお願いします 失礼し
ます今日も最後まで見てくださって ありがとうございましたまた来週お会いし
ありがとうございましたまた来週お会いし ましょうバイ
ましょうバイ
[音楽] バイ",true,ja,71
18,1,KFCで注文するときの日本語,https://www.youtube.com/watch?v=W1BiwaKK5_I,conversation,2026-07-17T02:59:13.914993+00:00,2026-07-17T02:59:13.914993+00:00,"皆さんこんにちは 茜的日本語教室のあかねです今日私はどこ
茜的日本語教室のあかねです今日私はどこ にいると思いますか今日はなんとずーっと
にいると思いますか今日はなんとずーっと 撮影したかった
撮影したかった ケンタッキーで
ケンタッキーで 撮影しますしかも今回この
撮影しますしかも今回この ケンタッキーフライドチキンの君津店さん
ケンタッキーフライドチキンの君津店さん に協力していただいてドライブスルーの
に協力していただいてドライブスルーの 注文あとは機械を使って
注文あとは機械を使って セルフで
セルフで 注文する方法どちらも
注文する方法どちらも 撮影させていただくことになりました本当
撮影させていただくことになりました本当 にありがとうございますドライブスルーと
にありがとうございますドライブスルーと いうのは車を運転しながら
いうのは車を運転しながら 注文できるシステムのことですながらと
注文できるシステムのことですながらと いうのは何かをしながら他のことをする
いうのは何かをしながら他のことをする 同じ時間に2つのことをする時にながらを
同じ時間に2つのことをする時にながらを 使います今回は私の
使います今回は私の 友達が運転してくれるので
友達が運転してくれるので 友達が運転しながら私が
友達が運転しながら私が 注文します
注文します じゃあ今日はよろしくお願いします
じゃあ今日はよろしくお願いします よろしくお願いします結構私の動画の
よろしくお願いします結構私の動画の コメントに
コメントに ケンタッキーで撮ってくださいっていう
ケンタッキーで撮ってくださいっていう リクエストが多かったんですけど多分皆
リクエストが多かったんですけど多分皆 さんの国のメニューと日本のメニューが
さんの国のメニューと日本のメニューが 違うかもしれませんなので私がこれから
違うかもしれませんなので私がこれから 注文する時にその場面を見てこういうのは
注文する時にその場面を見てこういうのは ありますとか私の国には別のメニューが
ありますとか私の国には別のメニューが ありますとかそういうのも教えてもらえ
ありますとかそういうのも教えてもらえ たら
たら 嬉しいです
嬉しいです ちなみに
ちなみに KFCは日本では
KFCは日本では ケンタッキーフライドチキンなんですけど
ケンタッキーフライドチキンなんですけど 省略して
省略して ケンタッキーとか
ケンタッキーとか ケンタと呼ばれることが多いと思います
ケンタと呼ばれることが多いと思います じゃあ今から
じゃあ今から 注文するものを決めますまずはドライブ
注文するものを決めますまずはドライブ スルーで注文するものを決めたいんです
スルーで注文するものを決めたいんです けどまず
けどまず ケンタッキーには単品セットあとボックス
ケンタッキーには単品セットあとボックス というのがあります単品は何か一つだけ
というのがあります単品は何か一つだけ 注文するときに使いますね例えばチキン
注文するときに使いますね例えばチキン だけ注文しますこれは単品です飲み物だけ
だけ注文しますこれは単品です飲み物だけ 注文しますこれも単品ですセットは
注文しますこれも単品ですセットは 飲み物とポテトと
飲み物とポテトと バーガーとかチキンとかそれが一緒になっ
バーガーとかチキンとかそれが一緒になっ てるのがセットですあと
てるのがセットですあと ケンタッキーにはボックスというのもあっ
ケンタッキーにはボックスというのもあっ てそれは飲み物ポテトであとチキンとか
てそれは飲み物ポテトであとチキンとか バーガーとかツイスターとか
バーガーとかツイスターとか 以外にビスケットとあとオリジナルチキン
以外にビスケットとあとオリジナルチキン というのが一緒になってるのがボックス
というのが一緒になってるのがボックス ですホームページには英語中国語韓国語の
ですホームページには英語中国語韓国語の メニューもあります
メニューもあります じゃあ
じゃあ どうする何注文する何食べたい
バジルレモンツイスターボックスでバジル レモンツイスターボックスOK飲み物は
レモンツイスターボックスOK飲み物は 飲み物は
飲み物は メロンソーダ
メロンソーダ やっぱりレモネードでレモネードでOK今
やっぱりレモネードでレモネードでOK今 友達がやっぱりレモネードでと言いました
友達がやっぱりレモネードでと言いました ねやっぱりにはいろいろな意味があるん
ねやっぱりにはいろいろな意味があるん ですけどこの場合は
ですけどこの場合は 意見を変える時に使うやっぱりです私は
意見を変える時に使うやっぱりです私は チーズチキンフィレバーガーボックス
でえー飲み物どうしようかなアイスティー もいいけどやっぱり
もいいけどやっぱり アイスコーヒーのMサイズを頼みたいと
アイスコーヒーのMサイズを頼みたいと 思いますじゃあドライブスルーで注文して
思いますじゃあドライブスルーで注文して みたいと思います
車がたくさん通る道路の近くで撮影したの で音質が良くないですすみません
で音質が良くないですすみません ありがとうございますただいまクリスピー
ありがとうございますただいまクリスピー さんピース半額おすすめしております
さんピース半額おすすめしております お願いいたしますはいバジルレモン
お願いいたしますはいバジルレモン ツイスターボックス
こちらお飲み物聞きます 飲み物何だっけ
飲み物何だっけ レモネードでお願いしますはい
炭酸なしであと
チーズチキンフィレバーガーボックス
失礼いたしました
飲み物はアイスコーヒーでお願いします
以上でお願いします
お飲み物が車内ですぐ飲まれますかはい すぐ飲みます
すぐ飲みます ミルクとかむしろっていかがなさいますか
ミルクとかむしろっていかがなさいますか ミルクお願いします
ミルクお願いします はい一つで
はい一つで お客様のご注文内容確認させていただき
お客様のご注文内容確認させていただき ますはいお手入れレモンツイスターの
ますはいお手入れレモンツイスターの ボックスがレモネードでお一つチーズ
ボックスがレモネードでお一つチーズ チキンフィレバーガーのボックスがアイス
チキンフィレバーガーのボックスがアイス コーヒーミルクを一つだけ入れさせて
コーヒーミルクを一つだけ入れさせて いただきますはいお客様のお会計が
いただきますはいお客様のお会計が 1900円でございますはい気をつけて
1900円でございますはい気をつけて 窓口までお願いいたしますありがとう
窓口までお願いいたしますありがとう ございます
はいじゃあ注文できたので窓口に行きます
ご用意させていただきます クレジットカードでお願いしますアプリを
クレジットカードでお願いしますアプリを お持ちですか持ってないです
はいはーいありがとうございます はいご
はいご 協力お願いいたしますありがとうござい
協力お願いいたしますありがとうござい ます
ます [音楽]
[音楽] コーヒーでございます
ね すいませんありがとうございます
2つで大丈夫です 失礼いたします
お待たせいたし ますありがとうございました
はいじゃあ次はこちらのセリフレジで自分 で注文したいと思います
で注文したいと思います こちらが
こちらが セルフオーダーの機械です画面をタッチ
セルフオーダーの機械です画面をタッチ するとご注文を返していきます英語も書い
するとご注文を返していきます英語も書い てありますね
てありますね 注文を開始はいお持ち帰りを選びますこの
注文を開始はいお持ち帰りを選びますこの お店はちょっと見てもらうと分かるんです
お店はちょっと見てもらうと分かるんです けどテイクアウトの
けどテイクアウトの 専門なんですなので
専門なんですなので セルフオーダーして
セルフオーダーして 持ち帰るか車さっきのドライブスルーで
持ち帰るか車さっきのドライブスルーで 注文して持ち帰る」っていうタイプの店舗
注文して持ち帰る」っていうタイプの店舗 なのでこのお店の中で食べることはでき
なのでこのお店の中で食べることはでき ませんなのでお持ち帰りしか選ぶことが
ませんなのでお持ち帰りしか選ぶことが できません
できません LINEとか会員を持ってる人はここで
LINEとか会員を持ってる人はここで やってください私は持っていないので持っ
やってください私は持っていないので持っ ていないを押します
ていないを押します でフォントアプリがPontaカードって
でフォントアプリがPontaカードって いうポイントカードがあるんですけどもし
いうポイントカードがあるんですけどもし そういうポイントカードがある人は持って
そういうポイントカードがある人は持って いるを選んでください私は今ないので持っ
いるを選んでください私は今ないので持っ ていないを押しますはいこちらで好きな
ていないを押しますはいこちらで好きな メニューを選びます
メニューを選びます チキンとか
チキンとか ランチのセットもあります
ランチのセットもあります さっきもう
さっきもう バーガーとかツイスターを注文したので私
バーガーとかツイスターを注文したので私 は再度
は再度 注文します
注文します チョコパイ
チョコパイ を一つここで2つだったらこれをしますね
を一つここで2つだったらこれをしますね でカートに入れる
でカートに入れる ナゲットも
ナゲットも 注文したいのでナゲットも
注文したいのでナゲットも サイドですねはいであったナゲットの5
サイドですねはいであったナゲットの5 ピース
ピース カートに入れるあと皆さんコールスローっ
カートに入れるあと皆さんコールスローっ ていうサラダ知ってますかこれも
ていうサラダ知ってますかこれも サイドですね
はい コールスローは
コールスローは オランダ語でキャベツサラダを意味する
オランダ語でキャベツサラダを意味する コールサラーっていうかなこれを
コールサラーっていうかなこれを 短縮したコールすらから生まれたサラダだ
短縮したコールすらから生まれたサラダだ そうです結構日本でコールスローあります
そうです結構日本でコールスローあります ね皆さんも食べたことがありますか
ね皆さんも食べたことがありますか コメントで教えてください
コメントで教えてください はいじゃあこれもカートに入れますでここ
はいじゃあこれもカートに入れますでここ に
に 合計とありますね
合計とありますね 合計金額ですで私はもうこれで注文が
合計金額ですで私はもうこれで注文が 終わったのでお会計へ進むを押します
終わったのでお会計へ進むを押します [音楽]
[音楽] いろんな支払い方法があるんですけど今回
いろんな支払い方法があるんですけど今回 は電子マネーで
は電子マネーで 払いますSuicaは交通系のICカード
払いますSuicaは交通系のICカード ですなのでこれで
ですなのでこれで 払います音がなるまでカードをタッチして
払います音がなるまでカードをタッチして くださいここですね
はい 払いました
払いました 出てきました
出てきました はいじゃあしばらく
はいじゃあしばらく 待ちたいと思います
待ちたいと思います [音楽]
[音楽] はいでここで番号を確認することができ
はいでここで番号を確認することができ ます
ます このレシートに1785とありますね
このレシートに1785とありますね なので待っているところがこっちの番号で
なので待っているところがこっちの番号で 出来上がると親指出し中の番号
出来上がると親指出し中の番号 ウェディって書いてありますねこっちに
ウェディって書いてありますねこっちに 1785が表示されるんだと思いますお
1785が表示されるんだと思いますお 呼び出し中の番号になりました
はいではこちら冷たいコールスローサラダ でございます
でございます チョコパイのナゲット入っております
チョコパイのナゲット入っております おしぼり何枚ご用意しますか
いただきますありがとうございます
ありがとうございました
はいたくさん買いましたちょっと一つずつ 紹介しますねはいこれ友達が
紹介しますねはいこれ友達が 頼んだ
頼んだ バジルツイスターバジルレモンツイスター
バジルツイスターバジルレモンツイスター だったかなこっちが私が頼んだチーズ
だったかなこっちが私が頼んだチーズ チキンフレーバーガーボックスですこれが
チキンフレーバーガーボックスですこれが バーガーだね開けてみます
バーガーだね開けてみます もういいよ
もういいよ 美味しそうチキンが
美味しそうチキンが 丸々入ってますで
丸々入ってますで 友達のが
友達のが バジルすごくない
バジルすごくない 移してもらっても大丈夫
移してもらっても大丈夫 はいこんな感じですじゃあもういただき
はいこんな感じですじゃあもういただき ましょう
ましょう いただきます
チキンすごい
おいしいよかったよかった 美味しいパンが超ふわふわチキンも
美味しいパンが超ふわふわチキンも サクサクしてるしあと結構ソースが
サクサクしてるしあと結構ソースが たっぷり入ってるので味もしっかりついて
たっぷり入ってるので味もしっかりついて ますめっちゃ美味しいこれポテトです結構
ますめっちゃ美味しいこれポテトです結構 厚みがあるポテトですね
厚みがあるポテトですね 太めのポテトです
あとチキンが入ってるのそれはすごいよね オリジナルチキンって書いてあったと思う
オリジナルチキンって書いてあったと思う んですけど見えるからこんな感じ
んですけど見えるからこんな感じ ビスケットもでもいいサイズかもこんな
ビスケットもでもいいサイズかもこんな 感じです
感じです ビスケットですこれねなんかえっとハニー
ビスケットですこれねなんかえっとハニー メイプルっていうのが別についてきました
メイプルっていうのが別についてきました だからこれをかけて食べます
であとさっきセルフレジで買ったものです ね冷たいのとあったかいのと分けてくれ
ね冷たいのとあったかいのと分けてくれ ましたこれが
ましたこれが コールスローサラダですキャベツを使った
コールスローサラダですキャベツを使った サラダですねちょっと開けてみようか
サラダですねちょっと開けてみようか こんな感じはいナゲットちょっと1個食べ
こんな感じはいナゲットちょっと1個食べ てみる
てみる はいナゲットこれ5個入ってます
おいしい 揚げたてやっぱおいしいね
揚げたてやっぱおいしいね そしてもう一つはデザートでこんな感じ
そしてもう一つはデザートでこんな感じ です中に多分チョコレートが入ってます
です中に多分チョコレートが入ってます こちらがアイスコーヒーですはい皆さん
こちらがアイスコーヒーですはい皆さん 今日の
今日の ケンタッキーの
ケンタッキーの 注文の動画はどうでしたかドライブすると
注文の動画はどうでしたかドライブすると セルフレジで注文する方法を皆さんに
セルフレジで注文する方法を皆さんに シェアしました結構いろいろな言葉が出て
シェアしました結構いろいろな言葉が出て きたと思うので
きたと思うので 復習でもう1回見てもしね日本に来て
復習でもう1回見てもしね日本に来て 注文する時に皆さんの役に立ったらすごく
注文する時に皆さんの役に立ったらすごく 嬉しいですあと今回本当にお店の人が
嬉しいですあと今回本当にお店の人が たくさん
たくさん 協力してくださいましたこんな個人でやっ
協力してくださいましたこんな個人でやっ てるYouTuberに対して本当に親切
てるYouTuberに対して本当に親切 にしてくださってありがとうございます
にしてくださってありがとうございます すごく
すごく 嬉しかったですし
嬉しかったですし ドライブスルーは前から撮影したかったの
ドライブスルーは前から撮影したかったの で今回このような機会をいただけて本当に
で今回このような機会をいただけて本当に ありがとうございますあと友達も
ありがとうございますあと友達も ありがとうございます
食べてくださいこの動画は終わりなんです けど動画の中で皆さんにいろいろ
けど動画の中で皆さんにいろいろ 質問をしましたねまずはドライブスルー皆
質問をしましたねまずはドライブスルー皆 さんの国にもありますかそして皆さんも
さんの国にもありますかそして皆さんも よく利用しますかあと
よく利用しますかあと ケンタッキーのメニュー少し
ケンタッキーのメニュー少し 写したと思うんですけど結構日本は
写したと思うんですけど結構日本は 期間限定とか季節限定のものがあるので
期間限定とか季節限定のものがあるので 今回は5月に
今回は5月に 撮影してるので5月のメニューなんです
撮影してるので5月のメニューなんです けどあれを見てどうですか皆さんの国の
けどあれを見てどうですか皆さんの国の ケンタッキーと同じメニューがありました
ケンタッキーと同じメニューがありました かまたは全然違うメニューが皆さんの国に
かまたは全然違うメニューが皆さんの国に ありますかそれもぜひ知りたいので教えて
ありますかそれもぜひ知りたいので教えて くださいあと
くださいあと ケンタッキーで皆さんはどんなメニューが
ケンタッキーで皆さんはどんなメニューが 好きですかそれももしよかったら教えて
好きですかそれももしよかったら教えて くださいはいじゃあ今日はここまでにし
くださいはいじゃあ今日はここまでにし ますまた来週お会いしましょうバイバイ
ますまた来週お会いしましょうバイバイ の時だけさ手振ってもらってもいい片手で
パテねそれではそんな感じではいそれでは また来週の動画でお会いしましょうバイ
また来週の動画でお会いしましょうバイ バイ
バイ ありがとういつもコメントを書いて
ありがとういつもコメントを書いて くださって本当にありがとうございます
くださって本当にありがとうございます また来週バイバイ
[音楽]",true,ja,71
19,1,コーヒーを注文するときの日本語会話,https://www.youtube.com/watch?v=zRAIPAP6AO0,conversation,2026-07-17T02:59:13.914993+00:00,2026-07-17T02:59:13.914993+00:00,"みなさん、こんにちは
あかね的日本語教室のあかねです
今日はカフェでコーヒーを注文する時の日本語を
みなさんに紹介したいと思います
私が今いるこのカフェは
群馬県の高崎という場所にある伊東屋珈琲高崎店さんです
撮影許可をとっているので
さっそくみなさんに店内を紹介したいと思います
店内すごくすてきですよね
確かここは大正時代の薬局をリノベーションして
今カフェとして経営されていると
ホームページに書いてありました
合ってますよね？ 合ってます
こちらには・・・これは豆ですかね？粉ですかね？
コーヒーもあります いろんなコーヒーがありますね
ハウスブレンドとかいろいろあります
ディカフェもありますね
いいですね
コーヒー牛乳のもと 加糖タイプ
加糖は砂糖が入ってます
砂糖が入っていないのは無糖です
ドリップバッグもありますね
家で(コーヒーを)いれる時すごく便利ですよね
これを見ると昔の薬局だなという感じがよくわかります
奥には和室の部屋もあります
実際にここで食べたり飲んだりすることができるそうです
すてき 本当に昔の建物ですね 障子もあります
じゃあどんなメニューがあるのか
ちょっとみなさんにお見せします
こちらがメニューです
ホットのメニューとアイスのメニューがあります
今お店の人がこちらのメニュー表を貸してくれたので
ちょっとコーヒーのメニューの読み方
みなさんいっしょに練習しましょう
エスプレッソアメリカーノ プレス式コーヒー ドリップコーヒー
カフェラテ カフェモカ キャラメルラテ
カフェマキアート エスプレッソ
下はだいたい同じですね
でもこれちがいますね
これはアイスティー コーヒーフロート
ラテインゼリー フローズン モカ キャラメル
フローズンマンゴーミルク
ジェラートトッピング ジュース各種
次はフードメニューです 食べ物です
クロックムッシュ こっちはバタートースト
あつぎりトーストにバターをぬり
はちみつとシナモンをかけました
これはコーヒーゼリー これはアフォガード
これはジェラート シングル・ダブル・トリプルから選びます
こちらはカフェソフト コーンまたはカップ
コーン or カップ
カフェソフトコーヒーゼリー
やっぱりコーヒーのメニュー
カフェのメニューってカタカナが多いですね
ほとんどカタカナですよね
みなさんいっしょに練習できましたか？
ちなみにこの漢字は税込(ぜいこみ)と書いてあります
消費税のことです
税込は消費税が含まれている
入っている値段のことです
日本ではよく消費税が入っていない金額と
消費税が入っている金額
どちらも書いてある場合があります
お金を払う時はこの税込の金額を払うので
みなさん気をつけてください
では今から注文したいと思います
すみません、注文お願いします
ご注文お伺いします
カフェラテのホット、サイズはLでお願いします
オーツミルクに変更できるんですか？
はい可能です
じゃあオーツミルクに変更お願いします かしこまりました
他にご注文ございますか？
あとクロックムッシュ1つお願いします
かしこました ありがとうございます
ラテのホットでLサイズが1点とオーツミルクに変更で
あとクロックムッシュですね
お会計が1540円です
クレジットカード使えますか？ はい、使えます
じゃあクレジットカードでお願いします
差し込みかタッチお願いします じゃあタッチで
こちらがレシートとお客様控えのお返しです
ありがとうございます
ご用意いたしますので
お席がお座敷かカウンターございますので
お好きな方でお待ちください
ありがとうございます
すみません、マイク ありがとうございました
注文をしたので和室で待ちたいと思います
すみません、ここでくつ脱いで大丈夫ですか？
こちら上がっていただいて・・・すみません、失礼しました
すごくいい雰囲気
ここでくつをぬぎます 脱いだらくつをそろえます
わ～すてき！
なんかおばあちゃんの家に来たみたい いいですね
この電気が昭和(しょうわ)を感じます すてき
注文したものが来るまで
コーヒーを注文するときに
よく使う単語をみなさんにシェアしたいと思います
まず今回私はカフェラテを注文しました
ホットとアイスがあります
ホットは温かいもの、アイスは冷たいものです
よく店員さんが質問するのは
「砂糖やミルクはおつけしますか？」とか
アイスコーヒーを頼んだ時は
「ガムシロップおつけしますか？」と聞かれると思います
ガムシロップはこちらに写真を出しておきます
あと今回私はミルクをオーツミルクに変更しました
よく「ミルクを変更することはできますか？」
というコメントが来るんですが、お店によって違います
ミルクをオーツミルクとか豆乳に変更できるお店もありますし
できないお店もあります
なので最初に「ミルクをオーツミルクに変更できますか？」とか
「ミルクを他のものに変更できますか？」
と聞いてみてください
注文する時にお店の人が「ご注文はお決まりですか？」
と聞いてくれることがあると思います
ご注文はお決まりですか？
これは丁寧な言い方で
「注文は決まりましたか？」という意味です
あとは注文したものが全部届いたら
お店の人が「ご注文の品はお揃いですか？」
と言ってくれることがあると思います
これは「注文した商品は全部もう届きましたか？」という意味です
なので「ご注文の品はお揃いですか？」って聞かれたら
もし全部きていれば「はい」
もしまだ何か来ていなかったら
「すみません、コーヒーゼリーがまだ来ていません」とか
「すみません、アイスを注文したんですけど・・・」
と言えばお店の人はまだ来ていないことがわかると思います
私のホットカフェラテがとどきました
砂糖をつけてくれました いただきます
おいしい けっこうたっぷり入ってますね
私はLサイズを注文しました
サイズもお店によって違いますね
S・M・Lがあったり
だいたいそれかな MとかLとかあると思います
ありがとうございます
クロックムッシュがきました
おいしそう たっぷりチーズがのっています
みなさんこれ覚えてますか？
これはナイフです
これはフォークです
これはお手ふきです おしぼりとも言います
おしぼりで手を拭きます
ちなみにこれを撮影してるのは12月です
いつも投稿するのが遅くなってすみません
たぶんこの動画が出るのは2月だと思います
おいしそう！
では、いただきます
カリカリ 音聞こえますかね？
いただきます
おいしいです
パンはふわふわ やわらかいんですけど
周りがすごくサクサクしていておいしいです
ちょっとお店の人に定休日を聞いてみたいと思います
すみません、こちらのお店の定休日は何曜日ですか？
火曜日と水曜日です ありがとうございます
火曜日と水曜日が定休日です
なので毎週火曜日と水曜日は定休日
つまり毎週火曜日と水曜日は休みという意味です
みなさんの国の飲食店にも定休日がありますか？
何曜日はいつも休みです
こういった休みがありますか？
ぜひコメントで教えてください
今日はカフェでコーヒーを注文する時の日本語を紹介してみました
みなさんが日本に来てコーヒーを注文する時に
この動画が役に立ったらとても嬉しいです
今回撮影させていただいたこちらの伊東屋珈琲
お店の情報は概要欄にあります
お店の雰囲気がすごくすてきなのでぜひ来てみてください
今日の動画はここまでにします
いつも見てくださってありがとうございます
また来週お会いしましょう バイバイ",true,ja,71
20,1,【日本語の会話】日本のケーキ屋でケーキを買う,https://www.youtube.com/watch?v=PTX58pli-kI,conversation,2026-07-17T02:59:13.914993+00:00,2026-07-17T02:59:13.914993+00:00,"皆さんこんにちはあねです私は今日ケーキ を買いますこの前お店の人に聞いたら撮影
を買いますこの前お店の人に聞いたら撮影 してもいいですよと言ってくださったので
してもいいですよと言ってくださったので お店の中も撮影したいと思いますでは早速
お店の中も撮影したいと思いますでは早速 行き
[音楽] ましょうはいこれが
ましょうはいこれが ブランアラモードプリンプリンが下にある
ブランアラモードプリンプリンが下にある やつですねあとやっぱりケーキといえば
やつですねあとやっぱりケーキといえば ショートケーキイチゴショートです皆さん
ショートケーキイチゴショートです皆さん の国にもありますか美味しいですよ
の国にもありますか美味しいですよ ねレアチーズケーキも私は好きですすごい
ねレアチーズケーキも私は好きですすごい 本日のサービス品元々360万だけど本日
本日のサービス品元々360万だけど本日 今日は300円です
今日は300円です ねあくまちゃんこれ前食べたことあります
ねあくまちゃんこれ前食べたことあります 可愛いし美味しい
可愛いし美味しい ですとここはケーキだけじゃなく
ですとここはケーキだけじゃなく て煎餅やまじあとねドーナッツも売ってい
て煎餅やまじあとねドーナッツも売ってい ます今日ドーナッツも買いたいと思い
ます今日ドーナッツも買いたいと思い ます抹茶もあるし柚もあるしあ紅茶もあり
ます抹茶もあるし柚もあるしあ紅茶もあり ます
ます ね皆さんはどれが食べたいです
[音楽]
か皆さんは甘いものが好きです かどんなデザートが好きです
かどんなデザートが好きです か私はこういうケーキ屋さんでケーキを
か私はこういうケーキ屋さんでケーキを 買うこともありますがコンビニで甘いもの
買うこともありますがコンビニで甘いもの を買うことも多い
を買うことも多い です皆さんはどんな場所で甘いものを買い
です皆さんはどんな場所で甘いものを買い ますかよかったらコメントで教えて
[音楽] くださいあどでも美い
くださいあどでも美い そういっつも悩むんですよ
そういっつも悩むんですよ ね今日はちょっとねあのパプリカホテルに
ね今日はちょっとねあのパプリカホテルに 行くのでちょっと多めに買いたいと思い
行くのでちょっと多めに買いたいと思い ますですかはいあのすいませんちょっと
ますですかはいあのすいませんちょっと だけあのこのマイクをここに挟んでもらっ
だけあのこのマイクをここに挟んでもらっ てもいいですかえ何あの私日本語を教えて
てもいいですかえ何あの私日本語を教えて てこういうお店の人の会話っていうのを
てこういうお店の人の会話っていうのを すごく聞きたいっていう方が多くてええ
すごく聞きたいっていう方が多くてええ ぜひ普通にあの注文するの
ぜひ普通にあの注文するの ですいませんお願いしますあれここって何
ですいませんお願いしますあれここって何 年ぐらい営業されてるんでしたっけもう
年ぐらい営業されてるんでしたっけもう 41年すごいですよ
41年すごいですよ ね40年以上続けるって元々和菓子屋だっ
ね40年以上続けるって元々和菓子屋だっ たの大々あそうなんですかそしたらえかほ
たの大々あそうなんですかそしたらえかほ ちゃん1つと
ちゃん1つと [音楽]
[音楽] はいああねっていう名前があるえ私名前
はいああねっていう名前があるえ私名前 あねなんですさんねあねさんって
あねなんですさんねあねさんって いらっしゃるみたいそうなんですかじゃあ
いらっしゃるみたいそうなんですかじゃあ あね1つ
あね1つ ください結構ね多いみたいよびっくりし
ください結構ね多いみたいよびっくりし ましたあとじゃくまちゃんくまちゃんはい
ましたあとじゃくまちゃんくまちゃんはい あとモンブラン
あとモンブラン はいそれ
はいそれ からイチゴショートはい今5個になります
からイチゴショートはい今5個になります はいあともう1個としかじゃレアチーズ
はいあともう1個としかじゃレアチーズ はいで6個になりますねはい
はいで6個になりますねはい あとすいませんドーナッツもいいです
あとすいませんドーナッツもいいです [音楽]
かとドーナッツ焼きチョコ2つ はいまちゃお2つねはい
はいドーナツの方4個になりますね
[音楽]
はいお願いいします雨が止んで良かったね はい本当ですでも風がちょっと強いですね
はい本当ですでも風がちょっと強いですね ケーキのお会計の前に今月の東京チイと
ケーキのお会計の前に今月の東京チイと 桜子が届いたのでちょっとだけ紹介する
桜子が届いたのでちょっとだけ紹介する 時間をください今回の桜子のテーマ
時間をください今回の桜子のテーマ ははい北海道の味覚です牛乳カステラとか
ははい北海道の味覚です牛乳カステラとか お北海道ミルクデニッシュ美味しそうこれ
お北海道ミルクデニッシュ美味しそうこれ はいあと
はいあと ね北海道の玄米チも入っている
ね北海道の玄米チも入っている しあとはね北海道といえばトウキビチョコ
しあとはね北海道といえばトウキビチョコ トウキビはトウモロコシのことですはい
トウキビはトウモロコシのことですはい 今回もねいろんな種類が入っています前回
今回もねいろんな種類が入っています前回 はお箸が入っていたんですが今回はこちら
はお箸が入っていたんですが今回はこちら ですね椀が入っていましたこれは
ですね椀が入っていましたこれは 味噌汁を飲むのにいいです
味噌汁を飲むのにいいです ねはい今回の察しの写真も綺麗ですねこれ
ねはい今回の察しの写真も綺麗ですねこれ は北海道のご両角の写真が表紙になってい
は北海道のご両角の写真が表紙になってい ますこの冊は今回のお菓子の説明だけじゃ
ますこの冊は今回のお菓子の説明だけじゃ なくてちょっとした歴史とかあと今回はね
なくてちょっとした歴史とかあと今回はね 北海道といえばラーメンが有名なのでそう
北海道といえばラーメンが有名なのでそう いった説明も載っています24ページも
いった説明も載っています24ページも 情報があるのでとてもね読み応えがあると
情報があるのでとてもね読み応えがあると 思い
思い ますはいこちらは東京TWです今回の
ますはいこちらは東京TWです今回の テーマ面白いですよ渋谷ですね何があるか
テーマ面白いですよ渋谷ですね何があるか なおキットカットのプリン味ああスコー私
なおキットカットのプリン味ああスコー私 スコーン大好きですえこんな味があるんだ
スコーン大好きですえこんな味があるんだ 初めて知りまし
初めて知りまし はいあと今回のカップ麺は
はいあと今回のカップ麺は ナポリタンちょっとこれ後で食べてみます
ナポリタンちょっとこれ後で食べてみます ね今回の飲み物え何これ
ね今回の飲み物え何これ ポップコーン
ポップコーン ソーダキャラメルポップコーン味ソーダっ
ソーダキャラメルポップコーン味ソーダっ て書いてありますえ最近発売したのかな
て書いてありますえ最近発売したのかな はいこちらの東京チーに入っていたこの
はいこちらの東京チーに入っていたこの ナポリタンを食べてみたいと思います
ナポリタンを食べてみたいと思います まずは蓋を開けてこちらのソースと
まずは蓋を開けてこちらのソースと 振りかけを取りますそしてお湯を注ぎ
振りかけを取りますそしてお湯を注ぎ ます3分経ったらこっちの湯切りGOと
ます3分経ったらこっちの湯切りGOと 書いてある方からお湯を捨てますお湯を
書いてある方からお湯を捨てますお湯を 捨てたらソースと振りかけを入れて混ぜ
捨てたらソースと振りかけを入れて混ぜ まいただきます
うんリたんな味がする本当にはい今回紹介 したこちらの桜子と東京チイ初めて買う人
したこちらの桜子と東京チイ初めて買う人 はこちらに出ているクーポンを使うと少し
はこちらに出ているクーポンを使うと少し 安く買えるので是非使ってみてください
安く買えるので是非使ってみてください それではケーキ屋さんの動画に戻り
それではケーキ屋さんの動画に戻り ます
ます 2740になりますはい
240円2700
あー円がないなすいませんちょっと細かい のがあって
はいドーナツはこの袋で大丈夫ですかあ はい大丈夫ですお休みて1週間に1回です
はい大丈夫ですお休みて1週間に1回です か1週間にぺ火曜日だけ
か1週間にぺ火曜日だけ え体力がすごいいやいやいやいや
え体力がすごいいやいやいやいや ありがとうござい
ありがとうござい ますじゃ1万円お預かりしますはい
ますじゃ1万円お預かりしますはい じゃあ7260お返しになります
じゃあ7260お返しになります ありがとうございお確かめくださいませ
ありがとうございお確かめくださいませ あざはい外とね前取ってもねお店あるなと
あざはい外とね前取ってもねお店あるなと 思うけどなんかほら信号がすぐそこでしょ
思うけどなんかほら信号がすぐそこでしょ はい信号すぎるとみんなビュって飛ばして
はい信号すぎるとみんなビュって飛ばして いくじゃないああここ気づきにくいんです
いくじゃないああここ気づきにくいんです かうんそうなんかが気にはなってるんだ
かうんそうなんかが気にはなってるんだ けどはいその距離的にねビューっていく
けどはいその距離的にねビューっていく ところだからみんなね20何年前からこの
ところだからみんなね20何年前からこの 前走ってんだけどっていうやっっと来てみ
前走ってんだけどっていうやっっと来てみ たとかお客さん多いですよっ
たとかお客さん多いですよっ かじゃあこれからホテルの皆さんにケーキ
かじゃあこれからホテルの皆さんにケーキ をあげま
あ こんにちは久しぶり久しぶりですあの
こんにちは久しぶり久しぶりですあの ケーキを持ってきたのであましょう
ケーキを持ってきたのであましょう ありがとうございますはい他の今日はお席
ありがとうございますはい他の今日はお席 の方付の席をかけになってください
の方付の席をかけになってください ありがとうございますさんいますかはいさ
ありがとうございますさんいますかはいさ お待てください
はいあこんにちはこんにちはパプリカ ホテルの社長さんですいつもよしお世話に
ホテルの社長さんですいつもよしお世話に なってますあの今日ケーキをちょっといつ
なってますあの今日ケーキをちょっといつ もお世話になってるので持ってきたので
もお世話になってるので持ってきたので スタッフの皆さんとちょっと社長で食べて
スタッフの皆さんとちょっと社長で食べて くださいじゃどし藤の席にしますはい
くださいじゃどし藤の席にしますはい じゃあお2人座っていただいて
じゃあお2人座っていただいて あお願いし
ます開けて
くださいよいしょ何種類か買ってきたので わかいもっとわって言っ
てやらせ じゃんはいこれショートケーキチーズ
じゃんはいこれショートケーキチーズ ケーキモンブランお茶これもクリーム系で
ケーキモンブランお茶これもクリーム系で なんかこの名前はなんかあねていう名前
なんかこの名前はなんかあねていう名前 らしいです
らしいです うんいただきますいただきます召し上がっ
うんいただきますいただきます召し上がっ て
て [音楽]
ください おいしい
うんかなんかアイスクリームみたいアイス クリームみたいうん結構クリームクリーム
りがする うんはい皆さんケーキ屋さんの会話はどう
うんはい皆さんケーキ屋さんの会話はどう でしたか是非コメントで感想を教えて
でしたか是非コメントで感想を教えて くださいあと今日紹介した桜子
くださいあと今日紹介した桜子 と東京トートについては下の概要欄に詳細
と東京トートについては下の概要欄に詳細 があるのでもし興味がある人は見てみて
があるのでもし興味がある人は見てみて くださいいつも見てくださって本当に
くださいいつも見てくださって本当に ありがとうございます今日はここまでです
ありがとうございます今日はここまでです バイバーイ
[音楽]",true,ja,71
21,1,【日本語の会話】飲食店で注文したり会計したりするときの日本語,https://www.youtube.com/watch?v=ihRjDwIyxk0,conversation,2026-07-17T02:59:13.914993+00:00,2026-07-17T02:59:13.914993+00:00,"皆さんこんにちは赤的日本語教室のあです 私は今東京の門前中町にいます門前中町は
私は今東京の門前中町にいます門前中町は 東京都の高等区にあります東西線と大江戸
東京都の高等区にあります東西線と大江戸 線に乗って来ることができます今日は餃子
線に乗って来ることができます今日は餃子 を食べに行きたいと思いますでは早速お店
を食べに行きたいと思いますでは早速お店 を紹介し
を紹介し ますはいこちらが今日伺うお店です宝やバ
ますはいこちらが今日伺うお店です宝やバ 変な形です餃子がありますチャーシューも
変な形です餃子がありますチャーシューも あります撮影許可を取ってるので早速お店
あります撮影許可を取ってるので早速お店 の中に入りたいと思いますありがとう
の中に入りたいと思いますありがとう ございますよろしくお願いし
ございますよろしくお願いし ます店内の様子はこんな感じですこちらが
ます店内の様子はこんな感じですこちらが カウンター席でこちらがテーブルです今回
カウンター席でこちらがテーブルです今回 門前中町で撮る動画は2本ありますまず
門前中町で撮る動画は2本ありますまず ここでお昼ご飯を食べてその後和菓子のお
ここでお昼ご飯を食べてその後和菓子のお 店に行きたいと思うので是非来週の動画も
店に行きたいと思うので是非来週の動画も 見てくださいじゃちょっとこちらの
見てくださいじゃちょっとこちらの メニューを見ていき
メニューを見ていき ましょうメニュー表はこんな感じですあ今
ましょうメニュー表はこんな感じですあ今 日足そばがあるんですね手作り餃子5個
日足そばがあるんですね手作り餃子5個 チャーシュー3枚そうチチャーシューの
チャーシュー3枚そうチチャーシューの こうスライスしたものは1枚2枚3枚と
こうスライスしたものは1枚2枚3枚と 数えます餃子は1個2個3個4個ですま1
数えます餃子は1個2個3個4個ですま1 つ2つ3つ4つでもいいですねえあと前も
つ2つ3つ4つでもいいですねえあと前も 紹介しましたねこの感じ皆さん覚えてます
紹介しましたねこの感じ皆さん覚えてます か限定ですね限定日本人が大好きな限定
か限定ですね限定日本人が大好きな限定 ですよくね季節限定とか場所限定という
ですよくね季節限定とか場所限定という 言葉をよく聞くと思いますえどうしよう何
言葉をよく聞くと思いますえどうしよう何 食べようかな日本の餃子にはニンニクが
食べようかな日本の餃子にはニンニクが 入っていることが多いですでもここは
入っていることが多いですでもここは ニンニクありなしどちらか選ぶことができ
ニンニクありなしどちらか選ぶことができ ますえどうしようかなちょっとお店の人に
ますえどうしようかなちょっとお店の人に メニューを説明してもらいたいと思います
メニューを説明してもらいたいと思います お願いしますはい当店はえっと手作り餃子
お願いしますはい当店はえっと手作り餃子 え5個か8個のチョイスになりますそれに
え5個か8個のチョイスになりますそれに えチャーシュを3枚つつけるかつけないか
えチャーシュを3枚つつけるかつけないか になりますのでその他チョイスとしてはえ
になりますのでその他チョイスとしてはえ チャーシュをえたたもを出しするかえ
チャーシュをえたたもを出しするかえ さらに火を入れて炙ることができます
さらに火を入れて炙ることができます じゃあ私は何を注文するか決めたのでまず
じゃあ私は何を注文するか決めたのでまず お店の人を読んで注文したいと思います
お店の人を読んで注文したいと思います すいません
すいません はいくしましょうはいこの手作り餃子5個
はいくしましょうはいこの手作り餃子5個 はいでチャーシュー3枚ではいどうしよう
はいでチャーシュー3枚ではいどうしよう かな炙ってもらってもいいですか炙りで
かな炙ってもらってもいいですか炙りで 炙りででご飯なんですけど少なめではい
炙りででご飯なんですけど少なめではい ご飯少なめでお願いしますはい像の方は
ご飯少なめでお願いしますはい像の方は ニンニありとなしどうしましょうなしでお
ニンニありとなしどうしましょうなしでお 願いしますなでかしこまりましたはい以上
願いしますなでかしこまりましたはい以上 あはいすいません飲み物ってついてますか
あはいすいません飲み物ってついてますか はいえっと飲み物はちょっと別にはなって
はいえっと飲み物はちょっと別にはなって しまうんですけれどもあとお水の方は出て
しまうんですけれどもあとお水の方は出て きますけれどもはいあ分かりましたじゃあ
きますけれどもはいあ分かりましたじゃあ とりあえずお水でかりました少々お待ち
とりあえずお水でかりました少々お待ち ください
ください はいはい注文したので待ちたいと思います
はいはい注文したので待ちたいと思います お店の人のご行為でなんと餃子を包む
お店の人のご行為でなんと餃子を包む ところを見せてくれるそうなのでちょっと
ところを見せてくれるそうなのでちょっと 撮影したいと思います
撮影したいと思います 礼し
ますはいお願いしますじゃあまずは皮です ねまずは皮を作るところを見せてもらい
ねまずは皮を作るところを見せてもらい まし
まし たこのように1個ずつちぎって丸めていき
ますこれを1個ずつ伸ばしていき ますすごい綺麗な丸
ますすごい綺麗な丸 これはお客さんが注文してから1個ずつ皮
これはお客さんが注文してから1個ずつ皮 も作るそうです本当に手間がかかってます
も作るそうです本当に手間がかかってます ねそしたら次はアを入れて包み
ますすごい具がたっぷり入って
ますすごいありがとうござい ます包みたての座を今度は焼きます何々
ます包みたての座を今度は焼きます何々 立ての意味はパンヤの動画で説明しました
立ての意味はパンヤの動画で説明しました 水は水を入れ
ますああ美味しそういい
匂いわあ美味しそうありがとうござい
ますお店の情報はこの動画の概要欄にあり ます
わこちら5個のニンニクなしチャーシュ 炙りの形になりますで本日のご飯が千葉県
炙りの形になりますで本日のご飯が千葉県 さんのふというご飯になりますありがとう
さんのふというご飯になりますありがとう ござい
ござい ます来ましたお見せし
ます来ましたお見せし ますはい餃子が5個ありますニンニクなし
ますはい餃子が5個ありますニンニクなし にしましたこれが中華スープこれはポテト
にしましたこれが中華スープこれはポテト サラダですこれはチャーシューです炙って
サラダですこれはチャーシューです炙って もらいましたそしてご飯は少なめにして
もらいましたそしてご飯は少なめにして もらいました千葉県さんのお米を使って
もらいました千葉県さんのお米を使って いるとお店の人がさっき教えてくれまし
いるとお店の人がさっき教えてくれまし たでこれはお冷やです水です氷が入ってい
たでこれはお冷やです水です氷が入ってい ますじゃあいただきますまずはスープから
ますじゃあいただきますまずはスープから 飲みます
飲みます うん
うん うーん卵とネギが入っています
うーん卵とネギが入っています じゃあ餃子を食べますその前
じゃあ餃子を食べますその前 に醤油
に醤油 と酢を入れ
ます美味しそう結構皮が熱いですね持っ たら分かるんですけど柔らかいんですよ
たら分かるんですけど柔らかいんですよ じゃあいただきまあそうだ醤油と酢につけ
じゃあいただきまあそうだ醤油と酢につけ ていただき
ます皮も柔らかいんだけど中のもなんか すごく柔らかく感じる
美味しい次はチャーシューで3枚あり
ます美味し そういただき
ます うーん美味しい柔らかいし噛めば噛むほど
うーん美味しい柔らかいし噛めば噛むほど 味が出てきて噛めば噛むほど味がきて本当
味が出てきて噛めば噛むほど味がきて本当 に美味しいです米米ご飯
ですうんうん ふん皆さんがいるところでも行子をよく
ふん皆さんがいるところでも行子をよく 食べますかこの動画のコメントで是非教え
食べますかこの動画のコメントで是非教え てくださいこのお店について知りたい人は
てくださいこのお店について知りたい人は この動画の概要欄にURLを貼っておくの
この動画の概要欄にURLを貼っておくの で是非見てくださいこちらはですね実は
で是非見てくださいこちらはですね実は 65年もの間営業していたお店なんですで
65年もの間営業していたお店なんですで も2年前に閉店しましたもうお店をやめ
も2年前に閉店しましたもうお店をやめ ましたでも本当にこのお店が人気でこの味
ましたでも本当にこのお店が人気でこの味 が忘れられないお客さんがこのお店の経営
が忘れられないお客さんがこのお店の経営 を継いで2023年7月にまた営業を再開
を継いで2023年7月にまた営業を再開 しましたでこちらのお店の名前の下に倍変
しましたでこちらのお店の名前の下に倍変 な形と書いてあったと思うんですけどこの
な形と書いてあったと思うんですけどこの 変な形というのがその会社の名前です
変な形というのがその会社の名前です すごいですよねお店やめますって言ってで
すごいですよねお店やめますって言ってで もお客さんがまた食べたいどうしても食べ
もお客さんがまた食べたいどうしても食べ たいからって言ってそのお客さんがお店を
たいからって言ってそのお客さんがお店を 継ぐっていうのは本当に愛されてたお店な
継ぐっていうのは本当に愛されてたお店な んだなと思いますそしてまたねその味を
んだなと思いますそしてまたねその味を 食べられるっていうのもすごくいいことだ
食べられるっていうのもすごくいいことだ と思い
と思い ますごちそうさでした完食しました完食
ますごちそうさでした完食しました完食 感触覚えてますか私何回も説明したことが
感触覚えてますか私何回も説明したことが あると思うんですけど感触は全部食べ
あると思うんですけど感触は全部食べ 終わるの意味です本当においしかったです
終わるの意味です本当においしかったです ごちそうさでしたでこの後会計をしますで
ごちそうさでしたでこの後会計をしますで 会計なんですけど席でする会計とレジに
会計なんですけど席でする会計とレジに 行ってする会計がありますでも大体お会計
行ってする会計がありますでも大体お会計 お願いしますといえば伝票を渡してもらっ
お願いしますといえば伝票を渡してもらっ てお店の人が伝票をくれてそれをレジにも
てお店の人が伝票をくれてそれをレジにも 持っていくパターンが多いと思いますすい
持っていくパターンが多いと思いますすい ませんこちらてどっちのパターンですか
ませんこちらてどっちのパターンですか レジに持っていくこちはレジにもあ持って
レジに持っていくこちはレジにもあ持って きてあのそのまま来ていただくパターンに
きてあのそのまま来ていただくパターンに なります分かりましたじゃあえっとおかき
なります分かりましたじゃあえっとおかき お願いしますと言いますおかきお願いし
お願いしますと言いますおかきお願いし ますはいりました
ますはいりました はいあそうだお手洗いお借りしてもいい
はいあそうだお手洗いお借りしてもいい ですかすいません
ですかすいません どはいじゃあお会計をするためにレジに
どはいじゃあお会計をするためにレジに 行きますお願いしますあここですねはいあ
行きますお願いしますあここですねはいあ じゃちょっと
じゃちょっと よいしょ失礼し
ますよしはいお願いし ますで本日え1000円ちょうどになり
ますで本日え1000円ちょうどになり ます
ます はいじゃ1000円ではいはいいたします
はいじゃ1000円ではいはいいたします 疲れしますレシートの開始はいありがとう
疲れしますレシートの開始はいありがとう ございますよかったアを差し上げてるええ
ございますよかったアを差し上げてるええ ありがとうございますアをもらいました
ありがとうございますアをもらいました ありがとうございますこちらは現金以外で
ありがとうございますこちらは現金以外で 他の支払い方法はありますか現金のみでお
他の支払い方法はありますか現金のみでお 願いしておきます分かりました現金のみ
願いしておきます分かりました現金のみ ですね皆さんのみ覚えてますかのみはだけ
ですね皆さんのみ覚えてますかのみはだけ ですねなのでクレジットカードやIC
ですねなのでクレジットカードやIC カードは使えないので注意してください
カードは使えないので注意してください ありがとうございますありがとうござい
ありがとうございますありがとうござい ますはい今日は門前中町にある宝や売変な
ますはい今日は門前中町にある宝や売変な 形というお店で撮影させてもらいました
形というお店で撮影させてもらいました 色々配慮をしてくださってしかも厨房の中
色々配慮をしてくださってしかも厨房の中 まで撮影できるっていうのは本当にあまり
まで撮影できるっていうのは本当にあまり ない機会なのであのこのような機会を
ない機会なのであのこのような機会を いただけて本当に感謝しています
いただけて本当に感謝しています ありがとうございますお店の情報は概要欄
ありがとうございますお店の情報は概要欄 にあるので気になる人は是非見てみて
にあるので気になる人は是非見てみて くださいそしてこの後私は和菓子を買いに
くださいそしてこの後私は和菓子を買いに 行きます是非来週の動画も見てください
行きます是非来週の動画も見てください 今日はここまでですいつも見てくださって
今日はここまでですいつも見てくださって ありがとうございますまた来週お会いし
ありがとうございますまた来週お会いし ましょうバイバイ今日はのみとか何々立て
ましょうバイバイ今日はのみとか何々立て 感触とか限定など今まで紹介した文法や
感触とか限定など今まで紹介した文法や 単語がたくさん出てきました
単語がたくさん出てきました ねもし意味を忘れてしまってもまた何回も
ねもし意味を忘れてしまってもまた何回も 復習すれば大丈夫です
復習すれば大丈夫です よ1回で覚えられるのは当たり前のこと
よ1回で覚えられるのは当たり前のこと じゃありませ
じゃありませ ん忘れてもまた勉強すれば大丈夫
ん忘れてもまた勉強すれば大丈夫 です是非私の動画を何回も見て復習して
です是非私の動画を何回も見て復習して もらえたら嬉しいですいつも応援してくれ
もらえたら嬉しいですいつも応援してくれ てありがとうございます
てありがとうございます [音楽]
[音楽]",true,ja,71
22,2,【20-min】👩‍🏫Listen to Classroom 80+ Phrases For All Japanese Learners✏️📚,https://www.youtube.com/watch?v=ukHQgv-pm7k,listening-practice,2026-07-17T02:59:13.914993+00:00,2026-07-17T02:59:13.914993+00:00,"今日もお疲れ様です。
日本語チューターのかなです。
この動画では、
日本語を勉強してるみなさんが
学校やオンラインの授業で
よく使えるフレーズを集めました。
シンプルなフレーズが多いですが、
日本語ネイティブスピーカーが本当に普段使う
できるだけ自然な言い方を紹介しているので、
ぜひたくさん聞いて
シャドーイングして、
自然に口から出るまで練習してみてくださいね。
それでは、
1つ目のフレーズ。
すいません、遅れました。
すいません、トイレに行ってきてもいいですか？
わかりましたか？／はい、わかりました。
すいません、ちょっとわからなかったんですけど...
大丈夫ですか？／はい、大丈夫です。
すいません、質問、いいですか？
すいません、もう一回、お願いします。
すいません、もう一回、いいですか？
すいません、もう一回、言ってもらってもいいですか？
書いてもらってもいいですか？
「おつかれさま」ってどういう意味ですか？
「しゅっしん」って英語でなんですか？
これ、どうやって読みますか？
これ、漢字でどうやって書きますか？
これ、漢字ってありますか？
これ、合ってますか？
例文を作ってみてもいいですか？
これ、見てもらってもいいですか？
これ、直してもらってもいいですか？
これ、発音してもらってもいいですか？
もう一回練習してもいいですか？
ほかの例を聞いてもいいですか？
これ、いつ使いますか？
これ、どこで使いますか？
これ、どんな人が使いますか？
これ、日常生活で使いますか？
ちょっと休憩しましょう。
どうですか？
使えそうなフレーズ、ありましたか？
ここで、日本語をもっと自然に話せるように練習したい！
というみなさんにお知らせです。
今日の動画のフレーズを復習したい方のために、
「赤おに👹メンバーシップ」で
【ふりがな・翻訳付き(英語・韓国語・中国語（繁体字）フレーズリスト】
を公開しています！
リストを見ながら声に出して練習したり、
お出かけ中にスマホでパッとフレーズを確認したり、
自由に活用してもらえます。
おにまとぺメンバー限定の動画も配信中です。
もっと日本語を深く学びたい！という方は、
ぜひチェックしてみてくださいね。
じゃあ、次のフレーズを聞いてみましょう！
「いえ」と「うち」の違いってなんですか？
「いえ」と「うち」って同じ意味ですか？
「いえ」と「うち」は似てますか？
これ、自然ですか？
カジュアルですか？
フォーマルですか？
失礼に聞こえないですか？
丁寧ですか？
他の言い方もありますか？
もっと自然な言い方ってありますか？
この言葉、聞いたことありますか？／はい、あります。／いや、ないです。
どこで聞きましたか？／お店で聞いたことあります。
このアニメ、知ってますか？／ああ、知ってます。／いや、知らないです。／いや、わからないです。
どうでしたか？／難しかったです。
最初よりわかりました。
まだ難しいですけど、最初よりわかりました。
こういう時、なんて言いますか？
もうちょっと時間もらってもいいですか？
もうちょっと考えてもいいですか？
もう一回聞いてもいいですか？
出てこないです。
うーん…今パッと思い出せないです。
うーん…覚えてないです。
忘れちゃいました。
頭真っ白になりました。
英語で言ってもいいですか？
宿題出してもらってもいいですか？
すいません、時間がなくて宿題ができませんでした。
宿題、どうやって出したらいいですか？
すいません、来週のクラス、面接があるので欠席します。
あー、そうなんですね。
あー、なるほどー。
へー！知らなかったです！
すごく勉強になりました。
なんだっけ...
なんだろう...
どうやって言えばいいんだろう...
日本語で説明するの難しいんですけど...
聞こえますか？／はい、聞こえます。
すいません、聞こえないです。
あ！今聞こえます！
すいません、ミュートになってました。
見えますか？／はい、見えます。
見えないです。
すいません、ちょっとよく見えないんですけど...
ズームしてもらってもいいですか？
今ちょっとwi-fiが不安定です。
今ちょっと固まってました。
もう一回入り直します。
チャットに書いてもらってもいいですか？
それ、送ってもらってもいいですか？
画面、共有してもいいですか？
メモしてもいいですか？
すいません、用事があって、来週のレッスンは受けられないんですよね。
すいません、来週のレッスンをキャンセルしなきゃいけなくて...
お疲れ様でした。
学校だけじゃなくて、
日本での旅行中、仕事中などにも使える
フレーズがたくさんありましたね。
日本語で誰かと話すときにぜひ役立ててください。
それでは、また明日。",true,ja,44
23,1,【生活で使う日本語】病院の会話,https://www.youtube.com/watch?v=t2JgRiOooPQ,conversation,2026-07-17T02:59:13.914993+00:00,2026-07-17T02:59:13.914993+00:00,"皆さんこんにちはあね的日本語教室のあね です今日は病院で診察する時に使う日本語
です今日は病院で診察する時に使う日本語 を紹介します今日はお医者さんの役として
を紹介します今日はお医者さんの役として 特別な人が来てくれていますHELL
特別な人が来てくれていますHELL everyoneダジ皆さんこんにちは
everyoneダジ皆さんこんにちは ひきですはいオノマップのひきさんに来て
ひきですはいオノマップのひきさんに来て もらいましたひきさんはなんと今研周囲と
もらいましたひきさんはなんと今研周囲と して働いてますなのでお医者さんの役は
して働いてますなのでお医者さんの役は 本当にぴったりですねはい今日は診察の
本当にぴったりですねはい今日は診察の 場面を2つその前に受付のシーンを皆さん
場面を2つその前に受付のシーンを皆さん にお見せしたいと思います最後まで見て
にお見せしたいと思います最後まで見て いただけたら嬉しいですではご覧
いただけたら嬉しいですではご覧 ください1回目は日本語の字幕がありませ
ください1回目は日本語の字幕がありませ ん2回目は日本語の字幕があり
ますあこんにちはこんにちは今日はどうさ れましたかとちょっと熱が
れましたかとちょっと熱が はいわかりましたそうしましたらえ保険証
はいわかりましたそうしましたらえ保険証 と診察カードをご提示くださいお願いし
と診察カードをご提示くださいお願いし ますはいありがとうござい
ますはいありがとうござい ますそうしましたらこちらの問診表を書い
ますそうしましたらこちらの問診表を書い てお待ちください
はいあこんにちはこんにちは今日はどうさ れましたかとちょっと熱があってはい
れましたかとちょっと熱があってはい わかりましたそうしましたらえ保険証と
わかりましたそうしましたらえ保険証と 診察カードをご提示くださいお願いします
診察カードをご提示くださいお願いします はいありがとうござい
はいありがとうござい ますそうしましたらこちらの問診表を書い
ますそうしましたらこちらの問診表を書い てお待ちください
はい問診表について簡単に説明します医者 が患者の体の状態を知るために書く書類
が患者の体の状態を知るために書く書類 です自分の名前や住所青年月日を始め今
です自分の名前や住所青年月日を始め今 までになったことがある病気や今の体の
までになったことがある病気や今の体の 状態などを書き
ますタカタタカタよしそれじゃあ鈴木さん どうぞ
どうぞ はいこんにちはよろしくお願いします
はいこんにちはよろしくお願いします こんにちは石のひきと言いますよろしくお
こんにちは石のひきと言いますよろしくお 願いしますよろしくお願いします確認の
願いしますよろしくお願いします確認の ためにお名前と青年月表を聞いても
ためにお名前と青年月表を聞いても よろしいでしょうか鈴木です1930年1
よろしいでしょうか鈴木です1930年1 月1日生まれですありがとうございます
月1日生まれですありがとうございます 今日はどうされましたか
今日はどうされましたか と昨日の夜から熱が38°あって喉が痛い
と昨日の夜から熱が38°あって喉が痛い んですうん咳や鼻水はどうですか咳もする
んですうん咳や鼻水はどうですか咳もする し鼻水も出ますああそれは辛いですね胸の
し鼻水も出ますああそれは辛いですね胸の 音も聞いてみましょうか
音も聞いてみましょうか はい胸の音は大丈夫そうですねうあと熱を
はい胸の音は大丈夫そうですねうあと熱を 測りますね
はいああ熱が39°もありますね インフルエンザの可能性があるので検査し
インフルエンザの可能性があるので検査し てみましょうはいじゃそれでは検査の準備
てみましょうはいじゃそれでは検査の準備 をさせていただきますねはいまずマスクを
をさせていただきますねはいまずマスクを つけさせていただき
つけさせていただき ます手袋もけますねはいあとは感染予防の
ます手袋もけますねはいあとは感染予防の ためにゴグもけさせてくださいはいじゃあ
ためにゴグもけさせてくださいはいじゃあ こちらのキットを使って検査をさせて
こちらのキットを使って検査をさせて いただきますはいじゃこれからこちらの棒
いただきますはいじゃこれからこちらの棒 を鼻の奥に入れるんですけどすごく痛いの
を鼻の奥に入れるんですけどすごく痛いの で頑張りましょう
で頑張りましょう 大丈夫ですか
大丈夫ですか 多分
多分 はいじゃ失礼します
ねはいありがとうございます痛かったです かちょっとちょっと痛かったはいわかり
かちょっとちょっと痛かったはいわかり まし
まし たそしたら検査の結果が出るまで少し時間
たそしたら検査の結果が出るまで少し時間 がかかりますねあ鈴木さんはい結果なん
がかかりますねあ鈴木さんはい結果なん ですけれど
ですけれど もインフルエンザA型でしたああ
もインフルエンザA型でしたああ やっぱりやっぱりはい心当たりがあります
やっぱりやっぱりはい心当たりがあります かそうかなと思いましたはいですのでこれ
かそうかなと思いましたはいですのでこれ からお薬を出しておきますねお薬は
からお薬を出しておきますねお薬は インフルエンザに効くお薬と熱を下げるお
インフルエンザに効くお薬と熱を下げるお 薬と咳を止めるお薬ですはいお願いします
薬と咳を止めるお薬ですはいお願いします それでは診察の方は終わりになりますので
それでは診察の方は終わりになりますので お大事にしてくださいありがとうござい
お大事にしてくださいありがとうござい ましたはい失礼します
カタカタカタカタよしそれじゃあ鈴木さん どうぞ
どうぞ はいこんにちはよろしくお願いします
はいこんにちはよろしくお願いします こんにちは石のひきと言いますよろしくお
こんにちは石のひきと言いますよろしくお 願いしますよろしくお願いします確認の
願いしますよろしくお願いします確認の ためにお名前と青年月表を聞いても
ためにお名前と青年月表を聞いても よろしいでしょうか鈴木です1930年1
よろしいでしょうか鈴木です1930年1 月1日生まれですありがとうございます
月1日生まれですありがとうございます 今日はどうされましたかと昨日の夜から熱
今日はどうされましたかと昨日の夜から熱 が38度あって喉が痛いんですうん
が38度あって喉が痛いんですうん 咳や鼻水はどうですか咳もするし鼻水も出
咳や鼻水はどうですか咳もするし鼻水も出 ますああそれは辛いですね胸の音も聞いて
ますああそれは辛いですね胸の音も聞いて みましょうか
みましょうか はい胸の音は大丈夫そうですねうあと熱を
はい胸の音は大丈夫そうですねうあと熱を 測りますね
はいああ熱が39°もありますね インフルエンザの可能性があるので検査し
インフルエンザの可能性があるので検査し てみましょううんはいじゃそれでは検査の
てみましょううんはいじゃそれでは検査の 準備をさせていただきますねはいまず
準備をさせていただきますねはいまず マスクをけさせていただき
マスクをけさせていただき ます手袋もけますねはいあとは感染予防の
ます手袋もけますねはいあとは感染予防の ためにゴグもつけさせてくださいはい
ためにゴグもつけさせてくださいはい じゃあこちらのキットを使って検査をさせ
じゃあこちらのキットを使って検査をさせ ていただきますはいじゃこれからこちらの
ていただきますはいじゃこれからこちらの 棒を鼻の奥に入れるんですけどすごく痛い
棒を鼻の奥に入れるんですけどすごく痛い ので頑張りましょう大丈夫ですか
ので頑張りましょう大丈夫ですか 多分はい
多分はい じゃ失礼します
ねはいありがとうございます痛かったです かちょっとちょっと痛かったはいわかり
かちょっとちょっと痛かったはいわかり まし
まし たそしたら検査の結果が出るまで少し時間
たそしたら検査の結果が出るまで少し時間 がかかりますねあ鈴木さんはい結果なん
がかかりますねあ鈴木さんはい結果なん ですけれど
ですけれど もインフルエンザA型でしたああやっぱり
もインフルエンザA型でしたああやっぱり やっぱりはい心当たりがありますかそうか
やっぱりはい心当たりがありますかそうか なと思いましたはいですのでこれからお薬
なと思いましたはいですのでこれからお薬 を出しておきますねお薬はインフルエンザ
を出しておきますねお薬はインフルエンザ に効くお薬と熱を下げるお薬と咳を止める
に効くお薬と熱を下げるお薬と咳を止める お薬ですはいお願いしますそれでは診察の
お薬ですはいお願いしますそれでは診察の 方は終わりになりますのでお大事にして
方は終わりになりますのでお大事にして くださいありがとうございましたはい失礼
くださいありがとうございましたはい失礼 し
ますはいさっき心臓の音を聞いたこれは 聴診機と言います聴診器
聴診機と言います聴診器 です耳に当てて心臓の音を聞きます呼吸の
です耳に当てて心臓の音を聞きます呼吸の 音とお腹の音とかも聞いたりします
うーんこれが血圧を測る機会です血圧が 高い時を高血圧血圧が低い時を低血圧と
高い時を高血圧血圧が低い時を低血圧と 言いますあと脈白も測ることができます脈
言いますあと脈白も測ることができます脈 REMが早いことを貧
REMが早いことを貧 particular脈白が遅いことを序
particular脈白が遅いことを序 と言います次は熱中症になった時の場面を
と言います次は熱中症になった時の場面を 紹介し
紹介し [音楽]
ますはい田中さん今日はどうされましたか めまいと頭痛がひどいんですあとさっき
めまいと頭痛がひどいんですあとさっき 吐いてしまいました分かりましたそしたら
吐いてしまいました分かりましたそしたら 心臓の音を聞いてみましょうはい少し心臓
心臓の音を聞いてみましょうはい少し心臓 の音が早いですね貧がありそうです
の音が早いですね貧がありそうです うんじゃちょっと手も見ていいですかはい
うんじゃちょっと手も見ていいですかはい はいちょっと汗もかかれてますね熱中症の
はいちょっと汗もかかれてますね熱中症の 可能性が考えられますはいちなみにお水は
可能性が考えられますはいちなみにお水は よく飲まれてますかあんまり飲んでない
よく飲まれてますかあんまり飲んでない ですはいわかりましたそれではですね血液
ですはいわかりましたそれではですね血液 検査と脱水症状を改善するために点滴の方
検査と脱水症状を改善するために点滴の方 をしていきますからねはいじゃあこちらの
をしていきますからねはいじゃあこちらの ベッドで仰向けで寝てくださいわかりまし
ベッドで仰向けで寝てくださいわかりまし たあそうしましたら上着の方は脱いで
たあそうしましたら上着の方は脱いで いただいもよろしいですかあ分かりました
いただいもよろしいですかあ分かりました 上着ですね
はいこれでいいですかよしあ田中さん そちらはうつ伏せですああ仰向けでお願い
そちらはうつ伏せですああ仰向けでお願い しますあ仰向けですねすいませ
んはいじゃあこれからちょっと採決の準備 をしていきますねはいちなみに聞き手は
をしていきますねはいちなみに聞き手は どちらですか右手ですはいわかりましたそ
どちらですか右手ですはいわかりましたそ したら左手から採決を行っていきますね
したら左手から採決を行っていきますね はいちなみにアルコールで被れたことは
はいちなみにアルコールで被れたことは ありますかないですはいあとは採決で気分
ありますかないですはいあとは採決で気分 が悪くなったことはありますかないです
が悪くなったことはありますかないです はいわかりましたはいそしたらちょっと
はいわかりましたはいそしたらちょっと 左手から採決するので左手失礼しますね
左手から採決するので左手失礼しますね はいはいえ左手を縛らせていただき
はいはいえ左手を縛らせていただき ます痛くないですか大丈夫ですはいそし
ます痛くないですか大丈夫ですはいそし たら左手の親指を中にして握ってください
たら左手の親指を中にして握ってください 中にして握りますはいこうすることで血管
中にして握りますはいこうすることで血管 がよく見やすくなりますはいはいそしたら
がよく見やすくなりますはいはいそしたら アルコールで消毒していきますねはいはい
アルコールで消毒していきますねはいはい 失礼しますはいそしたらちょっとチクっと
失礼しますはいそしたらちょっとチクっと しますよはいはいいきますせーのち大丈夫
しますよはいはいいきますせーのち大丈夫 ですか大丈夫ですはい痛かったですか
ですか大丈夫ですはい痛かったですか ちょっとはい今手の方はしびれてますか
ちょっとはい今手の方はしびれてますか しびれてないですはいわかりましたもう
しびれてないですはいわかりましたもう すぐで終わりますからねはい採決は終わり
すぐで終わりますからねはい採決は終わり ましたこのまま点滴の方につぎますからね
ましたこのまま点滴の方につぎますからね 点滴をしていき
点滴をしていき ますはいこれで準備は大丈夫ですすいませ
ますはいこれで準備は大丈夫ですすいませ んこの点滴ってどのくらいの時間かかり
んこの点滴ってどのくらいの時間かかり ますか大体1時間くらいですねわかりまし
ますか大体1時間くらいですねわかりまし たはい
はい田中さん今日はどうされましたか めまいと頭痛がひどいんですあとさっき
めまいと頭痛がひどいんですあとさっき 吐いてしまいました分かりましたそしたら
吐いてしまいました分かりましたそしたら 心臓の音を聞いてみましょうはい少し心臓
心臓の音を聞いてみましょうはい少し心臓 の音が早いですね貧particular
の音が早いですね貧particular がありそうです
がありそうです うんじゃちょっと手も見ていいですかはい
うんじゃちょっと手も見ていいですかはい はいちょっと汗もかかれてますね熱中症の
はいちょっと汗もかかれてますね熱中症の 可能性が考えられますはいちなみにお水は
可能性が考えられますはいちなみにお水は よく飲まれてますかあんまり飲んでない
よく飲まれてますかあんまり飲んでない ですはいわかりましたそれではですね血液
ですはいわかりましたそれではですね血液 検査と脱水症状を改善するために点滴の方
検査と脱水症状を改善するために点滴の方 をしていきますからねはいじゃあこちらの
をしていきますからねはいじゃあこちらの ベッドで仰向けで寝てくださいわかりまし
ベッドで仰向けで寝てくださいわかりまし たあそうしましたら上着の方は脱いで
たあそうしましたら上着の方は脱いで いただいてもよろしいですか分かりました
いただいてもよろしいですか分かりました 上着ですね
はいこれでいいですかよしああ田中さん そちらはうつ伏せですああ仰向けでお願い
そちらはうつ伏せですああ仰向けでお願い します青向けですねすいませ
んはいじゃあこれからちょっと採決の準備 をしていきますねはいちなみに聞き手は
をしていきますねはいちなみに聞き手は どちらですか右手ですはいわかりましたそ
どちらですか右手ですはいわかりましたそ したら左手から採決を行っていきますね
したら左手から採決を行っていきますね はいちなみにアルコールで被れたことは
はいちなみにアルコールで被れたことは ありますかないですはいあとは採決で気分
ありますかないですはいあとは採決で気分 が悪くなったことはありますかないです
が悪くなったことはありますかないです はいわかりましたはいそしたらちょっと
はいわかりましたはいそしたらちょっと 左手から採決するので左手失礼しますね
左手から採決するので左手失礼しますね はいはいえ左手を縛らせていただき
はいはいえ左手を縛らせていただき ます痛くないですか大丈夫ですはいそし
ます痛くないですか大丈夫ですはいそし たら左手の親指を中にして握ってください
たら左手の親指を中にして握ってください 中にして握りますはいこうすることで血管
中にして握りますはいこうすることで血管 がよく見やすくなりますはいはいそしたら
がよく見やすくなりますはいはいそしたら アルコールで消毒していきますねはいはい
アルコールで消毒していきますねはいはい 失礼しますはいそしたらちょっとチクっと
失礼しますはいそしたらちょっとチクっと しますよはいはいいきますせーのち大丈夫
しますよはいはいいきますせーのち大丈夫 ですか大丈夫ですはい痛かったですか
ですか大丈夫ですはい痛かったですか ちょっとはい今手の方はしびれてますか
ちょっとはい今手の方はしびれてますか しびれてないですはいわかりましたもう
しびれてないですはいわかりましたもう すぐで終わりますからねはい採決は終わり
すぐで終わりますからねはい採決は終わり ましたこのまま点滴の方につぎますからね
ましたこのまま点滴の方につぎますからね 点滴をしていき
点滴をしていき ますはいこれで準備は大丈夫ですすいませ
ますはいこれで準備は大丈夫ですすいませ んこの点滴ってどのくらいの時間かかり
んこの点滴ってどのくらいの時間かかり ますか大体1時間くらいですね分かりまし
ますか大体1時間くらいですね分かりまし たはいうつ伏せと仰向けを簡単に説明する
たはいうつ伏せと仰向けを簡単に説明する とうつ伏せは下を見る状態仰向けは上を
とうつ伏せは下を見る状態仰向けは上を 見る状態
見る状態 ですはい皆さん今日の動画はどうでしたか
ですはい皆さん今日の動画はどうでしたか 少しでも皆さんの役に経ったら嬉しいです
少しでも皆さんの役に経ったら嬉しいです ひきさんちょっと最後に挨拶お願いします
ひきさんちょっと最後に挨拶お願いします はいオノマップのひきですちょっと最近は
はいオノマップのひきですちょっと最近は 研修位の仕事で忙しくて動画撮れてなかっ
研修位の仕事で忙しくて動画撮れてなかっ たんですけどこれからはちょっとたくさん
たんですけどこれからはちょっとたくさん 動画を撮りたいと思ってるので是非
動画を撮りたいと思ってるので是非 YouTubeの方に登録して待っていて
YouTubeの方に登録して待っていて くださいひきさんのチャンネルは私の概要
くださいひきさんのチャンネルは私の概要 欄の方に書いておくので是非皆さん
欄の方に書いておくので是非皆さん フォローしてください今日も最後まで見て
フォローしてください今日も最後まで見て くださってありがとうございました
くださってありがとうございました ありがとうございましたまた来週お会いし
ありがとうございましたまた来週お会いし ましょうバイバイありがとうございます
ましょうバイバイありがとうございます ありがとうございます安くなりますはい
ありがとうございます安くなりますはい はいそしたら
はいそしたら アルコールはいそしたらアルコールで消毒
アルコールはいそしたらアルコールで消毒 していきますねはいはい失礼します
していきますねはいはい失礼します ちょっと拭いちゃっていいですかはいお
ちょっと拭いちゃっていいですかはいお 願いしますちょ怖いですよねこれ
願いしますちょ怖いですよねこれ 本当に刺されるし本当に採決されるみた超
本当に刺されるし本当に採決されるみた超 緊張してる今採決大嫌いです
緊張してる今採決大嫌いです [音楽]
[音楽]",true,ja,79
24,1,【日本語の単語】キッチングッズ,https://www.youtube.com/watch?v=MhnFLmFr_fQ,vocabulary,2026-07-17T02:59:13.914993+00:00,2026-07-17T02:59:13.914993+00:00,,true,ja,28
25,1,【生活で使う日本語】家で使う日本語,https://www.youtube.com/watch?v=0B9HlL3O3o0,conversation,2026-07-17T02:59:13.914993+00:00,2026-07-17T02:59:13.914993+00:00,"皆さんこんにちはあかね的日本語教室の あかねです今日は
撮影するために 素敵な部屋を
借りました 今日は皆さんに家の中にいる時に使う日本
語を紹介します時間の関係で全部の紹介 することはできないんですけどもし
リクエストがあればまた 撮影します今回は紹介する時に動詞の
辞書形を使います じゃあ早速始めましょう
ドアを開ける ドアを開ける
ただいま ただいまは帰ってきた時に帰ってきた人が
言う 挨拶です家にいる人はお帰りやおかえり
なさいと言います おかえりなさいの方が
丁寧な言い方です
靴を脱ぐ 靴を脱ぐ
靴を 揃える
靴を揃える
ソファに座る ソファーに座る
足を組む 足を組む
腕を組む 腕を組む
リモコンでテレビをつける リモコンでテレビをつける
チャンネルを変える チャンネルを変える
テレビを消す テレビを消す
スマホを 充電する
スマホを充電する スマホはスマートフォンのことです
蓋を開ける ふたを開ける
キャップとも言います キャップを落とす
キャップを落とす
キャップを 拾う
キャップを拾う
水を飲む 水を飲む
蓋を 閉める
蓋を閉める
パソコンで勉強する パソコンで勉強するこのでは何々を使うの
意味です
今日は皆さんに家にいる時に使う日本語を 紹介していますが頭では
理解していても実際に会話するときに うまく伝えられないことがあると思います
話せるようになるには実際にネイティブ スピーカーと話すのが一番いいと思います
今回は私が3年以上使っているアイ トーキーを紹介します
italkyは日本語や英語をはじめ 150以上の言語を学ぶことができる語学
学習アプリですオンラインでできるので いつでもどこでもパソコンでもスマホでも
レッスンを受けることができます italkyは先生が1人に対して生徒が
一人なので先生と相談しながら自分の ペースで勉強を続けることができます会話
レッスンだけじゃなくて文法やビジネス 日本語などいろいろなレッスンがあります
レッスンの料金は1回ごとに払ので 毎月決まった金額を
払う必要はありません先生やレッスンの 内容によって
料金が違うので自分の予算に合わせて レッスンを選択できますしかも5ドルから
選択することができますはい今から italkyで中国語のレッスンを受けて
います 泳げんちんちゃん回収はお
互い
に来ます
皆さんも好きな時間に好きな場所でぜひ ネイティブスピーカーと会話の練習をして
みてください 概要欄に
該当機の リンクとクーポンコードがあります
10ドル 購入すると最初のレッスンで5ドルの無料
クーポンをもらうことができますこちらの プロモーションコードを入力してください
このコードは 初めて配当金を使う人が対象です先着50
名が使います ぜひ配当金でレッスンを受けてみて
ください それでは続きをやりましょう
メガネを外す メガネを外す
メガネを 拭く
メガネを拭く
メガネをかける メガネをかける
マンガを読む マンガを読む
ちなみに私はコジコジを読んでいます
舞踏とする
ウトウトする 寝そうな様子とか
浅い眠りの時に使います アラームを設定する
アラームを設定する
昼寝する 昼寝する
アラームを止める アラームを止める
目をこする目をこする
あくびする あくびする
伸びをする
歯ブラシに 歯磨き粉をつける 「粉」は「こ」です
歯ブラシに歯磨き粉をつける
歯を 磨く
歯を磨く
口をゆすぐ 口をゆすぐ
コンタクトレンズをつける コンタクトレンズをつける
省略してコンタクトとも言います ブラシで
紙を 溶かす
ブラシで髪をとかす
ブラッシングするとも言います
ヘアオイルを 髪につける
ヘアオイルを髪につける
ヘアゴムで 髪を結ぶ
ヘアゴムで髪を結ぶ
化粧する 化粧する
メイクとも言いますメイクするメイクを する
ピアスをつける ピアスをつける
反対はピアスを外す
靴を 履く
靴を履く
靴紐を 結ぶ
靴紐を結ぶ行ってきます 行ってきますというのは外に行く人が言う
挨拶です家にいる人はいってらっしゃいと 言います
はい皆さん今日の動画はどうでしたか 限られた時間の中での
撮影だったんですけどなるべく多くの動詞 や名刺を紹介したいと思って
撮影してみました最後まで見てくださって ありがとうございますあと今日紹介した
配当金ぜひネイティブの先生と会話の練習 をしてみてください今日はここまでです
バイバイ 今から8枚の写真が出てきます今日勉強し
た名詞や動詞が言えるかどうか確認してみ てください
答えはコメント欄の一番上に書いておき ますでは始めましょう
いつも素敵なコメントを書いてくださって ありがとうございますまた来週お会いし
ましょうバイバイ [音楽]",true,ja,28
26,1,【生活で使う日本語】寝る前と起きた後に使う日本語,https://www.youtube.com/watch?v=QmIoIFPemxY,conversation,2026-07-17T02:59:13.914993+00:00,2026-07-17T02:59:13.914993+00:00,"皆さんこんばんはあね的日本語教室のあね です今7時35分です今日は夜寝る前に
です今7時35分です今日は夜寝る前に することと朝起きた後にすることに使う
することと朝起きた後にすることに使う 日本語の名刺と動詞を紹介したいと思い
日本語の名刺と動詞を紹介したいと思い ますまずは寝る前にすることを紹介します
ますまずは寝る前にすることを紹介します 自分の家だとちょっと撮影しにくいので
自分の家だとちょっと撮影しにくいので 今日は千葉のホテルで撮影しますもうその
今日は千葉のホテルで撮影しますもうその ホテルについては動画が出てると思うので
ホテルについては動画が出てると思うので 是非こちらも見て
是非こちらも見て ください同士は辞書系を使いますそれでは
ください同士は辞書系を使いますそれでは 早速紹介し
早速紹介し [音楽]
[音楽] ますどっちだ
どっちブラインドを 下げるブラインドを下げる
洗面 台洗面
台これはハンドソープですハンド ソープハンドソープで手を
ソープハンドソープで手を 洗うハンドソープで手を
洗うハンドソープで手を 洗うタオルで手を拭くタオルで手を
洗うタオルで手を拭くタオルで手を 拭く次は何をするでしょうか皆さん予想し
拭く次は何をするでしょうか皆さん予想し てみて
くださいコンタクトを外すコンタクトを 外すコンタクトというのはコンタクト
外すコンタクトというのはコンタクト レンズのことですコンタクトを洗う
レンズのことですコンタクトを洗う コンタクトを
コンタクトを 洗うコンタクトレンズをケースに入れる
洗うコンタクトレンズをケースに入れる コンタクトレンズをケースに
コンタクトレンズをケースに 入れるケースの蓋を
入れるケースの蓋を 閉めるケースの蓋を
閉めるこれはメガネケースですメガネ ケース眼鏡が入ってい
ます眼鏡を 拭く眼鏡を
拭く眼鏡を 拭く眼鏡をかける
拭く眼鏡をかける 眼鏡を
かけるこれはピアスです ピアスピアスを
ピアスピアスを 外すピアスを
外すこれはネックレスです ネックレスネックレスを
ネックレスネックレスを 外すネックレスを
外すネックレスを 外すこれは歯ブラシです歯ブラシ歯ブラシ
外すこれは歯ブラシです歯ブラシ歯ブラシ に歯磨き粉を
に歯磨き粉を つつける歯を
つつける歯を 磨く歯を
磨く歯を 磨く紙を
磨く紙を 結ぶ髪を
結ぶ口を ゆすぐ口を
ゆすぐ口を ゆすぐすすぐとも言い
ゆすぐすすぐとも言い ますさて次は何をするでしょうか私が持っ
ますさて次は何をするでしょうか私が持っ ているこのお泊まりセットは前に旅行する
ているこのお泊まりセットは前に旅行する 時に持っていくものという動画で紹介した
時に持っていくものという動画で紹介した ものですコンビニで買いましたこれは
ものですコンビニで買いましたこれは クレンジングオイルですクレンジング
クレンジングオイルですクレンジング オイルメガを
オイルメガを 外すメガを
外すメガを 外すヘアバンドをするヘアバンド
外すヘアバンドをするヘアバンド するけるとも言いますこれで顔を洗う時に
するけるとも言いますこれで顔を洗う時に 前髪が邪魔になりませ
前髪が邪魔になりませ んはいこれはクレンジングオイル
んはいこれはクレンジングオイル です私は目がとても悪いので何か物を見る
です私は目がとても悪いので何か物を見る 時に近づけないと本当に見えないん
時に近づけないと本当に見えないん ですはいクレンジングでメイクを
ですはいクレンジングでメイクを 落とすクレンジングで化粧を
落とすクレンジングで化粧を 落とすメイクをオフするという言い方も
落とすメイクをオフするという言い方も あり
あり ますなんかこれ長くなりそうですね早送り
ますなんかこれ長くなりそうですね早送り しましょう早送りする早送り
しましょう早送りする早送り するタオルで顔を拭くタオルで顔を
するタオルで顔を拭くタオルで顔を 拭く化粧をしていない顔のことをすっぴん
拭く化粧をしていない顔のことをすっぴん と言います
と言います すっぴんす
すっぴんす ピこれはバスタブです浴槽とも言い
ますお湯張りをしますお風呂の線の締め 忘れに注意して
忘れに注意して くださいお風呂の線というのはこれのこと
くださいお風呂の線というのはこれのこと ですさっきお湯張りをすると言っていまし
ですさっきお湯張りをすると言っていまし たお湯張りをするというのはバスタブの中
たお湯張りをするというのはバスタブの中 にお湯を溜めるという意味です
にお湯を溜めるという意味です これはシャワーヘッドですシャワーを
これはシャワーヘッドですシャワーを 浴びるシャワーを浴びると言い
浴びるシャワーを浴びると言い ますお風呂に入って紙を洗ったので
ますお風呂に入って紙を洗ったので ドライヤーで紙を
ドライヤーで紙を 乾かすドライヤーで紙を
乾かすドライヤーで紙を 乾かす皆さんはドライヤーで紙を乾かすの
乾かす皆さんはドライヤーで紙を乾かすの にどのくらいの時間がかかりますか是非
にどのくらいの時間がかかりますか是非 コメントで教えてください
服を 畳む服を
畳むこれはボディローション ですボディローションを腕に
ですボディローションを腕に 塗るボディローションを腕に塗るこれは耳
塗るボディローションを腕に塗るこれは耳 線です耳線を
線です耳線を つつける耳線を
つつける耳線を つつける私はホテルに泊まる時は必ず耳線
つつける私はホテルに泊まる時は必ず耳線 をつけて寝ます電気を
をつけて寝ます電気を 消す電気を
消す電気を 消すじゃあ皆さんおやすみ
消すじゃあ皆さんおやすみ なさいおやすみなさいは寝る前の挨拶です
なさいおやすみなさいは寝る前の挨拶です 寝る時の挨拶ですじゃあおやすみ
寝る時の挨拶ですじゃあおやすみ [音楽]
[音楽] なさいアラームがなるアラームがなる
なさいアラームがなるアラームがなる アラームを
アラームを 止めるアラームを
止めるおはようございますおはようござい ますは朝の挨拶です友達とか家族に言う時
ますは朝の挨拶です友達とか家族に言う時 はおはようということもあります本当に今
はおはようということもあります本当に今 起きたばかり
ですあびをするあびをする メガを
メガを かけるメガを
かける洗面台に行き
ます顔を 洗う顔を
洗う化粧水を つつける化粧水を
つつけるクリームを塗る クリームを
クリームを 塗る化粧をしていない状態メイクをしてい
塗る化粧をしていない状態メイクをしてい ない状態のことをすっぴんと言います今
ない状態のことをすっぴんと言います今 すっぴなのでこれから化粧をしますメイク
すっぴなのでこれから化粧をしますメイク をしますちょっと私の化粧の仕方が一般的
をしますちょっと私の化粧の仕方が一般的 じゃないかもしれないのであんまり参考に
じゃないかもしれないのであんまり参考に しないで欲しいんですけど私はまず手の甲
しないで欲しいんですけど私はまず手の甲 に下地を出してそして顔に塗りますけど
に下地を出してそして顔に塗りますけど ちょっとカメラに近づかないで欲しいな
ちょっとカメラに近づかないで欲しいな ちょっとシワとかシミとかたくさんあり
ちょっとシワとかシミとかたくさんあり ますねしょうがないですね年を取ってます
ますねしょうがないですね年を取ってます から
から はい顔全体に塗り
はい顔全体に塗り ますそしたらその後ベビーパウダーをけ
ますそしたらその後ベビーパウダーをけ ますパウダーは粉
ますパウダーは粉 ですこれもね本当はもっと丁寧にやった方
ですこれもね本当はもっと丁寧にやった方 がいいと思うんですけど適当にけていき
がいいと思うんですけど適当にけていき ます適当にけます
ます適当にけます あマス系じゃないける
あマス系じゃないける ける辞書系はつけるですはいここはまぶた
ける辞書系はつけるですはいここはまぶた と言いますアイシャドウを塗るアイ
と言いますアイシャドウを塗るアイ シャドウを
シャドウを 塗る雑誌とか見るとまぶの上にアイ
塗る雑誌とか見るとまぶの上にアイ シャドウを乗せるっていう表現もあり
シャドウを乗せるっていう表現もあり ます串で紙を
ます串で紙を 溶かす串で紙を
溶かす串で紙を 溶かす
溶かす 着替える
着替える 着替えるこれはピアスです
着替えるこれはピアスです ピアス
ピアス ピアスピアスを耳に
ピアスピアスを耳に つけるピアスを耳に
つけるピアスを耳に つつけるピアスをするでもいいですこれは
つつけるピアスをするでもいいですこれは 何か覚えていますかこれはネックレスです
何か覚えていますかこれはネックレスです ネックレスを
ネックレスを つつけるネックレスを
つつけるネックレスを つつけるネックレスをするでもいい
ですはい今日は夜寝る前と朝起きた時に することに使う日本語の単語を紹介しまし
することに使う日本語の単語を紹介しまし たまだまだたくさんあると思うのでまた
たまだまだたくさんあると思うのでまた 機会があったら撮影したいと思います少し
機会があったら撮影したいと思います少し でも皆さんが日本語を勉強する時に役に
でも皆さんが日本語を勉強する時に役に 立ったら嬉しいです今日も最後まで見て
立ったら嬉しいです今日も最後まで見て くださってありがとうございます今日は
くださってありがとうございます今日は ここまでですまた来週バイ
ここまでですまた来週バイ [音楽]
[音楽] バイ",true,ja,28
27,3,Rainy Days| Japanese Listening Practice,https://www.youtube.com/watch?v=K1GEl1bdpIo,listening-practice,2026-07-17T02:59:13.914993+00:00,2026-07-17T02:59:13.914993+00:00,"みなさん、こんにちは
桜の季節が来ましたよ
でも、雨が降っています
今日は雨の桜を一緒に見ましょう
病院に行ったり、買い物に行ったりもしますよ
シャドーイングの練習にも使ってみてください
今は駅に向かっています
この日の午前中、息子が友達の家に電車で遊びに行きました
雨だったので、駅まで車で送りました
今は、お迎えに行っているところです
道の両側は桜の木です
まだ満開ではないかもしれません
「満開」というのは、桜がいちばん咲いている、いちばんきれいなときです
雨は昨日も降っていました
雨が降ると、桜が散ってしまいます
でも、桜の時期は必ず雨が降ります
それもあって、桜はすぐに散ってしまいます
桜の時期は本当に短いです
左の横の階段の道は、駅に続いています
交差点を越えると、タクシーが見えますね
駐車場がありますが、ここにはとめません
駐車場の横で待ちます
駐車場から車が出ていきます
別の車も出ていきます
前の車も行ってしまいました
また別の車も出ていきました
息子がなかなか来ません
さらに前の車も
行ってしまいました
少し心配になったとき、やっと息子が来ました
「おかえり」「ただいま」 「楽しかった？」「めっちゃ楽しかった」
「あ、よかったね」「うん」 「じゃあ行くか」「はい、お願いします」
右手側に電車のホームが見えます
左のお城みたいのは、昔お城があった場所です
今は公園になっています
線路の反対側にも続いている、大きい公園です
今から息子を病院に連れて行きます
息子は、１か月半前に怪我をしました
そのあと、毎週病院に行っています
ところでみなさん
「病院」の発音には気をつけてください
「びょういん」を「びよういん」と言うと
「美容院」に聞こえてしまいます
美容院は、髪を切る場所です
今、陸橋を越えています
陸橋の先には、さっきのお城の公園があります
ここの桜もきれいです
道の両側に、のぼりが立っています
「のぼり」は、これらの旗のことです
もうすぐお祭りがあります
その宣伝ののぼりです
話を「病院」と「美容院」にもどします
両方言うので、ちがいを聞いてください
病院、美容院、病院、美容院
どうでしょう？ ちがいはわかりましたか?
日本の人には、ちがう言葉に聞こえます
ぜひ練習してみてください
ちゃんと勉強したい人は、ぜひ私のサブスクコースに入ってください
こういう発音のちがいを勉強したり
ピッチアクセントの勉強ができます
とっても勉強になると思いますよ
はい、病院に着きました
車を入口のそばにとめます
雨で濡れたくないからです
では病院に入ります
終わりました
怪我が治ったので、もう行かなくていいそうです
怪我をしたとき、息子はとっても痛そうでした
私も本当に心配しました
なので治ってよかったです
このあとは、ドラッグストアで洗剤を買って帰ります
洗剤には、食器洗い用と洗濯用があります
今日は食器洗い用を買います
この前100円ショップで、はじめて食器洗い用の洗剤を買いました
そしたら、水みたいで全然泡立ちませんでした
「泡立つ」というのは、泡がたくさんできることです
もう100円ショップでは、洗剤は買いません
赤信号で止まります
ここでも、また赤信号です
ここも赤信号です
この日は、赤信号によく引っかかりました
赤信号で止まることを「赤信号に引っかかる」と言ったりもします
赤信号で止まらないといけない、イヤな気持ちを表しています
ドラッグストアに着きました
では、食器用の洗剤を買いに行きましょう
まっすぐ行った突き当たりが、洗剤コーナーです
これにするか
この大きいのにするか、迷っています
計算をします
558円÷1250ミリリットル＝0.4464
こっちは、327円÷700ミリリットル
0.4671ですね
１ミリリットルあたりの値段は、もちろん大きいサイズのほうが安いですね
これを買います
では、レジに行きましょう
このシルベーヌ、おいしいですよ
でも今日は、お菓子は買いません
余計なものは買いません
「お願いします」「はい、ありがとうございます」
「ではサンドラックでお使いのポイントカードをお持ちですか？」「あ、はい」
「ありがとうございます」
「はい、ありがとうございます」
「これで楽天でも払えますか？」「楽天ペイ大丈夫ですよ」
「では、お会計558円でございます。ありがとうございます」
「こちらレシートでございます」「はい、ありがとうございまーす」
「ありがとうございましたー」
洗剤が買えてよかったです
では、家に帰ります
次の日も雨が降っていました
ここは、前にカワセミを探しに来た川です
「カワセミ」というのは、きれいな青い鳥です
この川の名前は「荒川」です
上の字は「荒れる」という字です
「川が荒れる」というのは、洪水になることです
荒川は、日本中にたくさんあります
どの荒川も、洪水が何回も起きたんだと思います
向こうに桜が見えてきました
この小さい川沿いに桜がたくさん植えられています
このマークは、歩く人と自転車の人だけ通っていい、というマークです
では、行きましょう
花びらが地面に落ちています
きれいなので、落ちたばっかりかもしれません
ピンクの桜が見えてきました
ピンクの桜は、白っぽい桜とは種類がちがいます
ピンクの桜のほうが先に咲きます
花びらも、ピンクと白の２種類ですね
鳩が飛んでいきました
もう一羽、鳩が来ました
この鳩も飛んでいきました
二羽の鳩があっちにとまりました
ピンクと白がきれいです
このきれいな景色を独り占めしています
「独り占め」というのは、みんなに分けないで自分１人のものにしてしまうことです
あまりいい意味はありません
でも景色については、他に人がいないとき
「きれいな景色を独り占め」のように使います
スイセンも咲いていますね
きれいな黄色のスイセンです
この紫の花、かわいいですよね
こういう道の横や畑などで、よく見ます
なんと、サボテンまでありましたよ
刺さったら痛そうですね
大きい道路が見えてきました
こちらのトンネルを通りましょう
トンネルを抜けると、桜でした
白くてきれいな桜です
「桜」というときは、だいたいこの白い桜のことです
ずっと向こうまで、桜が続いていますね
また道路が見えてきました
道路を渡ったところに、お祭りのお知らせが書いてあります
今度の土曜日にお祭りがあるみたいです
「芸術の小径」と書いてあります
この先には、作品が並んでいます
ここのそばに美術館があります
だからここに「芸術の小径」を作ったのかもしれません
さて、次の作品はこれです
タイトルは『芽生』です
「芽生え」というのは、植物などの芽が出ることです
これは芽ですね
気持ちよさそうに寝ています
いいですね
桜は、ここで終わりです
この道を30分くらい歩いてきました
この日、雨がけっこう降っていました
桜は、満開より少し早かった気がします
この動画の２〜３日あとぐらいが、満開かなと思います
では、桜のトンネルを通って帰ります
雨でしたが、きれいな桜が見れて本当によかったです
みなさんも、いい１日をお過ごしください
それからスーパーサンクスをくださったレナツさん、テックウィークエックさん、ダニーロスさん
ありがとうございました
感謝しています
では、私のコースについて説明します
私は、みなさんが自信を持って日本語を話せるようにお手伝いしたいと思っています
そのために、発音、リズム、アクセント、イントネーションを改善するためのコースを作りました
もし、日本人と話すときにもっと自信を持ちたいと感じているなら、ぜひ私のサブスクリプションコースをチェックしてみてください！
リンクは動画の概要欄にあります
最後まで見てくれたり、いいねを押してくれたり、友達とこの動画をシェアしてくれたみなさん、ありがとうございます！
よい１日を！ また次の動画でお会いしましょう
またねー",true,ja,34
28,2,#11 Real Japanese for Barber💈 | Shadowing & Role Play Practice,https://www.youtube.com/watch?v=biD8iKQKOR4,shadowing,2026-07-17T02:59:13.914993+00:00,2026-07-17T02:59:13.914993+00:00,"今日もおつかれさまです！
日本語チューターのかなです。
今回は、床屋（とこや）さんでの 会話を 練習します。
前回は、 美容室（びようしつ） の会話を練習しましたけど、
「美容室 と 床屋さん、なにが ちがいますか？」
っていう人もいるかもしれないです。
床屋（とこや）さんというのは、おもに 男性
男の人が 髪(かみ)を 短(みじか)く 切(き)ったり、
髪(かみ)を 刈(か)ったり するときに 行く お店です。
髭剃（ひげそ）りも できるお店も あります。
私は、床屋（とこや）さんに行ったことがないので、
今回の動画は、床屋さんに よく行っている人に
どんな会話(かいわ)をしているのか を聞（き）いて、
この会話のシーンを 作(つく)りました。
聞（き）きとれましたか？
この動画のさいごには、ぜんぶわかるようになります！
このレッスンは、3つのステップがあります。
この会話（かいわ）、どれくらい わかりますか？
まずは、翻訳（ほんやく）なしで 聞（き）いてみましょう！
お待たせいたしましたー、どうぞー。
はーい。
お荷物と 上着（うわぎ）、こちらのロッカーにどうぞー。
あ、ありがとうございまーす。
まず、 「お荷物(にもつ) と 上着(うわぎ) 」
「こちらのロッカーにどうぞー」 と言っていました。
最初(さいしょ) に、この荷物(にもつ) と カバンとか
上（うえ） に 着(き)ている ジャケット を
鏡(かがみ) の 中(なか) が ロッカーのようになっている
お店が多(おお)いので、この鏡（かがみ）の中に開けて
荷物（にもつ） を 入(い)れることが できます。
お荷物と 上着（うわぎ）、こちらのロッカーにどうぞー。
あ、ありがとうございまーす。
今日はどうなさいますか？
ちょっと、ツーブロック にしたいなーと思ってて...。
こんな 感（かん）じ なんですけど...。
ちょっと、ツーブロック にしたいなーと思ってて...。
「今日（きょう）は どうなさいますか？」
と、 まず お店の人が聞（き）きました。
これは、美容室の会話の動画でも出てきました。
「今日（きょう）は どうなさいますかー？」
「今日（きょう）は どんな髪（かみ）にしたいですか？」
というふうに、聞（き）いていますね。
そのあとに、お客さんが言ったのが、
「ちょっと ツーブロックにしたいなーと 思（おも）っててー」
ツーブロック は、この髪型(かみがた） の 名前ですね。
そのあとに、「〇〇 に したいなー」 と、言っていました。
この 「〇〇 に したい」 は、
[名詞(めいし) + にする + たい] の 形（かたち） ですね。
たとえば、 A / B / C... いくつかのオプションがあって、
その中（なか）から、ひとつを選（えら）んで 決（き）める
というとき、この 「〇〇 に します」 を よく使います。
たとえば、ラーメン屋さんで、友達（ともだち）と
「なに にする？」 「んー、私は味噌(みそ)にしようかなー？」
と、言ったり
「明日（あした）、どこで待（ま）ち合（あ）わせする？」
「あー、じゃあ駅前（えきまえ） にしよう」
って、言ったり
そういうふうに、「〇〇 に する」 を使うことができますね。
「〇〇 に したいなー」
この 「なー」 は、自分の頭（あたま）の中（なか）で
考（かんが）えていることを 言うときに よく使いますね。
ここでは、この髪型の名前 ツーブロックと言っていますが
この髪型（かみがた） の 名前 が分かっていたら、
「 〇〇〇 （この髪型の名前） に したいんですけどー 🙂 」
と、言ったり
この会話（かいわ） と おなじように、
「 〇〇〇 （髪型の名前） にしたいなー と 思っててー」
と、言ったりすることができます。
そのあとに、お客さんが
スマホ の 写真（しゃしん） を 見(み)せながら
「こんな 感（かん）じ なんですけどー」
というふうに、言っていました。
これも、美容室(びようしつ) の 会話のレッスンでも
おなじような フレーズ が出(で)てきましたね。
えーっと、 こんな感(かん)じでお願いしたいんですけど...
「こんな感（かん）じ」 は、
自分 の イメージを 伝（つた） えるときに 使（つか） える
便利(べんり) な 表現（ひょうげん） ですね。
写真（しゃしん）を 見(み)せるときに よく使(つか)います。
ちょっと、ツーブロック にしたいなーと思ってて...。
こんな 感（かん）じ なんですけど...。
あー、はいはい、なるほど。
サイドのブロックは、こんな 感（かん）じ で
耳上（みみうえ）くらいで 大丈夫ですか？
はい、大丈夫です。
「サイドのブロックは こんな感じで」
「耳上（みみうえ） くらいで 大丈夫ですか？」
「サイド」 「ブロック」 ですね。
サイドは、頭（あたま）の 横(よこ) のことですね。
そして、ブロックは、
この 短（みじか）くする 部分（ぶぶん） のことですね。
耳上（みみうえ）は、言葉通（ことばどお）り、
耳（みみ）の 上(うえ） の 部分（ぶぶん） のことですよね。
ここでは、
「刈（か）りあげる 部分（ぶぶん）は、」
「耳上（みみうえ） まで で いいですか？」
確認（かくにん）しています。
じゃあ、つづきも 見(み)てみましょう。
サイドのブロックは、こんな 感（かん）じ で
耳上（みみうえ）くらいで 大丈夫ですか？
はい、大丈夫です。
刈り上げの部分(ぶぶん)は、
何mm (なんミリ) にしますか ？
うーん... これって、 何mm（なんミリ） くらいですかね？
「刈（か）りあげの 部分（ぶぶん）は なんミリ にしますか？」
「刈（か）りあげ」 という 言葉(ことば) が出てきました。
「刈（か）りあげる」 という 動詞(どうし)があるんですが、
この 「刈りあげ」 というのは、名詞（めいし）の形ですね。
「刈（か）りあげる」というのは、
「バリカンで 髪（かみ）を みじかく 刈(か)ること」 ですね。
「刈（か）りあげの 部分（ぶぶん）は なんミリ にしますか？」
「何(なん) ミリ」
この 「ミリ」 は、 「mm（ミリメートル） のことですね。
「この 刃（は） の 長(なが)さは、どうしますか？」
と、聞いています。
そのあとに、お客さんが
「んー、これって 何(なん)ミリ くらいですかねー？」
と、聞いていました。
何(なん)ミリが いいか 分（わ）からないときは、
画像（がぞう） の 髪(かみ) の 短(みじか)さが、
なんミリくらいか、床屋（とこや）さんに聞くことができます。
うーん... これって、 何mm（なんミリ） くらいですかね？
たぶん、6（ろく）、 7（しち） ミリ くらいですね。
あー、そうなんですね。
もうすこし 短(みじか)くって できますか？
床屋さんが「たぶん、6、7（ろく、しち）ミリくらいですねー」
と、言ったあとに、お客さんが
「 もうすこし 短(みじか)くって できますか？ 」
と、聞いていました。
「もう少し みじかく することは できますか？」
これを、カジュアルに言うと、
「 短（みじか）くって できますか？ 」 になりますね。
「短（みじか）くって できますか？」
と、お客さんが 聞（き）いています。
もうすこし 短(みじか)くって できますか？
大丈夫ですよ。
どれくらい ご希望（きぼう） ですか？
じゃあ、3（さん）ミリで お願いします。
「どれくらい ご希望（きぼう） ですか？」
「ご希望（きぼう） ですか？」
これも、床屋（とこや）さんだけじゃなくて、
お店の人がよく言うフレーズです。
たとえば、飲食店で店員さんが
「テーブル席（せき） と カウンター席 ございますが」
「どちら ご希望（きぼう）ですか？」 と、
「どちらがいいですか？」という 意味 で聞いていますね。
ここでは、髪（かみ）の 長(なが)さの 話 をしていますね。
「どれくらい ご希望(きぼう)ですか？」
なので、「どれくらいの 長(なが)さが いいですか？」
というふうに、聞いています。
そのあとに、お客さんが 答(こた)えています。
「 じゃあ、3（さん）ミリで お願（ねが）いします 」
この 「 〇〇 ミリで お願いします」
「 いつもの 〇〇で お願いします 」 ですね。
もし、いつも 同じ長さで 刈りあげをする 人は、
最初から、このフレーズで
注文（ちゅうもん）することができます。
床屋（とこや）さんに 行(い)くまえに、
インターネットで 自分の好きな長さを調べていくと
スムーズかもしれないですね。
じゃあ、3（さん）ミリで お願いします。
はーい。 ちなみに、これ、画像（がぞう）だと
うしろのほうは 見（み）えないんですけど、
サイドから 自然につなげていく 感じでいいですか？
はい、大丈夫です。 おまかせしまーす。
「画像（がぞう）だと、うしろのほうは 見えないんですけど」
この、後（うし）ろのほう ですね。
よく、お客さんが、
正面（しょうめん） の 画像(がぞう) だけ 見せるので、
床屋さんが、この質問（しつもん）をよくするみたいです。
そのあとに、
「自然（しぜん）に つなげていく」
「サイドから 自然につなげていく感じで いいですか？」
と聞いていました。
この 「自然(しぜん) に つなげていく」 っていうのは、
男性（だんせい） の 髪型（かみがた） について、
床屋（とこや）さんで言うときに
よく使（つか）う 表現(ひょうげん) らしいんですけど、
「サイドから 自然につなげていく 」 っていうのは、
どんな感じですか？
&lt;font color=#000000FF&gt;カメラマン が 説明してみます 🙎‍♂️🎥&lt;/font&gt;
逆に、 「サイドから自然につなげない」 場合は
こういう 感（かん）じに なります。
こういう、変（へん） な 感(かん)じ にならないように、
自然（しぜん） な 髪型(かみがた) になるように...👨✂️
っていうので、
床屋さんは、よくこういうふうに
確認(かくにん)してくれます。
ありがとうございます...🙃
サイドから 自然につなげていく 感じでいいですか？
はい、大丈夫です。 おまかせしまーす。
はーい。
トップは、いま けっこう 長(なが)いですけど、
これも、 画像(がぞう) と 同じくらいで いいですか？
そうですね...。
画像より ちょっと長（なが）めに 残（のこ）してもらって、
あとは、すくような感（かん）じで お願いしたいです。
はーい。
「トップは、今(いま) けっこう 長（なが）い ですけど」
「これも 画像(がぞう) と 同じくらいでいいですか？」
「画像(がぞう) と 同（おな）じ くらい」
この 「 〇〇 と 同(おな)じくらい 」
これも、便利（べんり） な 表現(ひょうげん) ですね。
たとえば、
「いまのアパートの部屋は、」
「まえのアパートの広さ と同（おな）じくらいです」
というふうに、言うことができます。
ここでは、「トップの髪（かみ）は、いま 長いけど」
「画像（がぞう）と同じくらい、短く切ってもいいですか？」
という、意味で 聞いていますね。
そして、そのあと、お客さんが 答（こた）えていますね。
「画像（がぞう）より ちょっと長めに 残(のこ)してもらって」
「 画像（がぞう）より ちょっと長(なが)め 」
この、 「長（なが）め 」 というのは
本当（ほんとう）に すこし 長（なが）いこと ですね。
「残（のこ）して もらって」
この 「残（のこ）す」 という 動詞 に、
「〜て もらう」 が 付（つ）いている形です。
「画像（がぞう）の髪より、ほんとうに少し長くしてください」
「みじかく切（き）らないで、残（のこ） してください」
こういう意味（いみ）ですね。
そのあとに、「あとは...」 と言ってました。
「あとは...」 ＝ 「そのほかは...」 と 同じ意味(いみ)ですね。
そして、
「あとは、すくような 感(かん)じで お願いしたいです。」
「鋤（す）く」 っていうのは、
髪(かみ) の 量(りょう) を 減(へ)らすということですね。
「長（なが）さは、あまり短くしないでほしいけど」
「髪（かみ） の 量（りょう） は、減（へ）らしてほしい」
ということです。
そのあとも、じゃあ、見（み）てみましょう。
画像より ちょっと長（なが）めに 残（のこ）してもらって、
あとは、すくような感（かん）じで お願いしたいです。
はーい。
前髪（まえがみ）も、画像と同じ感（かん）じでいいですか？
あ、はい、大丈夫でーす。
ちょっと すいてもらって
眉毛（まゆげ）に 少しかかるくらいで お願いします。
はーい。 じゃあ、やっていきますねー。
はい、お願いしまーす。
お店の人が、
「前髪（まえがみ）も、画像 と 同じ感じで いいですか？」
と、聞いていました。
そのあとに、お客さんが
「大丈夫です。ちょっと すいてもらって...」
また、「鋤（す）く」 と 「〜てもらう」 の形ですね。
「ちょっと 鋤（す)いてもらって、」
「眉毛（まゆげ）に 少しかかるくらいで お願いします」
と、言っていました。
これは、美容室（びようしつ） のレッスンでも
キーフレーズになっていましたね。
じゃあ、 眉毛（まゆげ） に すこし かかる くらいで
眉毛にかかるくらいって言うと
「すこし 重（かさ）なっています」
「少し かかっています」
こういう意味になります。
前髪（まえがみ）も、画像と同じ感（かん）じでいいですか？
あ、はい、大丈夫でーす。
ちょっと すいてもらって
眉毛（まゆげ）に 少しかかるくらいで お願いします。
はーい。 じゃあ、やっていきますねー。
はい、お願いしまーす。
では、全部の会話（かいわ） を 確認(かくにん)しました！
このあと、キーフレーズを復習（ふくしゅう）して、
シャドーイング と ロールプレイで
練習（れんしゅう）しましょう！
ちょっと、ツーブロック にしたいなーと思ってて...。
もうすこし 短(みじか)くって できますか？
じゃあ、3（さん）ミリで お願いします。
字幕を見ながら音声を聞いて、
すぐ後に続けてリピートしてみましょう！
リズムやイントネーションをよく聞いて、
シャドーイングしてみてください
お待たせいたしましたー、どうぞー。
はーい。
お荷物と 上着（うわぎ）、こちらのロッカーにどうぞー。
あ、ありがとうございまーす。
今日はどうなさいますか？
ちょっと、ツーブロック にしたいなーと思ってて...。
こんな 感（かん）じ なんですけど...。
あー、はいはい、なるほど。
サイドのブロックは、こんな 感（かん）じ で
耳上（みみうえ）くらいで 大丈夫ですか？
はい、大丈夫です。
刈り上げの部分(ぶぶん)は、
何mm (なんミリ) にしますか ？
うーん... これって、 何mm（なんミリ） くらいですかね？
たぶん、6（ろく）、 7（しち） ミリ くらいですね。
あー、そうなんですね。
もうすこし 短(みじか)くって できますか？
大丈夫ですよ。
どれくらい ご希望（きぼう） ですか？
じゃあ、3（さん）ミリで お願いします。
はーい。 ちなみに、これ、画像（がぞう）だと
うしろのほうは 見（み）えないんですけど、
サイドから 自然につなげていく 感じでいいですか？
はい、大丈夫です。 おまかせしまーす。
はーい。
トップは、いま けっこう 長(なが)いですけど、
これも、 画像(がぞう) と 同じくらいで いいですか？
そうですね...。
画像より ちょっと長（なが）めに 残（のこ）してもらって、
あとは、すくような感（かん）じで お願いしたいです。
はーい。
前髪（まえがみ）も、画像と同じ感（かん）じでいいですか？
あ、はい、大丈夫でーす。
ちょっと すいてもらって
眉毛（まゆげ）に 少しかかるくらいで お願いします。
はーい。 じゃあ、やっていきますねー。
はい、お願いしまーす。
次は音のリズムやイントネーションを真似しながら、
意味も考えて、シャドーイングしてみましょう
スタッフの方（かた）の言っていることをよく聞いて、
お客さんの役になって話してみましょう！
つぎは日本語の字幕（じまく）がないので、
相手（あいて）の言っていることをよく聞いて
話してみてください。
お待たせいたしましたー、どうぞー。
はーい。
お荷物と 上着（うわぎ）、こちらのロッカーにどうぞー。
あ、ありがとうございまーす。
今日はどうなさいますか？
ちょっと、ツーブロック にしたいなーと思ってて...。
こんな 感（かん）じ なんですけど...。
あー、はいはい、なるほど。
サイドのブロックは、こんな 感（かん）じ で
耳上（みみうえ）くらいで 大丈夫ですか？
はい、大丈夫です。
刈り上げの部分(ぶぶん)は、
何mm (なんミリ) にしますか ？
うーん... これって、 何mm（なんミリ） くらいですかね？
たぶん、6（ろく）、 7（しち） ミリ くらいですね。
あー、そうなんですね。
もうすこし 短(みじか)くって できますか？
大丈夫ですよ。
どれくらい ご希望（きぼう） ですか？
じゃあ、3（さん）ミリで お願いします。
はーい。 ちなみに、これ、画像（がぞう）だと
うしろのほうは 見（み）えないんですけど、
サイドから 自然につなげていく 感じでいいですか？
はい、大丈夫です。 おまかせしまーす。
はーい。
トップは、いま けっこう 長(なが)いですけど、
これも、 画像(がぞう) と 同じくらいで いいですか？
そうですね...。
画像より ちょっと長（なが）めに 残（のこ）してもらって、
あとは、すくような感（かん）じで お願いしたいです。
はーい。
前髪（まえがみ）も、画像と同じ感（かん）じでいいですか？
あ、はい、大丈夫でーす。
ちょっと すいてもらって
眉毛（まゆげ）に 少しかかるくらいで お願いします。
はーい。 じゃあ、やっていきますねー。
はい、お願いしまーす。
最後(さいご)のチャレンジです！
本当にそこにいる想像（そうぞう）をしながら、
自然（しぜん）なスピードで、会話をしてみましょう！
おつかれさまでした！
ぜひ、この動画で何度（なんど）も練習（れんしゅう）して
床屋さんに行ってみてほしいなぁ と思います。
「 床屋さんで、このフレーズ、どう言いますかー？🧐」
という 質問があったら、
ぜひ コメント に書いてください ！
この動画をみて、
床屋さんに実際に行ってみたよー！😃 という報告も
待(ま)ってます ☺️
ほかにも日本の旅行 / 生活で使える
自然な会話を練習できる レッスンがあるので、
ぜひ見てみてください!
それでは、いってらっしゃーい！",true,ja,87
29,2,【20 mins】 💇‍♀️💈Listen to Hair salon & Barber 80+ Phrases for Staff & Customers,https://www.youtube.com/watch?v=ANIoN-kOLiA,listening-practice,2026-07-17T02:59:13.914993+00:00,2026-07-17T02:59:13.914993+00:00,"今日もおつかれさまです。
日本語チューターのかなです。
この動画では
美容室と床屋さんでよく聞く 自然なフレーズを聞くことができます。
この動画に出てくるフレーズは
この2つのレッスンにたくさん出てきています。
どんな時に使うのか知りたい人は
ぜひこの動画を見てみてください。
みなさんが美容室か床屋さんに行った時に 使えるフレーズを見つけて、
ぜひシャドーイングして練習してみてくださいね。
じゃあ、まずは美容室に入るところから。
予約してたキムラなんですけど...
お荷物と上着をお預かりします。
お荷物ロッカーの中にお入れください。
貴重品はこちらにお入れください。
お待たせいたしました。こちらへどうぞ。
担当します、タナカです。よろしくお願いします。
よろしくお願いします。
本日はカットとシャンプーでご予約ですね。
今日はどうなさいますか？
どんな感じがいいとかはありますか。
こんな感じでお願いしたいんですけど。
いつも通りでお願いします。
長さはどうされますか？
これくらいで。
５センチくらい切ってもらえますか？
髪を結べるくらいで。
毛先を整えてほしいんですけど。
長さはそのままでお願いします。
量はどうされますか？
すいてもらっていいですか？
量はそのままでお願いします。
前髪の長さはどうされますか？
眉毛に少しかかるくらいで。
目にかからないくらいで。
後れ毛は耳にかけれるぐらいで。
耳たぶがちょっと見えるかな？ぐらいになると思うんですけど...
首は見えても大丈夫ですか。
カラーは明るめがいいですか？それとも、落ち着いた感じがいいですか？
落ち着いた感じで。
ブリーチされたことありますか？
最後にブリーチしたのはいつ頃ですか？
お写真撮ってもいいですか？
一回先シャンプー台で流してからカットさせていただいて...で終わってから、シャンプーはしますので
お飲み物はいかがですか？
雑誌かタブレットはご覧になりますか？
ちょっと下向いてもらっていいですか？
お薬がしみたりしてませんか？
倒していきますね〜
もう少し上に来てもらえますか？
苦しくないですか？
お顔にフェイスガーゼかけますね〜
お湯加減 大丈夫ですか〜？
はい、ちょうどいいです。
もう少し熱くしてもらってもいいですか？
もう少しぬるくしてもらってもいいですか？
力加減大丈夫ですか？
もう少し強めでお願いします。
もう少し弱めでお願いします。
かゆいところないですかー？
ないでーす。
あ、ここらへんがちょっと...
耳の後ろがちょっと...
頭の上のほうがちょっと。
襟足がちょっと。
流していきまーす。
流し足りないところないですか？
ドライヤー、熱くないですか？
もう少しだけ短くしてもらえますか？
分け目はどうされますか？
いつも通りで大丈夫です。
前髪は横に流す感じでお願いします。
普段、ワックスとかオイルは使われますか？
スタイリングでオイルつけてもいいですか？
コテ（アイロン）で巻いてもいいですか？
後ろはこんな感じでいかがですか？（鏡を見せる）
あ、いいですね！ありがとうございます。
お疲れ様でした。お忘れ物だけないようにお気をつけください。
20分ほどお待ちいただくことになりそうですけど、大丈夫ですか？
そちらの席にかけてお待ちください。
お荷物と上着、こちらのロッカーにどうぞー。
ちょっとツーブロックにしたいなーと思ってて。
サイドのブロックは、こんな感じで耳上くらいで大丈夫ですか？
刈り上げの部分は何ミリにしますか？
これってなんミリくらいですかね？
じゃあ、３ミリでおねがいします。
画像よりちょっと長めに残してもらって、あとは梳くような感じで...
全体的に短くしてもらって、で、トップと前髪はすいて、長めに残してください。
画像だと後ろの方は見えないんですけど、サイドから自然につなげていく感じでいいですか？
うちひげそりもありますけど、どうしますか？
ああ、カットだけで大丈夫です。
じゃあ、ひげそりもお願いしていいですか？
仕上げにワックスつけていきますか？
おつかれさまでした。
また明日。",true,ja,87
30,2,#06 Real Japanese for Clothing Store👚 | Shadowing & Role Play Practice,https://www.youtube.com/watch?v=RpyBMOpQ88E,shadowing,2026-07-17T02:59:13.914993+00:00,2026-07-17T02:59:13.914993+00:00,"みなさん こんにちは！
にほんごチューターのかなです。
今回はたくさんリクエストをもらった
服屋（ふくや）さんで買い物をするときの
店員（てんいん）さんとの会話を
練習（れんしゅう）します。
聞き取れましたか？
この動画の最後には全部言えるようになります！
このレッスンは、3つのステップがあります。
この会話、どれくらいわかりますか？
まずは、字幕なしで、聞いてみましょう！
いらっしゃいませ
よろしければお鏡で合(あ)わせてみてくださいね〜
服屋さんで店員さんがよく言うフレーズです。
「よろしければ」は、
「よかったら」のもっと丁寧な言い方ですね。
お店で店員さんが使（つか）ったり、
仕事(しごと)の formal な場面で使ったりします。
「鏡（かがみ）で」
「合（あ）わせて」
「合（あ）わせる」という動詞ですね。
たとえば、「手を合（あ）わせてください」
これはどういう意味（いみ）ですか？
この動作（どうさ）、「手を合（あ）わせる」といいます。
「このセーターに、このシャツを合（あ）わせて着（き）る」
とも言えます。
ここで「鏡（かがみ）で合（あ）わせる」というのは、
鏡の前で自分と服を合わせて、見る
という意味ですね。
じゃあ、続（つづ）きを見てみましょう。
いらっしゃいませ
よろしければお鏡で合わせてみてくださいね〜
はい、ありがとうございまーす。
すいません、
これ、試着(しちゃく)してもいいですか？
はい、１点(いってん)のご試着(しちゃく)ですね。
すいません、これ、試着(しちゃく)してもいいですか？
試着(しちゃく) は、「一度、着てみる」という意味ですね
シャツ、ズボン、靴など、
なんでも「試着」を使えるのでとても便利な言葉です。
試着する部屋のことを
試着室（しちゃくしつ）と言います。
試着室（しちゃくしつ）の場所がわからないときは、
店員さんに、「あ、すいません、試着室って...」
と聞くことができますね。
ほかに、「試〇〇」という言葉
ありますか？
はい、あります。
「試食（ししょく）」ですね。
たとえば、おみやげやさんで
店員さんが「ご試食いかがですか〜？」と言って、
小さく切ったケーキを配っていますよね？
「試食（ししょく）」ですね。
これもお店で試しに食べることを言っていますね。
「試着してもいいですか？」
この「て形+もいいですか？」は、
自分がすることについて、他の人に
これをします。大丈夫ですか？
と聞きたい時に使いますね。
例えば、お店で
「すいません、お水もらってもいいですか？」とか、
「動画、撮ってもいいですか？」と
言ったりしますね。
『すいません、これ、試着してもいいですか？』
これでこのフレーズは大丈夫ですね！
じゃあその後、店員さんはなんて言ってましたか？
もう一度聞いてみましょう。
これ、試着(しちゃく)してもいいですか？
はい、１点(いってん)のご試着(しちゃく)ですね。
「1点（てん）のご試着（しちゃく）ですね。」
１点（てん）、２点、３点、
これは何を数えていますか？
ここでは服を１点と数えていますよね。
でも、お店で売っているもの、
商品（しょうひん）のことを、
全部（ぜんぶ）、この点で数えることができます。
例えば、コンビニでも
はい、では４点で1350円になります。
はーい、カードでおねがいしまーす。
４点、と言ってましたね。
服屋さんで試着（しちゃく）する時に、
特に、1着以上 試着室に持っていく時
店員さんが、「何点ご試着ですか？」
と時々、聞きます。
そのときは、「２着です。３着です。」
と答えることができます。
お店によって、「２着まで」とか「５着まで」という
ルールが決まっているので、
もし、ルールの数より多かったら
店員さんが、「申し訳ございません。」
「ご試着２点までとなっております。」
と言うこともあります。
ちょっと覚えておいてください。
すいません、
これ、試着(しちゃく)してもいいですか？
はい、１点(いってん)のご試着(しちゃく)ですね。
こちらおあずかりいたしまーす。
こちらへどうぞ〜
こちらお預(あず)かりします。
預(あず)かります
預（あず）かるという動詞ですね。
例えば、友達が、１週間 旅行（りょこう）に行くので、
その間友達の猫を預（あず）かります、とか
ホテルのフロントでスーツケースを
預かってもらいました。
例えば、ペット、子ども、ものなど、
一時的（いちじてき）に、その間だけ
別の人が持っていることを、
「預かる（あずかる）」と言います。
ここでは店員さんが、
お客さんが試着する服を持って、
試着室（しちゃくしつ）に案内（あんない）しますよね。
このスタイルもお店によって全然違（ちが）います。
自分ひとりで自由に試着室に行って、
試着ができるお店もあるし、
店員さんに絶対に「試着してもいいですか？」と
聞いてから、
店員さんが試着室まで
服を持っていってくれるお店もあります。
みなさんが行った服屋さんで、
試着室を見つけたら、
他のお客さんがどうやって試着しているかを見るか、
わからなかったら、店員さんに
「試着してもいいですか？」と聞くのが
いちばんいいと思います。
はい、１点(いってん)のご試着(しちゃく)ですね。
こちらおあずかりいたしまーす。
こちらへどうぞ〜
ご試着(しちゃく)の際(さい)、
フェイスカバーのご使用(しよう)おねがいしまーす。
はーい。
「ご試着の際 フェイスカバーのご使用お願いします。」
「ご使用（しよう）」は、使うことを丁寧に言っていますね。
なので「ご使用お願いします」は「使ってください」という
丁寧な言い方です。
フェイスカバー、これは何かわかりますか？
これは女性用の試着室によくあるんですけど、
このカバーを被ってから、服を着るんですよね。
化粧品（けしょうひん）とか、髪の毛が
服につかないようにするために使います。
これ、フェイスカバーを使ったことがないと、
「何これ...？」ってなるかもしれないんですけど、
もし使い方がわからなかったら、
店員さんに「すいません、これどうやって使いますか？」
と聞くといいと思います。
じゃあ、試着した後の会話を見てみましょう。
お客様、いかがですか？
これのワンサイズ上ってありますか？
ワンサイズ（One Size）
ワンサイズ上（うえ）☝️ / 下（した）👇ですね。
ワンサイズ上の意味は、もう1つサイズが大きいもの
という意味ですね。
服屋さんでは最近よく聞くことばです。
じゃあワンサイズ下（した）はどういう意味ですか？
もうひとつサイズが小さいもの、という意味ですね。
ワンサイズ上・下と同じ意味で
もうひとつ大きいサイズってありますか？
もうひとつ小さいサイズってありますか？
と言っても大丈夫です。
サイズの名前がすぐわかったら、
これのLサイズってありますか？と言うこともできますね。
日本の女性向けの服屋さんで、時々（ときどき）
7号、9号、11号というような
サイズの言い方をするお店もあるんですよね。
そのサイズの数字がわからない時は、
ワンサイズ上・ワンサイズ下とか
もうひとつ大きい/小さいサイズ
というと簡単だと思います。
ちなみに靴のサイズも、いろいろな言い方があるので
靴屋さんでもワンサイズ上・下という言い方が
便利かなと思います。
お客様(きゃくさま)いかがですか？
うーん...これのワンサイズ上(うえ)ってありますか？
はい、こちらL(エル)サイズになります。
あ、ありがとうございまーす。
着心地(きごこち)いかがですか？
あ、ちょうどいいです。
ちょうどいいです。
店員さんが「着心地（きごこち）いかがですか？」
と聞いていました。
着心地（きごこち）、というのは
その服を着た時の感じ方のことですね。
例えば、服が小さすぎてきつい時は、
「着心地（きごこち）がよくない」と言えます。
このお客さんのフレーズ、「ちょうどいい」は
どういう意味ですか？
小さすぎないし、大きすぎない。
ぴったりのサイズだ、ということですね。
「ちょうどいい」は日本語で本当によく使う表現で、
例えば、この料理の量は多すぎないし、少なすぎない。
「ちょうどいい量だね」と言ったり、
部屋について、せますぎないし、広すぎない、
「この部屋は一人暮らしにちょうどいい広さです」
と言ったりします。
服屋さんでサイズが自分にとってかんぺきだという時は
「ちょうどいいです」と言ってみてください。
あ、ちょうどいいです。
じゃあ、これ、おねがいしまーす。
ありがとうございまーす。
じゃあ、これ、おねがいします。
試着した時に「これを買いたい」という時は
とてもシンプルなフレーズですね。
「じゃあこれお願いします」と言うだけで大丈夫です。
例えば、いくつか試着したものの中で、
1つだけ買いたい時、
その時も買いたいものだけを
「これお願いします」と言って、
店員さんに渡すといいと思います。
次はほかの色を試着したい時の場面を見てみましょう。
ほかの色(いろ)を試着(しちゃく)したいとき
すいません、
これのほかの色(いろ)ってありますか？
「これの 〇〇 ってありますか？」は、
これのワンサイズ上ってありますか？
と同じ聞き方ですよね。
ことばだけ変えれば大丈夫です。
ここでは、他の色があるかどうかを聞いていますね。
もし、欲しい色がある時は、
これの黒ってありますか？
これの白ってありますか？と
と、色の名前（なまえ）を言ってもいいです。
すいません、
これのほかの色(いろ)ってありますか？
はい、黒(くろ)がございますがおもちいたしますか？
はい、見（み）てみてもいいですか？
すいません、おねがいしまーす。
見てみてもいいですか？
試着してもいいですか？と同じ、
「〜てもいいですか」をここでも使っています。
他の色を買うかどうか、その色が好きかどうか
まだわからないけど、
「1度見たいです」という気持ちですね。
次は、試着をして買わない時の場面です。
店員さんがいろいろしてくれた後に、
「買わないです」ってちょっと言いづらいですよね。
そんなときに、どんなフレーズを使っているか、
見てみましょう。
試着（しちゃく）をして買わないとき
いかがですか？
ん〜そうですね、
もうすこし見てみます。
すいません。
いえ、こちらおもどしいたしますね。
ごゆっくりごらんくださーい。
もうすこし見（み）てみます。
いろんな言い方がありますけど、
私はいちばんこのフレーズを使っています。
これも、「〜てみます」を使っていますね。
この「もう少し」というのも便利なことばです。
「もう少し考（かんが）えてみます」ということもできるし、
同じ意味で「もう少し検討（けんとう）します」と
言うこともできます。
「検討（けんとう）する」は、
それが本当にいいかどうかを
よく考えるときに使う表現（ひょうげん）です。
みなさんの言語（げんご）では
この場面でなんて言いますか？
似ている言い方をしますか？
じゃあ、会話 全部(ぜんぶ)を確認しました。
出てきたフレーズをもう1度見てみましょう！
すいません
これ試着してもいいですか？
すいません
これ試着してもいいですか？
これのワンサイズ上（うえ）ってありますか？
ちょうどいいです
じゃあ、これ、お願いします
これの他の色ってありますか？
もう少し見てみます
字幕を見ながら音声を聞いて、
すぐ後に続けてリピートしてみましょう！
いらっしゃいませ
よろしければお鏡(かがみ)で合(あ)わせてみてくださいね〜
はい、ありがとうございまーす。
すいません、
これ、試着(しちゃく)してもいいですか？
はい、１点(いってん)のご試着(しちゃく)ですね。
こちらおあずかりいたしまーす。
こちらへどうぞ〜
ご試着(しちゃく)の際(さい)、
フェイスカバーのご使用(しよう)おねがいしまーす。
はーい。
お客様(きゃくさま)いかがですか？
うーん...これのワンサイズ上(うえ)ってありますか？
はい、こちらL(エル)サイズになります。
あ、ありがとうございまーす。
着心地(きごこち)いかがですか？
あ、ちょうどいいです。
じゃあ、これ、おねがいしまーす。
ありがとうございまーす。
ほかの色(いろ)を試着(しちゃく)したいとき
すいません、
これのほかの色(いろ)ってありますか？
はい、黒(くろ)がございますがおもちいたしますか？
はい、見てみてもいいですか？
すいません、おねがいしまーす。
試着（しちゃく）をして買わないとき
いかがですか？
ん〜そうですね、
もうすこし見てみます。
すいません。
いえ、こちらおもどしいたしますね。
ごゆっくりごらんくださーい。
リズムやイントネーションをよく聞いて、
シャドーイングしてみてください
いらっしゃいませ
よろしければお鏡(かがみ)で合(あ)わせてみてくださいね〜
はい、ありがとうございまーす。
すいません、
これ、試着(しちゃく)してもいいですか？
はい、１点(いってん)のご試着(しちゃく)ですね。
こちらおあずかりいたしまーす。
こちらへどうぞ〜
ご試着(しちゃく)の際(さい)、
フェイスカバーのご使用(しよう)おねがいしまーす。
はーい。
お客様(きゃくさま)いかがですか？
うーん...これのワンサイズ上(うえ)ってありますか？
はい、こちらL(エル)サイズになります。
あ、ありがとうございまーす。
着心地(きごこち)いかがですか？
あ、ちょうどいいです。
じゃあ、これ、おねがいしまーす。
ありがとうございまーす。
ほかの色(いろ)を試着(しちゃく)したいとき
すいません、
これのほかの色(いろ)ってありますか？
はい、黒(くろ)がございますがおもちいたしますか？
はい、見てみてもいいですか？
すいません、おねがいしまーす。
試着（しちゃく）をして買わないとき
いかがですか？
ん〜そうですね、
もうすこし見てみます。
すいません。
いえ、こちらおもどしいたしますね。
ごゆっくりごらんくださーい。
ほかの色(いろ)を試着(しちゃく)したいとき
試着（しちゃく）をして買わないとき
店員さんの言っていることをよく聞いて、
お客さんの役になって話してみましょう！
いらっしゃいませ
よろしければお鏡(かがみ)で合(あ)わせてみてくださいね〜
はい、ありがとうございまーす。
すいません、
これ、試着(しちゃく)してもいいですか？
はい、１点(いってん)のご試着(しちゃく)ですね。
こちらおあずかりいたしまーす。
こちらへどうぞ〜
ご試着(しちゃく)の際(さい)、
フェイスカバーのご使用(しよう)おねがいしまーす。
はーい。
お客様(きゃくさま)いかがですか？
うーん...これのワンサイズ上(うえ)ってありますか？
はい、こちらL(エル)サイズになります。
あ、ありがとうございまーす。
着心地(きごこち)いかがですか？
あ、ちょうどいいです。
じゃあ、これ、おねがいしまーす。
ありがとうございまーす。
ほかの色(いろ)を試着(しちゃく)したいとき
すいません、
これのほかの色(いろ)ってありますか？
はい、黒(くろ)がございますがおもちいたしますか？
はい、見てみてもいいですか？
すいません、おねがいしまーす。
試着（しちゃく）をして買わないとき
いかがですか？
ん〜そうですね、
もうすこし見てみます。
すいません。
いえ、こちらおもどしいたしますね。
ごゆっくりごらんくださーい。
リズムやイントネーションをよく聞いて、
シャドーイングしてみてください
いらっしゃいませ
よろしければお鏡(かがみ)で合(あ)わせてみてくださいね〜
はい、ありがとうございまーす。
すいません、
これ、試着(しちゃく)してもいいですか？
はい、１点(いってん)のご試着(しちゃく)ですね。
こちらおあずかりいたしまーす。
こちらへどうぞ〜
ご試着(しちゃく)の際(さい)、
フェイスカバーのご使用(しよう)おねがいしまーす。
はーい。
お客様(きゃくさま)いかがですか？
うーん...これのワンサイズ上(うえ)ってありますか？
はい、こちらL(エル)サイズになります。
あ、ありがとうございまーす。
着心地(きごこち)いかがですか？
あ、ちょうどいいです。
じゃあ、これ、おねがいしまーす。
ありがとうございまーす。
ほかの色(いろ)を試着(しちゃく)したいとき
すいません、
これのほかの色(いろ)ってありますか？
はい、黒(くろ)がございますがおもちいたしますか？
はい、見てみてもいいですか？
すいません、おねがいしまーす。
試着（しちゃく）をして買わないとき
いかがですか？
ん〜そうですね、
もうすこし見てみます。
すいません。
いえ、こちらおもどしいたしますね。
ごゆっくりごらんくださーい。
最後のチャレンジです！
本当にそこにいる想像をしながら、
自然なスピードで、会話をしてみましょう！
ほかの色(いろ)を試着(しちゃく)したいとき
試着（しちゃく）をして買わないとき
おつかれさまでした！
これでもう、服屋（ふくや）さんで、
自信（じしん）を持って買い物ができるかな
と思います。
ぜひ、服屋（ふくや）さん・靴屋（くつや）さんでの
買い物を楽しんでください！
ほかにも日本の生活・旅行で役に立つ
会話のレッスンがあるので、ぜひ見てみてください！
それでは、いってらっしゃーい🖐️",true,ja,74
31,2,#05 Real Japanese for Convenience Store🍙 | Shadowing & Role Play Practice,https://www.youtube.com/watch?v=k6DUWCMq-2Y,shadowing,2026-07-17T02:59:13.914993+00:00,2026-07-17T02:59:13.914993+00:00,"皆さん、こんにちは。日本語チューターのかナです。今回はコンビニでスムーズに買い物ができるように店員さんとの会話を練習します。 [音楽]
[音楽]
レジ袋ご入り用ですか? はい、お願いします。
はい、お願いします。 こちら温めますか?
こちら温めますか? いえ、結構です。
いえ、結構です。 はい。こちらにスプーンはお付けしますか?
はい。こちらにスプーンはお付けしますか? はい、お願いします。店員さんのフレーズ聞き取れましたか?この動画の最後には全部分かるようになります。このレッスンは
3つのステップがあります。 字幕なしで会話を聞く。言葉とフレーズを
字幕なしで会話を聞く。言葉とフレーズを 学ぶ。シャドウイングとロールプレイで
学ぶ。シャドウイングとロールプレイで 会話練習。コンビニでチキン、
会話練習。コンビニでチキン、 おにぎりコーヒー
おにぎりコーヒー などを買っている場面です。この会話どれ
などを買っている場面です。この会話どれ くらいわかりますか?まずは日本語の字幕
くらいわかりますか?まずは日本語の字幕 なしで聞いてみましょう。
大変いたしました。お願いします。はい。 レジ袋ご入り用ですか。はい、お願いし
レジ袋ご入り用ですか。はい、お願いし ます。1枚3円ですがよろしいですか?
ます。1枚3円ですがよろしいですか? はい、大丈夫です。
はい、大丈夫です。 はい、ありがとうございます。
はい、ありがとうございます。 あ、すいません。これ1つと
あ、すいません。これ1つと はい、マ1つですね。
はい、マ1つですね。 はい。あとこれ1つお願いします。
はい。あとこれ1つお願いします。 はい。チキンお1
はい。チキンお1 つですね。以上でよろしいですか?
つですね。以上でよろしいですか? あ、あとホットコーヒーの
あ、あとホットコーヒーの Lサイズ1つお願いします。
Lサイズ1つお願いします。 はい。ホットコーヒーのLサイズが1
はい。ホットコーヒーのLサイズが1 つですね。え、こちら温めますか?
つですね。え、こちら温めますか? いえ、結構です。
いえ、結構です。 よろしいですか?
よろしいですか? はい。
はい。 はい。こちらにスプーンお付けしますか?
はい。こちらにスプーンお付けしますか? はい。お願いします。
はい。お願いします。 はい。では4点で1350円になります。
はい。では4点で1350円になります。 はい。カードでお願いします。
はい。カードでお願いします。 かしこまりました。
かしこまりました。 こちらにタッチか差し込みをお願いします。
こちらにタッチか差し込みをお願いします。 はい、
はい、 お待たせいたしました。
お待たせいたしました。 ありがとうございます。
ありがとうございます。 ありがとうございます。またお待ちしております。どうでしたか?実はお客さんが言ったことはい、お願いします。大丈夫です。これ
つ。え、結構です。カードでお願いしますよね。前のレッスンを見てくれた人たちにとっては全部復讐ですね。
でもコンビニの店員さんが言うことが分からないと、え、スムーズに答えることができないですよね。もっとスムーズに買い物ができるように店員さんがよく言うフレーズを一緒に見ていきましょう。
大変お待たせいたしました。 お願いします。
お願いします。 はい。レジ袋ご入り用ですか?
はい。レジ袋ご入り用ですか? はい。お願いします。まずカウンターに物を置いた時何て言いましたか?お願いします。ですね。
スーパーでもお土産屋さんでも、え、カウンターに物を置く時はいつもお願いしますと言います。え、その後店員さんが何て言ったか聞き取れましたか?
レジ袋ご入り用ですか? はい、お願いします。レジ袋ご入り用ですか?え、レジ袋はこのプラスチックの袋のことですね。レジ袋と言ったり、袋と言ったりします。
ご入り用ですか?必要ですか?使いますかな言い方です。レジ袋お使いですかという時もあります。
レジ袋ご入り用ですか? はい、お願いします。1
はい、お願いします。1 枚3円ですがよろしいですか?
枚3円ですがよろしいですか? はい、大丈夫です。
はい、大丈夫です。 はい、ありがとうございます。
はい、ありがとうございます。 レジ袋が欲しい時はい、お願いしますと言うといいですね。
その後店員さんは何て聞いていましたか? 1枚3円ですがよろしいですか?え、1枚
1枚3円ですがよろしいですか?え、1枚 マは紙のようなこの薄いものを数える時に
マは紙のようなこの薄いものを数える時に 使いますね。え、袋も薄いのでマを使って
使いますね。え、袋も薄いのでマを使って います。え、レジ袋はほとんどのお店で
います。え、レジ袋はほとんどのお店で 有料で大体1枚3円ですね。時々、え、
有料で大体1枚3円ですね。時々、え、 レジ袋お使いですか?はい、お願いします
レジ袋お使いですか?はい、お願いします 。と言ったら、あ、有料ですがよろしい
。と言ったら、あ、有料ですがよろしい ですか?1万3円ですがよろしいですか?
ですか?1万3円ですがよろしいですか? と聞いてくれることもあります[音楽]。
と聞いてくれることもあります[音楽]。 え、その時は大丈夫です。で、いいですね
え、その時は大丈夫です。で、いいですね 。じゃあ、飯袋が必要じゃない時は何て
。じゃあ、飯袋が必要じゃない時は何て 言いますか?いや、大丈夫です。いえ、
言いますか?いや、大丈夫です。いえ、 結構ですい[音楽]ですね。もしレジ袋が
結構ですい[音楽]ですね。もしレジ袋が 欲しいけど店員さんがレジ袋ご利用ですか
欲しいけど店員さんがレジ袋ご利用ですか と聞かなかったらどうやってレジ袋を
と聞かなかったらどうやってレジ袋を もらいますか?あ、すいません。レジ袋1
もらいますか?あ、すいません。レジ袋1 枚お願いしますとか、え、すいません袋1
枚お願いしますとか、え、すいません袋1 枚もらいですかと聞くことができますね。
枚もらいですかと聞くことができますね。 じゃあ最初からもう1度見てみましょう。
じゃあ最初からもう1度見てみましょう。 大変せいしました。お願いします。はい。
大変せいしました。お願いします。はい。 レジ袋ご利用ですか?はい。
レジ袋ご利用ですか?はい。 お願いします。1
お願いします。1 枚3円ですがよろしいですか?
枚3円ですがよろしいですか? はい、大丈夫です。
はい、大丈夫です。 はい、ありがとうございます。
はい、ありがとうございます。 あ、すいません。これ1つと
あ、すいません。これ1つと はい、肉マがお1つですね。
はい、肉マがお1つですね。 はい。あとこれ1つお願いします。
はい。あとこれ1つお願いします。 はい。チキンお1つですね。
はい。チキンお1つですね。 え、コンビニのレジの横に食べ物のケースがありますよね。もし食べ物の名前を言うのが難しかったら指を差してこれ
1つということができます。 もし名前が言えたらチキン
もし名前が言えたらチキン 1つと肉まを1
1つと肉まを1 つお願いしますということもできます。あ、すいません。これ
1つと はい。肉漫画がお1つですね。
はい。肉漫画がお1つですね。 はい。あとこれ1つお願いします。
はい。あとこれ1つお願いします。 はい。チキお1
はい。チキお1 つですね。以上でよろしいですか?
つですね。以上でよろしいですか? 飲食店でよく聞くですね。以上でよろしいですか?今言ったもので全部でいいですか?という意味ですね。
もし他に買いたいものがない時はいとかはい以上でということができます。もしま他に買いたいものがある時はこういう風に言うことができます。見てみましょう。あ、あとホットコーヒーの
Lサイズ1つお願いします。 はい。ホットコーヒーのLサイズが1
はい。ホットコーヒーのLサイズが1 つですね。
つですね。 あとホットコーヒーの
あとホットコーヒーの Lサイズ1
Lサイズ1 つお願いします。え、カフェでの注文と同じですね。
コンビニによってこのサイズの名前は結構 違う[音楽]んですけど、え、大体S
違う[音楽]んですけど、え、大体S サイズ、Mサイズ、Lサイズ、メガサイズ
サイズ、Mサイズ、Lサイズ、メガサイズ がある[音楽]ところもありますね。え、
がある[音楽]ところもありますね。え、 あとはレギュラーサイズ、Lサイズという
あとはレギュラーサイズ、Lサイズという お店もあります。アイスコーヒーを買う時
お店もあります。アイスコーヒーを買う時 はいくつかのコンビニでは自分で、え、
はいくつかのコンビニでは自分で、え、 冷凍庫からアイスコーヒーの氷が入った
冷凍庫からアイスコーヒーの氷が入った カップを取ってレジ[音楽]のカウンター
カップを取ってレジ[音楽]のカウンター まで持っていきます。この時はね、店員
まで持っていきます。この時はね、店員 さんに、え、アイスコーヒー1つと言わ
さんに、え、アイスコーヒー1つと言わ なくてもいいですね。そのままそのカップ
なくてもいいですね。そのままそのカップ をカウンターに置けば大丈夫です。じゃあ
をカウンターに置けば大丈夫です。じゃあ 次は店員さんが質問します。なんて聞いて
次は店員さんが質問します。なんて聞いて いますか?
いますか? はい、チキお1つですね。
はい、チキお1つですね。 以上でよろしいですか?
以上でよろしいですか? あ、あとホットコーヒーの
あ、あとホットコーヒーの Lサイズ1つお願いします。
Lサイズ1つお願いします。 はい。ホットコーヒーのLサイズが1
はい。ホットコーヒーのLサイズが1 つですね。え、こちら温めますか?
つですね。え、こちら温めますか? いえ、結構です。こちら温めますか?え、こちらはこれの丁寧な言い方ですね。温めますか?温めるという同詞です。おにぎりやお弁当を買う時、コンビニの店員さんがよく聞きます。え、冷たいおにぎりが好きなんですとか時間がないんです。
[音楽] えっと、うちで温めますという時は、あ、いえ、結構ですと答えることができます。もし温めて欲しかったらなんて答えますか?はい、お願いします。で、いいですね。
で、こちら温めますか? いえ、結構です。
いえ、結構です。 よろしいですか?
よろしいですか? はい。
はい。 はい。こちらにスプーンはお付けしますか?
はい。こちらにスプーンはお付けしますか? はい。お願いします。え、これはプリン、
はい。お願いします。え、これはプリン、 ゼリー、アイスとかデザートを買う時に
ゼリー、アイスとかデザートを買う時に よく店員さんが聞いてくれます。え、
よく店員さんが聞いてくれます。え、 こちら[音楽]にスプーンはお付けします
こちら[音楽]にスプーンはお付けします か?え、お付けしますか?けるという同詞
か?え、お付けしますか?けるという同詞 です[音楽]ね。けるという同詞は
です[音楽]ね。けるという同詞は いろんな使い方がありますが、ここでは
いろんな使い方がありますが、ここでは こういう意味で使っています。[音楽]
こういう意味で使っています。[音楽] 例えばカフェでコーヒーにミルクと砂糖をお付けしますかと店員さんが言ったり何頼んだんですか?あ、牛丼です。味噌汁とサラダもつけました。
[音楽]
はい、こちらにスプーンをお付けしますか? はい、お願いします。ここでミニ文スン。今までのレッスンでもこのしますという店員さんのフレーズ何回か出てきましたよね。
丁寧な言い方だというのはもう分かると思います。じゃあ、もう少し詳しく見てみましょう。番号札
番でお呼びしますのでお席でお待ちください。 ありがとうございます。
ありがとうございます。 ありがとうございます。
ありがとうございます。 番号札42
番号札42 番でお呼びしますので誰が呼びますか?店員さんですか?お客さんですか?店員さんですね。
あ、メニューお下げしてもよろしいですか? あ、はい。メニューお下げしてもよろしい
あ、はい。メニューお下げしてもよろしい ですか?誰が下げますか?店員さんですか
ですか?誰が下げますか?店員さんですか ?お客さんですか?店員さんですね。店員
?お客さんですか?店員さんですね。店員 さんが自分がすることを言う時をしますを
さんが自分がすることを言う時をしますを 使います。じゃあ[音楽]お客さんがする
使います。じゃあ[音楽]お客さんがする ことを時は42番でお呼びします。お席で
ことを時は42番でお呼びします。お席で お待ちください。ありがとうございお席で
お待ちください。ありがとうございお席で お待ちください。お帰りの際にカウンター
お待ちください。お帰りの際にカウンター までお持ちください。はい。お帰りの際に
までお持ちください。はい。お帰りの際に カウンターまでお持ちください。お客さん
カウンターまでお持ちください。お客さん がすることを丁寧にお願い[音楽]する時
がすることを丁寧にお願い[音楽]する時 はおくださいと言います。例えば使って
はおくださいと言います。例えば使って ください。これを店員さんがお客さんに
ください。これを店員さんがお客さんに 丁寧に言う時はどうやって言いますか?
丁寧に言う時はどうやって言いますか?
お使いくださいね。今回のミニ文法 レッスンはここまで。
レッスンはここまで。 もっと詳しく教えて欲しいという人はコメントで教えてね。
はい。こちらにスプーンはお付けしますか? はい。お願いします。レジ袋の時と同じで、え、お箸ご入り用ですか?お使いですか?と店員さんが言うことも多いです。必要な時はい、お願いします。必要なかったらや大丈夫です。いえ、結構ですということができますね。
もしフォークが欲しいけど、え、店員さん が、あ、フォークお使いですかと聞か
が、あ、フォークお使いですかと聞か なかったらどうやってフォークをもらい
なかったらどうやってフォークをもらい ますか?え、すいません、フォーク1つお
ますか?え、すいません、フォーク1つお 願いしますとか、え、すいません、
願いしますとか、え、すいません、 フォーク1つもらいですかと[音楽]いう
フォーク1つもらいですかと[音楽]いう ことができます。じゃあ、いよいよお会計
ことができます。じゃあ、いよいよお会計 です。はい、では4点で1350円になり
です。はい、では4点で1350円になり ます。はい、カードでお願いします。最近
ます。はい、カードでお願いします。最近 はスクリーンをタッチして自分で支払い
はスクリーンをタッチして自分で支払い 方法を選ぶことも多いですが、え、店員
方法を選ぶことも多いですが、え、店員 さんが支払い方法を聞くお店もあり
さんが支払い方法を聞くお店もあり [音楽]ます。え、その時はいつも通り、
[音楽]ます。え、その時はいつも通り、 え、カードでとかカードでお願いしますと
え、カードでとかカードでお願いしますと 言うといいですね。こちらにタッチか
言うといいですね。こちらにタッチか 差し込みをお願いします。え、タッチは
差し込みをお願いします。え、タッチは 英語のタッチですが、え、カードをタップ
英語のタッチですが、え、カードをタップ する動作のことを日本語ではタッチと言い
する動作のことを日本語ではタッチと言い ます。バスとか電車でも、え、カード
ます。バスとか電車でも、え、カード リーダーにタッチしてくださいと言います
リーダーにタッチしてくださいと言います ね。え、差し込みをお願いします。え、
ね。え、差し込みをお願いします。え、 差し込みは差し込むという同詞の名刺の形
差し込みは差し込むという同詞の名刺の形 です。え、カードをカードリーダーに
です。え、カードをカードリーダーに 入れるこの動作のことですね。時々タッチ
入れるこの動作のことですね。時々タッチ ができないカードリーダーがあるので、え
ができないカードリーダーがあるので、え 、差し込みお願いしますと店員さんが言い
、差し込みお願いしますと店員さんが言い ます。え、差し込み。この言葉覚えておく
ます。え、差し込み。この言葉覚えておく と便利です[音楽]。じゃあ、全部の会話
と便利です[音楽]。じゃあ、全部の会話 を確認しました。次はシャドーイングと
を確認しました。次はシャドーイングと ロールプレイで店員さんと自然に会話が
ロールプレイで店員さんと自然に会話が できるように練習しましょう。
を見ながら音声を聞いてすぐ後に続けてリピートしてみましょう。 [音楽]
大変お待たせいたしました。 お願いします。
お願いします。 はい。レジ袋ご入り用ですか?
はい。レジ袋ご入り用ですか? はい、お願いします。1
はい、お願いします。1 枚3円ですがよろしいですか?
枚3円ですがよろしいですか? はい、大丈夫です。
はい、大丈夫です。 はい、ありがとうございます。
はい、ありがとうございます。 あ、すいません。これ1つと
あ、すいません。これ1つと はい。マが1つですね。
はい。マが1つですね。 はい。あとこれ1つお願いします。
はい。あとこれ1つお願いします。 はい。チキンお1
はい。チキンお1 つですね。以上でよろしいですか?
つですね。以上でよろしいですか? あ、あとホットコーヒーの
あ、あとホットコーヒーの Lサイズ1つお願いします。
Lサイズ1つお願いします。 はい。とコーヒーのLサイズが1
はい。とコーヒーのLサイズが1 つですね。え、こちら温めますか?
つですね。え、こちら温めますか? いえ、結構です。
いえ、結構です。 よろしいですか?
よろしいですか? はい。
はい。 はい。こちらにスプーンお付けしますか?
はい。こちらにスプーンお付けしますか? はい、お願いします。
はい、お願いします。 はい、では4点で1350円になります。
はい、では4点で1350円になります。 はい、カードでお願いします。
はい、カードでお願いします。 かしこまりました。こちらにタッチか差し込みをお願いします。
かしこまりました。こちらにタッチか差し込みをお願いします。 はい、
はい、 お待たせいたしました。
お待たせいたしました。 ありがとうございます。
ありがとうございます。 ありがとうございます。またお待ちしております。リズムやイントネーションをよく聞いてシャドイングしてみてください。
大変お待たせいたしました。 お願いします。
お願いします。 レジ袋ご入り用ですか?
レジ袋ご入り用ですか? はい、お願いします。1
はい、お願いします。1 枚サですがよろしいですか?
枚サですがよろしいですか? はい、大丈夫です。
はい、大丈夫です。 ありがとうございます。
ありがとうございます。 あ、すいません。これ1つと
あ、すいません。これ1つと はい。肉まがお1つですね。
はい。肉まがお1つですね。 あとこれ1つお願いします。
あとこれ1つお願いします。 はい。チキンお1
はい。チキンお1 つですね。以上でよろしいですか?
つですね。以上でよろしいですか? あ、あとホットコーヒーの
あ、あとホットコーヒーの Lサイズ1つお願いします。
Lサイズ1つお願いします。 はい。ホットコーヒーのLサイズがお1
はい。ホットコーヒーのLサイズがお1 つですね。こちら温めますか?
つですね。こちら温めますか? あ、いえ、結構です。
あ、いえ、結構です。 よろしいですか?
よろしいですか? はい。
はい。 はい。こちらにスプーンはお付けしますか?
はい。こちらにスプーンはお付けしますか? はい。お願いします。
はい。お願いします。 はい。では4点で1350円になります。
はい。では4点で1350円になります。 はい。カードでお願いします。
はい。カードでお願いします。 かしこまりました。こちらにタッチか差し込みをお願いします。
はい。 お待たせいたしました。
お待たせいたしました。 ありがとうございます。
ありがとうございます。 ありがとうございます。またお持ちしております。
次は音のリズムやイントネーションを真似しながら意味も考えてシャドウイングしてみましょう。
大変お待たせいたしました。 お願いします。
お願いします。 はい。レジ袋ご入り用ですか?
はい。レジ袋ご入り用ですか? はい。お願いします。1
はい。お願いします。1 枚3円ですがよろしいですか?
枚3円ですがよろしいですか? はい。大丈夫です。
はい。大丈夫です。 はい。ありがとうございます。
はい。ありがとうございます。 あ、すいません。これ1つと
あ、すいません。これ1つと はい。肉漫画1つですね。
はい。肉漫画1つですね。 はい。あとこれ1つお願いします。
はい。あとこれ1つお願いします。 はい。チキンお1つですね。
はい。チキンお1つですね。 以上でよろしいですか?
以上でよろしいですか? あ、あとホットコーヒーの
あ、あとホットコーヒーの Lサイズ1つお願いします。
Lサイズ1つお願いします。 はい。ホットコーヒーのLサイズが1
はい。ホットコーヒーのLサイズが1 つですね。で、こちら温めますか?
つですね。で、こちら温めますか? いえ、結構です。
いえ、結構です。 よろしいですか?
よろしいですか? はい。
はい。 はい。こちらにスプーンはお付けしますか?
はい。こちらにスプーンはお付けしますか? はい。お願いします。
はい。お願いします。 はい。では4点で1350円になります。
はい。では4点で1350円になります。 はい。カードでお願いします。
はい。カードでお願いします。 かしこまりました。こちらにタッチか差し込みをお願いします。
かしこまりました。こちらにタッチか差し込みをお願いします。 はい。
はい。 お待たせいたしました。
お待たせいたしました。 ありがとうございます。
ありがとうございます。 ありがとうございます。またお待ちしております。
[音楽] 店員さんの言っていることをよく聞いてお客さんの役になって話してみましょう。
大変お待たせいたしました。レジ袋ご入り用ですか?
1枚3 円ですがよろしいですか?はい、ありがとうございます。
はい、肉ま1つですね。はい、チキンお
1つですね。以上でよろしいですか?
はい。ホットコーヒーのLサイズがお1 つですね。え、こちら温めますか?よろしいですか?はい、こちらにスプーンはお付けしますか?はい、では
4点で1350 円になります。かしこまりました。こちらにタッチか差し込みをお願いします。お待たせいたしました。
ありがとうございます。またお待ちしております。
次はゆっくりなスピードですが、日本語の字幕がないので相手の言っていることをよく聞いて話してみてください。
大変お待たせいたしました。レジ袋ご入り用ですか?
1枚3 円ですがよろしいですか?ありがとうございます。肉まがお
1つですね。はい。チキンお
1つですね。以上でよろしいですか?
はい、ホットコーヒーのLサイズがお1つ ですね。こちら温めますか?
ですね。こちら温めますか? よろしいですか?はい、こちらにスプーン
よろしいですか?はい、こちらにスプーン はおつけしますか?
はおつけしますか? はい、では4点で1350円になります。
はい、では4点で1350円になります。 かしこまりました。こちらにタッチか
かしこまりました。こちらにタッチか 差し込みをお願いします。
差し込みをお願いします。 お待たせいたしました。ありがとうござい
お待たせいたしました。ありがとうござい ます。を持ちしております。
最後のチャレンジです。本当にそこにいる想像をしながら自然なスピードで会話をしてみましょう。 [音楽]
大変お待たせいたしました。 焼き鳥の
焼き鳥の フレジ袋ご入り用ですか?
フレジ袋ご入り用ですか?
枚3円ですがよろしいですか? はい、ありがとうございます。の方はごく
はい、肉マがお1 つですね。はい、チキンお
1つですね。以上でよろしいですか?
はい。ホットコーヒーのLサイズが1 つですね。え、こちら温めますか?よろしいですか?はい。こちらにスプーンをお付けしますか?だったんですけど。
はい。手では4点で1350 円になります。かちこまりました。こちらにタッチか差し込みをお願いします。お待たせいたしました。は、
ありがとうございます。またお待ちしております。
お疲れ様でした。え、これでもコンビニで スムーズに買い物ができると思います。え
スムーズに買い物ができると思います。え 、日本で生活している人は、え、コンビニ
、日本で生活している人は、え、コンビニ で電気代、ガス台の支払いをしたり、荷物
で電気代、ガス台の支払いをしたり、荷物 を送ったり、他にもいろんなことをします
を送ったり、他にもいろんなことをします よね。今度そういう会話を[音楽]練習
よね。今度そういう会話を[音楽]練習 するレッスンを作れたらいいなと思って
するレッスンを作れたらいいなと思って いるので、もしリクエストがあったら
いるので、もしリクエストがあったら コメントに是非書いてください。他
コメントに是非書いてください。他 [音楽]にも自然な日本語の会話を練習
[音楽]にも自然な日本語の会話を練習 できるレッスンがあるので、是非見てみて
できるレッスンがあるので、是非見てみて ください。それで[音楽]はいっ
ください。それで[音楽]はいっ てらっしゃい。",true,ja,73
32,3,Japanese Listening Practice | Neighborhood Mountain Hike,https://www.youtube.com/watch?v=2iVWuHr0Q-w,listening-practice,2026-07-17T02:59:13.914993+00:00,2026-07-17T02:59:13.914993+00:00,"みなさん、こんにちは
ここはうちの近所の山です
このへんに住んでいる人の散歩コースになっています
この山、400メートルちょっとしかないんです
なので、行って帰って40分くらい。簡単に登れる山です
気持ちのいい山なので、今日はこの山を登りながら日本語の勉強をしましょう
これ、なんて書いてありますか?
禁煙です。禁煙、タバコを吸ってはいけませんという意味です
もうすぐ、見せたいものがあります
これです。古墳です
古墳というのは昔の人のお墓です
ここは1300年前のお墓です
日本の古墳といえば、だいたいこういうイメージです
なので、これは古墳っぽくないですが、古墳です
山で人とすれ違う時には、あいさつをします
おはようございます
今歩いてきたのは舗装された道路ですが、ここからは舗装されていない山道を行きましょう
ちょっと急な坂になっています
山道を歩くといつも思い出す小説があります
夏目漱石の『草枕』です
『草枕』は「山路を登りながらこう考えた」で始まるので
山を登るといつもこの最初の部分だけ思い出します
かっこいいので、ちょっと読みますね
「山路を登りながらこう考えた。智に働けば角が立つ。情に竿させば流される。意地を通せば窮屈だ。とかくに人の世は住みにくい」
これは人間関係について語っています
文体が古くて読みにくい小説なんですが、この最初の部分だけはよく覚えています
これは鉄塔ですね
なんて書いてありますか？
「あぶない のぼるのはやめましょう」って書いてありますね
言われなくても私は登りたくないですが、みなさんはどうでしょうか
登りたいですか？
白い矢印があります
新しく描いた感じですね。
ここにも矢印があります
親切ですね
矢印をたどっていきましょう
この矢印の上は、さっきの舗装された道路です
矢印は道路に戻れと言っていますが、道路に戻らなくても頂上に行けるので、この矢印は無視します
こちらの岩の方を登ります
ところでさっきから鈴の音が聞こえていますか？
私の熊鈴の音です
熊鈴は、熊に「ここに人間がいるよ」と音で伝えています
熊は、ふつうは人間の近くに寄ってきません
でも、たまたま出会ってしまうと襲われる可能性があります
なのでこういう鈴で音を出して、熊に出会わないようにしています
日本の山には熊がいるので、山に行くときに熊鈴を持って行く人も多いです
もうすぐ頂上です
頂上に着きました
ここから富士山が見えますよ
ガスで曇っていることが多くて富士山が見えないことも多いです
今日は富士山が見えてラッキーでした
この動画を撮ったのは8時前です
早めに来たのでよかったのかもしれません
小屋に行ってみましょう
こういうところには、よくノートが置いてあります
そのノートにはメッセージを書けます
日付と名前と感想を書く人が多いです
でも今日はノートがないですね
みなさんにお見せしたかったのに残念です
では帰りましょう
さっきの小屋はこんな感じでした
ここがさっき登ってきた道です
下るには急なので、帰りは道路から行きます
こちらが道路に通じる道です
音が聞こえますか？ あの下にいる人の熊鈴みたいです
これは、のろし台です。のろしというのは合図のことです
昔は電話などがなかったので敵が攻めてきたなどの情報を、煙を使って遠くから合図しました
その合図のことをのろしと言います
ここが今いる山で、こちらがそののろしを使っていた武将、武田信玄が住んでいた場所ですね
今は武田神社になっています
これ、寄付者様御芳名と書いてあります
これを立てるのにお金を出した人の名前と金額が書いてあります
では道路を下りましょう
あそこにいる人が写真を撮っているように見えます
こんにちは。何かいるんですか？ 葉っぱですか、すみません、ありがとうございます
鳥がいるのかと思ったら葉っぱを見ていたそうです
「木漏れ日」という言葉、知っていますか？
「木（き）」という漢字はこの場合、「こ」と読みます
「もれ」は「漏れる」で隙間などからこぼれ出てくることです
「日（び）」「日（ひ）」は太陽の光のこと
つまり木漏れ日というのは、木の葉っぱの隙間からこぼれてくる太陽の光のことです
とってもきれいな言葉ですよね
木漏れ日ってきれいな言葉だなと思った人は、ぜひ動画のいいねボタンを押してください
これからも素敵な言葉を紹介しますね
あれはトイレです
外のトイレは汚いことが多いので、私はできるだけ行かないようにしています
ここがどんな感じかちょっと見てみましょうか
思ったよりきれいです。ちゃんと管理されています
はい、ではさらに下っていきましょう
あそこに人が見えますか？ あそこはさっき私が登っていった道です
その反対側に下る道があります
ここですね
さっきは道路から登ってきましたが、今度は山道を下りましょう
ここはそんなに急ではないので歩きやすいです
アナウンスが聞こえますか？
この山は公園のすぐ後ろにあります
その公園には野球場があって、野球の試合のアナウンスがここまで聞こえるんですね
私がこの山が好きな理由は、家のすぐそばにあるからです
山道を歩いていれば、すごい山にいるみたいなのに実は街がすごく近いので手軽に山を楽しめます
私はつらい山登りはあまりしたくありません
これぐらいの、ちょっと行ってすぐ帰ってこれる山が最高だと思います
みなさんはどうですか？
みなさんは、山登りが好きですか？
みなさんの家の近くに登りやすい山はありますか？
ぜひコメントで教えてください
では、今日の動画はここまでです
いつもみなさんのコメントに励まされています
今回のコメントはこちら
Shizuoka BLUES さん、ありがとうございます
実はこの前、私のニュースレターで、やる気、モチベーションについて書きました
ちょっと、すごく疲れてました
でもYouTubeの更新頻度を下げて、今後のことをいろいろ考えていたら、また元気が出て、やる気が湧いてきました
今後もこういうWalk and Talk系の動画は出していきますので、楽しみにしていてください
あと、もしよかったら友達にも 私の動画を勧めてもらえるとうれしいです
それから、最後にもう１つ
私は動画で日本語の音声について学べるサブスクコースを持っています
自然な発音で日本語を話したいとか、日本語のアクセントってどうなってるんだろうって思う人は、ぜひ入ってみてください
概要欄にリンクを貼っておきます
じゃあみなさん、今日もよい一日をお過ごしください
またね",true,ja,39
33,2,#07 Real Japanese for Hotel Check-In🏨 | Shadowing & Role Play Practice,https://www.youtube.com/watch?v=tyFA1ptMr8c,shadowing,2026-07-17T02:59:13.914993+00:00,2026-07-17T02:59:13.914993+00:00,"今日(きょう)もおつかれさまです!
日本語（にほんご）チューターのカナです。
今回はたくさんの方からリクエストをもらっていた
ホテルでのチェックインの会話のレッスンです。
ホテルでスムーズにチェックインができるように、
スタッフさんとの会話（かいわ）を練習(れんしゅう)します
これは、実際（じっさい）に、わたしがホテルで
チェックインしたときの会話（かいわ）をもとにつくった
会話（かいわ）のシーンです。
店員（てんいん）さんのフレーズ、
聞（き）き取（と）れましたか？
この動画（どうが）の最後（さいご）には
全部（ぜんぶ）わかるようになります！
このレッスンは3つのステップがあります。
この会話(かいわ)、どれくらい分(わ)かりますか？
まずは翻訳(ほんやく)なしで聞（き）いてみましょう！
どうでしたか？
実（じつ）は、お客（きゃく）さんが言(い)ったことは
① 予約（よやく）してた キムラ なんですけど...
② はい。
③ 大丈夫（だいじょうぶ）です。
④ ありがとうございます。
だけ、なんですよね。
少（すく）ないですよね。
なので、ホテルのスタッフさんが言(い)っていることを
質問（しつもん）を理解（りかい）できたら、
ホテルのチェックインは、パニックにならなくても
だいじょうぶです。
ホテルのスタッフさんが、だいたいいつも
どんなことばを使（つか）って、
なにを説明（せつめい）しているかを
このレッスンでは詳（くわ）しく見（み）ていきましょう。
まず最初（さいしょ）に、
お客（きゃく）さんは、なんて言(い)いましたか？
聞(き)いてみましょう。
こんにちは。
予約（よやく）してた キムラ なんですけど ...。
キムラ様（さま）...。
はい。
予約(よやく)してたキムラなんですけど...。
『予約（よやく）してた キムラ なんですけど...』
これは予約しているお店でもよく言うフレーズですね。
「予約してたキムラです」と言ってもいいです。
最初(さいしょ)に、「チェックインお願（ねが）いします。」
と、言うこともできます。
その時（とき）は、スタッフさんが
ご予約のお名前をおうかがいしてもよろしいでしょうか？
と聞（き）くので、そのときに
「キムラです。」と、答（こた）えるといいです。
こんにちは。
予約（よやく）してた キムラ なんですけど ...。
キムラ様（さま）...。
はい。 本日（ほんじつ）から、ご1泊（いっぱく）で
2名様（めいさま）ですね。
はい。
「本日（ほんじつ）」は、今日（きょう）のフォーマルな言い方
「ご1泊（いっぱく）」は、
「1泊（いっぱく）」の丁寧（ていねい）な言い方ですが、
この「泊（はく）」は、「泊(と)まる」とおなじ漢字ですね。
何日（なんにち）そこで寝(ね)ますか？
という意味（いみ）です。
たとえば、月曜日（げつようび）にホテルに
チェックインをして、
水曜日（すいようび）にチェックアウトをします。
これは、ホテルに1泊(いっぱく)、
2泊(にはく)する ということです。
１泊、２泊、３泊、４泊というふうに使（つか）えます。
じゃあ、続（つづ）きを見（み）てみましょう。
こんにちは。
予約（よやく）してた キムラ なんですけど ...。
キムラ様（さま）...。
はい。 本日（ほんじつ）から、ご1泊（いっぱく）で
2名様（めいさま）ですね。
はい。
スタンダードダブルルーム、
禁煙(きんえん)のお部屋（へや）、
朝食(ちょうしょく)なしのプランで、
お間違(まちが)いないでしょうか？
はい。
スタンダードダブルルームは、
部屋(へや)の種類(しゅるい)ですね。
ホテルは、だいたいカタカナで、
シングルルーム、
ツインルーム、
ダブルルーム、トリプルルームと言（い）います。
つぎに、「禁煙（きんえん）のお部屋（へや）」と
言（い）っていました。
禁煙（きんえん）は、タバコを吸（す）うことが禁止（きんし）
という意味（いみ）ですね。
たばこを吸（す）うことを、喫煙（きつえん）といいます。
禁煙（きんえん） / 喫煙（きつえん）
音（おと）が少し似（に）ているので気をつけてください。
タバコを吸（す）うことができる部屋（へや）のことを、
「喫煙（きつえん）のお部屋（へや）」と言います。
つぎに、朝食（ちょうしょく）なしのプランと言っていました。
朝食（ちょうしょく）、 朝（あさ）ごはんですね。
朝食（ちょうしょく）のサービスがあるホテルでは、
朝食（ちょうしょく）をつけるか、つけないか
選（えら）ぶことができますね。
もし予約（よやく）したときに、
朝食（ちょうしょく）なしを選（えら）んでいても、
チェックインのときに、朝食をつけられるかどうか
聞（き）くこともできます。
そのときはどうやって聞（き）ますか？
「あ、すいません。」
「朝食付（ちょうしょくつ）きに変（か）えられますか？」
こういうふうに聞（き）くことができます。
最後(さいご)に、「〜でおまちがいないでしょうか？」
と言っていました。
これはお店の店員（てんいん）さんも
確認（かくにん）をするときによく使（つか）う
フレーズですね。
「以上（いじょう）でお間違（まちが）いないでしょうか？」
いま言ったことで間違いはないかどうか聞いています。
なにも問題（もんだい）がなかったら、
「はい」「だいじょうぶです」
と言えば、OKです。
もし、なにか間違（まちが）いがあったら、
「すいません」
「ツインルームで予約（よやく）したと思うんですけど...」
というふうに言うことができます。
「すいません、〜で予約したと思うんですけど...」ですね。
じゃあ、続（つづ）きを見てみましょう。
スタンダードダブルルーム、
禁煙(きんえん)のお部屋（へや）、
朝食(ちょうしょく)なしのプランで、
お間違(まちが)いないでしょうか？
はい。
恐（おそ）れ入（い）りますが、
パスポートのご提示（ていじ）をお願（ねが）いいたします。
はい。
ありがとうございます。
「恐(おそ)れ入（い）りますが、」
「パスポートのご提示（ていじ）をお願（ねが）いします。」
「恐（おそ）れ入（い）りますが」は、
相手（あいて）になにかしてもらうとき、
丁寧（ていねい）にお願（ねが）いするときに、
「申（もう）し訳（わけ）ないです、ごめんなさい...。」
という気持（きも）ちで言っています。
お客（きゃく）さんに対（たい）して使（つか）ったり、
会社（かいしゃ）で、ビジネスの場面（ばめん）で、
よく使（つか）います。
「パスポートのご提示（ていじ）」
提示（ていじ）は、
「見（み）せる」という意味（いみ）のフォーマルなことばで、
ここでは名詞(めいし)として使（つか）っています。
「する」をつけると、「提示（ていじ）する」
動詞（どうし）になりますね。
簡単(かんたん)に言（い）うと、
「パスポートを見（み）せてください。」
という意味（いみ）ですね。
ほかには、
「パスポートのコピーをとらせていただいても」
「よろしいでしょうか？」
と聞（き）くかもしれません。
「パスポートのコピーをとってもいいですか？」
という意味（いみ）ですね。
ホテルで、
日本に住（す）んでいない外国籍（がいこくせき）の
お客（きゃく）さんのパスポートのコピーは
とらなければいけないというルールがあります。
日本に旅行（りょこう）で来（き）ている人（ひと）は
「はい、大丈夫（だいじょうぶ）です。」
と、言うといいと思（おも）います。
恐（おそ）れ入（い）りますが、
パスポートのご提示（ていじ）をお願（ねが）いいたします。
はい。
ありがとうございます。
こちらにお名前(なまえ)、
国籍(こくせき)、パスポート番号(ばんごう)を
お願(ねが)いいたします。
ペンで紙（かみ）に記入（きにゅう）する音（おと）✏️
ホテルでよくこういうカードに
自分（じぶん）の情報（じょうほう）を書（か）きますよね。
駐車場（ちゅうしゃじょう）を使（つか）っているときは、
車（くるま）のナンバーを書（か）くこともあります。
2人以上（ふたりいじょう）の場合（ばあい）は、
「お連（つ）れ様（さま）のお名前（なまえ）も」
「お願（ねが）いします。」ということがあります。
「お連（つ）れ様（さま）」というのは、
一緒（いっしょ）に来（き）ているひとのことをいいます。
ホテルやお店（みせ）などで、
スタッフさんがよく使（つか）うことばですね。
じゃあ、このカード書（か）き終（お）わりました。
続（つづ）きを見（み）てみましょう。
こちらにお名前(なまえ)、
国籍(こくせき)、パスポート番号(ばんごう)を
お願(ねが)いいたします。
ペンで紙（かみ）に記入（きにゅう）する音（おと）✏️
はい、お願（ねが）いします。
ありがとうございます。
パスポート、お返(かえ)しいたします。
はい。
お部屋（へや）は2階（かい）の
203(にーまるさん)号室（ごうしつ）でございます。
「パスポート、お返（かえ）しいたします。」
「返（かえ）します」の丁寧（ていねい）な言い方ですね。
一度（いちど）、預（あず）かっていた
パスポートを戻（もど）す、ということですね。
そのつぎは、
「お部屋（へや）は2階（かい）の」
「203（にーまるさん）号室（ごうしつ）でございます。」
203（にーまるさん）と、言ってますね。
ホテルとかアパート、マンションの
部屋（へや）の番号（ばんごう）については、
０（ゼロ）、と言わないで
０（まる）、と読（よ）むことが多（おお）いです。
５０１（ごーまるいち）
ふつうの数字（すうじ）のように、
203号室（にひゃくさんごうしつ）
と言うこともあります。
最後(さいご)の 「〜でございます」は、
「です」の丁寧（ていねい）な言（い）い方（かた）です。
ありがとうございます。
パスポート、お返(かえ)しいたします。
はい。
お部屋（へや）は2階（かい）の
203(にーまるさん)号室（ごうしつ）でございます。
はい。
こちらが女性用（じょせいよう）の
大浴場（だいよくじょう）の入（い）り口（ぐち）の
暗証番号（あんしょうばんごう）となっております。
はい。
場所（ばしょ）は1階（かい）の
エレベーター突（つ）き当（あ）たりでございます。
はい。
「女性用（じょせいよう）」
女（おんな）の人が使（つか）うという意味（いみ）ですね。
「大浴場（だいよくじょう）」は、
みんなが使（つか）う、大きいお風呂（ふろ）のことですね。
入口（いりぐち）は、入（はい）るところですね。
ドアが閉（し）まっているので、
「暗証番号（あんしょうばんごう）」
カタカナでコードということもあります。
数字（すうじ）を入（い）れます。
最近（さいきん）は大浴場（だいよくじょう）の入りぐちで、
こういう番号（ばんごう）を入（い）れて
中（なか）に入（はい）るところが多（おお）くなっています。
こういう紙（かみ）をもらうことが多（おお）いので、
なくさないように気（き）をつけてください。
「場所（ばしょ）は1階（かい）のエレベーター」
「突（つ）き当（あ）たり」でございます。
突（つ）き当（あ）たりは、
道（みち）のいちばん奥(おく)という意味（いみ）です。
1階（いっかい）のエレベーターがあるところを
もっと進（すす）んで、一番奥（いちばんおく）に
大浴場（だいよくじょう）があるということです。
場所（ばしょ）は1階（かい）の
エレベーター突（つ）き当（あ）たりでございます。
はい。
ご利用時間（りようじかん）は
深夜（しんや）の1時（いちじ）まで、
朝（あさ）は6時（じ）から10時（じ）まででございます。
はい。
タオル等（とう）ございませんので、
お部屋（へや）からお持（も）ちください。
あ、はーい。
「ご利用時間（りようじかん）」は、
使（つか）える時間（じかん）のことですね。
「深夜（しんや）の1時（いちじ）」
深夜（しんや）は、漢字（かんじ）で深（ふか）い夜（よる）
と書いて、夜遅（よるおそ）くという意味（いみ）ですね。
「ご利用時間（りようじかん）は、深夜（しんや)の1時まで、」
「朝（あさ）は6時（ろくじ）から」
「10時（じゅうじ）まででございます。」
「タオル等（とう）」は、
「タオルなど」、「など」のフォーマルな言い方で
ここでは、タオルやほかの必要（ひつよう）なもの
という意味（いみ）ですね。
「タオル等（とう）ございませんので」
ここで「ございません」は、
どういう意味（いみ）で使（つか）われていますか？
さっきの「です」とは、違（ちが）いますよね。
「ありません」という意味（いみ）ですね。
「ございます」には、ふたつの使（つか）い方があって、
① 「です」を丁寧（ていねい）にする言い方
② 「あります / います」 を丁寧にする言い方です。
どっちの意味(いみ)かは、
その会話（かいわ）のなかで、だいたいわかると思います。
最後（さいご）の「お持（も）ちください」
これも今（いま）までのレッスンで出（で）てきました。
ただいまお冷（ひや）お持(も)ち致(いた)します。
「持（も）っていきます」 「持（も）ってきます」
という意味（いみ）ですね。
ここでは、「大浴場（だいよくじょう）にタオル等（とう）」
「ございませんので、」
「お部屋（へや）からお持（も）ちください。」
タオルなどはないので、
部屋（へや）から持（も）っていってください
という意味（いみ）です。
大丈夫（だいじょうぶ）ですか？
じゃあ続（つづ）きを見（み）てみましょう。
ご利用時間（りようじかん）は
深夜（しんや）の1時（いちじ）まで、
朝（あさ）は6時（じ）から10時（じ）まででございます。
はい。
タオル等（とう）ございませんので、
お部屋（へや）からお持（も）ちください。
あ、はーい。
1階（かい）のラウンジで
ドリンクサービスがございまして、
ドリンクが朝（あさ）の10時（じゅうじ）から
夜（よる）の11時（じゅういちじ）まで、
コーヒーや紅茶（こうちゃ）など
ご自由（じゆう）にお楽（たの）しみいただけます。
はい。
「ドリンクサービス」
無料（むりょう）で飲（の）みものを飲（の）める
サービスのことですね。
「コーヒーや紅茶（こうちゃ）など」
「ご自由（じゆう）にお楽（たの）しみいただけます。」
「ご自由（じゆう）に」は、
「自分（じぶん）の好（す）きなように」 ということですね。
「お楽（たの）しみいただけます。」
「楽（たの）しむ」という動詞（どうし）ですね。
そして、「いただく」
「もらう」の丁寧（ていねい）な言い方です。
「いただけます」は、
「いただく」の可能形（かのうけい）なので、
「楽（たの）しんでもらえます」 ということですね。
「お楽（たの）しみいただけます」は、
結構（けっこう）、飲食店（いんしょくてん）でも
使（つか）う表現（ひょうげん）です。
「このお料理（りょうり）は、京都（きょうと）の味（あじ）を」
「お楽（たの）しみいただけます。」ですね。
例（たと）えばね。はい。
1階（かい）のラウンジで
ドリンクサービスがございまして、
ドリンクが朝（あさ）の10時（じゅうじ）から
夜（よる）の11時（じゅういちじ）まで、
コーヒーや紅茶（こうちゃ）など
ご自由（じゆう）にお楽（たの）しみいただけます。
はい。
チェックアウトの時間（じかん）は
11時（じゅういちじ）まででございます。
はい。
同(おな)じものをお部屋(へや)にも
ご用意（ようい）しておりますので
ご覧（らん）くださいませ。
はーい。
「ご用意（ようい）しております。」
「用意（ようい）する」という動詞（どうし）です。
準備（じゅんび）しているという意味（いみ）ですね。
「ご覧（らん）ください」 は、
「見（み）てください」の丁寧（ていねい）な言い方です。
こういうホテルの案内（あんない）が、
部屋（へや）に置（お）いてあるので、
見（み）てください、という意味（いみ）です。
同(おな)じものをお部屋(へや)にも
ご用意（ようい）しておりますので
ご覧（らん）くださいませ。
はーい。
お部屋代金（へやだいきん）は
すでにサイトからいただいておりまして、
宿泊税（しゅくはくぜい）だけ
お部屋（へや）に上（あ）がられる前（まえ）に
こちらの自動精算機（じどうせいさんき）で
お支払(しはら)いいただくようにおねがいいたします。
はい。
「お部屋代金（へやだいきん）」
代金（だいきん）は、お金（かね）のことですよね。
ホテルの部屋（へや）に泊（と）まるために
払（はら）うお金（かね）を、お部屋代金（へやだいきん）
と言ってますね。
「お部屋代金（へやだいきん）は、」
「すでにサイトからいただいておりまして」
「すでに」は、「もう」という意味（いみ）で、
フォーマルな言葉（ことば）です。
スタッフさんは「すでに」と言いますけど、
みなさんが普段（ふだん）話（はな）すときは、
「もう」を使（つか）えば大丈夫（だいじょうぶ）です。
「サイトからいただいておりまして」
「いただく」
さっきも 「いただく」 出（で）てきましたが、
ここでは、「もらっています」という意味（いみ）ですね。
ホテルの予約（よやく）ができるウェブサイトで、
もうクレジットカードで、おかねを払（はら）っているときに
スタッフさんが言（い）います。
「宿泊税（しゅくはくぜい）だけ」 と言（い）っていました。
宿泊税（しゅくはくぜい）は、
旅行（りょこう）でホテルなどに泊（と）まる人が払（はら）う
お金（かね）のことですね。
町（まち） / 市（し）/ 県(けん) など
その地域(ちいき)の政府（せいふ）が、
そのお金（かね）をいくらにしますか？
何（なに）に使（つか）いますか？
ということを決（き）めています。
例（たと）えば、京都（きょうと）のホテルが
1泊（いっぱく）1万円（いちまんえん）だったら、
ひとり400円（よんひゃくえん）払（はら）います。
「宿泊税（しゅくはくぜい）だけ」
「お部屋（へや）に上（あ）がられる前（まえ）に」
お部屋（へや）に上（あ）がられる
「部屋（へや）に上（あ）がる」ですね。
だいたいホテルのフロントは1階（いっかい）にあるので
部屋（へや）には、エレベーターなどで
上（あ）がっていきますよね。
「部屋（へや）に行（い）く」と言うより、
「部屋（へや）に上（あ）がる」という
表現（ひょうげん）の方（ほう）が、
ちょっと丁寧（ていねい）に聞（き）こえるので、
ここでは 「上（あ）がる」 という言葉（ことば）を
使（つか）っています。
「上（あ）がられる」は、
「上（あ）がる」の丁寧（ていねい）な言い方です。
「こちらの自動精算機（じどうせいさんき）で」
「お支払（しはら）いいただくように」
「お願（ねが）いいたします。」
自動精算機（じどうせいさんき）は、
自分（じぶん）でカードや現金（げんきん）で払（はら）える
この機械（きかい）ですね。
「お支払（しはら）い」は、
支払（しはら）うの名詞（めいし）の形（かたち）。
「お支払（しはら）いいただく」は、
支払（しはら）ってもらうという意味（いみ）ですね。
「お支払（しはら）いいただくようにおねがいいたします。」
これ、簡単（かんたん）に言うと、
「払（はら）ってください」
という意味（いみ）なんですけど、
ここでは、
「〜ようにお願（ねが）いいたします」と言っています。
お客（きゃく）さんに、なにかおねがいをするときにつかう
とても丁寧（ていねい）な言い方です。
もうすこしで説明（せつめい）が終（お）わるので、
最後（さいご）まで見（み）てみましょう。
お部屋代金（へやだいきん）は
すでにサイトからいただいておりまして、
宿泊税（しゅくはくぜい）だけ
お部屋（へや）に上（あ）がられる前（まえ）に
こちらの自動精算機（じどうせいさんき）で
お支払(しはら)いいただくようにおねがいいたします。
はい。
ほかになにかご不明点（ふめいてん）は
ございますでしょうか？
あー、大丈夫（だいじょうぶ）です。
よろしいですか？
はい。
お待（ま）たせいたしました。
ありがとうございます。
ごゆっくりどうぞ。
さいごの部分（ぶぶん） 聞（き）き取（と）れましたか？
「他（ほか）に何（なに）かご不明点（ふめいてん）は」
「ございますでしょうか？」
これはホテルのチェックインで、スタッフさんが
本当（ほんとう）に、いつも聞（き）く質問（しつもん）です。
「他（ほか）に何（なに）かご不明点（ふめいてん）」
不明（ふめい）というのは、
はっきりわからないという意味（いみ）ですね。
点（てん）は、ここでは「こと」という意味（いみ）です。
フォーマルな言い方ですね。
この会話（かいわ）では、質問（しつもん）がなかったので
「あ、大丈夫（だいじょうぶ）です」と言っていましたけど、
もし質問（しつもん）があるときは、
例（たと）えば、「あ、すいません、ランドリールームって」
「ありますか？」とか、
「あ、すいません、大浴場（だいよくじょう）って」
「タトゥーがあっても入(はい)れますか？」
と聞（き）くことができます。
最後（さいご）は、カフェのレッスンでも出（で）てきました。
「お待（ま）たせいたしました。」
「ごゆっくりどうぞ。」ですね。
これもホテルのチェックインでさいごによく聞（き）く
フレーズです。
チェックインの説明（せつめい）、たくさんありましたね。
ホテルで忙（いそが）しくて、話（はな）すのが
とっても速（はや）いスタッフさんも多（おお）いので、
わたしもね、チェックインで
全部（ぜんぶ）の説明（せつめい）を
ちゃんと聞（き）けていないこともあるので...😂
みなさんも心配（しんぱい）しすぎないでください!
大事（だいじ）なことだけ聞（き）き取（と）れていれば
大丈夫（だいじょうぶ）です。
ここまで全部（ぜんぶ）、解説（かいせつ）を
聞（き）いてくれた人は、本当（ほんとう）にすごいです。
頑張（がんば）りましたね。
これで会話（かいわ）の意味（いみ）は、
だいたい理解（りかい）できるようになったかな
と思（おも）います。
もういっかい確認（かくにん）したい人は、
解説（かいせつ）の最初（さいしょ）に戻（もど）って
もう一度（いちど）、聞（き）いてみてください。
もう練習（れんしゅう）できるよ！ という人は、
続（つづ）けて、シャドーイングと
ロールプレイで練習（れんしゅう）してみましょう！
字幕を見ながら音声を聞いて、
すぐ後に続けてリピートしてみましょう！
リズムやイントネーションをよく聞いて、
シャドーイングしてみてください
こんにちは。
予約（よやく）してた キムラ なんですけど ...。
キムラ様（さま）...。
はい。 本日（ほんじつ）から、ご1泊（いっぱく）で
2名様（めいさま）ですね。
はい。
スタンダードダブルルーム、
禁煙(きんえん)のお部屋（へや）、
朝食(ちょうしょく)なしのプランで、
お間違(まちが)いないでしょうか？
はい。
恐（おそ）れ入（い）りますが、
パスポートのご提示（ていじ）をお願（ねが）いいたします。
はい。
ありがとうございます。
こちらにお名前(なまえ)、
国籍(こくせき)、パスポート番号(ばんごう)を
お願(ねが)いいたします。
ペンで紙（かみ）に記入（きにゅう）する音（おと）✏️
はい、お願（ねが）いします。
ありがとうございます。
パスポート、お返(かえ)しいたします。
はい。
お部屋（へや）は2階（かい）の
203(にーまるさん)号室（ごうしつ）でございます。
はい。
こちらが女性用（じょせいよう）の
大浴場（だいよくじょう）の入（い）り口（ぐち）の
暗証番号（あんしょうばんごう）となっております。
はい。
場所（ばしょ）は1階（かい）の
エレベーター突（つ）き当（あ）たりでございます。
はい。
ご利用時間（りようじかん）は
深夜（しんや）の1時（いちじ）まで、
朝（あさ）は6時（じ）から10時（じ）まででございます。
はい。
タオル等（とう）ございませんので、
お部屋（へや）からお持（も）ちください。
あ、はーい。
1階（かい）のラウンジで
ドリンクサービスがございまして、
ドリンクが朝（あさ）の10時（じゅうじ）から
夜（よる）の11時（じゅういちじ）まで、
コーヒーや紅茶（こうちゃ）など
ご自由（じゆう）にお楽（たの）しみいただけます。
はい。
チェックアウトの時間（じかん）は
11時（じゅういちじ）まででございます。
はい。
同(おな)じものをお部屋(へや)にも
ご用意（ようい）しておりますので
ご覧（らん）くださいませ。
はーい。
お部屋代金（へやだいきん）は
すでにサイトからいただいておりまして、
宿泊税（しゅくはくぜい）だけ
お部屋（へや）に上（あ）がられる前（まえ）に
こちらの自動精算機（じどうせいさんき）で
お支払(しはら)いいただくようにおねがいいたします。
はい。
ほかになにかご不明点（ふめいてん）は
ございますでしょうか？
あー、大丈夫（だいじょうぶ）です。
よろしいですか？
はい。
お待（ま）たせいたしました。
ありがとうございます。
ごゆっくりどうぞ。
次は、音のリズムやイントネーションを真似しながら、
意味も考えて、シャドーイングしてみましょう。
こんにちは。
スタッフの方（かた）の言っていることをよく聞いて、
お客さんの役になって話してみましょう！
つぎは日本語の字幕（じまく）がないので、
相手（あいて）の言っていることをよく聞いて
話してみてください。
こんにちは。
予約（よやく）してた キムラ なんですけど ...。
キムラ様（さま）...。
はい。 本日（ほんじつ）から、ご1泊（いっぱく）で
2名様（めいさま）ですね。
はい。
スタンダードダブルルーム、
禁煙(きんえん)のお部屋（へや）、
朝食(ちょうしょく)なしのプランで、
お間違(まちが)いないでしょうか？
はい。
恐（おそ）れ入（い）りますが、
パスポートのご提示（ていじ）をお願（ねが）いいたします。
はい。
ありがとうございます。
こちらにお名前(なまえ)、
国籍(こくせき)、パスポート番号(ばんごう)を
お願(ねが)いいたします。
ペンで紙（かみ）に記入（きにゅう）する音（おと）✏️
はい、お願（ねが）いします。
ありがとうございます。
パスポート、お返(かえ)しいたします。
はい。
お部屋（へや）は2階（かい）の
203(にーまるさん)号室（ごうしつ）でございます。
はい。
こちらが女性用（じょせいよう）の
大浴場（だいよくじょう）の入（い）り口（ぐち）の
暗証番号（あんしょうばんごう）となっております。
はい。
場所（ばしょ）は1階（かい）の
エレベーター突（つ）き当（あ）たりでございます。
はい。
ご利用時間（りようじかん）は
深夜（しんや）の1時（いちじ）まで、
朝（あさ）は6時（じ）から10時（じ）まででございます。
はい。
タオル等（とう）ございませんので、
お部屋（へや）からお持（も）ちください。
あ、はーい。
1階（かい）のラウンジで
ドリンクサービスがございまして、
ドリンクが朝（あさ）の10時（じゅうじ）から
夜（よる）の11時（じゅういちじ）まで、
コーヒーや紅茶（こうちゃ）など
ご自由（じゆう）にお楽（たの）しみいただけます。
はい。
チェックアウトの時間（じかん）は
11時（じゅういちじ）まででございます。
はい。
同(おな)じものをお部屋(へや)にも
ご用意（ようい）しておりますので
ご覧（らん）くださいませ。
はーい。
お部屋代金（へやだいきん）は
すでにサイトからいただいておりまして、
宿泊税（しゅくはくぜい）だけ
お部屋（へや）に上（あ）がられる前（まえ）に
こちらの自動精算機（じどうせいさんき）で
お支払(しはら)いいただくようにおねがいいたします。
はい。
ほかになにかご不明点（ふめいてん）は
ございますでしょうか？
あー、大丈夫（だいじょうぶ）です。
よろしいですか？
はい。
お待（ま）たせいたしました。
ありがとうございます。
ごゆっくりどうぞ。
最後(さいご)のチャレンジです！
本当にそこに想像（そうぞう）をしながら、
自然（しぜん）なスピードで、会話をしてみましょう！
おつかれさまでした!
いろんなホテルのスタイルがありますが、
だいたい同（おな）じような
会話（かいわ）の流（なが）れになると思うので、
これでもう、安心（あんしん）して
日本のホテルのチェックインができると思います。
ほかにも、日本の旅行・生活で使える
自然な会話を練習できる
レッスンがあるので、ぜひ見てみてください！
それでは行ってらっしゃーい！",true,ja,39
34,2,"【20-min】Listen to Transportation🚃 Phrases: Train, Bus, Taxi & Airport✈️",https://www.youtube.com/watch?v=hPWKUTPypvA,listening-practice,2026-07-17T02:59:13.914993+00:00,2026-07-17T02:59:13.914993+00:00,"[音楽] 今日もお疲れ様です。日本語チューターの
今日もお疲れ様です。日本語チューターの かナです。
かナです。 この動画では電車、バス、タクシー、空港
この動画では電車、バス、タクシー、空港 でよく聞く自然なフレーズを聞くことが
でよく聞く自然なフレーズを聞くことが できます。
できます。 駅で乗る電車が合っているか聞きたい時、
駅で乗る電車が合っているか聞きたい時、 新幹線のチケットを変えたい時、バスで
新幹線のチケットを変えたい時、バスで ICカードをタッチし忘れた時、そして
ICカードをタッチし忘れた時、そして 空港でチェックインする時などのフレーズ
空港でチェックインする時などのフレーズ を76個集めました。
を76個集めました。 声に出せる時はシャドウイングもしながら
声に出せる時はシャドウイングもしながら 毎日聞いてみてください。まずは電車の駅
毎日聞いてみてください。まずは電車の駅 でのフレーズから。
すいません。ここ行きますか?すいません。ここ行きますか?
すいません。この電車京都に行きますか?
京都行きはこの反対側ですね。
すいません。ここに行きたいんですけど、この電車でいいですか?
[音楽] すいません。
すいません。 ここに行きたいんですけど、この電車でいいですか?
すいません。ここに行きたいんですけど、この電車でいいですか?あ、これは急行なので桜ヶ丘には止まらないんですよ。 [音楽]
あ、これは急行なので桜が丘には止まらないんですよ。
次の核停車に乗ってください。
次の核駅停車に乗ってください。次の核駅停車に乗ってください。
次の各駅停車に乗ってください。
すいません。京都行のホームって。
すいません。京都行きのホームって。
すいません。京都行のホームって。 すいません。京都駅のホームって
京都行は19 番線なのであちらですね。京都行きは
19番線なのであちらですね。 京都行きは19番線なのであちらですね。
京都行きは19番線なのであちらですね。 京都行きは19番線なのであちらですね。
すいません。32番出口って。 すいません。32番出口って。
すいません。32 番出口って。すいません。ここに行きたいんですけど何番出口が近いですか?
すいません。ここに行きたいんですけど、何番出口が近いですか? [音楽]
すいません。 ここに行きたいんですけど、何番出口が近いですか?
すいません。新幹線のチケットってどこで買えますか?
あちらの改札の右側に売機がございます。
あ、あちらの改札の右側に売機がございます。
[音楽] あ、あちらの改札の右側に売がございます。
あ、あちらの改札の右側に現がございます。
すいません。電車に乗り遅れてしまったんですけど。
すいません。切符をなくしてしまったんですけど。
すいません。切ッ符をなくしてしまったんですけど。
すいません。切符をなくしてしまったんですけど。
すいません。乗る電車間違えちゃったんですけど
すいません。 乗る電車間違えちゃったんですけど。
すいません。乗る電車間違えちゃったんですけど。すいません。乗る電車間違えちゃったんですけど。
すいません。買うチケットを間違えちゃったんですけど。 [音楽]
[音楽] すいません。間違って安い切符を買っちゃったんですけど。
すいません。間違って安い切符を買っちゃったんですけど。
改札横の生産期でご生産いただけますよ。
[音楽] 改札横の生産機でご生産いただけますよ。
[音楽] キャンセルできますか?
キャンセルできますか? キャンセルできますか?
キャンセルできますか? 払い戻しってお願いできますか?
払い戻しってお願いできますか? 払い戻しってお願いできますか?
変更ってできますか?
変更ってできますかか、 変更ってできますか?
変更ってできますか? 変更ってできますか?
変更ってできますか? ネットで予約したんですけど。
ネットで予約したんですけど。
券売機で買ったんですけど 券売機で買ったんですけど
券売機で買ったんですけど すいません。
すいません。 成田空港に行きたいんですけど、どこで乗り換えたらいいですか?
すいません。成田空港に行きたいんですけど、どこで乗り換えたらいいですか?
[音楽] すいません。成田空港に行きたいんですけど、どこで乗り換えたらいいですか?
すいません。 成田空港に行きたいんですけど、どこで乗り換えたらいいですか?
[音楽] ここからだと2
ここからだと2 番線に乗って形成高さ後っていう駅で乗り換えですね。
ここからだと2 番線に乗って形成高さっていう駅で乗り換えですね。
ここからだと2 番線に乗って形成高さ後っていう駅で乗り換えですね。
すいません。この電車って遅れてますか?
あと何分くらいで来るんですかね?
すいません。ここなんですけど合ってますか?
すいません。 ここなんですけど合ってますか?
すいません。ここなんですけどすいません。ここって自由席ですか?
すいません。ここって自由席ですか? すいません。ここって自由席ですか?
すいません。ここって自由席ですか? [音楽]
[音楽] すいません。ここって指定席ですか?
すいません。ここって指定席ですか? 次はタクシーでのフレーズ。どちらまでですか?
[音楽]
どちらまでですか? どちらまでですか?
どちらまでですか? 成田空港の第3
成田空港の第3 ターミナルまでお願いします。
ターミナルまでお願いします。 [音楽]
[音楽] 成田空港の第3
成田空港の第3 ターミナルまでお願いします。
ターミナルまでお願いします。 [音楽]
[音楽] あとどのくらいかかりそうですかね?
あとどのくらいかかりそうですかね? [音楽]
[音楽] あとどのくらいかかりそうですかね?
あとどのくらいかかりそうですかね? [音楽]
[音楽] すいません。あの角で止めてもらってもいいですか?
すいません。あの角で止めてもらってもいいですか?
すいません。 あの角で止めてもらってもいいですか?
すいません。あの角で止めてもらってもいいですか?
あ、あの駅の前でお願いします。
あの駅の前でお願いします。 あ、あの駅の前でお願いします。
あ、ここら辺で大丈夫です。 あ、ここら辺で大丈夫です。
ここら辺で大丈夫です。 ここで大丈夫ですか?
ここで大丈夫ですか? ここで大丈夫ですか?
ここで大丈夫ですか? お支払いはどうしますか?
お支払いはどうしますか? お支払いはどうしますか?
お支払いはどうしますか? 次はバスでのフレーズ。
すいません。中央バスターミナルってどこにありますか?
すいません。京都駅って何番乗り場ですか?
すいません。 京都駅って何番乗り場ですか?
すいません。京都駅域って何番乗り場ですか?
すいません。京都駅って何番乗り場ですか?
すいません。このバスで ICカードって使えますか?
ICカードって使えますか? すいません。このバスで
すいません。このバスで ICカードって使えますか?
ICカードって使えますか? すいません。このバスでIC
すいません。このバスでIC カードって使えますか?
カードって使えますか? すいません。このバスでIC
すいません。このバスでIC カードって使えますか?
カードって使えますか? このバスは現金のみなんですよ。
このバスは現金のみなんですよ。 このバスは現金のみなんですよ。
両替えってできますか? 両替えってできますか?
両替えってできますか? 両替ってできますか?
両替ってできますか? ICカードのチャージってできますか?
ICカードのチャージってできますか? ICカードのチャージってできますか?
ICカードのチャージってできますか? すいません。乗る時タッチし忘れちゃったんですけど。
すいません。乗る時タッチし忘れちゃったんですけど。すいません。乗る時タッチし忘れちゃったんですけど。
生理権お持ちですか? 生理権お持ちですか?
生理権お持ちですか? どこで乗りましたか?
どこで乗りましたか? どこで乗りましたか?
どこで乗りましたか? 京都駅から乗りました。
京都駅から乗りました。 京都駅から乗りました。
京都駅から乗りました。 ここにタッチしてください。
ここにタッチしてください。 ここにタッチしてください。
ここにタッチしてください。 すいません。ノルバスを間違えちゃったんですけど。
すいません。ノルバスを間違えちゃったんですけど。
すいません。乗るバスを間違えちゃったんですけど。 [音楽]
[音楽] すいません。ここで降りたいんですけど。
すいません。ここで降りたいんですけど。 ついたら教えてもらえますか?
すいません。ここで降りたいんですけど、ついたら教えてもらえますか?
[音楽] すいません。ここで降りたいんですけど、ついたら教えてもらえますか?
すいません。 ここで降りたいんですけど、着いたら教えてもらえますか?
京都駅まであと何駅ですか? 京都駅まであと何駅ですか?
最後は空港でのフレーズ。すいません。第
ターミナルってどうやって言ったらいいですか?
すいません。第3 ターミナルってどうやって言ったらいいですか?
ターミナルってどうやって言ったらいいですか? すいません。第3
すいません。第3 ターミナルってどうやって言ったらいいですか?
チェックインお願いします。 チェックインお願いします。
チェックインお願いします。 パスポート拝見たします。
パスポート拝見たします。 パスポート拝見たします。
パスポート拝見たします。 旅定表を拝見してよろしいですか?
旅定表を拝見してよろしいですか?定票を拝見してよろしいですか? [音楽]
お座席は窓側か通路側どちらご希望ですか?
お座席は窓側か通路側はどちらご希望ですか
お座席は窓側か通路側どちらご希望ですか?
全員で何名でしょうか?全員で何名でしょうか? [音楽]
全員で何名でしょうか? 全員で何名でしょうか?
全員で何名でしょうか? お連れ様はいらっしゃいますか?
お連れ様はいらっしゃいますか? [音楽]
[音楽] お連れ様はいらっしゃいますか?
お連れ様はいらっしゃいますか? お連れ様はいらっしゃいますか?
お連れ様はいらっしゃいますか? ご本
ご本 確認が必要ですのでお呼びいただけますか?
ご本人確認が必要ですのでお呼びただけますか?
ご本人確認が必要ですのでお呼びいただけますか?
ご本人確認が必要ですのでお呼びただけますか?
本日15時5出発。新千歳空港行き 350便ないでしょうか?
350便ないでしょうか? 本日15時5出発。新地都歳空港行き
本日15時5出発。新地都歳空港行き 350便でお間違いないでしょうか?
本日15時ご出発。新千歳空港行き 350便でお間違いないでしょうか?
350便でお間違いないでしょうか? 本日15時5出発。新千歳空港行350
本日15時5出発。新千歳空港行350 便間違えないでしょうか?
本日お乗り継ぎはございませんか?
本日お乗り過ぎはございませんか?
お預けになるお荷物は何点ございますか?お荷物の中にライターやスプレー、モバイルバッテリーなどの危険物はございませんか?
お荷物の中にライターやスプレ、モバイルバッテリーなどの危険物はございませんか?
お荷物の中にライターやスプレー、モバイルバッテリーなどの危険物はございませんか
お荷物の中にライターやスプレ、モバイルバッテリーなどの危険物はございませんか?機内持ち込みのお手荷物はこちらの
2点でよろしいですか? 機内持ち込みのお手荷物はこちらの
機内持ち込みのお手荷物はこちらの 2点でよろしいですか?
2点でよろしいですか? 機内持ち込みのお手荷物はこちらの
機内持ち込みのお手荷物はこちらの 2点でよろしいですか?
2点でよろしいですか? 機内持ち込みのお手荷物はこちらの
機内持ち込みのお手荷物はこちらの 2点でよろしいですか?
2点でよろしいですか? こちらが登場券になります。
こちらが登場券になります。 こちらが登場券になります。登場開始時刻は
14時20分を予定しております。 登場開始時刻は
登場開始時刻は 14時20分を予定しております。
14時20分を予定しております。 登場開始時刻は14時20
登場開始時刻は14時20 分を予定しております。
分を予定しております。 登場開始時刻は14時20
登場開始時刻は14時20 分を予定しております。
分を予定しております。 30分前でに3
30分前でに3 番登場口までお越しください。
番登場口までお越しください。
分前までに3 番登場口までお越しください。
番登場口までお越しください。
分前までに3 番登場口までお越しください。
これって持ち込みできますか? これって持ち込みできますか?
恐れますが、こちらは機内持ち込み負荷となっております。
恐れ入いりますが、こちらは機内持ち込み負荷となっております。
恐れ入りますが、こちらは機内持ち込み負荷となっております。
上着はトレーにお入れください。上着はトレーにお入れください。
上着はトレーにお入れください。 上着はトレーにお入れください。
上着はトレーにお入れください。 時計やベルトはお外しください。
時計やベルトはお外しください。 時計やベルトはお外しください。
登場券拝見します。 登場券拝見します。登場券拝見します。
ポケットの中に何も入ってませんか?
ポケットの中に何も入っていませんか?ポケットの中に何も入ってませんか?
ポケットの中に何も入ってませんか?
飛行機遅れてますか? 飛行機遅れてますか?
飛行機遅れてますか? 出発は何時くらいになりそうですか
出発は何時くらいになりそうですか? 出発は何時くらいになりそうですか?お疲れ様でした。また明日。
[音楽] ありがとうございました。",true,ja,39
35,2,【24-min】🏨Listen to Hotel Phrases 50+ for Staff & Customers,https://www.youtube.com/watch?v=y5jgg-NrHyo,listening-practice,2026-07-17T02:59:13.914993+00:00,2026-07-17T02:59:13.914993+00:00,"今日もお疲れ様です。
日本語チューターのかなです。
この動画では、
ホテルでよく聞く自然なフレーズを 聞くことができます。
チェックインの前に
荷物をホテルに置きたい時に 使えるフレーズや、
温泉があるホテルの スタッフさんの説明など
実際に私が５つくらいのホテルに行った時に聞いたフレーズを集めました。
スタッフさんが言ったことを そのまま使っているので、
ちょっと長くて難しいフレーズもあります。
全部を理解しなきゃいけない！ というわけではないので、
心配しないでください。
日本のホテルでスタッフさんがこんなことを言うんだなあという、
心の準備の役に立てばいいなあと思っています。
この動画で紹介するフレーズは、
このレッスンにもたくさん出てきます。
どんな時に使うのか知りたい人はぜひ、
この動画を見てみてください。
じゃあ、まずはチェックインの前に 荷物を預けてみましょう。
すいません、予約してるキムラなんですけど、荷物だけ先に預かってもらうことってできますか？
お荷物は何点になりますか？
お戻りのお時間何時頃でしょうか。
それではこちらの番号札をお持ちください。
こんにちは。予約してたキムラなんですけど...
チェックインお願いします。
すいません荷物預けてるんですけど...
ご予約のお名前をお伺いしてよろしいでしょうか？
恐れ入りますが、パスポートのご提示をお願いいたします。
パスポートを拝見してよろしいでしょうか。
こちらにご記入をお願いいたします。
こちらにお名前、国籍、パスポート番号をお願いいたします。
恐れ入りますが、こちらにご署名をお願いいたします。
本日からご一泊で２名様ですね。
スタンダード・ダブルルーム禁煙のお部屋、朝食なしのプランでおまちがいないでしょうか。
喫煙の洋室のお部屋、朝食付きプランのご宿泊のご予約で承っております。
夕朝食なしの素泊まりのプランでお受けしております。
喫煙にしてましたっけ？
あ、すいません、朝食付きに変えられますか？
お部屋は2階の203号室でございます。
お部屋が５階の13号室で禁煙の和室のお部屋ご用意しております。
お部屋は９階で、エレベーターを出て右手にございます。
お部屋のルームカード発行しておりますのでもう少々お待ちください。
お部屋の鍵、オートロックですのでお気をつけください。
お荷物 先にスタッフがお部屋までお運びしますので置いといてもらって大丈夫です。
当ホテルのご利用は初めてでしたでしょうか。簡単に館内のご案内させていただきます。
非常口の場所、wi-fiのパスワードも記載しております。
一階のラウンジでドリンクサービスがございまして、
ドリンクが朝の１０時から夜の１１時まで、コーヒーや紅茶など、ご自由にお楽しみいただけます。
一階のラウンジでドリンクサービスがございまして、
ドリンクが朝の１０時から夜の１１時まで、コーヒーや紅茶など、ご自由にお楽しみいただけます。
一階のラウンジでドリンクサービスがございまして、
ドリンクが朝の１０時から夜の１１時まで、コーヒーや紅茶など、ご自由にお楽しみいただけます。
一階のラウンジでドリンクサービスがございまして、
ドリンクが朝の１０時から夜の１１時まで、コーヒーや紅茶など、ご自由にお楽しみいただけます。
正面玄関夜12時になると施錠いたします。
外出される際はですね、こちらのルームカードお持ちになってお出かけください。
12時超えてお戻りの際もこちらのルームカードで開けることができます。
ロビー奥にお浴衣のコーナーと、アメニティのコーナーございますのでこのあとお選びください。
お部屋代金はすでにサイトからいただいておりまして、宿泊税だけ、
お部屋に上がられる前にこちらの自動精算機でお支払いいただくようにお願いいたします。
お部屋代金はすでにサイトからいただいておりまして、宿泊税だけ、
お部屋に上がられる前にこちらの自動精算機でお支払いいただくようにお願いいたします。
お部屋代金はすでにサイトからいただいておりまして、宿泊税だけ、
お部屋に上がられる前にこちらの自動精算機でお支払いいただくようにお願いいたします。
お部屋代金はすでにサイトからいただいておりまして、宿泊税だけ、
お部屋に上がられる前にこちらの自動精算機でお支払いいただくようにお願いいたします。
ご宿泊費はいただいておりますので、３名様の入湯税、おひとり様150円で450円頂戴いたします。
こちらが女性用の大浴場の入口の暗証番号となっております。
こちらの入り口施錠しておりますのでこちら暗証番号になります。入力してお入りください。
場所は一階のエレベーター突き当たりでございます。
ご利用時間は深夜の一時まで、朝は6時から10時まででございます。
本日16時から午前2時までの間ご利用いただけます。
夜と朝で男女の温泉が変わるのでお気をつけください。
タオル等ございませんので、お部屋から備え付けのタオルをお持ちいただくようお願いいたします。
ホテルの中、浴衣スリッパの格好でロビー周辺や大浴場どこでもご移動いただけます。
素泊まりということで、清掃の方が希望制となっておりまして、
清掃ご希望の際は朝９時までに清掃札のマグネットをドアの外にお貼りください。
清掃不要ということであれば、アメニティ袋に入れてドアノブにかけておきますので。
和室のお部屋でして、布団敷きにお邪魔させていただくんですが、
7時半から行かせていただくことなってるんですけど大丈夫ですか？
和室のお部屋でして、布団敷きにお邪魔させていただくんですが、
7時半から行かせていただくことなってるんですけど大丈夫ですか？
和室のお部屋でして、布団敷きにお邪魔させていただくんですが、
7時半から行かせていただくことなってるんですけど大丈夫ですか？
和室のお部屋でして、布団敷きにお邪魔させていただくんですが、
7時半から行かせていただくことなってるんですけど大丈夫ですか？
朝食は１階の朝食会場で7時から10時までとなっております。
チェックアウトは木曜日の11時までとなっております。
ご案内は以上となりますが、何かご不明な点はございませんか？
何かございましたら、フロントまでお気軽にお申し付けください。
何かもしご不明な点ございましたら９番より、フロントにお電話でご連絡お願いいたします。
すいません、チェックアウトの時間を１時間延長してもいいですか？
お疲れ様でした。
また明日。",true,ja,39
36,1,ホテルに泊まる時使う日本語ーチェックイン・部屋にあるものー,https://www.youtube.com/watch?v=X9auVKiZgsM,conversation,2026-07-17T02:59:13.914993+00:00,2026-07-17T02:59:13.914993+00:00,"皆さんこんにちはあ的日本語教室のあです 私は今山梨県の甲府にいます今日はホテル
私は今山梨県の甲府にいます今日はホテル で使う日本語を皆さんに紹介したいと思い
で使う日本語を皆さんに紹介したいと思い ますまずは荷物を預ける場面からご覧
ますまずは荷物を預ける場面からご覧 くださいこんにちはいらっしゃいませ今日
くださいこんにちはいらっしゃいませ今日 宿泊予定のですくまります少々お待ち
宿泊予定のですくまります少々お待ち くださいませ2名様でいだいております
くださいませ2名様でいだいております 荷物のお預かりでよろしいですはいお願い
荷物のお預かりでよろしいですはいお願い ました願
ました願 ますこちらで引でお持ちいただいてお
ますこちらで引でお持ちいただいてお 預かりいたしありがとうございますあ
預かりいたしありがとうございますあ チェックインの時間は15時からなんです
チェックインの時間は15時からなんです けどちょっと早くついたので荷物だけ預け
けどちょっと早くついたので荷物だけ預け たくて今フロントに来ましたそして今
たくて今フロントに来ましたそして今 こちらの引き会見をもらったのでまた3時
こちらの引き会見をもらったのでまた3時 ぐらいに来てチェックインする時にこれを
ぐらいに来てチェックインする時にこれを 渡して荷物を受け取ります今お客さんが
渡して荷物を受け取ります今お客さんが 少ない時間帯なので少しこのあの館内を
少ない時間帯なので少しこのあの館内を 紹介したいと思いますあちらには
紹介したいと思いますあちらには エレベーターがありますそして今チェック
エレベーターがありますそして今チェック インしたのがこちらのフロント
インしたのがこちらのフロント ですこちらの機械でチェックインや
ですこちらの機械でチェックインや チェックアウチェックインや
チェックアウチェックインや チェックアウトもできますあとここには
チェックアウトもできますあとここには アメニティがあります部屋にはないので
アメニティがあります部屋にはないので 自分で必要なものを取って部屋に入ります
自分で必要なものを取って部屋に入ります 歯ブラシやカソヘアブラシなどがあります
歯ブラシやカソヘアブラシなどがあります あこっちにもありますね
あこっちにもありますね こっちにあるのはマウスウォッシュ
こっちにあるのはマウスウォッシュ シュガークリームあコーヒーに入れるもの
シュガークリームあコーヒーに入れるもの ですねあとこれは綿棒綿棒マドラコーヒー
ですねあとこれは綿棒綿棒マドラコーヒー をコーヒーにミルクを入れたらマドラーで
をコーヒーにミルクを入れたらマドラーで 混ぜますあとはフォークスプーン割り箸あ
混ぜますあとはフォークスプーン割り箸あ コーヒーもある後でもらいますこの辺は
コーヒーもある後でもらいますこの辺は 洗顔フォームやえ乳液クレンジングオイル
洗顔フォームやえ乳液クレンジングオイル 化粧水などですあとヘアゴムコットン
化粧水などですあとヘアゴムコットン シャワーキャップもあり
シャワーキャップもあり ますこちらには観光の案内のパンフレット
ますこちらには観光の案内のパンフレット が置いてあります飲食店のマップとかあと
が置いてあります飲食店のマップとかあと お店ですね飲食店の
お店ですね飲食店の チラシあとはサクランボ狩りとか色々色々
チラシあとはサクランボ狩りとか色々色々 なパンフレットが置いてあり
なパンフレットが置いてあり ます次はチェックする時の会話ですあすい
ます次はチェックする時の会話ですあすい ませんチェックインお願いします
ませんチェックインお願いします いらっしゃいませあとさっきあの荷物預け
いらっしゃいませあとさっきあの荷物預け たのでお願いしますりまし
たさっき荷物を預けたので今の荷物の引き 会見をスタッフの方に渡しましたはいはい
会見をスタッフの方に渡しましたはいはい 御役のお名前よろしいです
御役のお名前よろしいです かありがとうございます様でございます
かありがとうございます様でございます ね本日よりご一泊朝食付き2名様でご予約
ね本日よりご一泊朝食付き2名様でご予約 いただいておりますお車のご利用はござい
いただいておりますお車のご利用はござい ませんかないです失礼いたしましたそれで
ませんかないです失礼いたしましたそれで はこちらにお名前とご住所のご基調とお
はこちらにお名前とご住所のご基調とお 電話番号のご確認をお願いいたします
電話番号のご確認をお願いいたします はい名前と住所を書き
はい名前と住所を書き ますこれでお願いしますはいありがとう
ますこれでお願いしますはいありがとう ございますそれではごさご生産に移らせて
ございますそれではごさご生産に移らせて いただきますえっとご宿泊代金領収書はご
いただきますえっとご宿泊代金領収書はご 入り用ですかお願いします確かまりました
入り用ですかお願いします確かまりました お当てなはいかがなさいますかえっとあ
お当てなはいかがなさいますかえっとあ 無しで大丈夫ですはいかはいそれではご
無しで大丈夫ですはいかはいそれではご 生産金額がこちらになりますはい
生産金額がこちらになりますはい クレジットカードでおりましたじゃ金額ご
クレジットカードでおりましたじゃ金額ご 確認の上暗証番号お願いいたしますはい
確認の上暗証番号お願いいたしますはい ルーマキーはお2つご用意してよろしい
ルーマキーはお2つご用意してよろしい ですかお願いしますかしこまりました
ですかお願いしますかしこまりました こちらが館内のご案内になっておりまして
こちらが館内のご案内になっておりまして ご朝食付きでございますので1回左手に
ご朝食付きでございますので1回左手に ございますラウンジの方が朝になると朝食
ございますラウンジの方が朝になると朝食 会場に変わります朝が6時半から9時の
会場に変わります朝が6時半から9時の 最終入店となってありまして目安のお時間
最終入店となってありまして目安のお時間 をお伺いしておりますが何時頃にお
をお伺いしておりますが何時頃にお 召し上がりになりますかじゃあ8時くらい
召し上がりになりますかじゃあ8時くらい で願いしますご制ではございませんのでお
で願いしますご制ではございませんのでお 時間前後していただいても結構でござい
時間前後していただいても結構でござい ますわかりました他にも大浴場や
ますわかりました他にも大浴場や チェックアウトの説明を聞きました英語の
チェックアウトの説明を聞きました英語の 説明もありました今チェックインの手続き
説明もありました今チェックインの手続き が終わってこちらのルームキーをもらった
が終わってこちらのルームキーをもらった ので今から部屋に行きますエレベーターに
ので今から部屋に行きますエレベーターに 乗ります
よいしょカードキーをタッチして12回 です
です 閉める
よし12階に着きました今回止まるのは 1207号室なのでこっちです
1207号室なのでこっちです はいこちらの部屋ですじゃカーブキーを
はいこちらの部屋ですじゃカーブキーを かざして入り
かざして入り ますここに入れます刺し
ますここに入れます刺し ま
ま おお
おお 綺麗部屋の中を簡単に紹介しますドアです
綺麗部屋の中を簡単に紹介しますドアです 入ってすぐのところに洗面台があり
入ってすぐのところに洗面台があり ますここで手を洗ったり顔を洗ったりし
ますここで手を洗ったり顔を洗ったりし ます鏡ですこの後ろにはですねシャワーが
ます鏡ですこの後ろにはですねシャワーが あります浴槽がありませんバスタブがあり
あります浴槽がありませんバスタブがあり ませんなぜならこの13階に大浴場がある
ませんなぜならこの13階に大浴場がある からですシャワールームの隣にはお手洗い
からですシャワールームの隣にはお手洗い がありますトイレ
がありますトイレ ですこれはトイレットペーパー
ですこれはハンガーです服をかけるもの ですこっちには消臭スプレーがあり
ですこっちには消臭スプレーがあり ますこっちにはベッドがあり
ますこっちにはベッドがあり ますテーブルとソファーがあってここには
ますテーブルとソファーがあってここには 多分冷蔵庫があると思いますそうですね
多分冷蔵庫があると思いますそうですね これは冷蔵庫ですここにはコップそして水
これは冷蔵庫ですここにはコップそして水 もあり
もあり ますこれはテレビでですホテルの情報を
ますこれはテレビでですホテルの情報を 見ることができ
見ることができ ますそしてここにwi-fiのパスワード
ますそしてここにwi-fiのパスワード が書いてあり
が書いてあり ます窓を見てみ
ます窓を見てみ ましょう皆さん見てください富士山が見え
ましょう皆さん見てください富士山が見え ます早速ホテルの無料wifiを使いたい
ます早速ホテルの無料wifiを使いたい と思い
と思い ます接続できました皆さんは海外旅行する
ます接続できました皆さんは海外旅行する 時に自分の国で使っていたサイトやアプリ
時に自分の国で使っていたサイトやアプリ が使えなくなってしまった経験はありませ
が使えなくなってしまった経験はありませ んか私はありますあとセキュリティの面で
んか私はありますあとセキュリティの面で 公共のwi-fiを使うのがちょっと心配
公共のwi-fiを使うのがちょっと心配 という方はいませんか今回はサーフ
という方はいませんか今回はサーフ シャークがスポンサーになってください
シャークがスポンサーになってください ました本当にありがとうございますサーフ
ました本当にありがとうございますサーフ シャークはVPNのサービスを提供して
シャークはVPNのサービスを提供して いるい会社ですVPNを使うと皆さんが今
いるい会社ですVPNを使うと皆さんが今 いる実際の場所ではなくてサーバーの場所
いる実際の場所ではなくてサーバーの場所 からインターネットにアクセスしているか
からインターネットにアクセスしているか のように見えますなのでVPNを使って
のように見えますなのでVPNを使って いる人はIPアドレスを隠すことができる
いる人はIPアドレスを隠すことができる のでプライバシーを保護することができ
のでプライバシーを保護することができ ますあとすごく便利なのは今いる場所で
ますあとすごく便利なのは今いる場所で ブロックされているウェブサイトサービス
ブロックされているウェブサイトサービス テンツにアクセスできるようになること
テンツにアクセスできるようになること です日本にいる人は今自分の国で見ている
です日本にいる人は今自分の国で見ている コンテンツが見たくても国や地域で制限さ
コンテンツが見たくても国や地域で制限さ れていることもあると思いますがVPNを
れていることもあると思いますがVPNを 使えば見ることができます私は今日本の
使えば見ることができます私は今日本の 山梨県にいますこちらのアメリカの
山梨県にいますこちらのアメリカの ニュースサイトを見ることができませんで
ニュースサイトを見ることができませんで もサーフシャークを使ってアメリカに設定
もサーフシャークを使ってアメリカに設定 するとこのようにことができますサーフ
するとこのようにことができますサーフ シャークは1つのアカウントを友達や家族
シャークは1つのアカウントを友達や家族 とシェアすることができますあと複数の
とシェアすることができますあと複数の デバイスで使うことができるのでとてもお
デバイスで使うことができるのでとてもお 得だと思いますまたサーフシャークアンチ
得だと思いますまたサーフシャークアンチ ウイルスはウイルスの疑いがあるアプリや
ウイルスはウイルスの疑いがあるアプリや ファイルをダウンロードするとすぐに通知
ファイルをダウンロードするとすぐに通知 されるので自分のデバイスを守ることが
されるので自分のデバイスを守ることが できます今ちょうどお得なキャンペーンを
できます今ちょうどお得なキャンペーンを やっています赤とという特別なクーポンを
やっています赤とという特別なクーポンを いただきましたこのクーポンを使うと3
いただきましたこのクーポンを使うと3 ヶ月分が無料で追加されますしかも30
ヶ月分が無料で追加されますしかも30 日間の返金保証もあります気になっていた
日間の返金保証もあります気になっていた けどまだ使ったことがない人は概要欄に
けどまだ使ったことがない人は概要欄に サーフシャークのURLとクーポンコード
サーフシャークのURLとクーポンコード を書いておくので是非見て
を書いておくので是非見て くださいじゃあちょっと今時間があるので
くださいじゃあちょっと今時間があるので 1回のラウンジと13回の大浴場に
1回のラウンジと13回の大浴場に ちょっと行ってみたいと思います大大浴場
ちょっと行ってみたいと思います大大浴場 の中は撮影できないんですけどちょっと
の中は撮影できないんですけどちょっと 雰囲気だけでも皆さんにシェアしたいなと
雰囲気だけでも皆さんにシェアしたいなと 思います1回のラウンジはねフリードリン
思います1回のラウンジはねフリードリン クって書いてあるんだよね多分飲み物が
クって書いてあるんだよね多分飲み物が 飲めると思うのでちょっと行ってみ
飲めると思うのでちょっと行ってみ ましょう私さっき気づかなかったんです
ましょう私さっき気づかなかったんです けどエレベーターの隣に館内着があって
けどエレベーターの隣に館内着があって サイズを選ぶことができます今皆さんにお
サイズを選ぶことができます今皆さんにお 見せし
見せし [音楽]
[音楽] ますエレベーターの隣にあり
ますエレベーターの隣にあり ます館内着をご利用の際はこちらよりお
ます館内着をご利用の際はこちらよりお 取りくださいと書いてあります部屋にない
取りくださいと書いてあります部屋にない のでここから取って部屋で来
のでここから取って部屋で来 ますじゃあまずは13回に行ってみ
ますじゃあまずは13回に行ってみ ましょう13あり
ましょう13あり ます13階に着きましたお
すごい景色が見え ますこっちが女湯ですええ
ますこっちが女湯ですええ すごい
すごい 綺麗
綺麗 わ甲府条のど真ん中って書いてあります
わ甲府条のど真ん中って書いてあります ねあ私たちがさっきね昼ご飯を食べたり
ねあ私たちがさっきね昼ご飯を食べたり カフェで休んだりしたのはここですこの
カフェで休んだりしたのはここですこの 建物ですえー
建物ですえー すごいこっちが男湯
すごいこっちが男湯 ですああやっぱり景色が
綺麗 あ展望デッキがあるちょっとここ入ってみ
あ展望デッキがあるちょっとここ入ってみ ましょうか入れるかなあ開いたえ待って
ましょうか入れるかなあ開いたえ待って すごい外
すごい外 えーすごいすごい
えーすごいすごい すごい天気がいいから今日最高ですね
すごい天気がいいから今日最高ですね おおす富士山
おおす富士山 見える今回撮影させてもらっているこの
見える今回撮影させてもらっているこの ホテルについてもっと詳しく知りたい方は
ホテルについてもっと詳しく知りたい方は この動画の概要欄を見てください駅からも
この動画の概要欄を見てください駅からも 近いので本当に便利なホテルだと思い
近いので本当に便利なホテルだと思い ますあそこに自動販売機があります販が
ますあそこに自動販売機があります販が ありますあお酒がありますねハイボール
ありますあお酒がありますねハイボール ビールなどがあり
ビールなどがあり ますこっちはお茶とか水があり
ますでは1階のラウンジを見てみましょう フロントの横にこちらのラウンジがあり
フロントの横にこちらのラウンジがあり ますフリードリンクなので好きな飲み物を
ますフリードリンクなので好きな飲み物を 飲むことができ
飲むことができ ますコーヒーもあるし緑茶や麦茶もあり
ますコーヒーもあるし緑茶や麦茶もあり ますあとジュースもありますね野菜
ますあとジュースもありますね野菜 ジュースと
ジュースと かお茶ですねお茶もあり
ますせっかくなのでコーヒーを飲みたいと 思いますこちらにコップがあります
思いますこちらにコップがあります 冷たいお飲み物温かいお飲み物どちらもご
冷たいお飲み物温かいお飲み物どちらもご 利用いただけますじゃあ使い
ますえ何飲もっかな最近あんまりね カフェインを取らないようにしてたんです
カフェインを取らないようにしてたんです けどちょっと今日はカフェラテを飲みたい
けどちょっと今日はカフェラテを飲みたい と思い
ますコーヒーが出てきましたミルクも出て きまし
きまし できまし
できまし たここで飲み
ますここには本もありますお持ち帰りはご 遠慮くださいとあるのでホテルの中で読む
遠慮くださいとあるのでホテルの中で読む のはいいんだと思いますこういうのいい
のはいいんだと思いますこういうのいい ですよ
ですよ [音楽]
[音楽] ねカフェだていただき
ますああ美味しいやっぱりね撮影するため にどこかに行く時は私は結構早く起き
にどこかに行く時は私は結構早く起き なきゃいけないんですね今日は5時に起き
なきゃいけないんですね今日は5時に起き ましたまもしかしたらね皆さん毎日5時に
ましたまもしかしたらね皆さん毎日5時に 起きてるよって人もいるかもしれないん
起きてるよって人もいるかもしれないん ですけど私は普段は6時半か7時くらいに
ですけど私は普段は6時半か7時くらいに 起きるので私にとって5時は結構早いです
起きるので私にとって5時は結構早いです ねなので眠くならないようにえっと今
ねなので眠くならないようにえっと今 コーヒーを飲んでます皆さんはいつも何時
コーヒーを飲んでます皆さんはいつも何時 に起きていますかもし起きる時間が決まっ
に起きていますかもし起きる時間が決まっ ていたら是非コメントで教えて
ていたら是非コメントで教えて ください次は朝食を紹介しますこのように
ください次は朝食を紹介しますこのように ビュッフェスタイルなので自分の好きな
ビュッフェスタイルなので自分の好きな ものを取りますすごく種類が多いです
ものを取りますすごく種類が多いです こちらはですねカレーですえっと特製
こちらはですねカレーですえっと特製 ワインカレーですねそしてこれですねこれ
ワインカレーですねそしてこれですねこれ 包頭です
包頭です 包頭包頭は山梨の強度料理でこの隣に麺が
包頭包頭は山梨の強度料理でこの隣に麺が あるんですねこれですこれにこのスープを
あるんですねこれですこれにこのスープを かけて食べ
かけて食べ ますサラダやデザートもあり
ますあとはパンもありますしこのねおかず の種類が本当に多かったですあと納豆も
の種類が本当に多かったですあと納豆も ありますよ納豆皆さん納豆は好きですか私
ありますよ納豆皆さん納豆は好きですか私 はねあんまり好きじゃありませんというか
はねあんまり好きじゃありませんというか とは食べられませんこんな感じでおかずの
とは食べられませんこんな感じでおかずの 種類が本当に多かったのでもうね見てる
種類が本当に多かったのでもうね見てる だけで楽しかった
だけで楽しかった ですあとこの炊飯機の中に入っているのは
ですあとこの炊飯機の中に入っているのは たけのこご飯
ですもちろん飲み物もありますカルピスや 青汁あと牛乳とかコーヒーもあり
ますはいこれからチェックアウトします チェックアウトは機械でもできるそうなの
チェックアウトは機械でもできるそうなの で機械でチェックアウトしたいと思います
で機械でチェックアウトしたいと思います もし機械がなくてフロントで
もし機械がなくてフロントで チェックアウトする場合はチェックアウト
チェックアウトする場合はチェックアウト をお願いしますと言ってルームキーを渡せ
をお願いしますと言ってルームキーを渡せ ば大丈夫ですごてください
ば大丈夫ですごてください カカ
カカ を
ていとう ただいま問い合わせ中ですしばらくお待ち
ただいま問い合わせ中ですしばらくお待ち くださいルームカードを回収しますお
くださいルームカードを回収しますお 手持ちのルームカードを入れて
手持ちのルームカードを入れて くださいご利用ありがとうございまし
くださいご利用ありがとうございまし たはい今日はホテルに関する日本語を紹介
たはい今日はホテルに関する日本語を紹介 しました皆さんが日本のホテルに泊まる時
しました皆さんが日本のホテルに泊まる時 に少しでも参考になったら嬉しいですあと
に少しでも参考になったら嬉しいですあと 今日この動画で紹介したVPNサフ
今日この動画で紹介したVPNサフ 気になる人は是非概要欄を見てください
気になる人は是非概要欄を見てください クーポンコードもあります皆さんいつも見
クーポンコードもあります皆さんいつも見 てくださって本当にありがとうございます
てくださって本当にありがとうございます コメントもたくさん書いてくださって
コメントもたくさん書いてくださって 嬉しいですありがとうございます今日は
嬉しいですありがとうございます今日は ここまでですまた来週お会いしましょう
ここまでですまた来週お会いしましょう バイ
バイ [音楽]
[音楽] バイH
バイH [音楽]",true,ja,39
37,1,【日本語の単語】ホテルの部屋にあるもの,https://www.youtube.com/watch?v=R_X3F6q4xTU,vocabulary,2026-07-17T02:59:13.914993+00:00,2026-07-17T02:59:13.914993+00:00,,true,ja,39
38,1,【日本語の会話】ホテルで使う日本語,https://www.youtube.com/watch?v=gnoZDIpYKas,conversation,2026-07-17T02:59:13.914993+00:00,2026-07-17T02:59:13.914993+00:00,"皆さんこんにちはあかね的日本語教室の あかねです今日は実際にホテルに泊まって
ホテルの会話やホテルで使う単語を皆さん に紹介したいと思いますホテル
グランヴィア岡山さんに 撮影の協力をお願いしました本当に
ありがとうございますではご覧ください すごい思ったより広いホテルです
レストランもあるしチャペルもある プールもあります本当に広いです
ご宿泊フロントは1階にございますなので 1階に行きましょうまだ
チェックインの時間じゃないんですけど先 に
荷物だけ預かってもらいたいと思います すいません今日を
宿泊と撮影できたあかね的日本語教師と 申しますが頭いらっしゃいますかすごい今
あのネパール人の方でこちらのホテルで 働いてる方にはお話ししてるんですけど
えっ日本にはどれぐらいいらっしゃるん ですか
もうアクセントも何も完璧ですね すごいありがとうございます
お客様多いですかそうですね
最初日本に来たのはあれですか留学ですか
働いて フロントとかベルをやっておりまして
2018年ぐらいからはインバウンドの 受け入れしていこうということで少し力
入れてる感じです ちょっと顔映してもいいよーってことだっ
たのでありがとうございます チェックインの時間って15時ですよね
あのちょっと荷物だけ 預かっていただいてもいいですかお願いし
ますすいません はい
そうですではございますがさせていただき ますお電話番号ご住所とご署名こちらの
タッチペンでお願いいたします
今お預けされるお荷物ございます こちら1点でお願いします
大丈夫です お部屋にお届けをしておきますのであとは
戻られたらこちらフロントでご提供お願い いたしますありがとうございますお
預かり所をもらったので戻ってきて チェックインする時にこれを
落とします大丈夫ですありがとうござい ます今このホテルの2階の飲食店を
ちょっとホテルの方におすすめしてもらっ てしかも撮影できるかどうかまで今聞いて
くださってますありがたいです ランチについてはもうこちらの動画で紹介
しましたぜひ 岡山vlogも見てくださいお昼ご飯を
食べ終わった後 岡山駅の周りを
散歩したりあとカフェでちょっと 休憩したりしましたその様子も岡山
vlogにあるのでぜひ見てください ホテルに戻ってきましたさっき
荷物を預けたのでこのお預かり証を フロントで渡して
荷物を受け取りたいと思います すいませんチェックイン
荷物お願いします お部屋の方にお届けをしております
ありがとうございますお待たせしましたお 部屋が15階の1502号室でございます
この中にご朝食券と後楽園でお入り いただけるチケットを入れしておりますの
でご利用くださいますありがとうござい ますお朝食会場が19階のアプローズで
ございまして6時30分から9時30分で ございますのでこちらのチケット持ってお
越しくださいませ チェックインて11時ですか
チェックアウト
エレベーターの中からカードリーダー ございますのでカードキーをかざしてから
お部屋の 袋のボタンをお願いいたします
か大丈夫です ありがとうございました
一緒に失礼いたします ありがとうございました
お越しいただき誠にありがとうございます エレベーターでお部屋に上がるサイトまず
カードリーダーにカードをかざして いただきまして青いライトが冷凍いたし
ましたら開通のボタンをご選択をお願い いたします外出される際お部屋にルーム
キーお忘れなられますとお部屋に戻れない ようになっておりますので
必ずルームキーを持ってお出かけお願い いたしません15歳です
こちらどうぞお部屋15回にご質問で ございませんこの道まっすぐ進んで
いただきますと少し曲がり角ございます 曲がり角の手前右手代わり自動販売規制
表記ご用意しておりますよろしければご 利用くださいませ非常口
各階通路突き当たり橋と端にございますの でご確認お願いいたしませんお部屋開け
させていただきますかざしていただきまし たロック解除でございます
失礼いたします
ありがとうございます
ご説明いかがいたしましょうか なんか注意事項とかありますか
全て手動でつけていただくようになって おりますはい
元気な位置こちらのデスクの電気が1箇所 とお客様の後ろにございますホテル電気で
いただくとご利用いただけます 枕元に小さい電気ございますので
よろしければご利用くださいませはい わかりましたありがとうございます
電気つけたままの方そのままで 頑張りましたもし何かございましたら
じゃあ枕元のお電話からフロントに33番 でおかけくださいませ
代表お待たせいたしますぜひ ゆっくりお過ごしくださいありがとう
ございました
すごく丁寧に説明してくださいました私は ホテルの部屋に入ったらすぐにまず
スリッパに 履き替えます
はいこれがスリッパですスリッパに 履き替えます
履き替えますこれは自分の苦痛です よいしょ
スリッパに 履き替えるはーい
スリッパを履きました 本当に広いじゃあ簡単にルームツアーをし
ます 玄関の左側に洗面台とトイレと
バスタブがあります あちらにはシャンプーコンディショナー
ボディソープもあります そしてタオル
ティッシュ ハンドソープあとアメニティも
揃ってますね これは
綿棒ですあとこれはコットンです ボディウォッシュタオル体を洗う時に使う
ものですあとヘアブラシ 歯ブラシもあります
歯磨きセットって書いてありますね はいあとこれはドライヤードライヤー
これはゴミ箱 あとはこっちはクローゼットですね
ハンガーハンガー
そしてペットボトルの水がありますこれは 無料ですこれライトかなえーすごい仕事
するときにいいですねまた ティッシュがあって結構大きいテレビです
ねテレビがあります テーブルとソファーそしてベッドです皆
さん覚えてますか私いつもこれ聞きますね これは
枕
そしてさっきスタッフの方が何かあったら 電話してくださいって言ってましたねメモ
帳ペンがあります
引き出しの中にこれが入っていました
封筒や 便箋ですねあとはあクリーニングを
頼む時にこれに書きます あここすごい
宅急便の 伝票入ってますねゆうパックも入ってる
すごい
ちなみに このピンクの伝票とオレンジの伝票は違い
ますこれは 着払いと言って
受け取った人が 払うんです普通
荷物って送る人が払います例えば私が皆 さんに何かプレゼントを送ります私が送料
を払いますでもこっちの着払いは受け取っ た人が払うんですだから私が着払いで皆
さんの住所を書いたら皆さんがお金を払う 送料を払う」っていうのがこの着払いの
伝票なんです例えばよく使うのはホテル から自分の家に荷物を送る時に自分が家に
着いて受け取った時に払うていうので使う こともありますさっきスタッフさんにお
願いして電話で何か 貸してほしい時の会話を録音したいですと
いう風にお願いしていいですよと言って もらったので今からちょっと電話で何か
貸してもらう時の会話を 録音したいと思います何がいいかな私は
使わないんですけど変換 プラグと
各種携帯 充電器をちょっと
借りてみたいと思います英語もあります
じゃあ電話します すいませんあの変換プラグと
各種携帯 充電器あすいませんあの
iPhoneの充電器をお借りしたいん ですが
お願いします はい失礼します
これ今 編集してて気づいたんですけどマイクを
ここに持ってきてるからスタッフさんの声 が全然入ってないんですよね
本当にすみませんまたチャンスがあったら 必ず取ります何々を
貸してほしいんですがとか何々を貸して くださいもう少し
丁寧な言い方だったら何々を 貸していただけませんかとか何々をお借り
できますかという風に言うことができます すぐに持って行ってくれると言ってたので
ちょっと 待ちます
はい
すいませんありがとうございますはーい 変換
プラグと 充電器を貸してもらいました
見て中国語と英語が書いてある 変換プラグはこれですこうやって
組み合わせて 使うこともできますやっと
iPhoneの 充電器はこれです
袋から出します [拍手]
はいこれです 忘れちゃった時とかにすごく
助かると思います [音楽]
おはようございますチェックアウトお願い しますはい
ありがとうございます
ありがとうございました いつもたくさんコメントを書いてくださっ
てありがとうございます また来週の動画でお会いしましょうバイ
バイ [音楽]",true,ja,39
39,1,【日本語の会話】ホテルでチェックインするときの日本語,https://www.youtube.com/watch?v=D_4czELduwY,conversation,2026-07-17T02:59:13.914993+00:00,2026-07-17T02:59:13.914993+00:00,"みなさん こんにちは
あかね的日本語教室のあかねです
今日はホテルで使う日本語の会話
チェックインとチェックアウトする時の会話を
みなさんに紹介したいと思います
私のうしろにうつっているホテルグランビュー高崎
というホテルで撮影したいと思います
では早速チェックインしましょう
いらっしゃいませ チェックインお願いします
はい、ありがとうございます
そうしましたら
こちらお名前ご住所、電話番号ご記入お願いいたします
お願いします はい、失礼いたします
そうしましたら
このままお部屋のご案内入らせていただきます
今日のお部屋が8階のお部屋でご案内となります
お部屋禁煙です
おタバコ1階の喫煙所ご利用ください
お部屋入る時ドアノブのタッチと
8階あがる時もエレベーターの中のカードリーダータッチして
8のボタンをお願いいたします
続きまして、大浴場9階にございます
お時間が16:00からで終わりが25:00
明日の朝は5:00からです
お部屋のパジャマとスリッパでご利用いただけます
バスタオルの備えがないので
お部屋のバスタオルをお持ちください
フェイスタオルはご用意しております
女性のみ岩盤浴ついてます
こちらでご予約承ります
ご利用いかがなさいますか？
とりあえず大丈夫です
はい、かしこまりました
また8階にあがりますと
エレベーターホールに歯ブラシなども並んでますけど
今日特別室です 全部(アメニティが)入ってますので
もし不足のものがあったら
こちらからとってご利用くださいませ
ありがとうございます
またですね、この後17:00から奥のラウンジで
アルコール、ソフトドリンク無料の飲み放題ですね
ウェルカムドリンクとしてやっておりますので
ハッピーアワー、よろしければご利用くださいませ
これ無料なんですか？
無料です 宿泊費に入っておりますので
宿泊の方特典でございます
最後朝食ですね
こちらが朝食券で奥のレストランで6:30からです
最終入場9時半までにお願いいたします
パジャマでのご利用できないので
おきがえの上ご利用をお願いいたします
ご案内以上となりますが
何かご不明点等ございますか？
近くにコンビニはありますか？
歩いて3分から5分のところにございます
地図のほうもお渡しでよろしいですかね？
ありがとうございます
今ホテルこちらでございます
おもての玄関を左に出まして1個目の信号を右に曲がってください
セブンイレブンさんでございますので
じゃあこちらもお待ちください
他何かございますか？ 大丈夫です
チェックアウト11時でお願いいたします
ご案内以上となりますので
はい、ありがとうございます
すごい お上手 めちゃくちゃスムーズでしたね いえいえ
(撮影に)慣れてますよね
今、大浴場がある階に来ました
本来大浴場は撮影してはいけないんですが
ちょっとホテルの人にお願いして
今回は特別にみなさんにお見せしたいと思います
男子から行きます？女子から行きます？
じゃあ女子からでお願いします
両方とも撮影しますか？女子だけ？
どっちでもいいんですけど
じゃあ両方いいですか？
カードキーがないとだめですよね？
じゃあまずは女性の方から入ります
ここでくつを脱ぎます
きれい
ここがロッカーですね
タオルもありますね ありがたいです
水もあります
きれい パウダールーム
すごくきれい
しかもパナソニックのいいドライヤーを置いてます
きれいですね
化粧水とかもあるのでありがたいですね
じゃちょっとお風呂を見てみましょう
失礼します こちら
内湯(うちゆ)でございます
開けます
いいですね 景色も見えます
体を洗ったり顔を洗ったりするところですね
大浴場を撮影させてもらうのって本当に難しいんですけど
今回撮影することができました
ありがとうございます
岩盤浴もあるんですよ 露天風呂に行きます お願いします
露天風呂もあるそうです すごい
サウナもありましたね
じゃあ露天風呂のほうに行きます
洗濯機もある 女性専用の洗濯機です
そうなんですね
露天風呂は屋上なんですね
露天風呂の入り口まで来ました 本当に外だ
ここに岩盤浴もあります
これは予約が必要ですね
フロントで予約してください
こちらって無料なんですか？
宿泊代に入っています すごい
入れるということなので入ります 失礼します
きれい！いいですね
3人利用することができます
60分間で予約を承っています 1時間ですね
こっちが露天風呂ですね
本当に外
開放的(かいほうてき)
景色、最高じゃないですか
いいですね
夕日が見れる時間とかいいですね
すてき！
ここまでが女性のエリアです
次はちょっと男性のほうを見てみたいと思います
お願いします
男性の方はサウナが2種類あるんですよね？
高温と低温でしたっけ？
こちらが男性のエリアです
はい、どうぞ 失礼します
ここでくつを脱ぎます
男性の方も広いですね
どっちも景色いいですね
あっこっちか
これは水風呂です サウナのあとに入ります
もうあつい
ここがサウナの部屋でテレビもあるんですね
あつい！
88°C テレビも見ることができます
きれいですね
ありがとうございます
水が出るようになってます
あそこから ロウリュウ
今サウナはやってますもんね (はやる＝流行する)
ありがとうございます
一瞬でも暑い
こちらが低温サウナです
こっちは景色が見えるんだ
最高じゃないですか？
いいですね
ありがとうございます
男性の露天風呂のほうへ お願いします
じゃあ男性のほうの露天風呂見てみましょう
山が見えるって最高ですね
景色本当にいい！
きれい いいですね
ベンチもあるので暑くなったらここで休めばいいですね
すみません ありがとうございます
ここに入浴にかんする注意事項が書いてあります 注意事項：ちゅういじこう
お風呂に入る時に気をつけてください
これはお風呂によって、温泉によってちがうんですけれども
タトゥーがある人は入れないっていうところは
まだ日本には多いです
タトゥー用の(カバー)シールがあるので
タトゥーの(カバー)シールを貼ればいいですよっていうところもあるんですけど
こういうところのように
やっぱりタトゥーがダメっていうところもあるので
タトゥーをしている人は入れないです、ここには
気をつけてください
今1階のラウンジにいます
ここでは飲み物が無料でもらえるそうです
部屋のルームキーをタッチして入ります
すごい いろんな種類ありますよ
コーヒーメーカーもあるしソフトドリンクもあります
これは氷ですね
ハイボールもある
お酒も無料？ すごくないですか？
日本酒もありますよ
英語も書いてありますし
ワインもある すごい
柿の種 おつまみもあります
ここに飲み物があって、すごい Wi-Fiもある
ありがたいですね 仕事できますね
出張で泊まる人もすごくいいですよね
ワーケーションとかもいいと思います
みなさん、これ何だと思いますか？
スタッフさんが撮ってくれてます ホテルのスタッフさんが
じゃカップとってソフトクリームを・・・
下手なんですよ入れるの 大丈夫かな？
おろせばいいんですよね このまま
緊張する
巻いてください
できました おいしそう
ありがとうございます すみません
８階につきました
ここにアメニティがあるので
自分が必要なものをとって部屋に行きます
では部屋に行きましょう
今回こちらのホテルグランビュー高崎さんに
招待していただきました
本当にありがとうございます
私6月ぐらいに出した動画があると思うんですけど
そのホテルの系列(けいれつ)のホテルなんですね
今日ちょっと招待してもらって
特別な部屋を準備していただきました
本当にありがとうございます
じゃあ入りましょう
こちらのカードキーをかざします
入ります
あっそうだ、カードキーを入れます
もう見えますよね すごくないですか？
見てくださいこのお風呂、露天風呂もあります
こちらのお部屋なんですけど、来週詳しく紹介しますので
みなさん是非来週の動画も見てください
お願いします
みなさんはルームキーを部屋の中に置いたまま
外に行ってしまったことはありますか？
それで戻ってきたらドアが開けられないっていう
経験をしたことがある人はいるかもしれません
もしそういう場合は
ホテルのフロントに行って、ホテルのスタッフさんに
すみません、ルームキーを部屋に置いたまま出てしまいました
とか
すみません、部屋の中にルームキーがあります
部屋に入れませんと言えば
たぶん対応してくれると思います
おはようございます
すみませんちょっと髪がまだボサボサですけど
朝日がすごくきれいなのでみなさん見てください
外寒そう
寒いけどきれい 見てください
空気が澄(す)んでるから山もはっきり見えて本当にきれいです
これから顔を洗って化粧をして髪を整えて
朝ごはんを食べに行きます
はい、準備できました
レストランが満席だったら入れないので
これで混雑状況を確認したいと思います
混雑状況を押します レストランを押します
かなり混雑してますになってますね
まあでも満席ではなさそうなので
ちょっと行ってみたいと思います
今回は朝食券をもらいました
ここに部屋番号が書いてあるので
レストランに行ったらこれを「お願いします」と言って
渡せば大丈夫だと思います
もしこういう朝食券がない場合は
レストランのスタッフさんが「お部屋番号お願いします」とか
お部屋番号をちょうだいできますか？とか
お部屋番号とお名前ちょうだいできますか？
と聞かれるかもしれません
その場合は部屋番号と名前を言えばいいので
「803の○○です」と言えばいいです
あそこが朝食の会場です
おはようございます 朝食券おあずかりします
はいお願いします
こちらでお席確保いただいて
お帰りになる際に裏返しでお願いします
ありがとうございます
私がYouTubeの撮影で泊まっていることを伝えました
そうしたらなんと・・・
ぜんぜん 大丈夫です すごい
ありがとうございます
今個室を案内してもらいました
ちょっと料理をとってきたいと思います
サラダをはじめスープやパン、パスタ
たまご料理など、いろいろな料理がありました
他のお客さんがいらっしゃったので
全部は撮影できなかったんですけど
本当に種類がたくさんありました
このカレーが本当においしかったので
ぜひ食べてみてください
こんなかんじでとってきました
これがミネストローネスープです
焼きそばとサラダとチキンのトマト煮込みです
いただきます
スープから
朝にスープ飲むのって本当にいいですよね
体が温まります
じゃあゆっくりご飯をいただきます
もちろんコーヒーも飲みました
コーヒーは紙コップに入れると
部屋に持って帰ってゆっくり飲むこともできます
お茶の種類もたくさんありました
今ホットカフェラテとデザートをもらってきました
フルーツとあとケーキです
次はチェックアウトの会話を聞いてみてください
すみません、チェックアウトお願いします
おはようございます
お預かりいたします
お待たせいたしました
チェックアウト完了でございます
ありがとうございます
すみません、荷物をあずかっていただきたいんですが
かしこまりました 少々お待ちくださいませ
壊れ物、貴重品等はございませんか？ はい、ないです 貴重品：きちょうひん
ではこちらの番号札でお預かりいたします 番号札：ばんごうふだ
ありがとうございます いってらっしゃいませ
今番号札をもらいました
すみません
荷物お願いします お預かりいたします
お待たせいたしました
ありがとうございます
いってらっしゃいませ 荷物をもらいました
今日はホテルでチェックインする時と
チェックアウトする時の会話
あとホテルの大浴場なども紹介しました
みなさん、群馬県の高崎に来ることがあったら
ぜひこちらのホテルグランビュー高崎に泊まってみてください
みなさんいつも見てくださって本当にありがとうございます
今日はここまでです また来週お会いしましょう
バイバイ
戻ってきて返してもらうシーンやってもいいですか？
マイクもつけていただいてありがとうございました
またお部屋に戻られますか？ 戻ります ありがとうございます
もう1回部屋に戻ります (お客さんが少ない時間を選んで撮影させてもらいました！)",true,ja,39
40,1,【日本語の会話】タクシー ／ Taxi In Japan,https://www.youtube.com/watch?v=T0JbQ8VeyoU,conversation,2026-07-17T02:59:13.914993+00:00,2026-07-17T02:59:13.914993+00:00,,true,ja,39
41,1,Transportation Vocabulary in Japanese｜From Haneda Airport to Hamamatsucho,https://www.youtube.com/watch?v=01xtlnL137o,vocabulary,2026-07-17T02:59:13.914993+00:00,2026-07-17T02:59:13.914993+00:00,"皆さんこんにちはあね的日本語教室のあね です私は今浜松町駅にいますよく質問で
です私は今浜松町駅にいますよく質問で 羽田空港から東京までどうやって来るんで
羽田空港から東京までどうやって来るんで すかていうコメントがあったので今日は
すかていうコメントがあったので今日は 羽田空行からモノレールに乗って浜松町
羽田空行からモノレールに乗って浜松町 まで来る場面を紹介します最後まで見て
まで来る場面を紹介します最後まで見て もらえたら嬉しいですではご覧
もらえたら嬉しいですではご覧 ください羽田空港第3ターミナルの到着
ください羽田空港第3ターミナルの到着 ロビーに来まし
ロビーに来まし た羽田空港に到着した人はここから出てき
た羽田空港に到着した人はここから出てき ます到着出口の目の前に交通期間の案内が
ます到着出口の目の前に交通期間の案内が あり
あり ます今回私が乗るのはモノレールです
ます今回私が乗るのはモノレールです モノレールで浜松町駅に行き
モノレールで浜松町駅に行き ます浜松町駅から東京駅までは山手線か
ます浜松町駅から東京駅までは山手線か 京浜東北線にのって7分でつき
京浜東北線にのって7分でつき ますウェルカムSuicaの買い方は浅草
ますウェルカムSuicaの買い方は浅草 vlogで紹介したので見て
vlogで紹介したので見て ください今回は切符を買い
ます浜松町駅までは5円 です自動売機には英語
です自動売機には英語 韓語もいてあり
ます日本語に戻し
ますモノレール浜松駅を選び ますお金を入れます兵というのは紙のお金
ますお金を入れます兵というのは紙のお金 のことですお札とも言います
のことですお札とも言います 今回は1000円札を入れます入く
今回は1000円札を入れます入く クレジットカード
クレジットカード はりにりとキップが出てきました取り忘れ
はりにりとキップが出てきました取り忘れ にご注意
ください切符を買ったので改札を通り
ますキップを入れ
ます切符を取り
ます浜松町行きは2番線です今回は10時 14分の空港快速に乗り
14分の空港快速に乗り ます空港快速に乗ると羽田空港第3
ます空港快速に乗ると羽田空港第3 ターミナル駅からたった14分で浜松町に
ターミナル駅からたった14分で浜松町に 行くことができ
行くことができ ますエスカレーターでホームに行き
ますエスカレーターでホームに行き ホームというのは電車に乗ったり降りたり
ホームというのは電車に乗ったり降りたり する場所のこと
する場所のこと ですこちらがモノレールのホームです
ですこちらがモノレールのホームです ちょうどモノレールが来まし
たモノレールに乗り
ます羽田空港第3ターミナルを発車します と終点のモノレール浜松町まで止まりませ
と終点のモノレール浜松町まで止まりませ んのでご注意
んのでご注意 ください終点というのは電車やバスなどが
ください終点というのは電車やバスなどが 最後に行く駅のこと
最後に行く駅のこと です大きな荷物は車内中にある物場をご
です大きな荷物は車内中にある物場をご 利用
利用 くださいさっき終点の意味を説明しました
くださいさっき終点の意味を説明しました ねじゃあ終電の意味は分かりますか終電
ねじゃあ終電の意味は分かりますか終電 終電
終電 終電というのはその日に乗ることができる
終電というのはその日に乗ることができる 最後の電車ですその日の1番遅い時間の
最後の電車ですその日の1番遅い時間の 電車
電車 です
です 例えば地下鉄の終電に間に合わなかった
例えば地下鉄の終電に間に合わなかった からタクシーで帰るしかなかっ
からタクシーで帰るしかなかっ た地下鉄の終電に間に合わなかったから
た地下鉄の終電に間に合わなかったから タクシーで帰るしかなかっ
タクシーで帰るしかなかっ たこの文章の何々しかないは何々以外の
たこの文章の何々しかないは何々以外の 方法がないという意味
方法がないという意味 です皆さんはバスや電車に乗ることが多い
です皆さんはバスや電車に乗ることが多い です
です か毎日乗ります
か毎日乗ります かバスや電車に乗っている時何をしてい
かバスや電車に乗っている時何をしてい ますかコメントで教えてください私はバス
ますかコメントで教えてください私はバス や電車に乗っている時最近は仕事のメの
浜松町駅に着きまし
た大きな荷物やスーツケースを持っている 人が多いです
ね改札を出ます切符を入れ
ますに来たのでちょっと散歩し ましょう浜松町駅のすぐ近くに大門駅が
ましょう浜松町駅のすぐ近くに大門駅が あり
ます浜松町駅から歩いて10分くらいの ところに三城寺という有名なお寺があり
ますこうやってみると本当に立派ですね 同寺
すごいしばらく歩くとまた大きな門が見え ますよねもうあそこの中に入ったらお寺
ますよねもうあそこの中に入ったらお寺 ですさっきの場寺と書いてあったお寺が
ですさっきの場寺と書いてあったお寺が こちらです結構有名なお寺ですもう後ろに
こちらです結構有名なお寺ですもう後ろに お寺の後ろにね東京タワーが見え
お寺の後ろにね東京タワーが見え ますなので浜松町駅
ますなので浜松町駅 から東京川まで歩くことができます15分
から東京川まで歩くことができます15分 くらいかな1番近い駅ではないんですけど
くらいかな1番近い駅ではないんですけど 歩いて行くことができ
ますそしてこっちに見えるのが芝公園です ねこの公園もすごく素敵です
よちょっと公園に入ってみましょう
か
こんな感じですが結構好きなのはもちろん 東京タワーに行くのもいいんです
東京タワーに行くのもいいんです けどこの道ですねここが結構好きです昔
けどこの道ですねここが結構好きです昔 時々歩いてまし
た日通りと書いてあります ね東京なんですけど結構
ね東京なんですけど結構 木がたくさんあってなんて言うんだろうね
木がたくさんあってなんて言うんだろうね こっち側には高いビルもある
こっち側には高いビルもある けどちょっと自然もあって
けどちょっと自然もあって すごく歩いていて気持ちがいい道
すごく歩いていて気持ちがいい道 ですもし浜松町駅の近くのホテルに泊まっ
ですもし浜松町駅の近くのホテルに泊まっ てる人がいたらこういうところを歩くのも
てる人がいたらこういうところを歩くのも すごくいいと思います本当綺麗ですよ今ね
すごくいいと思います本当綺麗ですよ今ね 11月なのでまあちょうど季節的にもいい
11月なのでまあちょうど季節的にもいい ですよねそんなに寒すぎないしそんなに
ですよねそんなに寒すぎないしそんなに 寒くないし暑いわけでもないのでま
寒くないし暑いわけでもないのでま ちょっと長袖では来た方がいいかもしれ
ちょっと長袖では来た方がいいかもしれ ないですけどもう歩くのには最高の気温
ないですけどもう歩くのには最高の気温 ですま今日天気がいいからね本当に散歩
ですま今日天気がいいからね本当に散歩 するのにちょうどいい気温ですせっかくな
するのにちょうどいい気温ですせっかくな ので東京タワーの近くに行ってみたいと
ので東京タワーの近くに行ってみたいと 思いますここから東京タワーまで400m
思いますここから東京タワーまで400m と書いてあります
と書いてあります [拍手]
[拍手] タクシーがたくさん通って
タクシーがたくさん通って ます東京タワーが見えてきましたちょっと
ます東京タワーが見えてきましたちょっと 東京タワーの下まで行ってみましょう人
東京タワーの下まで行ってみましょう人 多いですかね結構ね今日平日なんですけど
多いですかね結構ね今日平日なんですけど 明日が祝日だからかなこれ11月に撮影し
明日が祝日だからかなこれ11月に撮影し てますこの動画出るのは2月かなちょっと
てますこの動画出るのは2月かなちょっと 遅くなっちゃうと思うんです
遅くなっちゃうと思うんです けどはあがいい雲が1つもない
けどはあがいい雲が1つもない ですわあすごく
綺麗やっぱり写真撮ってる人多いです
ね東京タワー目の前なんですけどこっちに 行くとねなんかすごい自然がまたあり
ますはい着きました高すぎて植え取るのが 大変
大変 いやあはい皆さん今日の動画はどうでした
いやあはい皆さん今日の動画はどうでした か羽田空港から浜松町駅まで来てみました
か羽田空港から浜松町駅まで来てみました もしこの動画が参考になったら嬉しいです
もしこの動画が参考になったら嬉しいです 今日はここまでですいつも見てくださって
今日はここまでですいつも見てくださって ありがとうございますまた嬉しお会いし
ありがとうございますまた嬉しお会いし ましょうバイ
ましょうバイ バイ1月はYouTubeやSNSをお
バイ1月はYouTubeやSNSをお 休みしていました皆さん元気にしていまし
休みしていました皆さん元気にしていまし たか今月からまた1週間に1回動画を投稿
たか今月からまた1週間に1回動画を投稿 する予定なので今年もよろしくお願いし
する予定なので今年もよろしくお願いし ますもし皆さんの今年の目標があったら
ますもし皆さんの今年の目標があったら 是非コメントで教えてください一緒に
是非コメントで教えてください一緒に 頑張りましょう今日はここまでですまた
頑張りましょう今日はここまでですまた 来週お会いしましょうバイ
来週お会いしましょうバイ [音楽]
[音楽] バイ",true,ja,39
42,3,Shopping After Work | Japanese Listening Practice,https://www.youtube.com/watch?v=JofrH93Kk1g,listening-practice,2026-07-17T02:59:13.914993+00:00,2026-07-17T02:59:13.914993+00:00,"みなさん、こんにちは
この日は、ある金曜日の夕方です
友人の家に行ってから、３つのお店に行きます
一緒に買い物をしていると思って、見てください
シャドーイングの練習にも使ってみてくださいね
まずは、友人の家に行きます
この道は、前のこの動画で、お祭りがあった道です
楽しいお祭りでしたよ
「湯村温泉」と書いてあります
この通りには、小さな旅館がいくつもあります
向こうで車が止まっています
道が狭いので、待っていてくれました
中学生が楽しそうに話していました
ここを左に曲がります
角度が、急です
曲がれました
ここの道は狭くて、いつも緊張します
ここを右に曲がります
映っていませんが、バイクが来ました
ドキッとしました
この道は、本当に狭いです
友人のrocoさんの家に着きました
「どうぞー」「あ、はーい」
「こんにちはー」「どうぞ、どうぞ」 「どうも、ありがとうございます！」 「いえいえ、とんでもないです」
「今日は」「今日は…オーツ麦？」
「クッキー２つと…それと、あとタルトね」 「はい、タルト楽しみにしてたんです」
「じゃあお金、PayPayでいいですか？」 「PayPay、あ、ちょっと待ってね」「はい、すみません」
「PayPay」は、スマホなどでお金が払えます
「はい、8040円ですね」
「じゃあ送ります」「ありがとうございまーす」 「こちらこそです」
「あ、きたきた」「あ、きました？ はい、よかったです」「ありがとうございまーす」「ありがとうございます」
2023年の11月に、rocoさんの旦那さんが病気になってしまいました
食べていくためには、rocoさんがお金を稼がないといけません
rocoさんはお菓子を作るプロなので
こういうお菓子を売っています
このタルトは最高においしかったです
rocoさんとrocoさんの旦那さん、それから私の夫と私の４人で
去年、紅葉を見に行きました
自由に体が動かせないので
外に行けない旦那さんのために、rocoさんが企画した旅行でした
いちばん下のお子さんが、まだ高校生です
まだまだお金がかかります
サポートしたいと思う方は、ぜひお菓子を買ってください
リンクを概要欄に貼っておきます
このクッキーもすごくおいしかったです
変な添加物も入っていないので、安心です
「はい、気をつけてー」「はい、じゃあまた」
では、帰ります
rocoさんの家を出るときは、この電柱が怖いんです
この反対側にも電柱がありました
ここの左折、左に曲がるのもちょっと怖いんです
無事、曲がれました
さっきの急な角度の道です
帰りは、そんなに大変な感じはしないです
もうすぐ左手に、赤いのぼりが見えます
ここですね
ここはお寺です
道路の上に、旅館の廊下があります
おもしろいですよね
道が狭いので、車がよけてくれました
今度は、私がよけて待ちます
「よける」というのは、何かにぶつかったり当たったりしないようにすることです
ここは、旅館を建てています
12月ごろ、できあがるそうです
できたら、泊まってみたいです
道の明かりがついて、きれいですね
赤信号で止まります
目の前の建物は、ホテルです
皇室の方が山梨に来るときには
このホテルに泊まるそうです
建物の後ろに日本庭園もあって、素敵なんですよ
信号が青になったので、行きましょう
右に曲がります
なぜ、緑の信号を青と言うのか
こちらのポッドキャストで説明しています
中級者・上級者向けなので、日本語は難しいです
よかったら、英語字幕をつけて見てみてください
今度はスーパーに来ました
『ホットスポット』というドラマを見ている人はいますか？
そこに「いちやま」というスーパーが出てきます
ここも「いちやま」です
「いちやま」は、山梨県にあるスーパーです
山梨の人は、みんな知ってるスーパーです
では、食料品を買いましょう
緑の野菜は
小松菜にします
卵を２パック買います
白菜は４分の１で、280円
高いので、買うのはやめます
きゅうりを買います
入口のほうの野菜コーナーに戻ります
トマトを買います
にんじんも買いましょう
２本で140円です
水菜は安いので、水菜を買います
納豆は、毎朝食べるので買います
お刺身を見ましょう
半額でも高いので、買いません
夕方なので、けっこう売れちゃってますね
鮭が半額ですね
買うことにします
お寿司コーナーです
ちょっとおいしそうですが、もちろん買いません
お肉コーナーに来ました
100グラムあたり、151円の豚肉を買います
ひき肉は100グラムあたり、140円ですね
値段が２つ書いてあるとき、高いほうは税金が入っています
レジで払うのは、高いほうの値段です
鶏の胸肉が４割引きですね
40％オフ、という意味です
買いましょう
そろそろ牛乳コーナーです
牛乳も買います
私は毎日カフェラテを飲んでいます
チチヤスヨーグルトを買います
チチヤスヨーグルトは、給食で出ていました
「給食」というのは、小学校とか中学校で、学校で用意してくれるお昼のことです
今でも息子の中学校の給食で、チチヤスヨーグルトが出るそうです
最後に、柿の種を買います
柿の種は、本物の柿の種ではありません
形が似ているので、「柿の種」という名前をつけたようです
実際は、おせんべいみたいな、お米でできたお菓子です
そこに、ピーナッツが入っています
では、お会計をします
ここはセルフレジです
「合計点数は、24点です」
「お支払い方法を…、クレジットでお会計ですね」
「お支払い金額を確認し、クレジットカードを読ませてください」
「レシートをお受け取りください。 ありがとうございました」
では、次のお店に行きます
ここは「ダイレックス」というドラッグストアです
洗剤とキャットフードが買いたいです
まずは、洗剤です
これを２つ買います
ここを曲がると、キャットフードコーナーがあります
猫の缶詰を買います
それから、カリカリも買いたいです
「カリカリ」というのは、猫や犬のドライフードのことです
噛むときに、カリカリ音がするので「カリカリ」とよびます
うちには、猫が２匹います
クロとテトです
テトは、カリカリを噛まないで食べて
全部吐きます
なので、吐かないタイプのカリカリを買いたいです
これは良さそうなんですが
「室内猫用」って書いてあります
うちの猫は外に行くので、これはやめます
別のお店で買うことにします
クロが好きな、このカリカリを買います
冷凍食品のコーナーに来ました
子どものおやつを何か買いたいです
冷凍の焼きおにぎりにします
「焼きおにぎり」は、おにぎりに醤油をつけて焼いたものです
では、レジに行きましょう
「お願いします」
「あ、すいません」「お預かりいたします」
こっちはお金を払う機械です
「ポイントカードお持ちですか？」「あ、持ってないです」
「はい、2694円のお買い上げでございます」 「カードもこっちですか？」「こちらでお願いします」
「すみません、ありがとうございます」
「お支払い回数を選択し、確定ボタンを押してください」
「１番の端末で操作してください」
「変更がある場合は、戻るボタンを押してください」
「おわりボタンを押してください」
「クレジットカード、レシートをお受け取りください」
「お忘れ物にご注意ください」
必要な物が買えました
次は、あそこの業務スーパーに行きます
駐車場が別なので、一度出て
ここから入ります
ここには、ダイソーもあります
「業務スーパー」は、全国にあります
人気のあるスーパーです
業務スーパーでしか売っていないものなどもあります
私は、これを買いに業務スーパーに来ました
息子がこれが大好きなんです
これは、業務スーパーにしか売っていません
ついでに、このヤンニョムチキンも買ってみることにしました
このパクパクチキンというのも買ってみます
パクパクチキンの「パクパク」は、たぶん「パクパク食べる」のパクパクだと思います
焼きおにぎりを、もう１つ買います
では、レジに行きましょう
「すみません、お願いします」 「お預かりします。ポイントカードはお持ちですか？」 「あ、持ってないです」
「ポイントカードお持ちですか？」は、よく聞かれる質問です
「５点で2094円になります」 「カードでお願いします」「上から差し込みお願いします」
「差し込みお願いします」も、よく聞く表現です
「カードありがとうございます」
「レシート、ご利用明細になります」 「はい、ありがとうございます」
このあとは、家に帰ります
みなさんは、同じ日にお店に何軒も行ったりしますか？
ぜひコメントで教えてください
コメント全部読んでます
今日、紹介したいコメントはこれです
オーサムさんからです
外国で日本語を教えている外国人で、いつも先生の動画を授業の前に学生たちに見せたりおすすめしたりしています
私もいつも、面白く見ています
日本での生活が懐かしくなります。ありがとうございます
大変だと思いますが、今みたいにいい動画たくさん作ってください！
応援します！
オーサムさん、ありがとうございます
日本語の先生なんですね！
私の動画を、たくさんの人に見てもらいたいと思っているので
授業で使っていただけて、とてもうれしいです
これからもいい動画を作りますので、どうぞよろしくお願いします
ほかのみなさんも、ぜひこのチャンネルや、気に入った動画をいろんな人におすすめしてもらえるととてもうれしいです
たくさん見てもらえると、収益につながるので、動画作りを続けられます
ぜひよろしくお願いします
この動画を見てくださっている、みなさんへ
私は自信を持って日本語を話せるように、お手伝いしたいと思っています
そのために、発音、リズム、アクセント、イントネーションを改善するためのコースを作りました
もし、日本人と話すときにもっと自信を持ちたいと感じているなら、ぜひ私のサブスクリプションコースをチェックしてみてください
リンクは動画の概要欄にあります
最後まで見てくれて、ありがとうございます！
この動画がよかったら、高評価、友達にシェア、そしてチャンネル登録をお願いします
よい１日を！
またねー",true,ja,50
43,2,🎧20 First-Meeting Questions with 60 Sample Answers【👥Interactive Japanese Conversation Practice】,https://www.youtube.com/watch?v=VbzFrVCB7mc,conversation,2026-07-17T02:59:13.914993+00:00,2026-07-17T02:59:13.914993+00:00,"今日もお疲れ様です。日本語チューターの カナです。え、今回は、え、日本で初めて
カナです。え、今回は、え、日本で初めて 会った人が日本語でよく聞く質問を20個
会った人が日本語でよく聞く質問を20個 集めました。それぞれの質問には答え方の
集めました。それぞれの質問には答え方の 例を3種類ずつ用意しています。まずは
例を3種類ずつ用意しています。まずは 会話の例を聞いてみましょう。その後
会話の例を聞いてみましょう。その後 シャドウイングとロールプレイで練習し
シャドウイングとロールプレイで練習し ます。それでは意味を確認しながら聞いて
ます。それでは意味を確認しながら聞いて ください。
ください。 旅行ですか?
旅行ですか? はい、旅行で来てます。ここら辺に住んでて、あ、実は留学中で
どちらからですか? 北海道です。韓国のウルさんていう町なんですけど、え、オーストラリアからです。
出身はポーランドなんですけど、
どんなところなんですか? 冬は雪が多くて雪祭りっていう有名なお祭りがあるんですけどうーん。自然が多くて食べ物美味しいですよ。結構街がコンパクトなので生活しやすいですね。日本に来るのは何回目ですか?
回目です。初めてです。
何回目だろう?
日本には何しに来てるんですか? あ、仕事で来てて友達に会いに来ててスキーしに来てますね。
どのくらい滞在する予定なんですか?
週間くらいです。 10日くらいですね。
10日くらいですね。 1ヶ月ぐらいです。
どのくらい北海道に住んでるんですか? 今年の4月で2
今年の4月で2 年になりますね。まだ半年くらいです。まだ
1ヶ月くらいです。
どの辺に住んでるんですか? 東区の方です。駅の近くです。ここから歩いて
15分くらいのとこですね。
日本に来てどのくらいですか?
ヶ月くらいですね。先週来たばっかりです。もうすぐ
1年です。
日本の生活どうですか? だいぶ慣れてきました。まだちょっと大変ですね。
あ、僕にとっては住みやすいかなって思います。
もうどこか行きましたか? まだ全然ですね。はい。
まだ全然ですね。はい。
日前に京都に行きました。まだ東京しか行けてないですね。
日本語はどのくらい勉強してるんですか?
年くらいです。去年の春からしてます。
勉強したりしなかったりでちゃんと勉強し始めたのは最近ですね。どうやって勉強してるんですか?
アニメとかドラマとかあと YouTube
YouTube も見たりして勉強してますね。学校で勉強してます。ラジオ聞いたり日本人の友達と話しながらですかね。
日本語に興味持ったきっかけってなんかあるんですか?
前から日本の文化に興味があったので仕事で日本人の同僚と仲良くなって旅行で日本に来るのが好きで日本の人ともっと日本語で話せたらなと思って日本語難しくないですか?
はい。 感じがね、聞くのはいいんですけど、話すのがまだちょっと難しいです。細かいニュアンスがまだまだ難しいですね。
日本で働いてるんですか? はい、そうです。今は日本語学校で勉強中です。
今ちょうど仕事を探してるところで
お仕事は何されてるんですか? IT
IT 系です。今は学生です。ホテルで働いてます。
日本の食べ物どうですか? いや、全部美味しいですね。
まだあんまり食べてなくてなんかおすめありますか?最初はあっさりしてるイメージだったんですけど、思ってたより濃いめですね。
今まで行ったところでどこが 1番良かったですか?
1番良かったですか? うーん、僕は広島が好きですね。ダトで北海道が好きです。大阪最高でしたよ。
何が良かったんですか? 景色が綺麗でご飯も全部美味しかったですね。食べ物もいいんですけど、やっぱり雰囲気がなんか好きでしたね。とにかく人がフレンドリーで楽しかったです。字幕を見ながら音声を聞いて少し遅れてピートしてみましょう。
旅行ですか? はい、旅行で来てます。はい、旅行で来てます。や、ここら辺に住んでて。いや、ここら辺に住んでて。あ、実は留学中で。あ、実は留学中で。
どちらからですか? 北海道です。北海道です。
北海道です。北海道です。 韓国のウルさんっていう町なんですけど。
韓国のウルさんっていう町なんですけど。 韓国のウルさんていう町なんですけど、
韓国のウルさんていう町なんですけど、 え、オーストラリアからです。出身は
え、オーストラリアからです。出身は ポーランドなんですけど。え、
ポーランドなんですけど。え、 オーストラリアからです。出身は
オーストラリアからです。出身は ポーランドなんですけど。
ポーランドなんですけど。 どんなところなんですか?
どんなところなんですか? 冬は雪が多くて雪祭りっていう有名なお祭りがあるんですけど冬は雪が多くて雪祭りっていう有名なお祭りがあるんですけどうーん。自然が多くて食べ物ですよ。うーん。自然が多くて食べ物ですよ。結構街がパクトなので生活しですね。
結構街がコンパクトなので生活しやすいですね。日本に来るのは何回目ですか?
回目です。3 回目です。初めてです。初めてです。何回目だろう?何回目だろう?
日本には何しに来てるんですか? あ、仕事で来てて。
あ、仕事で来てて。 あ、仕事で来てて友達に会員して来てて。友達に会員して来て。スキーしに来てますね。スキーしに来てますね。どのくらい滞在する予定なんですか?
週間くらいです。 1週間くらいです。
1週間くらいです。 10日くらいですね。
10日くらいですね。 10日くらいですね。
10日くらいですね。 1ヶ月ぐらいです。
1ヶ月ぐらいです。 1ヶ月ぐらいです。
どのくらい北海道に住んでるんですか?今年の
4月で2年になりますね。今年の 4月で2
4月で2 年になりますね。まだ半年くらいです。まだ半年くらいです。まだ
1ヶ月くらいです。まだ
ヶ月くらいです。どの辺に住んでるんですか?
東区の方です。 東区の方です。駅の近くです。駅の近く
東区の方です。駅の近くです。駅の近く です。
です。 ここから歩いて15分くらいのとこですね
ここから歩いて15分くらいのとこですね 。ここから歩いて15分くらいのとこです
。ここから歩いて15分くらいのとこです ね。
日本に来てどのくらいですか?3 ヶ月くらいですね。
ヶ月くらいですね。 3ヶ月くらいですね。
3ヶ月くらいですね。 先週来たばっかりです。
先週来たばっかりです。 来たばっかりです。もうすぐ
1年です。もうすぐ 1年です。日本の生活どうですか?
だいぶ慣れてきました。だいぶ慣れてきました。まだちょっと大変ですね。まだちょっと大変ですね。ああ、僕にとっては住みやすいかなって思います。
ああ、僕にとっては住みやすいかなって思います。もうどこか行きましたか?
まだ全然ですね。まだ全然ですね。はい。
3日前に京都に行きました。はい。
日前に京都に行きました。まだ東京しか行けてないですね。まだ東京しか行けてないですね。
日本語はどのくらい勉強してるんですか?
年くらいです。去年の春からしてます。去年の春からしてます。勉強したりしなかったりでちゃんと勉強し始めたのは最近ですね。勉強したりしなかったりでちゃんと勉強し始めたのは最近ですね。
どうやって勉強してるんですか? アニメとかドラマとかあと
アニメとかドラマとかあと YouTube
YouTube も見たりして勉強してますね。アニメとかドラマとかあと
YouTube も見たりして勉強してますね。学校で勉強してます。学校で勉強してます。ラジオ聞いたり日本人の友達と話しながらですかね。ジオ聞いたり日本人の友達と話しながらですかね。
日本語に興味持ったきっかけってなんかあるんですか?
前から日本の文化に興味があったので前から日本の文化に興味があったので仕事で日本人の同僚と仲良くなって仕事で日本人の同僚と仲良くなって旅行で日本に来るのが好きで日本の人ともっと日本語で話せたらなと思
って旅行で日本に来るのが好きで日本の人ともっと日本語で話せたらなと思って。日本語難しくないですか?
はい。漢字がね。はい。感じがね。聞くのはいいんですけど話すのがまだちょっと難しいです。
聞くのはいいんですけど、話すのがまだ ちょっと難しいです。
細かいニュアンスがまだまだ難しいすね。 細かいニュアンスがまだまだ難しいすね。
日本で働いてるんですか?はい、そうです 。
。 はい、そうです。
はい、そうです。 今は日本語学校で勉強中です。今は日本語
今は日本語学校で勉強中です。今は日本語 学校で勉強中です。
学校で勉強中です。 今ちょうど仕事を探してるところで
今ちょうど仕事を探してるところで 今ちょうど仕事を探してるところで
お仕事は何されてるんですか?IT系です 。IT系です。今は学生です。今は学生
。IT系です。今は学生です。今は学生 です。
です。 ホテルで働いてます。ホテルで働いてます。
日本の食べ物どうですか? いや、全部美味しいですね。いや、全部美味しいですね。
まだあんまり食べてなくてなんかおすめ ありますか?
ありますか? まだあんまり食べてなくてなんかおすめ
まだあんまり食べてなくてなんかおすめ ありますか?
ありますか? 最初はあっさりしてるイメージだったん
最初はあっさりしてるイメージだったん ですけど思ってたより濃いめですね。
ですけど思ってたより濃いめですね。 最初はあっさりしてるイメージだったん
最初はあっさりしてるイメージだったん ですけど思ってたより濃いめですね。
今まで行ったところでどこが 1番良かったですか?
1番良かったですか? うーん、僕は広島が好きですね。うーん。僕は広島が好きですね。トで北海道が好きです。トで北海道が好きです。大阪最高でしたよ。大阪最高でしたよ。何が良かったんですか?
景色が綺麗でご飯も全部美味しかったですね。
景色が綺麗でご飯も全部美味しかったです ね。
ね。 食べ物もいいんですけどやっぱり雰囲気が
食べ物もいいんですけどやっぱり雰囲気が なんか好きでしたね。食べ物もいいんです
なんか好きでしたね。食べ物もいいんです けどやっぱり雰囲気がなんか好きでしたね
けどやっぱり雰囲気がなんか好きでしたね 。とにかく人がフレンドリーで楽しかった
。とにかく人がフレンドリーで楽しかった です。とにかく人がフレンドリーで
です。とにかく人がフレンドリーで 楽しかったです。
楽しかったです。 字幕を見ながら自分で声に出して答えてみましょう。旅行ですか?はい。旅行できてます。
いや、ここら辺に住んでて、あ、実は留学中で
どちらからですか?
北海道です。
韓国のウルさんていう街なんですけど、え、オーストラリアからです。
出身はポーランドなんですけど、
どんなところなんですか?冬は雪が多くて雪祭りっていう有名なお祭りがあるんですけどうーん。自然が多くて食べ物ですよ。
結構街がコンパクトなので生活しやすいですね。日本に来るのは何回目ですか?
回目です。初めてです。
何回目だろう?
日本には何しに来てるんですか?
あ、仕事で来てて友達に会員に来ててスキーしに来てますね。
どのくらい滞在する予定なんですか?
週間くらいです。
10日くらいですね。
1ヶ月ぐらいです。
どのくらい北海道に住んでるんですか?
今年の4月で2 年になりますね。まだ半年くらいです。まだ
1ヶ月くらいです。
どの辺に住んでるんですか?
東区の方です。
駅の近くです。ここから歩いて
15分くらいのとこですね。
日本に来てどのくらいですか?
ヶ月くらいですね。先週来たばっかりです。
もうすぐ1 年です。日本の生活どうですか?
だいぶ慣れてきました。まだちょっと大変ですね。ああ、僕にとっては住みやすいかなって思います。
もうどこか行きましたか?
まだ全然ですね。はい。
日前に京都に行きました。まだ東京しか行けてないですね。
日本語はどのくらい勉強してるんですか?
年くらいです。去年の春からしてます。勉強したりしなかったりで、ちゃんと勉強し始めたのは最近ですね。
どうやって勉強してるんですか?
アニメとかドラマとか、あと YouTubeも見たりして勉強してます
YouTubeも見たりして勉強してます ね。
学校で勉強してます。
ラジオ聞いたり日本人の友達と話しながらですかね。
日本語に興味持ったきっかけってなんか あるんですか?
前から日本の文化に興味があったので
仕事で日本人の同僚と仲良くなっで、
旅行で日本に来るのが好きで日本の人と もっと日本語で話せたらなと思って
日本語難しくないですか?
はい。感じがね、
聞くのはいいんですけど、話すのがまだ ちょっと難しいです。
細かいニュアンスがまだまだ難しいすね。
日本で働いてるんですか?
はい、そうです。今は日本語学校で勉強中です。今ちょうど仕事を探してるところで。
お仕事は何されてるんですか?
IT 系です。今は学生です。ホテルで働いてます。
日本の食べ物どうですか?
いや、全部美味しいですね。
まだあんまり食べてなくてなんかおすめ ありますか?
最初はあっさりしてるイメージだったん ですけど思ってたより濃いめですね。
今まで行ったところでどこが 1番良かったですか?
うーん。僕は広島が好きですね。トで北海道が好きです。大阪最高でしたよ。
何が良かったんですか?
景色が綺麗でご飯も全部美味しかったです ね。
食べ物もいいんですけど、やっぱり雰囲気 がなんか好きでしたね。
とにかく人がフレンドリーで楽しかったです。
最後は字幕なしです。質問を聞いて自分のオリジナルの答えを言ってみましょう。まだ答えがすぐに思い浮かばない人は一度この動画を止めて考えてから挑戦してもオッケーです。
旅行ですか?
どちらからですか?
どんなところなんですか?
日本に来るのは何回目ですか
日本には何しに来てるんですか?
どのくらい滞在する予定なんですか?
どのくらい北海道に住んでるんですか?
どの辺に住んでるんですか
日本に来てどのくらいですか?
日本の生活どうですか?
もうどこか行きましたか
日本語はどのくらい勉強してるんですか?
どうやって勉強してるんですか
日本語に興味持ったきっかけってなんか あるんですか?
日本語難しくないですか
日本で働いてるんですか?
お仕事は何されてるんですか
日本の食べ物どうですか?
今まで行ったところでどこが1番良かった ですか?
何が良かったたんですか?
お疲れ様でした。え、この動画で何度も 質問に答える練習をして、え、初めて会っ
質問に答える練習をして、え、初めて会っ た人との会話を是非楽しんでください。",true,ja,52
44,1,【ビジネス日本語】電話対応の基礎ー[Business Japanese] Basics of telephone correspondence,https://www.youtube.com/watch?v=ttLP3PGpBuM,conversation,2026-07-17T02:59:13.914993+00:00,2026-07-17T02:59:13.914993+00:00,"みなさーんこんにちはあ日目です 皆さん元気ですか大丈夫ですか
皆さん元気ですか大丈夫ですか 今日は日本語上級者向けの内容です
今日は日本語上級者向けの内容です 私が以前一般企業で働いていた時に a までどういう会話をしていたか
私が以前一般企業で働いていた時に a までどういう会話をしていたか 一つの例をお見せしたいと思います
一つの例をお見せしたいと思います 実際に今ビジネスの電話の内容をここで録音することはちょっと難しいので私が電話を
実際に今ビジネスの電話の内容をここで録音することはちょっと難しいので私が電話を しているフリをします
しているフリをします ますでもほんとに
ますでもほんとに 以前働いていた場所で電話をしていた時に使っていた単語とか文章を使っています
以前働いていた場所で電話をしていた時に使っていた単語とか文章を使っています ちなみに私は日本語の先生になるまえば
ちなみに私は日本語の先生になるまえば 日本の一般企業で5年以上働いていました
日本の一般企業で5年以上働いていました 会社によってデー音の出方にもルールがあると思うんですが一つの参考として見て
会社によってデー音の出方にもルールがあると思うんですが一つの参考として見て もらえたらうれしいです
もらえたらうれしいです これからお見せする電話の場面を見ながら電話対応のビジネスマナーのポイントをいく
これからお見せする電話の場面を見ながら電話対応のビジネスマナーのポイントをいく つかご紹介していきたいとおもいます
つかご紹介していきたいとおもいます 最初はちょっと
最初はちょっと 字幕なしで見てみましょうではどうぞ
字幕なしで見てみましょうではどうぞ ああああ
adc 生じ人事部でございます
磯野大変お世話になっております
申し訳ありません中川ただいま外出しておりまして本日の3時ごろ戻る予定なんですが
はい承知しました腕幅も教えていただいてもよろしいですか
はい複勝いたします039876 5432でよろしいですか
はいでは中川が来たしないお電話いたします はいせいたします
どうですか聞い取れましたか1文ずつ解説をしていきます まず最初私は便は出た時に
まず最初私は便は出た時に adc 賞二神宿でございます abc 生じ
adc 賞二神宿でございます abc 生じ 人事部でございますと言いました
人事部でございますと言いました ビジネスの電話では最初に出るときにもしもし
ビジネスの電話では最初に出るときにもしもし を言いませんだいたいすぐに会社名を言います
を言いませんだいたいすぐに会社名を言います で次がいつも大変お世話なっております
で次がいつも大変お世話なっております いつも大変お世話になっておりますこれはもう決まり文句です
いつも大変お世話になっておりますこれはもう決まり文句です メールでも使うし電話でも使います後の人に直接会った時も
メールでも使うし電話でも使います後の人に直接会った時も ビジネスの場面ならよく使いますねこれはもう決まり文句です
ビジネスの場面ならよく使いますねこれはもう決まり文句です でこの電話の設定は相手は私の上司の中川部長に電話をかけました
でこの電話の設定は相手は私の上司の中川部長に電話をかけました でも中川部長は今いないという設定です申し訳ありません中川例えば外出しておりまし
でも中川部長は今いないという設定です申し訳ありません中川例えば外出しておりまし て本日の3時ごろ戻る予定なんですが
て本日の3時ごろ戻る予定なんですが ん
ん そして私は今いないから申し訳ありません
そして私は今いないから申し訳ありません まず最初に謝りましたで次ですね
まず最初に謝りましたで次ですね 中川はただいま外出しておりましてと言いました
中川はただいま外出しておりましてと言いました 社外の人と話すときは自分と同じ会社で働いている人の名前に
社外の人と話すときは自分と同じ会社で働いている人の名前に さんや社長ギャップ町下丁をつけてはいけません
さんや社長ギャップ町下丁をつけてはいけません なので私は中川というふうに中川
なので私は中川というふうに中川 だけ名前だけ
だけ名前だけ いいました中川ただいま外出しておりまして外出は外へ出ているという意味ですね
いいました中川ただいま外出しておりまして外出は外へ出ているという意味ですね つまり今会社にいないという意味です
つまり今会社にいないという意味です 本日の3時ごろ戻る予定なんですが
本日の3時ごろ戻る予定なんですが 戻るこの場合の戻るは会社に帰ってくるという意味です
戻るこの場合の戻るは会社に帰ってくるという意味です たぶん3時ぐらいに戻ってくると思うんですけどというふうに
たぶん3時ぐらいに戻ってくると思うんですけどというふうに a
a 最後までハッキリ言わずに相手がどうしたいかをここでちょっと
最後までハッキリ言わずに相手がどうしたいかをここでちょっと 聞こうとしています
聞こうとしています で次にはい承知しました腕や孫教えて頂いてもよろしいですか
で次にはい承知しました腕や孫教えて頂いてもよろしいですか はい承知しましたお部屋番号を教えて頂いてもよろしいですか
はい承知しましたお部屋番号を教えて頂いてもよろしいですか という風に聞きました相手は中川部長が帰ってきたら自分に電話をしてほしいという
という風に聞きました相手は中川部長が帰ってきたら自分に電話をしてほしいという ことをここで
ことをここで 入っている設定になりますなので私はあなたの電話番号を教えてくださいという風にお
入っている設定になりますなので私はあなたの電話番号を教えてくださいという風にお 願いをしました
願いをしました レスナーと電話番号をメモしていて副賞いたしませ
レスナーと電話番号をメモしていて副賞いたしませ はい複勝いたします副賞というのは相手が言った事をもう一度自分が確認したいときに
はい複勝いたします副賞というのは相手が言った事をもう一度自分が確認したいときに 繰り返して言うことが副将です
繰り返して言うことが副将です 6電話番号とか住所を聞いたときに私は確認したいから
6電話番号とか住所を聞いたときに私は確認したいから 繰り返しますよいいますよという時に復唱します複勝いたしますと言います
繰り返しますよいいますよという時に復唱します複勝いたしますと言います そして電話番号を言いました03987654320よろしいですか
そして電話番号を言いました03987654320よろしいですか ってジェロさん987654さんにでよろしいですか
ってジェロさん987654さんにでよろしいですか よろ
よろ c ですかわいいですか大丈夫ですか間違えなかったですかというふうに相手に確認を
c ですかわいいですか大丈夫ですか間違えなかったですかというふうに相手に確認を しました
しました でその後がはいでは中川きた白井
でその後がはいでは中川きた白井 お電話いたしますでは中川派記者次第お電話いたします
お電話いたしますでは中川派記者次第お電話いたします と言いましたここでも中川さんとか
と言いましたここでも中川さんとか 中川部長という風に言わないで
中川部長という風に言わないで 中川だっけ入っていますね
中川だっけ入っていますね 中川部長が帰ってきたらお電話しますよというふうに伝えました
中川部長が帰ってきたらお電話しますよというふうに伝えました 最後電話を切るときは必ずはいせ致します失礼致します
最後電話を切るときは必ずはいせ致します失礼致します と言います友達とか家族だったら
と言います友達とか家族だったら バイバイとかまたねーと言えますが
バイバイとかまたねーと言えますが ビジネスではそれは言ってはいけません
ビジネスではそれは言ってはいけません 失礼致しますと言います
失礼致しますと言います はい皆さんどうでしたかビジネスの電話で話す時の言葉と友達や家族と話す時の電話の
はい皆さんどうでしたかビジネスの電話で話す時の言葉と友達や家族と話す時の電話の 言葉は
言葉は 全然違うと思いますなので結構難しいですよね
全然違うと思いますなので結構難しいですよね 最後にさっきの電話の内容に全部字幕をつけて
お見せするのでもう一度確認してみてください このビデオが参考になったら嬉しいです今日はここまでですありがとうございました
このビデオが参考になったら嬉しいです今日はここまでですありがとうございました favor
abc 生じ人事部でございます
磯野大変お世話になっております
申し訳ありません中川ただいま外出しておりまして本日の3時ごろ戻る予定なんですが
はい承知しましたお寺な御教えて頂いてもよろしいですか
[音楽] はいっ
はいっ
はい複勝いたします039876 5432でよろしいですか
はいでは中川が来たしないお電話いたします 俳聖いたします
[音楽]",true,ja,48
45,1,【日本語の単語】日本で家を探すときに使う単語 ／ Japanese Apartment In Tokyo,https://www.youtube.com/watch?v=lVSJn53pUsI,vocabulary,2026-07-17T02:59:13.914993+00:00,2026-07-17T02:59:13.914993+00:00,,true,ja,84
46,2,#08 Real Japanese for Phone Reservation📞 | Shadowing & Role Play Practice,https://www.youtube.com/watch?v=5Ww2o3_y2E8,shadowing,2026-07-17T02:59:13.914993+00:00,2026-07-17T02:59:13.914993+00:00,"今日もおつかれさまです！
日本語チューターのカナです。
みなさんはレビューを見て、
おいしそうだなと思って行ったお店が、
とっても人気で、もう席（せき）がない😢
という経験（けいけん）したことはないですか？
みなさんが、ほんとうに行（い）きたいというお店に
安心（あんしん）して行けるように、
今回は、電話（でんわ）でお店を予約（よやく）するときの
会話（かいわ）を練習（れんしゅう）します。
この動画（どうが）は、
実際（じっさい）に、わたしが居酒屋（いざかや）に
予約（よやく）の電話（でんわ）をした時の
会話（かいわ）をもとに、つくりました。
店員さんのフレーズ、聞き取れましたか？
この動画のさいごには、ぜんぶ分かるようになります！
このレッスンは、3つのステップがあります。
この会話（かいわ）、どれくらいわかりますか？
まずは翻訳（ほんやく）なしで、聞（き）いてみましょう。
個室（こしつ）を予約したいとき
プラン / コースを予約したいとき
どうでしたか？
ほかの言語（げんご）で電話（でんわ）って、
いちばんむずかしいし、緊張（きんちょう）しますよね。
いまはインターネットで予約（よやく）できる
お店が増（ふ）えていますが、
ときどき、電話（でんわ）でしか予約できないお店とか、
当日、その日の予約（よやく）になると、
電話（でんわ）でしか予約できないお店もあるので、
ぜひ、このレッスンで
予約（よやく）の電話（でんわ）の会話をマスターしましょう
まず、会話(かいわ)の最初（さいしょ）から見てみましょう。
どうやって予約（よやく）したいということを
言っていましたか？
「お電話（でんわ）ありがとうございます」
「居酒屋（いざかや）・まとぺ です」
あ、もしもし。
「はい」
えっと、予約（よやく）をお願（ねが）いしたいんですけど...
「はい」
えっと、予約（よやく）をお願（ねが）いしたいんですけど...
これは予約（よやく）するときに
いちばん最初（さいしょ）によく言うフレーズです。
「〜&lt;font color=#FF0000FF&gt;んですけど&lt;/font&gt;...」 を言うと、
いまから予約（よやく）の話（はなし）をしますよ
ということを、店員さんに知（し）らせることができます。
たとえば、
「もしもし、あしたの7時(しちじ)から3名（さんめい）で」
「予約（よやく）をお願いします！」
と言うと、
ちょっと、「おぉ...急（きゅう）だな...」
という感（かん）じがするかもしれないので、
店員さんが、心（こころ）の準備（じゅんび）ができるように
さいしょに、「予約（よやく）をお願いしたいんですけど...」
と、ひとこと言うと、そのあとは、とてもスムーズです。
そのあとを聞（き）いてみましょう。
「お電話（でんわ）ありがとうございます」
「居酒屋（いざかや）・まとぺ です」
あ、もしもし。
「はい」
えっと、予約（よやく）をお願（ねが）いしたいんですけど...
「はい」
今日（きょう）の6時半（ろくじはん）から2人（ふたり）で
まだ席（せき）って空（あ）いてますか？
きょうの6時半（ろくじはん）から2人（ふたり）で
まだ席（せき）って空（あ）いてますか？
きょうの6時半（ろくじはん）から2人（ふたり）で
まだ席（せき）って空（あ）いてますか？
「いつですか？」 「今日（きょう）」
「何時（なんじ）ですか？」 「6時半（ろくじはん）から」
「何人（なんにん）ですか？」 「2人（ふたり）」
この順番（じゅんばん）で言うと、スムーズです。
わかりやすいですね。
このときは、その日（= 当日（とうじつ）） に、
予約(よやく)したので、今日（きょう）と言っていますが、
たとえば、もうすこし前（まえ）に予約（よやく）するときは、
「今週（こんしゅう）の金曜日（きんようび）の」
「6時半（ろくじはん）」と言ったり、
「3月20日（さんがつはつか）の6時半（ろくじはん）」
と言ったりできます。
「まだ席（せき）って空（あ）いてますか？」
「席（せき）」は、飲食店（いんしょくてん）の
テーブルのことですね。
「空（あ）いてますか？」は、
「空（あ）いている」 は、飲食店（いんしょくてん）で
よく聞（き）く ことば です。
店員（てんいん）さんが、
「空（あ）いてるお席（せき）へどうぞー」
と言いますね。
ここでは、「誰（だれ）も予約（よやく）していない」
「席（せき）はまだありますか？」 ということですね。
電話（でんわ）した その日の夜(よる)の
予約(よやく)だったので、
「もう空（あ）いていないかもしれない」 と思って、
「まだ空（あ）いてますか？」 と聞（き）きました。
たとえば、いつも人気（にんき）で
予約（よやく）が とりづらいお店を予約するときも、
「まだ空（あ）いてますか？」と聞（き）くこともできますね。
もし、もうすこしまえに予約（よやく）していたら、
「3月20日（さんがつはつか）の6時半（ろくじはん）から」
「2人（ふたり）でお願（ねが）いします。」
さいごに、「お願（ねが）いします」と言って大丈夫です。
「3月20日（さんがつはつか）の6時半（ろくじはん）から」
「2人（ふたり）でお願（ねが）いします。」
「3月20日（さんがつはつか）の6時半（ろくじはん）から」
「2人（ふたり）でお願（ねが）いします。」
じゃあ、このあとに、
店員（てんいん）さんが、なんて言っているか
聞（き）いてみましょう。
今日（きょう）の6時半（ろくじはん）から2人（ふたり）で
まだ席（せき）って空（あ）いてますか？
「１８（じゅうはち）時半（じはん）から」
「２名様（にめいさま）ですね」
「少々（しょうしょう）お待（ま）ちください」
はーい。
「えっとー...お席（せき）の方（ほう）がですねー」
「一応（いちおう）テーブル席（せき）が」
「空（あ）いてるんですけれども」
はい
「お席（せき）のほうがですね...」
この「方（ほう）」は、なんですか？
もともと、「方（ほう）」は、
「方向（ほうこう）」や、 「２つあるもののうちの１つ」
という意味（いみ）なんですが、
ここで、店員さんが言った「方(ほう)」には、
特（とく）に意味（いみ）はないんですよね。
お店（みせ）のひとが、名詞（めいし）を言うときに、
丁寧（ていねい）に聞（き）こえるように、
「方（ほう）」を使（つか）うことがあります。
たとえば、よく聞（き）くのは
「お名前（なまえ）のほうを」
「お伺（うかが）いしてよろしいでしょうか？」ですね。
これは 「おなまえを、おうかがいしてよろしいでしょうか？」
「お名前（なまえ）を聞（き）いていいですか？」
と意味（いみ）は同（おな）じですが、
もっと丁寧(ていねい)にしたいという時（とき）に、
「方（ほう）」 をつかっていると思います。
「これは、正（ただ）しい敬語（けいご）じゃないので、」
「使（つか）わないほうがいいよ。」
という人も多（おお）いんですけど、
お店の人がよく使（つか）っているのを
聞（き）くと思うので、
知（し）っておくのはいいと思います。
そのあとに、店員さんが、
「一応（いちおう）、テーブル席（せき）が」
「空（あ）いているんですけれども...」
と言っていました。
ここでの「一応（いちおう）」は、
どういう意味（いみ）ですかね？
「完全（かんぜん）じゃないけど、いまのところは」
という意味（いみ）です。
じゃあ、続（つづ）きを聞（き）いてみましょう！
「えっとー...お席（せき）の方（ほう）がですねー」
「一応（いちおう）テーブル席（せき）が」
「空（あ）いてるんですけれども」
はい
「えっとー、ほかの、団体様（だんたいさま）が」
「もし いらっしゃった場合は、」
「カウンターにご移動（いどう）いただく」
「形(かたち)になるんですけれども、」
わかりました。
それは、全然大丈夫（ぜんぜんだいじょうぶ）です。
ここ、聞（き）き取（と）り、むずかしかったですね。
「ほかの団体様（だんたいさま）が」
「もし、いらっしゃった場合（ばあい）は」
団体様（だんたいさま）は、
だいたい ５人（ごにん） 以上（いじょう）のグループの
お客さんのことを言っています。
「もし、いらっしゃった場合（ばあい）」
「いらっしゃった」は、
「来(き)た」という意味（いみ）の
尊敬語（そんけいご）ですね。
「グループのお客さんが、来（き）たときは...」
という意味（いみ）になります。
「カウンターにご移動（いどう）いただく」
「形（かたち）になるんですけれども」
「カウンターにご移動（いどう）いただく」
「移動（いどう）する」という動詞（どうし）を使ってますね。
たとえば、「人が多（おお）くて、見（み）えないので」
「人が少（すく）ないところに移動（いどう）します。」
こういうふうに使（つか）います。
この 【 ご + 漢字のことば + いただく 】 は、
お店の人が、お客さんに 「〇〇してください。」
と、丁寧（ていねい）におねがいするときに使います。
さいごに、「形（かたち）になるんですけれども」
と、言っていました。
「そういう状態（じょうたい）になります。」
という意味（いみ）で使っていて、
これも丁寧（ていねい）な文末（ぶんまつ）の
表現（ひょうげん）ですね。
これも、あまり意味（いみ）はないので、
聞（き）いたときは、気にしなくて大丈夫です。
じゃあ、この文（ぶん）の全体（ぜんたい）の意味（いみ）は
もう分（わ）かりましたか？
「グループのお客さんが来（き）たときは、」
「カウンターの席（せき）に行（い）ってください。」
ということですね。
店員さんの「申し訳ない...」という気持ちがあるので、
とても遠回（とおまわ）しに、
丁寧（ていねい） に言っていましたね。
そのあとに 「全然、大丈夫（ぜんぜんだいじょうぶ）です。」
と言っています。
「全然、大丈夫（ぜんぜんだいじょうぶ）」 は、
ちょっとカジュアルな言い方ですが、
「まったく問題（もんだい）がないです」 ということですね。
じゃあ、このあとも聞（き）いてみましょう。
わかりました。
それは、全然大丈夫（ぜんぜんだいじょうぶ）です。
「大丈夫（だいじょうぶ）ですか。」
はい。
「ありがとうございます」
「では、お名前（なまえ）と、」
「お電話番号（でんわばんごう）よろしいですか？」
キムラ（仮）です。
「キムラ様(さま）で。」
「お名前（なまえ）と 」
「お電話番号（でんわばんごう） よろしいですか？」
と聞（き）いています。
「よろしいですか？」は、「いいですか？」の
丁寧（ていねい）な言い方ですね。
「名前（なまえ） と 電話番号（でんわばんごう）」
「聞（き）いてもいいですか？」という意味（いみ）です。
「お名前（なまえ） と お電話番号（でんわばんごう）」
「お伺（うかが）いします」
丁寧（ていねい）に言うことも多（おお）いです。
名前（なまえ）のあとは、
電話番号（でんわばんごう）を言いますね。
「では、お名前（なまえ）と、」
「お電話番号（でんわばんごう）よろしいですか？」
キムラ（仮）です。
「キムラ様（さま）で。」
電話番号（でんわばんごう）が、０９０（ぜろきゅーぜろ）
「０９０（ぜろきゅーぜろ）」
００００（ぜろぜろぜろぜろ）
「００００（ぜろぜろぜろぜろ）」
００００（ぜろぜろぜろぜろ）
「００００（ぜろぜろぜろぜろ）」
はい。
店員さんに、分（わ）かりやすくするために
「電話番号（でんわばんごう）が...」 と言いました 。
番号（ばんごう） の言い方ですが、
「ハイフン(-)」で切(き)ると、
店員さんが確認（かくにん）のために
リピートしてくれるので
間違（まちが）いがないと思います。
この電話番号（でんわばんごう）の数字（すうじ）を
言うときなんですけど、
この１つ（ひとつ）の音（おと）の数字（すうじ）、
たとえば、「1（いち）」とか、「6（ろく）」じゃなくて
「２（に）」とか1つの音（おと）ですよね？
この、「ひとつの音（おと）の数字（すうじ）」、
「２(にー)」 「５(ごー)」 というようなものは、
長（なが）く言います。
「２(にー)」 「５(ごー)」 「0(ぜろ)」
というような感（かん）じですね。
たとえば、これ、どういうふうに言いますか？
そう、「ごーごーよんにー」 ですね。
ちょっとこういうふうに、長（なが）く言うと
日本語（にほんご）で自然（しぜん）になるので、
ちょっと試（ため）してみてください。
このあとに店員さんが、1つ確認（かくにん）をしています。
なにを聞（き）いていますか？
聞（き）いてみましょう。
「００００（ぜろぜろぜろぜろ）」
はい。
「お席（せき）のみのご予約（よやく）っていうことで」
「おまちがいないですかね。」
はい、大丈夫（だいじょうぶ）でーす。
わかりましたか？
「お席（せき）」
この のみ」 は、ここでは
「だけ」 という意味(いみ)と同（おな）じですけど、
もっとかたい、フォーマルなことばです。
「っていうことで、お間違（まちが）いないですかね」
これも、確認（かくにん）のためによく使うフレーズですね。
「お間違(まちが)いないですか？」
「お間違（まちが）いないでしょうか？」 ですね。
飲食店（いんしょくてん）の予約（よやく）では、
飲（の）み放題（ほうだい）や、料理（りょうり）のコースを
選（えら）ぶこともできるので、
こういうふうに、店員さんがさいごに
確認（かくにん）をしていました。
席（せき）だけの予約（よやく）でよかったら、
「はい、大丈夫です」と、言えばOKです。
「お席（せき）のみのご予約（よやく）っていうことで」
「おまちがいないですかね。」
はい、大丈夫（だいじょうぶ）でーす。
「はい、１８時半（じゅうはちじはん） ２名様（にめいさま）」
「キムラ様（さま）のお名前(なまえ)で」
「ご予約（よやく）お待（ま）ちしております。」
はい。お願（ねが）いしまーす。
「失礼（しつれい）いたしまーす」
失礼（しつれい）しまーす。
さいご、なんて言って電話（でんわ）を切（き）りましたか？
「失礼（しつれい）します」 ですね。
「失礼（しつれい）します」 は、いろんな場面（ばめん）で
使（つか）えるんですけど、
今回（こんかい）のレッスンでは、
電話（でんわ）の最後（さいご）に言うフレーズとして
覚（おぼ）えるといいと思います。
店員さんも、「失礼（しつれい）いたします」とか
「失礼します」と言うので、
リピートして 「失礼（しつれい）しまーす」と言って
大丈夫です。
個室を予約したいとき
えっと、個室（こしつ）って、まだ空（あ）いてますかね？
個室(こしつ）は、もう空（あ）きないですねー。
わかりました。 じゃあ、テーブル席（せき）でお願いします。
居酒屋（いざかや）で、
カウンター席（せき）、テーブル席など
いろいろな種類（しゅるい）の席（せき）がありますが、
個室（こしつ）という、壁（かべ）がある
ほかのお客さんが見（み）えないような
自分（じぶん）たちだけの部屋（へや）がある
お店（みせ）もありますね。
予約（よやく）するときに、そのお店に
個室（こしつ）があるとわかっているときは、
「個室（こしつ）って、まだ空（あ）いてますか？」
と、聞（き）くことができます。
そのあと、
「個室（こしつ）は、もう空（あ）きないですねー」
と言っていました。
「空（あ）き」は、 「空（あ）く」 の動詞の、
名詞（めいし）の形（かたち）ですね。
「空（あ）き がない」 「空きがある」
という言い方をします。
「空（あ）きがない」ということは、空いていない
個室（こしつ）の席（せき）が空（あ）いていない
という意味（いみ）なので、
このときは、
「じゃあ、テーブル席（せき）でお願（ねが）いします」
と言っていました。
プラン / コースを予約したいとき
はい、お席（せき） ご案内可能（あんないかのう）ですよ。
あ、じゃあ、
２時間半(にじかんはん)
飲み放題付き（のみほうだいつき）プランで
お願（ねが）いします。
かしこまりました。
席（せき）だけではなくて、
コースも予約（よやく）しておきたいときは、
インターネットなどで
コースの名前（なまえ）を確認（かくにん）して、
「〇〇で、お願（ねが）いします。」
と言うといいですね。
たとえば、「お刺身（さしみ）6点（ろくてん）盛（も）りコース」
「2時間半 飲み放題（のみほうだい）付(つ)きプラン」
のように、ときどき、ちょっと
長（なが）い名前（なまえ）も多（おお）いので
ちょっと大変（たいへん）ですけど、
ぜんぶ完璧（かんぺき）に言（い）えなくても、
たとえば、「おさしみ、６（ろく）てん...」
と言うと、店員さんがわかってくれると思います。
じゃあ、これで会話（かいわ）全部（ぜんぶ）を
確認（かくにん）しました！
お店によって、店員さんによって、
言うこととか、フォーマルさはちがいますけど、
会話（かいわ）のながれとか、お客さんが言うことは
だいたい、いつも同（おな）じです。
じゃあ、予約（よやく）の電話（でんわ）で使える
キーフレーズを4つ（よっつ）、復習（ふくしゅう）しましょう！
えっと、予約（よやく）をお願（ねが）いしたいんですけど...
きょうの6時半（ろくじはん）から2人（ふたり）で
まだ席（せき）って空（あ）いてますか？
きょうの6時半（ろくじはん）から2人（ふたり）で
まだ席（せき）って空（あ）いてますか？
「3月20日（さんがつはつか）の6時半（ろくじはん）から」
「2人（ふたり）でお願（ねが）いします。」
「3月20日（さんがつはつか）の6時半（ろくじはん）から」
「2人（ふたり）でお願（ねが）いします。」
失礼（しつれい）しまーす
字幕を見ながら音声を聞いて、
すぐ後に続けてリピートしてみましょう！
個室（こしつ）を予約（よやく）したいとき
プラン / コースを予約したいとき
リズムやイントネーションをよく聞いて、
シャドーイングしてみてください
「お電話（でんわ）ありがとうございます」
「居酒屋（いざかや）・まとぺ です」
あ、もしもし。
「はい」
えっと、予約（よやく）をお願（ねが）いしたいんですけど...
「はい」
今日（きょう）の6時半（ろくじはん）から2人（ふたり）で
まだ席（せき）って空（あ）いてますか？ 「１８（じゅうはち）時半（じはん）から」
「２名様（にめいさま）ですね」
「少々（しょうしょう）お待（ま）ちください」
はーい。
「えっとー...お席（せき）の方（ほう）がですねー」
「一応（いちおう）テーブル席（せき）が」
「空（あ）いてるんですけれども」
はい
「えっとー、ほかの、団体様（だんたいさま）が」
「もし いらっしゃった場合は、」
「カウンターにご移動（いどう）いただく」
「形(かたち)になるんですけれども、」
わかりました。
それは、全然大丈夫（ぜんぜんだいじょうぶ）です。
「大丈夫（だいじょうぶ）ですか。」
はい。
「ありがとうございます」
「では、お名前（なまえ）と、」
「お電話番号（でんわばんごう）よろしいですか？」
キムラ（仮）です。
「キムラ様（さま）で。」
電話番号（でんわばんごう）が、０９０（ぜろきゅーぜろ）
「０９０（ぜろきゅーぜろ）」
００００（ぜろぜろぜろぜろ）
「００００（ぜろぜろぜろぜろ）」
００００（ぜろぜろぜろぜろ）
「００００（ぜろぜろぜろぜろ）」
はい。
「お席（せき）のみのご予約（よやく）っていうことで」
「おまちがいないですかね。」
はい、大丈夫（だいじょうぶ）でーす。
「はい、１８時半（じゅうはちじはん） ２名様（にめいさま）」
「キムラ様(さま)のお名前(なまえ)で」
「ご予約（よやく）お待（ま）ちしております。」
はい。お願（ねが）いしまーす。
「失礼（しつれい）いたしまーす」
失礼（しつれい）しまーす。
個室（こしつ）を予約（よやく）したいとき
えっと、個室（こしつ）って、まだ空（あ）いてますかね？
個室(こしつ）は、もう空（あ）きないですねー。
わかりました。 じゃあ、テーブル席（せき）でお願いします。
プラン / コースを予約したいとき
はい、お席（せき） ご案内可能（あんないかのう）ですよ。
あ、じゃあ、
２時間半(にじかんはん)
飲み放題付き（のみほうだいつき）プランで
お願（ねが）いします。
かしこまりました。
次は音のリズムやイントネーションを真似しながら、
意味も考えて、シャドーイングしてみましょう
個室を予約したいとき
プラン / コースを予約したいとき
スタッフの方（かた）の言っていることをよく聞いて、
お客さんの役になって話してみましょう！
個室を予約したいとき
プラン / コースを予約したいとき
つぎは日本語の字幕（じまく）がないので、
相手（あいて）の言っていることをよく聞いて
話してみてください。
「お電話（でんわ）ありがとうございます」
「居酒屋（いざかや）・まとぺ です」
あ、もしもし。
「はい」
えっと、予約（よやく）をお願（ねが）いしたいんですけど...
「はい」
今日（きょう）の6時半（ろくじはん）から2人（ふたり）で
まだ席（せき）って空（あ）いてますか？ 「１８（じゅうはち）時半（じはん）から」
「２名様（にめいさま）ですね」
「少々（しょうしょう）お待（ま）ちください」 はーい。
はーい。
「えっとー...お席（せき）の方（ほう）がですねー」
「一応（いちおう）テーブル席（せき）が」
「空（あ）いてるんですけれども」
はい
「えっとー、ほかの、団体様（だんたいさま）が」
「もし いらっしゃった場合は、」
「カウンターにご移動（いどう）いただく」
「形(かたち)になるんですけれども、」
わかりました。
それは、全然大丈夫（ぜんぜんだいじょうぶ）です。
「大丈夫（だいじょうぶ）ですか。」
はい。
「ありがとうございます」
「では、お名前（なまえ）と、」
「お電話番号（でんわばんごう）よろしいですか？」
キムラ（仮）です。
「キムラ様（さま）で。」
電話番号（でんわばんごう）が、０９０（ぜろきゅーぜろ）
「０９０（ぜろきゅーぜろ）」
００００（ぜろぜろぜろぜろ）
「００００（ぜろぜろぜろぜろ）」
００００（ぜろぜろぜろぜろ）
「００００（ぜろぜろぜろぜろ）」
はい。
「お席（せき）のみのご予約（よやく）っていうことで」
「おまちがいないですかね。」
はい、大丈夫（だいじょうぶ）でーす。
「はい、１８時半（じゅうはちじはん） ２名様（にめいさま）」
「キムラ様(さま）のお名前(なまえ)で」
「ご予約（よやく）お待（ま）ちしております。」
はい。お願（ねが）いしまーす。
「失礼（しつれい）いたしまーす」
失礼（しつれい）しまーす。
個室を予約したいとき
えっと、個室（こしつ）って、まだ空（あ）いてますかね？
個室(こしつ）は、もう空（あ）きないですねー。
わかりました。 じゃあ、テーブル席（せき）でお願いします。
プラン / コースを予約したいとき
はい、お席（せき） ご案内可能（あんないかのう）ですよ。
あ、じゃあ、
２時間半(にじかんはん)
飲み放題付き（のみほうだいつき）プランで
お願（ねが）いします。
かしこまりました。
最後(さいご)のチャレンジです！
本当にそこに想像（そうぞう）をしながら、
自然（しぜん）なスピードで、会話をしてみましょう！
個室を予約したいとき
プラン / コースを予約したいとき
おつかれさまでした！
今回の電話の予約（よやく）の練習（れんしゅう）は、
居酒屋(いざかや)だけじゃなくて、
たとえば、美容室（びようしつ）、カラオケ、
病院（びょういん）の予約（よやく）などにも
応用（おうよう）できるので、
ぜひ、自信（じしん）をもって、電話（でんわ）できるように
何度（なんど）も練習（れんしゅう）してみてください。
つぎのレッスンは、
居酒屋（いざかや）を予約（よやく）したあと、
実際（じっさい）に、お店に行ったときの
注文（ちゅうもん）などの会話を練習（れんしゅう）できる
レッスンを用意しているので、
ぜひ、たのしみにしていてください！
ほかにも、日本の生活・旅行でつかえる
日本語の自然（しぜん）な会話を練習（れんしゅう）できる
レッスンがあるので、ぜひ見てみてください！
それでは、行ってらっしゃ〜い🖐️",true,ja,86
47,1,【Daily Japanese】Japanese vocabulary｜Furniture and Appliances／生活で使う日本語,https://www.youtube.com/watch?v=tz5oFor3lJM,vocabulary,2026-07-17T02:59:13.914993+00:00,2026-07-17T02:59:13.914993+00:00,"皆さんこんにちはあね的日本語教室のあね です私は今箱根のエアビに泊まっています
です私は今箱根のエアビに泊まっています 今回のエアビのタイプは家なんです一軒屋
今回のエアビのタイプは家なんです一軒屋 なんですせっかく一軒屋に止まっているの
なんですせっかく一軒屋に止まっているの で家の中にあるものを日本語で紹介したい
で家の中にあるものを日本語で紹介したい と思います日常生活で使う単語がいっぱい
と思います日常生活で使う単語がいっぱい 出てくると思うので皆さんの役だったら
出てくると思うので皆さんの役だったら 嬉しいですでは早速紹介していきますまず
嬉しいですでは早速紹介していきますまず 私今キッチン台所にいるのでキッチンで
私今キッチン台所にいるのでキッチンで 使うものを少し紹介します実は去年も
使うものを少し紹介します実は去年も キッチンに関する単語を紹介したので
キッチンに関する単語を紹介したので もっと詳しく知りたい人はこちらを見て
くださいこれはコンロですコンロコンロ フライパンで
フライパンで 野菜を焼いたり鍋でカレーを作ったりし
野菜を焼いたり鍋でカレーを作ったりし ますねでこれはグリルです
ますねでこれはグリルです グリル魚を焼く時に使いますグリル
グリル魚を焼く時に使いますグリル グリルはいこれは水道ですね
グリルはいこれは水道ですね 水道水道の水のことを水道水と言い
水道水道の水のことを水道水と言い ますでこれですね食器用の洗剤です食器を
ますでこれですね食器用の洗剤です食器を 洗う時に使う洗剤洗剤これはハンドソープ
洗う時に使う洗剤洗剤これはハンドソープ ハンド
ハンド ソープ皿を洗う時これも使いますねこれは
ソープ皿を洗う時これも使いますねこれは スポンジ
スポンジ スポンジこれは食べ物や飲み物を温める時
スポンジこれは食べ物や飲み物を温める時 に使いますねこれは電子レンジ電子レンジ
に使いますねこれは電子レンジ電子レンジ ですこれキッチンペーパーですキッチン
ですこれキッチンペーパーですキッチン ペーパー料理をする時とかあとまお皿を
ペーパー料理をする時とかあとまお皿を 拭いたりしますよねキッチンペーパーです
拭いたりしますよねキッチンペーパーです あと
あと これこれはラップラップこれもね多分生活
これこれはラップラップこれもね多分生活 する時に必要ですよねラップ例えば何か
する時に必要ですよねラップ例えば何か 食べ残してしまった時にお皿
食べ残してしまった時にお皿 の中のものを守る時にラップをしますね
の中のものを守る時にラップをしますね ラップラップこれはラップですであともう
ラップラップこれはラップですであともう 1つよく使うのはアルミホイルです
1つよく使うのはアルミホイルです ねはいアルミホイルアルミホイル
ねはいアルミホイルアルミホイル ですこれはなんだか分かります
ですこれはなんだか分かります かはいこれは炊飯器炊飯機です炊飯器は何
かはいこれは炊飯器炊飯機です炊飯器は何 をする時に使います
をする時に使います か炊飯器で米を炊く米を
か炊飯器で米を炊く米を 炊くこれは電気ケトルです電気ケトル
炊くこれは電気ケトルです電気ケトル そしてここにあるのはちょっと珍しいかな
そしてここにあるのはちょっと珍しいかな はい洗面所に洗濯機がある家もあります
はい洗面所に洗濯機がある家もあります このではここのねキッチンのところにこれ
このではここのねキッチンのところにこれ がありますねこれは服を洗う時に使います
がありますねこれは服を洗う時に使います よねこれ何ですかはいこれは洗濯機なん
よねこれ何ですかはいこれは洗濯機なん ですけど書いたらね洗濯機ですでも私たち
ですけど書いたらね洗濯機ですでも私たち 発音する時話す時は洗濯機という人が多い
発音する時話す時は洗濯機という人が多い です洗濯機洗濯機洗濯機で服を洗う洗濯機
です洗濯機洗濯機洗濯機で服を洗う洗濯機 で服を
で服を 洗うそして洗濯をする時に使うものですね
洗うそして洗濯をする時に使うものですね えっとあこれです
えっとあこれです ねこれも洗剤ですそうさっき食器を洗う時
ねこれも洗剤ですそうさっき食器を洗う時 も洗剤と言いましたよねはいでもあれは
も洗剤と言いましたよねはいでもあれは 食器用洗剤ですこれは洗濯用洗剤です洗濯
食器用洗剤ですこれは洗濯用洗剤です洗濯 用
用 洗剤でここにあるのがえこれは多分柔軟剤
洗剤でここにあるのがえこれは多分柔軟剤 かなあそうですね柔軟剤って書いてあり
かなあそうですね柔軟剤って書いてあり ますね柔軟剤ですはいそしてこれは何
ますね柔軟剤ですはいそしてこれは何 でしょう
でしょう か部屋を掃除する時に使いますねこれは
か部屋を掃除する時に使いますねこれは 掃除機掃除機掃除機です掃除機をかけると
掃除機掃除機掃除機です掃除機をかけると 言います掃除機を
言います掃除機を かけるはいそしてこれはゴミ箱
かけるはいそしてこれはゴミ箱 ゴミ箱はいこれがキッチンですあエアビだ
ゴミ箱はいこれがキッチンですあエアビだ からね消化機がありますね消化器消化
からね消化機がありますね消化器消化 器そしてこれは冷蔵庫冷蔵庫アイスを買っ
器そしてこれは冷蔵庫冷蔵庫アイスを買っ た時は冷凍庫に入れます冷凍庫冷庫動画の
た時は冷凍庫に入れます冷凍庫冷庫動画の 途中ですがお知らせがあります今度N1
途中ですがお知らせがあります今度N1 関するウェビナーを開催することになり
関するウェビナーを開催することになり ましたもし興味がある人はこの動画の概要
ましたもし興味がある人はこの動画の概要 欄にあるURLを押してください詳しい
欄にあるURLを押してください詳しい 日時やどんな内容なのかあと料金も書いて
日時やどんな内容なのかあと料金も書いて あるので気になる人見てみてくださいじゃ
あるので気になる人見てみてくださいじゃ 動画に戻りますじゃあ次に紹介するのは
動画に戻りますじゃあ次に紹介するのは 玄関です玄関玄関はどんな場所ですかあ
玄関です玄関玄関はどんな場所ですかあ 暗いですねお電気をつけましょう電気を
暗いですねお電気をつけましょう電気を ける電気を
ける電気を けるあはい電気がつきましたここはつけ
けるあはい電気がつきましたここはつけ なくていいかなはい私の後ろに見えるのが
なくていいかなはい私の後ろに見えるのが 玄関玄関玄関で靴を脱ぐ玄関で靴を脱ぐ
玄関玄関玄関で靴を脱ぐ玄関で靴を脱ぐ 日本は基本的にあの靴を脱いで家の中に
日本は基本的にあの靴を脱いで家の中に 入ります国によって違いますよね皆さんの
入ります国によって違いますよね皆さんの 国ではどうですか靴を履いたまま家の中に
国ではどうですか靴を履いたまま家の中に 入りますか靴を履いたまま家の中に入る
入りますか靴を履いたまま家の中に入る ことを土足と言います土足土足なので時々
ことを土足と言います土足土足なので時々 土足禁止という単語を見ることがあるかも
土足禁止という単語を見ることがあるかも しれないんですが土足禁止というのは靴を
しれないんですが土足禁止というのは靴を 履いたまま入ってはいけない家の中とか
履いたまま入ってはいけない家の中とか 何か建物の中に入ってはいけないことを
何か建物の中に入ってはいけないことを 土足禁止と言いますはいここで靴を脱ぎ
土足禁止と言いますはいここで靴を脱ぎ ますこれは
ますこれは スリッパ
スリッパ スリッパえっとそしてここはねえ
スリッパえっとそしてここはねえ 洗面所洗面所とお風呂場がありますはい
洗面所洗面所とお風呂場がありますはい あそこは
あそこは よそ
よそ よそそしてシャワーヘッドシャワー
よそそしてシャワーヘッドシャワー ヘッドを浴びるシャワーを浴びる同士は
ヘッドを浴びるシャワーを浴びる同士は シャワーを
シャワーを 浴びるはいこれは何ですかはいこれは
浴びるはいこれは何ですかはいこれは 鏡鏡ミラーと言ってもいいですね鏡鏡です
鏡鏡ミラーと言ってもいいですね鏡鏡です あと紙を洗った時に使うものはこれです皆
あと紙を洗った時に使うものはこれです皆 さんこれ覚えてますか私多分動画の中で何
さんこれ覚えてますか私多分動画の中で何 回か紹介したことがありますこれは
回か紹介したことがありますこれは ドライヤー
ドライヤー ドライヤーそしてこれは
ドライヤーそしてこれは タオル
タオル タオルタオルで手を吹くタオルで手を吹く
タオルタオルで手を吹くタオルで手を吹く あと大きいタオルありますよねお風呂から
あと大きいタオルありますよねお風呂から 出て体を吹くような大きいタオルのことを
出て体を吹くような大きいタオルのことを バスタオルと言いますバスタオルバス
バスタオルと言いますバスタオルバス タオルバスタオルで体を
拭くこれはブレーカーですブレーカー電気 を使いすぎるとブレーカーが落ちます
を使いすぎるとブレーカーが落ちます そして電気が消えますねでもまたあのこの
そして電気が消えますねでもまたあのこの ねブレーカーをオンにすると電気が使える
ねブレーカーをオンにすると電気が使える ようになり
ようになり ますじゃあえあ次トイレですね
ますじゃあえあ次トイレですね トイレはいお手洗いですあこれ何ていうか
トイレはいお手洗いですあこれ何ていうか 分かりますかこれはトイレットペーパー
分かりますかこれはトイレットペーパー トイレット
トイレット ペーパー今度は2階に行きますこれは何
ペーパー今度は2階に行きますこれは何 ですかはいこれは
ですかはいこれは 階段
階段 階段はい2階につきまし
階段はい2階につきまし た2階は和室です和室あちょっと電気つけ
た2階は和室です和室あちょっと電気つけ ますね
よいしょ はい電気をつけましたこれは畳畳みあと
はい電気をつけましたこれは畳畳みあと 和室によくあるこれは分かりますかこれは
和室によくあるこれは分かりますかこれは 生じ生じですあと窓がありますねちょっと
生じ生じですあと窓がありますねちょっと 皆さんに聞きたいんですけど日本の家には
皆さんに聞きたいんですけど日本の家には 大体アミドがありますアミドアミド聞いた
大体アミドがありますアミドアミド聞いた ことありますかちょっと見せます
ことありますかちょっと見せます ねはいここに窓があります
ねはいここに窓があります ね窓を開けます
ね窓を開けます よいしょ窓を開けるとまだねここに何か
よいしょ窓を開けるとまだねここに何か あるんです
あるんです けどこれを網戸と言います網戸窓を開けて
けどこれを網戸と言います網戸窓を開けて も網戸があるので虫が入ってきませんこれ
も網戸があるので虫が入ってきませんこれ がアミドですアミドは皆さんの家にもあり
がアミドですアミドは皆さんの家にもあり ますか是非コメントで教えてください
ますか是非コメントで教えてください そしてこれは何ですかはいこれは
そしてこれは何ですかはいこれは カーテンカーテンカーテンを閉めるあやっ
カーテンカーテンカーテンを閉めるあやっ てみますね
てみますね よいしょはいカーテンを閉めるじゃこれは
よいしょはいカーテンを閉めるじゃこれは カーテンを開けるカーテンを
カーテンを開けるカーテンを 開ける窓を閉める窓を閉めるこれ何ですか
開ける窓を閉める窓を閉めるこれ何ですか これは鍵ですねじゃあ鍵を閉める鍵を
これは鍵ですねじゃあ鍵を閉める鍵を 閉めるこのねエアビ本当に素敵なんですよ
閉めるこのねエアビ本当に素敵なんですよ ちょっと後ろに見えますかこういうものが
ちょっと後ろに見えますかこういうものが あったりあと後で見せますけど1階にも庭
あったりあと後で見せますけど1階にも庭 があるのですごく素敵なエアビですあの
があるのですごく素敵なエアビですあの これ案件じゃないです私お金出して払っ
これ案件じゃないです私お金出して払っ てるのであの宣伝してくださいって思われ
てるのであの宣伝してくださいって思われ たわけじゃないんですけどホテルに泊まる
たわけじゃないんですけどホテルに泊まる のもいいんですけどこういう日本の生活を
のもいいんですけどこういう日本の生活を 体験したい人は一軒やのタイプのエアビに
体験したい人は一軒やのタイプのエアビに 止まるのもいいと思いますはいあと私の
止まるのもいいと思いますはいあと私の この後ろに見えるものです
この後ろに見えるものです ねあ反射しちゃってるな見えますか
ねあ反射しちゃってるな見えますか ちょっとねあ電気消しましょうか電気消し
ちょっとねあ電気消しましょうか電気消し たらちゃんと見えるかなはいこれは
たらちゃんと見えるかなはいこれは 時計時計も9時今何分だろう2分ですね
時計時計も9時今何分だろう2分ですね この扉を開けるとここにあるものが入っ
この扉を開けるとここにあるものが入っ てるんです
てるんです けど
けど はい布団が入ってますね布団
はい布団が入ってますね布団 布団
よいしょそしてこれは エアコン
エアコン エアコンエアコンにはいろんな機能があり
エアコンエアコンにはいろんな機能があり ますよね
ますよね 例えば
例えば 暖房
暖房 暖房
暖房 冷房冷房あと真ん中の緑のは
冷房冷房あと真ん中の緑のは 除湿除湿です今これ12月に撮影していて
除湿除湿です今これ12月に撮影していて 寒いので寒い時は暖房をつけます暖房を
寒いので寒い時は暖房をつけます暖房を つけ
つけ ます1回に戻ります1階にも和室があるん
ます1回に戻ります1階にも和室があるん ですえっとあこっち
ですえっとあこっち かはい1階
かはい1階 の和室ですよしはいこれは布団です布団
の和室ですよしはいこれは布団です布団 布団さあ私の動画を見たことがある人は
布団さあ私の動画を見たことがある人は 分かりますかよしこれは何です
かこれは 枕枕ですそして布団の下この下に敷いてる
枕枕ですそして布団の下この下に敷いてる ものは敷布団と言います
ものは敷布団と言います 敷布団敷布団そして自分が寝てかけるもの
敷布団敷布団そして自分が寝てかけるもの これですねこっちは掛け布団と言います
これですねこっちは掛け布団と言います かけ布団掛け布団敷布団と掛布団
かけ布団掛け布団敷布団と掛布団 ですここにも生子があります
ですここにも生子があります ね
ね で開けると見てくださいちょっと庭があり
で開けると見てくださいちょっと庭があり ますこれ覚えてますかさっき紹介しました
ますこれ覚えてますかさっき紹介しました ねこれは網戸網戸網戸を開けて見て
ねこれは網戸網戸網戸を開けて見て ください素敵なお庭があり
ください素敵なお庭があり ますちょっと今寒いからねあんまりこう外
ますちょっと今寒いからねあんまりこう外 に出て何かするってこはできないんです
に出て何かするってこはできないんです けどでもそんなに寒くなかったらここに
けどでもそんなに寒くなかったらここに 座ってちょっとゆっくりしたりコーヒーを
座ってちょっとゆっくりしたりコーヒーを 飲んだり本を読んだりするのもすごくいい
飲んだり本を読んだりするのもすごくいい と思い
と思い ますこれはこたつです暖房器具の1つです
ますこれはこたつです暖房器具の1つです 中はこのようになっていてとても温かい
中はこのようになっていてとても温かい ですこれはテレビです
ですこれはテレビです テレビこれはザブトンですザブトン
ザブトンはい今日は家の中にあるものを 日本語で紹介しましたもしこの動画が少し
日本語で紹介しましたもしこの動画が少し でも役に立ったら嬉しいです今までも結構
でも役に立ったら嬉しいです今までも結構 何々の単語っていうのを紹介しました
何々の単語っていうのを紹介しました 例えば道路や運転の時に使う単語とかあと
例えば道路や運転の時に使う単語とかあと は寝る前朝起きた時に使う単語など
は寝る前朝起きた時に使う単語など いろんな動詞とか名刺を紹介したことが
いろんな動詞とか名刺を紹介したことが あるのでそちらの動画も是非参考にして
あるのでそちらの動画も是非参考にして くださいいつも見てくださってありがとう
くださいいつも見てくださってありがとう ございますもしこういう単語を紹介して
ございますもしこういう単語を紹介して 欲しいというリクエストがあったら是非
欲しいというリクエストがあったら是非 コメントで教えてください今日はここまで
コメントで教えてください今日はここまで ですまた来週バイ
[音楽]
バイ",true,ja,77
48,3,Japanese Immersion | Train Your Japanese Brain,https://www.youtube.com/watch?v=p0YCPdNlq4Q,tips,2026-07-17T02:59:13.914993+00:00,2026-07-17T02:59:13.914993+00:00,"みなさん、こんにちは。
Speak Japanese Naturally へようこそ
私はFumi、日本語教師です
現在1000人以上の学習者がいる日本語学習サイトを運営しています。
よく質問を受けます
「次に何をすべきですか？」
「ひらがな、カタカナ、基本の文型を学びました」
または「単語のピッチアクセントはどうやって学べばいいですか？」
「動詞の活用におけるピッチアクセントの変化はどうですか？」などです。
これらの質問に答えるために
今日は学習法の１つ、「イマージョン」を紹介したいと思います。
この「日本語の脳を作る」という動画では
ズームインとズームアウトという概念を使って日本語脳を作ることの重要性について話しました。
多くの人が、それは目からうろこだった、画期的だったと言っていました。
まだ見ていない方は、ぜひご覧ください。
そして今日お話しするイマージョンは、
日本語脳をどのように作るか、どのように訓練するかということです。
私が非常に効果的だと感じた言語学習の方法です。
私の視聴者の多くが初心者です。
00:01:10,125 --&gt; 00:01:12,583 そのため、このビデオは初心者向けですが、
イマージョンを試したことがない方や、学習に適用するのに苦労している方にも
このビデオは見る価値があります。
なぜなら、イマージョンとは何か、どのような結果が期待できるか、そしていつどのように日常生活に適用できるかについて話すからです。
つまり、このビデオはイマージョンの初心者向けです。
では、始めましょう！
まず、私たちの認識を同じにするために、イマージョンの定義から始めます。
ケンブリッジ辞典からの定義は：
「その言語やスキル以外何も使わずに、言語やスキルを学ぶプロセス」です。
これは今まで通りの言葉の定義だと思いますが、
個人レベルで言語学習の手段としてイマージョンと言う時、今は違う使われ方をしていると感じます。
学校などがイマージョン教育やイマージョンプログラムを適用すると言う時には、
言語自体だけでなく、数学や社会科、理科などを教えるのにも目標言語を使うという意味で使っています。
つまり、機関が「イマージョン」という言葉を使う時、それは教え方や他の科目を教えるのにどれだけ目標言語を使うかということです。
しかし個人レベルで使われる時、それは目標言語でたくさんのコンテンツを消費する学習方法を表すのに使われます。
ドラマ、アニメ、YouTubeビデオ、ポッドキャスト、本などです。
つまり、目標言語に自分を浸すのです。
これから私が「イマージョン」と言う時は、この個人レベルでの使用を意味します。
目標言語が話される国に住んでいるからといって、必ずしもイマージョンをしているとは限りません。
ネイティブスピーカーと話したり聞いたりする機会が少ないなら、イマージョンをしているとは言えません。
仕事が母国語で行われたり、仕事で目標言語を使う必要がないなら、その国に住んでいてもイマージョンではありません。
イマージョンできるかどうかは、住んでいる場所に依存しません。
どこにいてもイマージョンをできるということは、つまり今日から始められるということです！
イマージョンの始め方について話す前に、
イマージョンから期待できる効果について考えてみましょう。
私が思う期待できることは：
1. 消費するコンテンツに音声があれば、リスニング力が向上します
2. 語彙が増え、その知識が深まります
3. 文化の理解が深まります
4. リズム、ピッチ、アクセント、イントネーションを含む発音が向上します
よいことばかりです。
１つずつ見ていきましょう。
1. 消費するコンテンツに音声があれば、リスニング力が向上します。
ドラマ、アニメ、YouTubeビデオ、その他音声のあるコンテンツをたくさん見れば、リスニング力は向上します。
それは間違いありません。
聞いたことが理解できない理由は、単語や表現を知らないか、実際の発音が想像していたものと違うかのどちらかです。
聞く機会が増えれば増えるほど、特定の単語や表現に出会う機会が増え、それらを学ぶことができます。
発音の変化についても同じことが言えます。
例えば、「あつすぎる」は実際には「あつすぎる」と発音されたり、「そんなこと」は会話で「んなこと」と言われたり、「わたし」は「たし」と言われたりします。
なので、それらの音に慣れていきます。
2. 語彙が増え、その知識が深まります。
コンテンツを消費する中で、多くの新しい単語やフレーズに出会います。
基本的な語彙は何度も繰り返し出てくるので、いずれ覚えます。
さらに重要なのは、イマージョンを通じて特定の状況でどのように特定の単語が使われるかを学べることです。
見たり、聞いたり、読んだりするものには、必ず特定の文脈があります。
そのため、文脈とともに語彙を学ぶことができます。
その知識はとても強いです。
辞書から定義を知るだけ以上のものです。
例えば、日本語には多くのオノマトペがあります。
「ドキドキ」「ワクワク」「ザーザー」「キラキラ」「コロコロ」「ゴロゴロ」「サラサラ」「ザラザラ」
「ドキドキ」と「ワクワク」は理解しやすいかもしれません。
でも「コロコロ」「ゴロゴロ」「サラサラ」「ザラザラ」はどうでしょう？ いつ使うのでしょうか？
イメージをつかむには状況が必要です。
それだけでなく、視覚的な助けも非常に役立つので、イマージョンが効果的です。
そして状況の中で語彙を学ぶので、「サラサラ」と「ツヤツヤ」のような似た言葉の違いを区別できるようになります。
どちらも人の髪を描写するのに使います。
でも、いつ「サラサラ」を使い、いつ「ツヤツヤ」を使うのでしょうか？
ここで文脈が必要になります。
これらの言葉に出会う機会が増えれば増えるほど、脳の中に状況が蓄積され、区別できるようになります。
ほかに、日本語特有の表現を身につけることができることがあります。
例えば、「コーヒーが入ったよ」や「ビールが冷えてるよ」といった表現です。
私は夫にコーヒーの準備ができたを伝えるとき「コーヒーが入ったよ」と言います。
「コーヒーが入る」というと、コーヒーが生き物で自分でカップに入るように聞こえるかもしれません。
しかし実際は、「私が」コーヒーを「入れた」のです。
でも、ふつう、「I made coffee」の直訳である「コーヒーを作ったよ」とは言いません。
村上春樹の登場人物でないかぎりは。
彼は小説の中でこの種の英語からの直訳を使います。
そして、英語に近い形で日本語を書きます。
これが日本人読者にとっては新しくユニークな文体を生み出し、
同時に、英語への翻訳を簡単にしています。
これが彼の本が人気である理由の１つだと思います。
「ビールが冷えてるよ」という文に戻りましょう。
直訳すると「ビールが凍えている」のような意味になりますが、
実際の意味は「冷えたビールがあるから飲んでいいよ」です。
あなたは、状況から意味を理解することができるでしょう。
そして最終的には、少なくとも受動的にはこれらの表現を身につけることができます。
3. 文化理解が深まります。
イマージョンを通じて、多くの日本のコンテンツを消費するので、日本の文化について学ぶことができます。
言語は文化の一部です。
たとえば、家を出るときに「いってきます」と言い、
見送る人は「いってらっしゃい」と言います。
みんながこれを言うので、イマージョンを通じてこれらの表現を学ぶことができます。
さらに、このようなやりとりは、家の外でも行われることがあります。
ゴミ出しをしているときに近所の子が学校に歩いて行っているのを見かけたら、
私は「いってらっしゃい」と言い、その子は「いってきます」と言います。
このタイプのコミュニケーションはよくあります。
消費するコンテンツが増えれば増えるほど、日本の文化について学ぶことができます。
4. リズム、アクセント、イントネーションを含む発音が向上します。
まず、リスニング力が向上し、音を覚えます。
そして、話すときに音を出そうとすると、
これまで聞いてきた大量の音を振り返ることができ、聞いてきた音に近い発音をするのに役立ちます。
他にも利点があるかもしれません。
重要なのは、イマージョンにネガティブな面を見つけられないことです。
イマージョンは、多ければ多いほどいいのです。
仕事に行くことや家族の世話を忘れるほどイマージョンをしすぎなければの話ですが。
では、日常生活にイマージョンをどのように、いつ適用できるか話しましょう。
その前に、イマージョンのタイプを説明します。
イマージョンには2つのタイプがあります：アクティブイマージョンとパッシブイマージョンです。
アクティブイマージョンはコンテンツに100％集中している状態で、パッシブイマージョンは他のことをしながらコンテンツを消費している状態です。
例えば、アクティブイマージョンでは、本を読んだり、日本語字幕付きの番組やアニメを見たり、必要に応じて単語を調べたりします。
コンテンツに全神経を集中させています。
パッシブイマージョンでは、料理、掃除、運動、運転をしながらポッドキャストなどを聴きます。
つまり、コンテンツに100％注意を向けているわけではありませんが、ほとんどの注意はそこにあります。
注意すべき点は、バックグラウンドミュージックとして何かを聴くのは、イマージョンとしてあまり効果がないかもしれないことです。
聴いている内容に注意を払わなければ、どれだけ聴いても何も得られない可能性があります。
理解できないものを聴いていると、他のことを考え始めます。
そして他のことを考えているときは、言語を学んでいません。
したがって、まったく理解できないものを聴くのは、言語学習法としては意味がないかもしれません。
そして初心者、特に本当の初心者には、
パッシブイマージョンをおすすめしません。バックグラウンドミュージックになってしまう可能性が高いからです。
パッシブイマージョンには視覚的な助けがないので、より難しいです。
そのため、集中力を失いやすいです。
本当の初心者には、アクティブイマージョンをおすすめします。
つまり、実際に座って日本語のコンテンツに積極的に取り組む時間を見つける必要があります。
では、具体的に何ができるでしょうか？
それはどれだけ初心者かによります。
日本語の勉強を始めよう！と思ってすぐの方の場合は、
自分が理解できる言語の字幕をつけてコンテンツを見て、何度も耳にする単語を覚えようとしてください。
同時に、ひらがな、カタカナ、基本的な文型の学習を始めてください。
文型については、再度「日本語脳を作る」というこの動画をおすすめします。
この動画では、英語の文と比較しながら、日本語で文をどのように作るかを説明しています。
初心者でなくても、自分で文を作るのに苦労している人には、この動画が本当に役立ちます。
すでにひらがな、カタカナを学び、基本的な文型を知っている人なら、
初心者向けのコンテンツを使ってイマージョンを始められると思います。
これは私のwalk＆talk動画の１つです。
日本語と英語が同時に表示されるので、
知らない単語を比較することができます。
これらのビデオでは主にN5からN4レベルの文法を使い、時々N3レベルの語彙も使います。そのため、知らない単語がたくさんあるはずです。
注意すべき点は、すべてを理解する必要はないということです。
むしろ、曖昧な状態に慣れる必要があります。
特に最初は知らない単語がたくさんあるはずですが、それは普通のことです。
がっかりしないでください。
知っている単語を聞きとろうとしてください、また新しい単語を何度も聞いたときにそれを覚えようとしてください。
私の動画には「ふりがな」があります。
「ふりがな」とはこれ、漢字の読み方です。
とても役立ちます。
漢字や漢字を含む文にだんだん慣れていきます。
また、漢字には文を分割する効果があり、読みやすくなることにも気づくでしょう。
日本に来れば、どこででも漢字を見るので、漢字に慣れておいて損はありません。
基本的な知識として、漢字は使い方によって複数の読み方があります。
そのため、同じ漢字に対して異なる「ふりがな」を見ることになります。
すべての読み方を覚えなければならないと考えると、恐ろしく感じるかもしれません。
でも、最初からすべてを覚えようと無理する必要はありません。
基本的な漢字であれば何度も遭遇するので、それらから学ぶようにすればいいのです。
もう一つ、ピッチアクセントとイントネーションについてお話ししたいと思います。
ピッチアクセントは単語内のピッチの変化で、イントネーションは文全体のピッチの変化です。
日本語のピッチアクセントは英語のストレスアクセントに似ています。
ストレスアクセント言語では、特定の音節にストレスを置きます。例えば「Stress」のように。
一方、ピッチアクセントでは、モーラ（一種の音節）が高くなるか低くなります。ストレス。
つまり、ピッチアクセントは、ストレスアクセントとはかなり異なり、日本語では重要な役割を果たします。
例えば、「飴（あめ）」はこのように示され、「雨（あめ）」はこのように示されます。
「飴（あめ）」は「candy」で、「雨（あめ）」は「rain」です。
ピッチアクセントの違いが時々このように異なる意味につながることがありますが、
ほとんどの場合、単に不自然に聞こえるだけです。
「りょこう」の正しいピッチアクセントは「りょこう」です。
しかし「りょこう」と言うと、意味は同じですが不自然に聞こえ、時々理解しづらくなることがあります。
これをお伝えしているのは、ピッチアクセント、日本語のアクセントを意識してほしいからです。
適切なアクセントがあなたの日本語を自然に聞こえさせます。
ですので、日本語にはピッチアクセントがあることに注意してください。
そして、たくさんの日本語コンテンツを消費するときは、ピッチアクセントも一緒に消費してください。
このビデオでピッチアクセントの基本概念を学ぶことができます。
名詞には4つのパターン、動詞とイ形容詞には2つのパターンがあります。
しかし、この段階ではそれらのパターンを覚える必要はありません。
イマージョンを始めたばかりなら、ピッチアクセントの存在を意識するだけで十分です。
ピッチアクセントとイントネーションを聞くことに慣れたら、それらについて学ぶのが最適です。
単語のピッチアクセントを一つずつ学ばなければならないとよく言われます。
そのため、ランダムで規則やパターンがないように聞こえます。
しかし、実際には規則とパターンがあります。
この知識があれば、ランダムな部分は名詞や動詞がどのパターンに従うかだけだと理解できます。
そうすると、これが一つずつ学ばなければならない部分だと気づき、イマージョンがその学習を助けてくれます。
ピッチアクセントやイントネーション、その他の日本語音声学の側面について知識を持つことは、道を照らすようなものです。自分がどこにいて、どこに向かっているかがわかります。
だから、それらについて学ぶことは本当に役立つと思います。
そのため、私はサブスクコースを作り、そこでそれらを学べるようにしました。
興味がある方は、リンクが概要欄にあります。
もう一つおすすめがあります。
何かを見るとき、聞こえた単語やフレーズを小さな声で繰り返すことをおすすめします。
そうするとき、ピッチアクセントも真似てみてください。
イントネーションも同じです。
では、日常的にイマージョンをどのように、いつ適用できるか話しましょう。
完全な初心者なら、座って100％集中してコンテンツを見る必要があります。
そのため、時間を見つける必要があります。
そして、どれくらいの時間が必要でしょうか？長ければ長いほど良いです。
でも、1日1時間未満しかできなくてもがっかりしないでください。
何もしないよりはマシです。
できるだけたくさんコンテンツを消費してください。
そして同時に、新しい単語や文法を学ぼうとしてください。それが実際に理解力を向上させます。
重要なのは、何度も聞ける好きなコンテンツを見つけることです。
そしてできるだけたくさん聞くように努めてください。
それがコンテンツの理解を深め、
そして日本語スキルを向上させます。
たくさんのコンテンツを消費することに慣れ、物事を理解し始めたら、パッシブイマージョンを始めることができます。
あなたがどう感じるか次第です。
他のことをしながらコンテンツを聞くことに快適さを感じるなら、つまり十分に理解できるなら、パッシブイマージョンはあなたにとって効果的でしょう。
これで、もっと長時間イマージョンができます。
家事や運動、その他のことをしながらコンテンツを聞くことができます。
私はいつも運転中に英語のポッドキャストを聞いています。
どのレベルの人にとっても重要なのは、本当に楽しめるコンテンツを見つけることです。
何でもいいですが、あなたにとって興味深いものでなければなりません。
また、レベルも重要です。
あなたのレベルに合ったコンテンツを選ぶ必要があります。
適切なコンテンツを見つけるのに時間がかかるかもしれませんが、それは自然なことです。
スキルが向上するにつれて、選べるコンテンツが増えていきます。
最後に、読書について話しましょう。
読書は語彙や文法を広げるのに素晴らしい方法です。
読書が好きなら、読書は言語に没頭するための素晴らしい方法の一つです。
注意すべき点は、あなたにとって興味深いものを読む必要があるということです。
本があまり面白くないと感じたら、たとえお金を払っていたとしても、読み続けるべきではありません。
読む気がしないものを無理に読もうとしないでください。さもないと、学習をやめてしまう可能性があります。
あなたのモチベーションはお金よりも重要です。
イマージョンには、モチベーションが大切です。
好きなコンテンツであなたのモチベーションを育てましょう。
今こそ始める時です！
やる気を感じて始める準備ができたら、高評価とチャンネル登録をお願いします。
私はいつも動画の最後にコメントを紹介しています。
今日は、Aeroximaさんのこのコメントを紹介したいと思います。
正しく発音できているかわかりません。申し訳ありません。
真ん中の部分を読みます。
ピッチアクセントと同様に、文全体にイントネーションがあり、単語のピッチアクセントと重なっていることを知るのは非常に役立ちます。そしてイマージョン/たくさん触れることが大いに役立つと思います。
その通りです。イマージョンは大いに役立ちます。次の部分、
また、言葉で表現するのは難しいですが、「追加される情報」を見る方法や、文脈から考えて、次に何が言われるかを考えるような見方は、本当にいくつかの点でピンときました！
ありがとうございます。これはとても重要です。
日本語は理解するのが難しいと言う人もいます。
文の最後まで行かないと、文が「ます」（肯定的）で終わるか「ません」（否定的）で終わるかわからないからです。
それは事実です。
でも通常は、推測できます。
話している人があなたを混乱させようとしていない限り、そんなに複雑ではありません。
コメントありがとうございました。
今日の動画はここまでです。次の動画でお会いしましょう！
素晴らしい一日を！",true,ja,
49,3,A Day in Tokyo | Japanese Listening Practice,https://www.youtube.com/watch?v=dtAvmNUriDY&t=317s,listening-practice,2026-07-17T02:59:13.914993+00:00,2026-07-17T02:59:13.914993+00:00,"みなさん、こんにちは
1月の終わりに仕事で東京に行きました
帰りに神保町の本屋と喫茶店にも行きました
その時のvlogです
できそうならシャドーイングもしてみてください
この時は、朝8時半ぐらいです
自転車で駅に向かっています
自転車を駐輪場にとめます
この駐輪場は地下にあります
空いている場所を探します
ここにとめることにします
駅に向かいます
ここは山梨県の甲府市です
左の建物が甲府駅です
駅のビルにはいろいろなお店が入っています
エスカレーターで上がります
まずは、おみやげを買います
私は、たまに会う人にはおみやげを買います
今回仕事で会う人には何年も会っていませんでした
なので、おみやげを買いますます
山梨の有名な「信玄餅」というおかしを買います
「お願いします」「いらっしゃいませ。ありがとうございます」 「ビニールの袋で、よろしいでしょうか？」
「紙もありますか？すいません」 「かしこまりました。紙のほうで」
「2025円です」「はい」
「はい、どうぞ。差し込みです」 「はい、ありがとうございます」 「ありがとうございます」 「ありがとうございました」
おみやげを買いました
では電車に乗ります
改札を入ります
改札の中のお店で「くろ玉」が売っていました
これは『呪術廻戦』のキャラクターが使う術にそっくりということで 有名になったお菓子です
見た目はこうですが、すっごくおいしいですよ
山梨に来たら食べてみてください
まずは新宿に行きます
新宿で地下鉄に乗り換えます
電車に乗る前にカフェラテを買いましょう
お店の中はせまいです
店員さんはいません
この機械で買います
「お求めのコーヒーをタッチしてください」
「お支払い方法を選択してください」
「1点お買い上げです」
「合計金額をご確認の上、電子… ご利用ありがとうございました」
この機械でコーヒーを入れます
ホットカフェラテを選びます
私が乗る電車が入ってきました
コーヒーに、ふたをします
私は11号車に乗ります
11号車に向かいます
ここです
では電車に乗ります
ドアを開けます
ここが私の席です
富士山が見える席を選びました
でもこの日は雲が多くて富士山は見えませんでした
電車の中では、仕事の準備をしました
新宿に着きました
電車を降ります
私が乗り換えたいのは、都営新宿線です
この看板に、都営新宿線はありますか？
ありません
なので、この階段は降りません
ホームを移動します
あの看板を見てみましょう
ここに「都営新宿線」と書いてあります
2階に上がってくださいということです
階段を上がります
都営新宿線は、これ
このマークを見ればわかりやすいですね
南改札と書いてあります
南改札に向かいます
ここが南改札です
都営新宿線は、出て右ですね
改札を出ます
そのあと、右に行きます
マークのあるほうに行きます
都営新宿線の改札に着きました
こっちですね
降りて右に行きます
ホームに電車が入ってきましたが、これには乗りません
反対の方向に行く電車に乗ります
この電車は、空いていました
空いている席がたくさんありました
目的の駅に着きました
A2の出口から出ます
なのでここから行きます
A2には右ですね
ここも右ですね
ここを上がれば外ですね
さてでは仕事をしてきます！
3時間半後、仕事が終わりました
これから神保町に向かいます
ここは、スキーやスノーボードが売っているお店です
ここもスノーボードのお店です
そのとなりも、スノーボードのお店です
ここにもスノーボードが売っているお店があります
道の向こうには、大きなスポーツ用品店があります
その向かいもスポーツ用品店です
このへんはスポーツ用品のお店が集まっている場所です
あそこもスポーツ用品のお店で
こちらもスポーツ用品のお店です
そしてここには古本屋があります
この道の先は神保町です
神保町は「本の街」です
これは靴屋さんですが、神保町には本屋さんが130もあります
そのほとんどが古本屋さんです
古本屋さんというのは、新しい本ではない、 誰かが読んだ本を売っているお店です
前に神保町の動画を作ったので、ぜひ見てみてください
古本屋さんが続いてますね
神保町の古本屋さんは、それぞれ専門分野があります
専門分野というのは、例えば歴史だったり
文学だったり地図だったり美術だったりいろいろです
ここは新しい本を売っているお店です
『森崎書店の日々』という本があります
神保町を舞台にした本です
世界で26言語に翻訳されているそうです
でもあんまり日本では有名ではない本です
重くなくて、わりと気軽に読める本です
このお店は、浮世絵や鉄道の本、そして古い地図などを売ってるようです
韓国の本のお店を発見しました
ここは古本屋ではありません
この階段の先の3階にあるみたいです
ここですね
入ってみましょう
「すいません、お店の中をちょっとだけ動画撮ったらまずいですか？」 「はい、大丈夫です。どこかに使わ（れるんですか？） 「あの、YouTubeをやってて、外国人向けなん
「紹介してくださるんですか？」 「はい」 「じゃ、いいです」 「いいですか、えー、よかった。ありがとうございます」
「私以外は大丈夫です」 「わかりました、じゃあお店の方はうつらないようにして」
撮影許可をいただきました。ありがとうございます
いろいろな本がありますね
どれを買うか悩みましたが、この本にすることにしました
字が少なめだったのと読める文が少しあったからです
こちらは漫画じゃない部分の、字が多すぎました
「お願いします」 「4307円です。」 「あ、じゃあ、カードで」 「あの、タッチですか？」 「はい」これも
「はい、タッチお願いします」 「これも、撮ってるんですか？ 今も」
「私の声も出る？」 「はい、もしよければ」 「大丈夫ですか？」「いいですか？」
「私の声がそんなきれいじゃない」 「えー、そんなことないです」
「あの日本語を勉強してる人に出してる動画なんで、 こういう会話を、会話が欲しかったんです」 「会話が。한국어로？（韓国語で？）」 「はい、No、あ、ちがいます」
韓国語の意味はわかったのに、「いいえ」すら韓国語が出てきませんでした
話す練習が足りないですね
ところで2024年のノーベル文学賞を取ったのは 韓国のハン・ガンさんでしたね
韓国で特別展があったそうで、その時のしおりをもらいました
貴重なものをありがとうございました
韓国の本に興味がある方は、このお店おすすめですよ
そのあと、遅いランチを食べに行きました
ずっと行きたかった喫茶店がありました
喫茶店というのはカフェなんですが、少し古い雰囲気のカフェです
でもこんなに人が並んでいました
なので同じグループの、となりのお店に行くことにしました
こちらは食べ物を注文しないといけないお店です
「いらっしゃいませ」 「あ、すみません、入れますか？」 「お食事されます？」 「はい、どうぞ、下にどうぞ」はいどうぞ
昔っぽい雰囲気ですね
「お決まりですか？」 「はい、えーと…すいません、ナポリタンとビーフカレーってどっちの方がこう、人気があるというか」 「人気があるのは、ナポリタンです」
「じゃあナポリタンの、ちっちゃいの…」 「はい、ふつうのサイズですね」 「あ、じゃあ、ふつうのサイズ」
「それとあと、いちご…」 「いちごジュース。ご一緒にお持ちしますね」 「はい、一緒にお願いします」
これはナポリタンというメニューです
ケチャップで味がつけてあります
1980年より前は、このナポリタンが喫茶店でよく出されていたそうです
となりの喫茶店、「さぼうる」は、さっきの森崎書店の日々で、「すぼうる」という名前で出てきます
この本棚の模様は、神保町の駅のデザインです
神保町は本の街だからですね
このあとは、家に帰ります
動画の感想をぜひコメントで教えてください
みなさんのコメント全部読んでます
とても励みになっています
今日もコメントを一つ紹介します
Kwintenさんからです
先生、すしはまあまあじゃない！ 寿司は素晴らしい！
とても興味深い動画ですね
文化を共有してくださってありがとうございます
お寿司作りの部分もとても参考になりました
おいしそうでした！
ありがとうございます
動画の中で自分のお寿司を「まあまあ」だと言ったので、こう言ってくれたんですよね？
優しいお言葉、ありがとうございます。心が温かくなりました
実は、動画で作ったお寿司は、いつもより上手にできたんです
でも、自信がなくて控えめに言いました
こういうのも日本文化の一部なんですが、これからの動画では もっと前向きに表現しようと思います
私はいつも日本語学習者の皆さんに「もっと自信を持って！」と伝えているので、自分もそうするべきですよね
Kwintenさんのおかげで気づきました。ありがとうございます
さて、（動画を）見てくれているみなさん、
私は、みなさんが自信をもって話せるようにお手伝いをしたいと思っています
そのために、発音、リズム、アクセント、イントネーションを改善するためのコースを作りました
もし日本人と話すときにもっと自信を持ちたいと感じているなら、このコースをぜひチェックしてみてください
リンクは動画の概要欄にあります
最後まで見てくれて、ありがとうございます！
この動画がよかったら、高評価、友達にシェア、そして チャンネル登録をお願いします
よい1日を！
またねー",true,ja,
50,3,Create Your Japanese Brain! | Japanese Learning Method,https://www.youtube.com/watch?v=PBAYCbL3lEc,tips,2026-07-17T02:59:13.914993+00:00,2026-07-17T02:59:13.914993+00:00,,true,ja,
51,3,How to Type Japanese on iPhone and Android | Smartphone | How to Use the Japanese Keyboard,https://www.youtube.com/watch?v=Q204SYyfEJY,tips,2026-07-17T02:59:13.914993+00:00,2026-07-17T02:59:13.914993+00:00,,true,ja,
52,3,Is Japanese Pitch Accent Worth Learning?,https://www.youtube.com/watch?v=VPPbMCBt4VA,tips,2026-07-17T02:59:13.914993+00:00,2026-07-17T02:59:13.914993+00:00,,true,ja,
53,3,Parsing Sentences for Natural Speech,https://www.youtube.com/watch?v=V_v3fQtQKqE&t=330s,tips,2026-07-17T02:59:13.914993+00:00,2026-07-17T02:59:13.914993+00:00,"日本語は 逆向きだと感じたことはありますか？あるいは、
逆向きだと感じたことはありますか？あるいは、 日本語を文末から翻訳したことはありますか？
日本語を文末から翻訳したことはありますか？
ネイティブの日本語話者のスピードについていきたいなら、もうそんなことはしないようにしましょう。 このビデオでその方法をお見せします。こんにちは、
私は「Speak Japanese Naturally」のHumiです。
日本語学習に興味がある方は、ぜひ私の チャンネルを購読してください。今日は、日本語の語順を
チャンネルを購読してください。今日は、日本語の語順を
スラッシュで解析することで、日本語の文を最初から理解するのに役立つ方法を紹介します。例えば、「
昨日、私は カフェで友達と2時間日本語を勉強しました」という文です。日本語では、
カフェで友達と2時間日本語を勉強しました」という文です。日本語では、 昨日が最初に来て、
昨日が最初に来て、 次に主語、次に
次に主語、次に 誰と、続いて場所、
誰と、続いて場所、 時間の長さ、動詞の目的語、
時間の長さ、動詞の目的語、 最後に動詞が来ます。語順は
最後に動詞が来ます。語順は 変わることもありますが、通常は
変わることもありますが、通常は 最初に追加情報が聞こえ、
最初に追加情報が聞こえ、 実際に何が起こったかは
実際に何が起こったかは 文末にあります。そのため、日本語を
文末にあります。そのため、日本語を 学習している英語話者は、
学習している英語話者は、 日本語は逆向きだと感じ、
日本語は逆向きだと感じ、 日本語の文を理解するのが
日本語の文を理解するのが 難しいと感じるかもしれません。しかし、日本語の語順に慣れなければ、
難しいと感じるかもしれません。しかし、日本語の語順に慣れなければ、
ネイティブの日本語話者のスピードについていくことができません。 私が紹介する方法は 日本語では「スラッシュリーディング」と呼ばれ、
私が紹介する方法は 日本語では「スラッシュリーディング」と呼ばれ、
日本人英語学習者によく使われています。 日本人は英語が逆になっているように感じるため、
日本人は英語が逆になっているように感じるため、 英語の文を
英語の文を 最後から最初に翻訳する傾向があります
最後から最初に翻訳する傾向があります が、実際の
が、実際の 状況ではうまくいきません。文が長いとすぐに迷ってしまうからです。そこで、
状況ではうまくいきません。文が長いとすぐに迷ってしまうからです。そこで、
文を意味の塊に分解し、
最後まで待たずにその時点で意味を把握し、そこ から翻訳を始めます。これは
から翻訳を始めます。これは 主にリーディングのための方法ですが、
主にリーディングのための方法ですが、
日本語の語順で日本語の文を理解する練習になるので、リスニングやスピーキングにも役立ちます。 では、どのように行うか見てみましょう。
では、どのように行うか見てみましょう。 先ほどの文を見てみましょう。
先ほどの文を見てみましょう。
まず、文のどこにスラッシュを入れるか考えてみましょう。文を 最小の塊に分割してみてください。10
最小の塊に分割してみてください。10 秒あげます。
はい、最初の塊は
yesterdayです。tomorrow やthis monthのような単語の後には、can I have a
breakがあります。これらはすべて名詞と助詞で構成されています。 英語では前置詞は
英語では前置詞は at Cafeやwith a friendのように名詞の前に来ますが、
at Cafeやwith a friendのように名詞の前に来ますが、 日本語では
日本語では 名詞の後に来ます。 単一の
名詞の後に来ます。 単一の チャンク n は
チャンク n は 時間の長さを表す名詞でもあり、最後に shim は
時間の長さを表す名詞でもあり、最後に shim は
動詞の活用形です。そのため、文を分割すると、 これらの部分の後にスラッシュが来る可能性がありますが、
これらの部分の後にスラッシュが来る可能性がありますが、 この場合、これらのチャンクは
この場合、これらのチャンクは 小さすぎて意味がなく、
小さすぎて意味がなく、 聞き手にとって不明瞭です。それでは、
聞き手にとって不明瞭です。それでは、 同じ文をより大きな意味のある
同じ文をより大きな意味のある チャンクに分割してみましょう。まず、
チャンクに分割してみましょう。まず、 単一のスラッシュのみを使用して
文を分割してください。日本語で T と呼ばれるこの記号は ここでの区切りを示しているので、ここに
ここでの区切りを示しているので、ここに
スラッシュを入れます。それでも
長すぎる場合は、どこに 別の
スラッシュを入れますか。完全なチャンクを作るので、 n または Cafe の後にスラッシュを入れるのが最適です。どちらも機能しますが、
n または Cafe の後にスラッシュを入れるのが最適です。どちらも機能しますが、
均等に分割されているので見栄えが良いと思います。 もちろん、
もちろん、
このように分割しても問題ありません。または、もう 1 つの
スラッシュを使用してこのように分割することもできます。では、 部分ごとに意味を理解する練習をしましょう。
部分ごとに意味を理解する練習をしましょう。
聞いたときに、この人は 昨日のことを話している、今日や明日のことではない、と考えます。そして、聞くと、
昨日のことを話している、今日や明日のことではない、と考えます。そして、聞くと、
その人が カフェで友達と 2 時間過ごしていると想像し、何が
カフェで友達と 2 時間過ごしていると想像し、何が 聞こえるか推測できます。
聞こえるか推測できます。 彼らはカフェでこのようにしました。
彼らはカフェでこのようにしました。 次に何を聞くかを心の中で準備します。それから、
次に何を聞くかを心の中で準備します。それから、 その人が言うので、
その人が言うので、 ここで彼らが何をしたかがわかります。
ここで彼らが何をしたかがわかります。
聞く可能性はありますが、
尋ねられなければ彼らは
言いません。ですから、彼らが言うと論理的に推測できます。ですから、文脈の中で
IMを想像し、文の最初から部分ごとに 意味を把握することが重要です。
意味を把握することが重要です。
この人は、日本語の語順 で日本語の文を理解するのに役立ちます。
で日本語の文を理解するのに役立ちます。
次の文に進みましょう。 この
この 文にスラッシュを挿入します。まず、スラッシュを1つ挿入します。
文にスラッシュを挿入します。まず、スラッシュを1つ挿入します。 簡単です。pの後です。
次に、さらに2つ挿入します。どこに挿入するのでしょうか。 最初のものは
このように挿入します。どちらでも
構いません。2つ目はnoの後です。 なぜなら、この部分は理由を示し、
なぜなら、この部分は理由を示し、 1つの意味のある
1つの意味のある フレーズになるからです。それでは、読んで、
フレーズになるからです。それでは、読んで、 部分ごとに翻訳を追加します。私は
毎日散歩に行きますが、
昨日は暑すぎたので行きませんでした。
もう一度文を残しますが、今回は 翻訳は言いません。ですから、
翻訳は言いません。ですから、 部分ごとに意味を理解するようにしてください。
それでは、次の文に進みます。これは 会話です。2つ挿入してください。
会話です。2つ挿入してください。 Aの部分にはスラッシュが1つ、Bの部分にはスラッシュが3つあります。Aの
部分には、最初のスラッシュが後に続きます。Kは
チャンクの終わりを示します。beの
部分では、最初のスラッシュが10の後に続き、 2番目のスラッシュがMarの後に続きます。このマークは
2番目のスラッシュがMarの後に続きます。このマークは Marと呼ばれ、ピリオドを意味します。これは
Marと呼ばれ、ピリオドを意味します。これは 文の終わりを示します。3番目のスラッシュは
文の終わりを示します。3番目のスラッシュは Kの後に続きます。これは
Kの後に続きます。これは
説明の終わりであることがわかるからです。では、読み上げますので、意味を 部分ごとに理解してみてください。
[音楽]の
部分。これで、文を分解する方法がわかりました。 次に練習するのは、
次に練習するのは、 これらの文をどのように言うかです。言うときには、
これらの文をどのように言うかです。言うときには、 ピッチアクセントとイントネーションが重要です。
ピッチアクセントとイントネーションが重要です。 ピッチアクセントは単語内のピッチの変化であり、
ピッチアクセントは単語内のピッチの変化であり、 イントネーションは
イントネーションは 文全体にわたる変化です。
文全体にわたる変化です。 最初の文を例にとってみましょう。
最初の文を例にとってみましょう。 まず、各単語のピッチアクセントを確認しましょう。
まず、各単語のピッチアクセントを確認しましょう。
ピッチパターンの名前がわからない場合は、 このビデオを見てください。名前を知らなくても大丈夫です。
このビデオを見てください。名前を知らなくても大丈夫です。
線でピッチアクセントを示しますので、見てください。 そして私の アクセントを聞いてください。Kino は、このように副詞として使われる場合、高音アクセントパターンになります。hav もなので、
アクセントを聞いてください。Kino は、このように副詞として使われる場合、高音アクセントパターンになります。hav もなので、
その後の助詞も hi と言います。ですから、です。ですから、です。
単独で使われる場合はですが、複合語の場合は ピッチアクセントが
ピッチアクセントが 変わります。ですから、
変わります。ですから、 その後の助詞も hi と言います。
最後に、すべてのマスター活用形は 同じ P アクセントを持ちます。ma は高く、は低いので、
同じ P アクセントを持ちます。ma は高く、は低いので、 動詞自体は
動詞自体は 低くなります。M のアクセントパターンは、MAA を持つすべての動詞
低くなります。M のアクセントパターンは、MAA を持つすべての動詞 に適用できるので覚えておく価値があります。
に適用できるので覚えておく価値があります。 次に、
次に、 イントネーションについて考えてみましょう。
イントネーションについて考えてみましょう。 どの部分も強調しない場合、通常は最初の
どの部分も強調しない場合、通常は最初の 部分が高く、徐々に下がります。K が
最も高く、が最も低いですが、 ポーズの後にポーズを入れると、
ポーズの後にポーズを入れると、 トーンは再び高くなります。この場合、Kino は、よりも
トーンは再び高くなります。この場合、Kino は、よりも 少し高く、よりも
少し高く、よりも 高く、よりも高くなります。ところで、
高く、よりも高くなります。ところで、
強調したい場合は、今のところ
ビデオが長くなってきたので、 ここで終わりにしましょう。
ここで終わりにしましょう。 もっと練習したい場合は、私の
もっと練習したい場合は、私の サブスクリプションコース「自然に日本語を話す」に参加してください。そこにはもっと多くの練習があります。さらに、
サブスクリプションコース「自然に日本語を話す」に参加してください。そこにはもっと多くの練習があります。さらに、
日本語の発音、リズム、 ピッチについて学ぶことができます。 日本語を話すときに自然に聞こえるようにするアクセントとイントネーション。私の
ピッチについて学ぶことができます。 日本語を話すときに自然に聞こえるようにするアクセントとイントネーション。私の
Cにあなたを迎え入れたい。 今日のビデオはこれで終わりです。気に入ったら「
今日のビデオはこれで終わりです。気に入ったら「 いいね」ボタンを押してください。
いいね」ボタンを押してください。 コメントありがとうございます。とても
コメントありがとうございます。とても 励みになります。今日は
励みになります。今日は このコメントを紹介したいと思います。jedianさんからのコメントです。stingさん、
このコメントを紹介したいと思います。jedianさんからのコメントです。stingさん、 ありがとうございます。
ありがとうございます。 彼のbangを読みました。とても良かったです。
彼のbangを読みました。とても良かったです。 彼のcooと他の本もいくつか購入しましたが、読んでいません。kakuraさんのことは
彼のcooと他の本もいくつか購入しましたが、読んでいません。kakuraさんのことは 知りませんでした。
知りませんでした。
紹介していただきありがとうございます。きっと
楽しい読書になるでしょう。Natさん の最も有名な本です。
の最も有名な本です。 高校の教科書に載っているので、みんな
高校の教科書に載っているので、みんな 授業で読んでいます。悲しい
授業で読んでいます。悲しい 話ですが。tunduという言葉を知っている人はいますか？
話ですが。tunduという言葉を知っている人はいますか？
tunduとは、 本を買って
本を買って 読まずにパワーアップさせる行為です。Jedi sさんのケースはまさにそれです。
読まずにパワーアップさせる行為です。Jedi sさんのケースはまさにそれです。
この言葉が大好きなので、 今後のビデオで紹介します。
今後のビデオで紹介します。 皆さん、素敵な一日を。次のビデオでお会いしましょう。
皆さん、素敵な一日を。次のビデオでお会いしましょう。 [音楽]
[音楽] [拍手] [
音楽]",true,ja,
54,3,The Very Basics of Japanese Pitch Accent | 2 Rules and 4 Patterns,https://www.youtube.com/watch?v=c9OArpr2A78,tips,2026-07-17T02:59:13.914993+00:00,2026-07-17T02:59:13.914993+00:00,"こんにちは、私は日本のピーチを教えているフミです。
今日は日本のピーチの基本、
2つのロールと4つのパターンを学びます。 このビデオを見れば、
このビデオを見れば、 日本のピーチが何であるかがわかります。すでに
日本のピーチが何であるかがわかります。すでに 知っている場合は、
知っている場合は、
ここにジャンプしてテストを受けてください。私は 東京方言を話します。
東京方言を話します。 このビデオは、
このビデオは、
ほとんどの教科書や放送で使用されている東京方言のピッチについてです。
始める前に、 プレッシャーを感じないでください。
プレッシャーを感じないでください。
正しいピッチで何かを言わなくても、文脈によって 理解できます。また、
理解できます。また、 異なる地域の人々は、
異なる地域の人々は、 時々または
時々または 頻繁に異なるピッチで話します。つまり、正しいピッチは
頻繁に異なるピッチで話します。つまり、正しいピッチは
1つだけではありません。 これは、東京の
これは、東京の 人々のように話したい場合に学ぶ追加事項です。
人々のように話したい場合に学ぶ追加事項です。
ピッチで話すと、彼らは感心するでしょう。プレッシャーを感じないでください。
あなたは何か特別なことをしているのです。それは 素晴らしいことです。では
素晴らしいことです。では 始めましょう。ピッチとは何でしょうか？それは
始めましょう。ピッチとは何でしょうか？それは 単語の上昇と下降です。すべての単語には
単語の上昇と下降です。すべての単語には 特定の
特定の 上昇と下降、または上昇のみで
上昇と下降、または上昇のみで 下降がない場合があります。たとえば、
下降がない場合があります。たとえば、 こんにちは、
こんにちは、 こんにちはではなく、こんにちはです。そして、私が
こんにちはではなく、こんにちはです。そして、私が
日本語を話しますと言うとき、文全体のイントネーションは
次のようになります。
そして、それぞれの 単語に注意深く耳を傾けると、ピッチに違いがあることがわかります。私は日本語です。
単語に注意深く耳を傾けると、ピッチに違いがあることがわかります。私は日本語です。
[音楽] 日本語には高低のピッチがあります。
日本語には高低のピッチがあります。 高低のピッチがあります。
高低のピッチがあります。 それぞれの
それぞれの 単語のピッチを一つずつ学ぶ必要がありますが、その前に、
単語のピッチを一つずつ学ぶ必要がありますが、その前に、 ピッチのルールと
ピッチのルールと ピッチの種類を学びましょう。ルールその
ピッチの種類を学びましょう。ルールその 1：最初の二重音節と
1：最初の二重音節と 2番目の音節は常に
2番目の音節は常に ピッチが異なります。最初の二重音節が
ピッチが異なります。最初の二重音節が 高い場合、2番目の音節は
高い場合、2番目の音節は 低くなければなりません。逆もまた然りです。
低くなければなりません。逆もまた然りです。 ルールその2：
ルールその2： ピッチは単語の中で一度だけ下がります。
ピッチは単語の中で一度だけ下がります。 つまり、
つまり、 ピッチが再び上がると、それは
ピッチが再び上がると、それは 別の単語であることを意味します。これが
別の単語であることを意味します。これが 2つの
2つの 重要なルールです。最初の音節と2番目の音節は
重要なルールです。最初の音節と2番目の音節は 常に異なります。ピッチは
常に異なります。ピッチは 単語の中で一度だけ下がります。
単語の中で一度だけ下がります。 では、ピッチの種類を見てみましょう。
では、ピッチの種類を見てみましょう。 ピッチのパターンは
ピッチのパターンは 2つのカテゴリに分けられます。1つはアクセントなし、もう
2つのカテゴリに分けられます。1つはアクセントなし、もう 1つはアクセントありです。
1つはアクセントありです。 ピッチが
ピッチが 下がると、 アクセントはそこにあります。つまり、
下がると、 アクセントはそこにあります。つまり、 ピッチが
ピッチが 下がらない場合はアクセントはありません。
下がらない場合はアクセントはありません。 最初のカテゴリに属する​​単語は
最初のカテゴリに属する​​単語は アクセントのない単語です。たとえば、
アクセントのない単語です。たとえば、 アメリカ、アメリカ、アメリカは低く始まり、高くなり、
アメリカ、アメリカ、アメリカは低く始まり、高くなり、
最後まで高いままです。ピッチは下がっていません。 イギリスも同じです。
エゴ、英語もこのカテゴリに属します。エゴはeと書きますが、 読みます。
このカテゴリは、この漢字は 平らという意味で、
平らという意味で、 この漢字は板という意味です。
この漢字は板という意味です。 平らな板のように、
平らな板のように、 単語が長くなると、より平らになります。
単語が長くなると、より平らになります。
カリフォルニア、カリフォルニアは平らです。
最初の行を覚えていますか。最初の 音節と2番目のレベルは常にピッチが異なります。
音節と2番目のレベルは常にピッチが異なります。
この天のパターンはピッチが下がらないため、
高く終わる必要があります。したがって、常にそのようにゆっくりです。
私の後に繰り返してください。アメリカ、 アメリカ、
カリフォルニア。さて、 2番目のカテゴリはアクセントのあるものです。
2番目のカテゴリはアクセントのあるものです。 これらは、ピッチが下がっている場所（単語の最初、真ん中、または次の助詞）に応じて3つのグループに分けられます。
これらは、ピッチが下がっている場所（単語の最初、真ん中、または次の助詞）に応じて3つのグループに分けられます。
最初のものは 漢字の頭ままです。頭を意味します。
漢字の頭ままです。頭を意味します。 そして、dhaka は高いという意味で、
そして、dhaka は高いという意味で、 頭が高いという意味なので、
頭が高いという意味なので、 高いのですが、その後すぐに
高いのですが、その後すぐに 下がります。例えば、
練習してみましょう。
[音楽]
neko
2 番目のグループは nakadaka で、naka は真ん中という 意味です。daka は
意味です。daka は 高いので、nakadaka のピッチは
高いので、nakadaka のピッチは
真ん中あたりでいっぱいになります。例えば、 nihong は
nihong は nakadaka の単語です。
[音楽] 最後は odaka です。o は尾という
最後は odaka です。o は尾という 意味です。daka は高いので、odaka のピッチは単語
意味です。daka は高いので、odaka のピッチは単語
自体の直後、多くの場合、 次の助詞の上で行われます。
次の助詞の上で行われます。 例えば、emoto は odaka の
例えば、emoto は odaka の 単語です。emoto は
単語です。emoto は lo 動きが高く、
lo 動きが高く、
imoto では桃が落ちるのが見えません。ピッチは ヘブライ語の単語のピッチと同じように見えます
ヘブライ語の単語のピッチと同じように見えます が、助詞を言うと、例えば
が、助詞を言うと、例えば トピックマーカーの what is it lo
トピックマーカーの what is it lo toa emo は、
toa emo は、 haban の単語の後に odaka の単語なので、
haban の単語の後に odaka の単語なので、
hi america america と言います。しかし、imoto の後では、
単語が haban か odaka かは、 a の後に付けるときにわかります。 単語ですが、
a の後に付けるときにわかります。 単語ですが、 外国人はそれを
外国人はそれを 学ばなければなりませんが、良いニュースは、odaka の単語は
学ばなければなりませんが、良いニュースは、odaka の単語は それほど多くない
それほど多くない ので、それが単語かヘブライ語の単語かわからない場合は、
ので、それが単語かヘブライ語の単語かわからない場合は、
心配せずに、こんにちはと言えば 大丈夫です。これで、
大丈夫です。これで、 2 つの役割と 4 つの
2 つの役割と 4 つの タイプがわかりました。それでは、
タイプがわかりました。それでは、 テストをしましょう。ただし、
テストをしましょう。ただし、 初心者の場合は、答えがわからないと思いますが、
初心者の場合は、答えがわからないと思いますが、
このテストから非常に重要なことを知ることになるので、私と一緒にいてください。 これらの単語を正しいピッチで読んでください。
答えは nihong nihongo です。
他の単語が追加されて別の単語が作られ、
ピッチは通常変わります。nihongo は 日本語を
日本語を
意味します。この漢字 go は言語を意味し、言語の名前を作るために国名の
後によく追加されます。go が単語に追加されると、絵は になります。英語は ego です。エヴァン・ライトの ego a を覚えておいてください。したがって、言語の 名前は heba です。
名前は heba です。
例えば、中高の単語を覚えておいてください。アメリカは天国の 単語です。アメリカですが、
単語です。アメリカですが、 その後にジンを付けて
その後にジンを付けて アメリカ人と言うと、アメリカになります。インドネシア
アメリカ人と言うと、アメリカになります。インドネシア
とフィリピンはどちらも ひどいですが、その後にジンを付けると中高になります。
ひどいですが、その後にジンを付けると中高になります。
インドネシア人、インドネシア人、フィリピン人、フィリピン人、 ピーチドロップス。
ピーチドロップス。 ジンは法律と言います。例外は
ジンは法律と言います。例外は 日本人です。
[音楽]
他の国籍は、ただロと言います。
アメリカ、
インドネシア人、フィリピン。 では、日本人を練習しましょう。
日本人。
[音楽]
初めて誰かに会うとき、日本やあなたの国に関連する単語を使います。 [音楽] では、
会話がどのように進み、 どの
どの 単語を使うかを想像し、
単語を使うかを想像し、 それらの単語のピッチを学び、
それらの単語のピッチを学び、
正しいピッチで言う練習をします。日本人はピッチを自然に学びます。
学校で教えられるものではなく、自然に身につけるものです。 しかし、日本人
しかし、日本人 学習者にとってピッチを
学習者にとってピッチを マスターするための第一歩は、
マスターするための第一歩は、
すべての単語にピッチがあることに気づくことです。 特定の音程を意識して、
単語ごとに音程の上がり下がりがあることを理解し、 何かを聞くときは音程の
何かを聞くときは音程の
上がり下がりが重要であることを念頭に置いて、 それを真似してみてください。
それを真似してみてください。 先生が正しい日本語の音程を説明することは
先生が正しい日本語の音程を説明することは
私にとって重要です。なぜなら、 日本語が上達するにつれて、
日本語が上達するにつれて、 よりネイティブのように聞こえるようになるからです。
よりネイティブのように聞こえるようになるからです。 何かを正しく学ぶのは、一度正しく学ぶ方が、
何かを正しく学ぶのは、一度正しく学ぶ方が、
後でより正確にするために再び学ぶよりも簡単です。
音程をマスターする道のりは長く感じるかもしれませんが、
音程を単語ごとに覚えようとあまりプレッシャーをかけないでください。
好きなものをたくさん聞いて、その 音程を真似してみてください。
今日は以上です。 スクリプトをチェックしてくれたジャネットに感謝します。
スクリプトをチェックしてくれたジャネットに感謝します。 この
この ビデオを見てくれてありがとう。気に入ったら「
ビデオを見てくれてありがとう。気に入ったら「 いいね」ボタンを押して、
いいね」ボタンを押して、 私のチャンネルを購読してください。またすぐにお会いしましょう。
私のチャンネルを購読してください。またすぐにお会いしましょう。 さようなら。",true,ja,
55,1,【日本語の単語】道路や運転に関する日本語,https://www.youtube.com/watch?v=cyN0o8ifezU,vocabulary,2026-07-17T02:59:13.914993+00:00,2026-07-17T02:59:13.914993+00:00,"皆さんこんにちはあね的日本語教室のあね です私は今車の中にいます今日は車を運転
している時に使う日本語を皆さんに紹介し たいと思いますでも私は運転しません私は
ペーパードライバーですペーパー ドライバーというのは運転免許はあるけど
車をしばらく運転していない人のことを 言います私はもう何年かな6年以上運転し
てないので本当に運転するのが怖いので 今日は友達に手伝ってもらいますお願いし
ますお願いますはい前にも私がペーパー ドライバー講習を受けた時の動画や車に
関する動画もあるので是非こちらの動画も 見てくださいじゃあ早速紹介しますとまず
は高速に乗る時に使う単語ですそう高速 道路を走ることを高速に乗るとか高速道路
に乗ると言いますこの時に大事なのは ETCですはい今友達が持ってるのが
ETCカードでえっとこれをどこに挿すか ちょっとやってもらってもいいですかこの
ね車の下の方にETCを挿すところがあり
ますで今ETCカードが挿入されましたで このカードを挿入して速道路の入り口を
通過すると自動 でこうバーが上に開きますでえっとお金が
かかるんですけどクレジットカードの請求 で払うことができるのでえっとすごく便利
ですもしETCカードがなくても一般レ っていうのがあってそこではえっと現金で
払うこともできるのでカードがなくても 大丈夫なんですけど現金だとお金を渡し
てっていうやり取りがあるのでカードが あるとすごく便利です後で高速道路を走っ
てもらうのでその時にまた紹介しますもし かしたら皆さんの国と違うかもしれないん
ですけど私今車の左側に座っていますこれ は助手席ですでハンドルがない席なんです
で右側にハンドルがありますこれが ハンドルですで見てお守りがたくさんあり
ますね交通安全のお守りがたくさんあり ますでこれがナビカーナビですね道を案内
してくれます皆さんの国の車のハンドルは 左にありますか右にありますかよかったら
コメントで教えてくださいじゃあ出発し ましょうあ右に曲がります右に曲がり
ますはい今度は左に曲がります左に曲がる ことを折右に曲がることを右折と言い
ます信号がありますねごめんなさい ちょっとチカチカしてるちょっと光っ
ちゃってるんですけど えっと緑に見えるんだけど日本では青信号
と言っています青黄色赤ですねで歩く方 歩道歩行者専用の方はえっと下が青で上が
赤 ですで日本は左車線を走りますね多分皆
さんの国と違うかもしれませんそれも よかったらコメントで教えて
くださいあそこに渋滞の情報があります ねあとね上に道の案内があり
ますあもうすぐ高速入り口かなはいはい 高速に入り
ますあそこに書いてあるね緑の看板高速
入り口あそこにETC車って書いてあり ます
ねETCに対応してるレーンと対応して ないレンがあり
ますあでも今回はどっちもETCああれだ ね1番左が一般って書いてありますね
じゃあ行きましょう
はい今バーが上がりましたねもうこれで 自動でお金を払ったことになり
ますお動物注意の標識があり ますお横風注意
今友達が車線変更してくれますちょっと右 に行ってみ
ますリンカーを出し て今右側の車線に来まし
[音楽] た今ここにSOSって電話のマークが見え
たと思うんですけど何か事故があったりと か緊急なことがあったらあそこから絡を
することができますどうだろう皆さんの国 の高速道路と同じですかもし何か違いが
あったら是非コメントで教えて ください今右車線に行ったんですけど工事
してるっていう表示があったので右側に来 ました工事って書いてあります
[拍手] ね作業中あしばらく工事してますね
[音楽] うんなので今は1車線しか通れませ
ん多分ここで終わりかなそうだね うんこのカラーコーンが置いてありますね
でもうすぐ多分カラーコーン置いてある とこが終わるのでここからまた2車線
どちらも走ることができ ますここまっすぐ行くと成田空港です
私たちはさっきまでね千葉県の佐原という ところにいて撮影してましたでえっと千葉
県の今南の方に向かっているのでちょうど ね抜田空港の近くを通り
ますでも空港は見えないねさすがにでも 多分飛行機は見えるかもしれないね見える
かな飛行機が飛んで まどこに行くのか
[音楽] なはい今走ってる高速道路は3車線になり
ましたさっき2車線でしたね1車線増えて 1車線増えて3車線になりまし
た全然渋滞してないです ね渋滞というのは車がたくさんあって早く
走ることができない状態あともう全然前に 進まない状態のことを渋滞と言います今
全然渋滞していませ ん高速を降り
ます出口と書いてあります ねはいまた一般レーンとETC専用レーン
があるので私たちはETC1440に行き
ます料金は760ですはい料金もあそこで 確認することができますでもETCなので
もう自動で今生産が終わりました払いを 終わりました今からガソリンスタンドで
ガソリンを入れ
ま のーにタッして
くださいこんな感じですちょっと日本語に 戻し
ますえ種類は軽オレギュラーがあり ます今から友達にガソリンを入れてもらい
ますを開始する方は確認ボタンを押して ください確認を押し
[音楽] ますはいガソリンを入れ
ますここに何Lいうの
ますはいこれで満タンになりました21L で
ですはいレシート取ってこれで完了
ですマクドナルド
です今からこの市原SAって書いてあり ますねこれサービスエリアですサービス
エリアにはトイレがあったりあとご飯を 食べるところもし大きいところだとお土産
を売ってるようなお店もありますなので ちょっとそのサービスエリアに行ってみ
たいと思いますちょっと外観だけ見た目 だけ皆さんにシェアしたいと思い
ますこれですねサービスエリアに入り ますサービスエリアは場所によって全然
違うんですけどここは食事もできるしお 土産も買えるしちょっとなんか南国の
雰囲気なのでいいですよ ねなんか場所によってはもっと広くて
なんかカフェが入ってたりとかスタバが 入ってるところもあり
ます外観はこんな感じです飲食店もあるし えっとあっちの方は多分お土産とかも売っ
てるしで向こうの方にお手洗いがあり すごく南国の雰囲気ですなんかねこういう
ちょっと今ここは入れないんですけど ベンチとか座れるところもあるしあの辺も
ね椅子があるのでベンチがあるので座れ ますであそこにスモーキングスペースと
書いてありますねあそこはえっとタバコを 吸うところです喫煙スペースですはい皆
さん今日の動画はどうですか楽しんで もらえましたか皆さんの国の高速道路の
こととかあと今回見て何か日本と違うこと があったら是非コメントで教えてください
今日はここまでですまた来週お会いし ましょうバイ
バイいつも素敵なコメントをたくさん書い てくださって本当にありがとうございます
また来週お会いしましょうバイ
[音楽] バイ
[音楽] Y",true,ja,
56,1,日本語の会話が上手になる3つのポイント／Three tips to improve your Japanese conversation skills,https://www.youtube.com/watch?v=iIkEj1rZWa0,tips,2026-07-17T02:59:13.914993+00:00,2026-07-17T02:59:13.914993+00:00,"みなさん、あけましておめでとうございます
あかね的日本語教室のあかねです
2025年もよろしくお願いします
私は今でも日本語学校やオンラインで日本語を教えています
そしてYouTubeやInstagramでも日本語に関することを発信しています
本当に日本語を勉強している人から
会話が上手になりたいですとか
どうすれば日本語の会話が上手になりますか？
という質問やコメントをよくもらうので
今日は私なりに日本語の会話が上手になる3つのポイントを考えたので
みなさんにシェアしたいと思います
まず一つ目です
聞き取れるようになる
会話というのは自分だけが話すわけではありませんよね
自分だけが5分も10分も15分も話していたら
それはスピーチやプレゼンテーションだと思います
会話というのは
相手が話すことを聞き取って理解して自分も話す
お互いが聞いたり話したりするのが会話だと思います
ここで重要なのは
相手が何を話しているのかわからなければ
それに対して自分の意見や答えを言うことはできないですよね
もしみなさんが日本語がなかなか聞き取れないな
と悩んでいるとしたら、ちょっと分析してみてください
どうして自分が聞き取れないのか
ちょっと考えてみてください
いろいろな理由があると思います
例えば
相手が話している日本語が速いから聞き取れない
音声が速くて聞き取れない
あとは単語がわからないから聞き取れない
文法がわからないから聞き取れない
いろいろな理由があると思います
私はいろんなところで言ってるんですけれども
まずはみなさん、たくさん聞いてください
そしていろんなトピックや内容を聞いてみてください
みなさんにとってわかりやすいトピックや内容が必ずあるはずです
それとは逆に
なさんにとってわかりにくいトピックや内容もあると思います
まずいろいろ聞いてみてこういう内容は聞き取れる
でもこういうトピックは聞き取れない
これを自分で理解する必要があると思います
例えば、就職活動について
この内容のエピソードを聞いた時に
もしかしたらその就職活動に関する単語が全然わからない
そもそも勉強したことがない可能性もありますよね
勉強したことがない
わからない単語が聞き取れるはずがありませんよね
なので、まず自分はどんな単語がわからないのか聞き取れないのか
これを知ってからじゃあこの単語を勉強してみよう
そして勉強したらもう一度聞いてみてちゃんと聞き取れていれば
その単語はみなさんにとって
忘れにくい単語になっていると思います
でも1回の復習じゃなくて
やっぱり来週とか来月、もう一度同じトピックを聞いてみて
ちゃんと聞いて理解できていれば
それはもう身についた単語だと思います
あとはいっしょに発音してみるというのもすごく大事だと思います
基本的に自分が発音できない単語は聞き取れないと思います
どんな練習方法でもいいです
シャドーイングでもいいですし
1回少しの文章を聞いて止めて自分で言ってみる
自分で言えない単語発音できない単語は
もう1回聞いて練習をするという方法もいいと思います
日本語のネイティブスピーカーでも
やっぱり人によって話し方は違います
速かったりゆっくりだったり
あとはよく使う単語とか言い回しなんかも
それぞれ人によって違うので
やっぱりいろんな人が話しているエピソードとか内容とかを聞くのが
本当にいいと思うので
ぜひいろんな人が話す日本語を聞いてみてください
次2つ目、発音に注意する
今度は自分が話す練習です
自分が話す時に発音にぜひ注意してみてください
きちんと発音できないと相手には
聞いてる人には伝わりません
でも日本語の単語の中には似ている発音がけっこうあると思います
例えば
需要と重要 共有と供給 共感と許可など
ちょっと似ているような発音の単語ってけっこうあると思います
みなさんが日本語を話している時って
本当にいろいろなことを考えながら話していると思います
単語だったり文法だったり
なので発音のことにまで注意がいかないっていうこともあると思います
気をつけてるんだけど
どうしても単語とか文法を優先して
発音にまでなかなか注意できない
という人もいると思います
自分がきちんと発音できているかどうかっていうのは
独学で勉強しているとなかなか気がつきにくいと思います
実際にネイティブスピーカーと話して
自分の発音の間違いに気が付く人は多いと思います
私も中国語や英語の会話を練習している時に
ネイティブスピーカーの先生から、この発音は違うよと聞いて
勘違いして覚えていた単語もすごく多いです
やっぱりそれに気が付くのは
ネイティブスピーカーと話している時だと思います
でも、みなさん
なかなかネイティブスピーカーと話す機会って
ないんじゃないですかね
仕事や勉強、家事、育児
みなさん本当に忙しいと思うので
なかなか学校に行くっていう時間がない
という人もいると思います
今回は実際にネイティブスピーカーの先生と会話の練習ができる
オンライン語学学習プラットフォーム
italkiをみなさんに紹介したいと思います
italkiには3万人以上の先生がいて
ネイティブスピーカーといっしょに会話の練習ができます
私は3年前からitalkiで日本語の会話を教えています
そして外国語学習者として
英語や中国語をitalkiでもう2年以上レッスンを受けています
レッスンは1対1なので
自分の目標やレベルに合わせてレッスンを受けることができます
あと1か月に何回受けなさいとか
1か月にいくらですという決まりがないので
本当に自分のスケジュールに合わせて
レッスンを受けることができます
今回はitalkiで日本語を教えている先生に
日本語の発音の練習方法について
ちょっと聞いてみたいと思います
italkiのレッスンの予約方法はとても簡単です
レッスンを受けたい先生のページから予約します
受けたいレッスンの内容と時間を選びます
そしてスケジュールをを選びます
確認を押せば予約完了です
ふみ先生こんにちは
今日はよろしくお願いいたします
お願いします
ふみ先生、発音の練習方法
何かアドバイスがあったらお願いします
私がいつも日本語を始めたばっかりの人に
まず言っているのは
あいうえお表を母音の段で読んでもらうっていうことです
日本語は母音がとっても大事なので
「あかさたな」とか「いきしちに」の順で読んでもらいます
「いきしちに」って言う時に、かがみを見てもらって
口の形が動いてないっていうことを確認してもらって
できるだけきれいな発音になるようにしています
あとおすすめしているのがイマージョンですね
たくさん聞く とにかくたくさん聞く
それと同時にシャドーイングを1日10分でも20分でもやってもらうと
すごく効果があるなと思っています
日本語は音の高低
高い低いがとっても大事なので
それを真似するという意識のもと
聞こえた通りに繰り返す練習
それがすごい効果的だと思います
すごい 具体的な練習方法、本当にありがとうございます
やっぱり本当に何分でもいいから
継続するのって大事ですよね
そこがなかなか難しいけど大事なところですよね
ですよね
やっぱり1週間とか1か月で上手になるわけではないので
ぜひね続けた方がいいということですよね
わかりました ふみ先生ありがとうございました
みなさんも自分の好きな時間に好きな場所で
日本語の会話の練習をしてみてください
日本語の会話を練習したいと思っている人
今からitalkiで始めてみませんか？
今回初めてitalkiでレッスンを受ける人は
特別なクーポンが使えます
この動画の概要欄にあるプロモーションコード
こちらにも書いておきます AKANE2025です
こちらを入力して10ドル購入すると
最初のレッスンで5ドルもらうことができます
先着50名が使えるクーポンなので早めにチェックしてください
会話が上達する1つのポイントは
やっぱり継続することだと思います
みなさんのスケジュールに合わせて
ぜひitalkiで会話の練習や発音の練習をしてみてください
最後3つ目です
話せない原因を考える
話している時に
自分が何について話せないのか分析してみてください
どうして話せないのか分析してみてください
自分で考えてみてください
いろいろな原因があると思います
例えば単語がわからなくて話せない
文法がわからないから話せない
あとはこういう話題になると話せない
ネイティブスピーカーと話すことに慣れていないから
緊張して話せない
本当にいろいろな原因があると思いますので
みなさんの原因
自分がどうして話せないかを分析してみてください
それがわからないと改善できませんよね
何が原因でできないのかをまずは自分で考えてみないと
改善することは難しいと思います
実際にネイティブスピーカーと話した時に
何が伝えられなかったのか
自分はどんなことを日本語で話せなかったのか
これをメモして自分で調べるのもいいと思います
あとは1日の終わりに
その日の出来事を日本語ですぐに言えるかどうか
練習してみるのもいい方法だと思います
例えば、今日は乗っていた電車が遅延したとか
今日は同僚に服装を褒められたとか
なんでもいいと思うんですけれども
まずは自分の母語で考えて
それを日本語に翻訳しようと思った時に
すぐにわからない動詞や名詞がたくさん出てくると思います
それを1日5分でもいいので
日本語で考える練習をするというのもいい方法だと思います
そしてもし時間があれば
italkiでネイティブスピーカーの先生に、自分が考えた
あなたが考えた日本語の文章を確認してもらうと
より早く正確な文章が作れるようになっていくと思いますし
それを積み重ねていくと
会話の上達にもつながると思います
今日は日本語の会話が上手になる3つのポイントを私なりに考えて
みなさんにシェアしてみました
少しでも参考になれば嬉しいです
あとぜひ今日紹介したitalkiで
ネイティブスピーカーの先生といっしょに
日本語の会話や発音を練習してみてください
たぶんいろいろなことに気がつくと思います
文法の間違いにも気がつけると思うし
発音の間違いにも気づくことができると思います
本当に話せば話すほど
自分の会話っていうのは上達していくと思うので
みなさん是非練習してみてください
italkiのリンクやクーポンコードは概要欄にあります
是非すぐにチェックしてください
では今日はここまでにしたいと思います
最後まで見てくださってありがとうございました
また来週お会いしましょう バイバイ",true,ja,
57,1,【新横浜Vlog】電車やお店で使う日本語＜生活で使う日本語＞,https://www.youtube.com/watch?v=VnTVz39FAVQ,conversation,2026-07-17T02:59:13.914993+00:00,2026-07-17T02:59:13.914993+00:00,,true,ja,
