id,sentence_id,kotoba_id,created_at
1,1,142,2026-07-12T14:21:13.326412+00:00
3,3,88,2026-07-12T14:21:13.326412+00:00
4,4,193,2026-07-12T14:21:13.326412+00:00
5,5,210,2026-07-12T14:21:13.326412+00:00
6,6,134,2026-07-12T14:21:13.326412+00:00
7,7,188,2026-07-12T14:21:13.326412+00:00
8,8,196,2026-07-12T14:21:13.326412+00:00
9,9,143,2026-07-12T14:21:13.326412+00:00
10,10,163,2026-07-12T14:21:13.326412+00:00
11,11,206,2026-07-12T14:21:13.326412+00:00
12,12,128,2026-07-12T14:21:13.326412+00:00
13,13,92,2026-07-12T14:21:13.326412+00:00
14,14,93,2026-07-12T14:21:13.326412+00:00
15,15,71,2026-07-12T14:21:13.326412+00:00
16,16,133,2026-07-12T14:21:13.326412+00:00
17,17,190,2026-07-12T14:21:13.326412+00:00
18,18,129,2026-07-12T14:21:13.326412+00:00
19,19,115,2026-07-12T14:21:13.326412+00:00
21,21,162,2026-07-12T14:21:13.326412+00:00
22,22,150,2026-07-12T14:21:13.326412+00:00
23,23,146,2026-07-12T14:21:13.326412+00:00
24,24,179,2026-07-12T14:21:13.326412+00:00
25,25,121,2026-07-12T14:21:13.326412+00:00
26,26,174,2026-07-12T14:21:13.326412+00:00
27,27,178,2026-07-12T14:21:13.326412+00:00
28,28,97,2026-07-12T14:21:13.326412+00:00
29,29,98,2026-07-12T14:21:13.326412+00:00
30,30,94,2026-07-12T14:21:13.326412+00:00
31,31,205,2026-07-12T14:21:13.326412+00:00
32,32,82,2026-07-12T14:21:13.326412+00:00
33,33,147,2026-07-12T14:21:13.326412+00:00
34,34,106,2026-07-12T14:21:13.326412+00:00
36,36,188,2026-07-12T14:21:13.326412+00:00
37,37,85,2026-07-12T14:21:13.326412+00:00
38,38,164,2026-07-12T14:21:13.326412+00:00
39,39,204,2026-07-12T14:21:13.326412+00:00
40,40,99,2026-07-12T14:21:13.326412+00:00
41,41,172,2026-07-12T14:21:13.326412+00:00
42,42,162,2026-07-12T14:21:13.326412+00:00
43,43,107,2026-07-12T14:21:13.326412+00:00
44,44,96,2026-07-12T14:21:13.326412+00:00
45,45,133,2026-07-12T14:21:13.326412+00:00
46,46,187,2026-07-12T14:21:13.326412+00:00
48,48,150,2026-07-12T14:21:13.326412+00:00
49,49,80,2026-07-12T14:21:13.326412+00:00
50,50,220,2026-07-12T14:21:13.326412+00:00
51,51,180,2026-07-12T14:21:13.326412+00:00
52,52,116,2026-07-12T14:21:13.326412+00:00
53,53,177,2026-07-12T14:21:13.326412+00:00
54,54,77,2026-07-12T14:21:13.326412+00:00
55,55,153,2026-07-12T14:21:13.326412+00:00
56,56,143,2026-07-12T14:21:13.326412+00:00
57,57,197,2026-07-12T14:21:13.326412+00:00
58,58,116,2026-07-12T14:21:13.326412+00:00
59,59,121,2026-07-12T14:21:13.326412+00:00
60,60,187,2026-07-12T14:21:13.326412+00:00
61,61,99,2026-07-12T14:21:13.326412+00:00
62,62,79,2026-07-12T14:21:13.326412+00:00
63,63,211,2026-07-12T14:21:13.326412+00:00
64,64,164,2026-07-12T14:21:13.326412+00:00
65,65,93,2026-07-12T14:21:13.326412+00:00
66,66,81,2026-07-12T14:21:13.326412+00:00
67,67,152,2026-07-12T14:21:13.326412+00:00
68,68,104,2026-07-12T14:21:13.326412+00:00
69,69,86,2026-07-12T14:21:13.326412+00:00
70,70,87,2026-07-12T14:21:13.326412+00:00
71,71,111,2026-07-12T14:21:13.326412+00:00
72,72,103,2026-07-12T14:21:13.326412+00:00
73,73,171,2026-07-12T14:21:13.326412+00:00
74,74,136,2026-07-12T14:21:13.326412+00:00
75,75,85,2026-07-12T14:21:13.326412+00:00
76,76,79,2026-07-12T14:21:13.326412+00:00
77,77,191,2026-07-12T14:21:13.326412+00:00
78,78,163,2026-07-12T14:21:13.326412+00:00
79,79,84,2026-07-12T14:21:13.326412+00:00
80,80,193,2026-07-12T14:21:13.326412+00:00
81,81,180,2026-07-12T14:21:13.326412+00:00
82,82,198,2026-07-12T14:21:13.326412+00:00
83,83,84,2026-07-12T14:21:13.326412+00:00
84,84,192,2026-07-12T14:21:13.326412+00:00
85,85,136,2026-07-12T14:21:13.326412+00:00
86,86,96,2026-07-12T14:21:13.326412+00:00
87,87,75,2026-07-12T14:21:13.326412+00:00
88,88,208,2026-07-12T14:21:13.326412+00:00
89,89,202,2026-07-12T14:21:13.326412+00:00
90,90,210,2026-07-12T14:21:13.326412+00:00
91,91,140,2026-07-12T14:21:13.326412+00:00
92,92,112,2026-07-12T14:21:13.326412+00:00
93,93,155,2026-07-12T14:21:13.326412+00:00
94,94,191,2026-07-12T14:21:13.326412+00:00
95,95,179,2026-07-12T14:21:13.326412+00:00
96,96,199,2026-07-12T14:21:13.326412+00:00
97,97,90,2026-07-12T14:21:13.326412+00:00
98,98,167,2026-07-12T14:21:13.326412+00:00
99,99,195,2026-07-12T14:21:13.326412+00:00
100,100,217,2026-07-12T14:21:13.326412+00:00
101,101,98,2026-07-12T14:21:13.326412+00:00
102,102,128,2026-07-12T14:21:13.326412+00:00
103,103,101,2026-07-12T14:21:13.326412+00:00
104,104,192,2026-07-12T14:21:13.326412+00:00
105,105,138,2026-07-12T14:21:13.326412+00:00
106,106,198,2026-07-12T14:21:13.326412+00:00
107,107,158,2026-07-12T14:21:13.326412+00:00
108,108,109,2026-07-12T14:21:13.326412+00:00
109,109,130,2026-07-12T14:21:13.326412+00:00
110,110,174,2026-07-12T14:21:13.326412+00:00
111,111,72,2026-07-12T14:21:13.326412+00:00
112,112,129,2026-07-12T14:21:13.326412+00:00
113,113,139,2026-07-12T14:21:13.326412+00:00
114,114,155,2026-07-12T14:21:13.326412+00:00
115,115,110,2026-07-12T14:21:13.326412+00:00
116,116,81,2026-07-12T14:21:13.326412+00:00
117,117,100,2026-07-12T14:21:13.326412+00:00
118,118,72,2026-07-12T14:21:13.326412+00:00
119,119,161,2026-07-12T14:21:13.326412+00:00
120,120,94,2026-07-12T14:21:13.326412+00:00
121,121,216,2026-07-12T14:21:13.326412+00:00
122,122,185,2026-07-12T14:21:13.326412+00:00
123,123,90,2026-07-12T14:21:13.326412+00:00
124,124,88,2026-07-12T14:21:13.326412+00:00
125,125,207,2026-07-12T14:21:13.326412+00:00
126,126,151,2026-07-12T14:21:13.326412+00:00
127,127,86,2026-07-12T14:21:13.326412+00:00
128,128,103,2026-07-12T14:21:13.326412+00:00
129,129,113,2026-07-12T14:21:13.326412+00:00
130,130,152,2026-07-12T14:21:13.326412+00:00
131,131,138,2026-07-12T14:21:13.326412+00:00
132,132,110,2026-07-12T14:21:13.326412+00:00
133,133,104,2026-07-12T14:21:13.326412+00:00
134,134,111,2026-07-12T14:21:13.326412+00:00
135,135,115,2026-07-12T14:21:13.326412+00:00
136,136,113,2026-07-12T14:21:13.326412+00:00
137,137,82,2026-07-12T14:21:13.326412+00:00
138,138,199,2026-07-12T14:21:13.326412+00:00
139,139,147,2026-07-12T14:21:13.326412+00:00
140,140,202,2026-07-12T14:21:13.326412+00:00
141,141,171,2026-07-12T14:21:13.326412+00:00
142,142,139,2026-07-12T14:21:13.326412+00:00
143,143,178,2026-07-12T14:21:13.326412+00:00
144,144,177,2026-07-12T14:21:13.326412+00:00
145,145,134,2026-07-12T14:21:13.326412+00:00
146,146,108,2026-07-12T14:21:13.326412+00:00
147,147,80,2026-07-12T14:21:13.326412+00:00
148,148,217,2026-07-12T14:21:13.326412+00:00
149,149,172,2026-07-12T14:21:13.326412+00:00
150,150,214,2026-07-12T14:21:13.326412+00:00
151,151,92,2026-07-12T14:21:13.326412+00:00
152,152,157,2026-07-12T14:21:13.326412+00:00
153,153,183,2026-07-12T14:21:13.326412+00:00
154,154,124,2026-07-12T14:21:13.326412+00:00
155,155,157,2026-07-12T14:21:13.326412+00:00
156,156,74,2026-07-12T14:21:13.326412+00:00
157,157,100,2026-07-12T14:21:13.326412+00:00
158,158,123,2026-07-12T14:21:13.326412+00:00
159,159,122,2026-07-12T14:21:13.326412+00:00
160,160,146,2026-07-12T14:21:13.326412+00:00
161,161,74,2026-07-12T14:21:13.326412+00:00
162,162,220,2026-07-12T14:21:13.326412+00:00
163,163,106,2026-07-12T14:21:13.326412+00:00
164,164,107,2026-07-12T14:21:13.326412+00:00
165,165,190,2026-07-12T14:21:13.326412+00:00
166,166,151,2026-07-12T14:21:13.326412+00:00
167,167,124,2026-07-12T14:21:13.326412+00:00
168,168,108,2026-07-12T14:21:13.326412+00:00
169,169,153,2026-07-12T14:21:13.326412+00:00
170,170,185,2026-07-12T14:21:13.326412+00:00
171,171,101,2026-07-12T14:21:13.326412+00:00
172,172,154,2026-07-12T14:21:13.326412+00:00
173,173,154,2026-07-12T14:21:13.326412+00:00
174,174,167,2026-07-12T14:21:13.326412+00:00
175,175,109,2026-07-12T14:21:13.326412+00:00
176,176,158,2026-07-12T14:21:13.326412+00:00
177,177,142,2026-07-12T14:21:13.326412+00:00
178,178,216,2026-07-12T14:21:13.326412+00:00
179,179,77,2026-07-12T14:21:13.326412+00:00
180,180,89,2026-07-12T14:21:13.326412+00:00
181,181,205,2026-07-12T14:21:13.326412+00:00
182,182,195,2026-07-12T14:21:13.326412+00:00
183,183,117,2026-07-12T14:21:13.326412+00:00
184,184,161,2026-07-12T14:21:13.326412+00:00
185,185,196,2026-07-12T14:21:13.326412+00:00
186,186,197,2026-07-12T14:21:13.326412+00:00
187,187,140,2026-07-12T14:21:13.326412+00:00
188,188,112,2026-07-12T14:21:13.326412+00:00
189,189,122,2026-07-12T14:21:13.326412+00:00
190,190,87,2026-07-12T14:21:13.326412+00:00
191,191,97,2026-07-12T14:21:13.326412+00:00
192,192,183,2026-07-12T14:21:13.326412+00:00
193,193,130,2026-07-12T14:21:13.326412+00:00
194,194,208,2026-07-12T14:21:13.326412+00:00
195,195,117,2026-07-12T14:21:13.326412+00:00
196,196,206,2026-07-12T14:21:13.326412+00:00
197,197,75,2026-07-12T14:21:13.326412+00:00
198,198,89,2026-07-12T14:21:13.326412+00:00
199,199,123,2026-07-12T14:21:13.326412+00:00
200,200,207,2026-07-12T14:21:13.326412+00:00
201,201,204,2026-07-12T14:21:13.326412+00:00
202,202,211,2026-07-12T14:21:13.326412+00:00
203,203,291,2026-07-12T14:21:13.326412+00:00
204,204,189,2026-07-12T14:21:13.326412+00:00
205,205,226,2026-07-12T14:21:13.326412+00:00
206,206,132,2026-07-12T14:21:13.326412+00:00
207,207,173,2026-07-12T14:21:13.326412+00:00
208,208,201,2026-07-12T14:21:13.326412+00:00
209,209,346,2026-07-12T14:21:13.326412+00:00
210,210,326,2026-07-12T14:21:13.326412+00:00
211,211,186,2026-07-12T14:21:13.326412+00:00
212,212,95,2026-07-12T14:21:13.326412+00:00
213,213,290,2026-07-12T14:21:13.326412+00:00
214,214,175,2026-07-12T14:21:13.326412+00:00
215,215,268,2026-07-12T14:21:13.326412+00:00
216,216,326,2026-07-12T14:21:13.326412+00:00
217,217,353,2026-07-12T14:21:13.326412+00:00
218,218,254,2026-07-12T14:21:13.326412+00:00
219,219,125,2026-07-12T14:21:13.326412+00:00
220,220,228,2026-07-12T14:21:13.326412+00:00
221,221,261,2026-07-12T14:21:13.326412+00:00
222,222,127,2026-07-12T14:21:13.326412+00:00
223,223,102,2026-07-12T14:21:13.326412+00:00
224,224,165,2026-07-12T14:21:13.326412+00:00
225,225,300,2026-07-12T14:21:13.326412+00:00
226,226,224,2026-07-12T14:21:13.326412+00:00
227,227,304,2026-07-12T14:21:13.326412+00:00
228,228,288,2026-07-12T14:21:13.326412+00:00
229,229,289,2026-07-12T14:21:13.326412+00:00
230,230,135,2026-07-12T14:21:13.326412+00:00
231,231,156,2026-07-12T14:21:13.326412+00:00
232,232,337,2026-07-12T14:21:13.326412+00:00
233,233,303,2026-07-12T14:21:13.326412+00:00
234,234,189,2026-07-12T14:21:13.326412+00:00
235,235,354,2026-07-12T14:21:13.326412+00:00
236,236,316,2026-07-12T14:21:13.326412+00:00
237,237,254,2026-07-12T14:21:13.326412+00:00
238,238,176,2026-07-12T14:21:13.326412+00:00
239,239,69,2026-07-12T14:21:13.326412+00:00
240,240,284,2026-07-12T14:21:13.326412+00:00
241,241,322,2026-07-12T14:21:13.326412+00:00
242,242,126,2026-07-12T14:21:13.326412+00:00
243,243,348,2026-07-12T14:21:13.326412+00:00
244,244,270,2026-07-12T14:21:13.326412+00:00
245,245,320,2026-07-12T14:21:13.326412+00:00
246,246,144,2026-07-12T14:21:13.326412+00:00
247,247,331,2026-07-12T14:21:13.326412+00:00
248,248,212,2026-07-12T14:21:13.326412+00:00
249,249,176,2026-07-12T14:21:13.326412+00:00
250,250,160,2026-07-12T14:21:13.326412+00:00
251,251,353,2026-07-12T14:21:13.326412+00:00
252,252,212,2026-07-12T14:21:13.326412+00:00
253,253,78,2026-07-12T14:21:13.326412+00:00
254,254,244,2026-07-12T14:21:13.326412+00:00
255,255,203,2026-07-12T14:21:13.326412+00:00
256,256,337,2026-07-12T14:21:13.326412+00:00
257,257,304,2026-07-12T14:21:13.326412+00:00
258,258,120,2026-07-12T14:21:13.326412+00:00
259,259,118,2026-07-12T14:21:13.326412+00:00
260,260,219,2026-07-12T14:21:13.326412+00:00
261,261,83,2026-07-12T14:21:13.326412+00:00
262,262,83,2026-07-12T14:21:13.326412+00:00
263,263,156,2026-07-12T14:21:13.326412+00:00
264,264,131,2026-07-12T14:21:13.326412+00:00
265,265,209,2026-07-12T14:21:13.326412+00:00
266,266,283,2026-07-12T14:21:13.326412+00:00
267,267,330,2026-07-12T14:21:13.326412+00:00
268,268,119,2026-07-12T14:21:13.326412+00:00
269,269,267,2026-07-12T14:21:13.326412+00:00
270,270,76,2026-07-12T14:21:13.326412+00:00
271,271,223,2026-07-12T14:21:13.326412+00:00
272,272,275,2026-07-12T14:21:13.326412+00:00
273,273,300,2026-07-12T14:21:13.326412+00:00
274,274,290,2026-07-12T14:21:13.326412+00:00
275,275,354,2026-07-12T14:21:13.326412+00:00
276,276,141,2026-07-12T14:21:13.326412+00:00
277,277,91,2026-07-12T14:21:13.326412+00:00
278,278,132,2026-07-12T14:21:13.326412+00:00
279,279,135,2026-07-12T14:21:13.326412+00:00
280,280,120,2026-07-12T14:21:13.326412+00:00
281,281,181,2026-07-12T14:21:13.326412+00:00
282,282,229,2026-07-12T14:21:13.326412+00:00
283,283,209,2026-07-12T14:21:13.326412+00:00
284,284,251,2026-07-12T14:21:13.326412+00:00
285,285,201,2026-07-12T14:21:13.326412+00:00
286,286,267,2026-07-12T14:21:13.326412+00:00
287,287,284,2026-07-12T14:21:13.326412+00:00
288,288,346,2026-07-12T14:21:13.326412+00:00
289,289,137,2026-07-12T14:21:13.326412+00:00
290,290,76,2026-07-12T14:21:13.326412+00:00
291,291,226,2026-07-12T14:21:13.326412+00:00
292,292,315,2026-07-12T14:21:13.326412+00:00
293,293,261,2026-07-12T14:21:13.326412+00:00
294,294,149,2026-07-12T14:21:13.326412+00:00
295,295,200,2026-07-12T14:21:13.326412+00:00
296,296,194,2026-07-12T14:21:13.326412+00:00
297,297,251,2026-07-12T14:21:13.326412+00:00
298,298,137,2026-07-12T14:21:13.326412+00:00
299,299,181,2026-07-12T14:21:13.326412+00:00
300,300,144,2026-07-12T14:21:13.326412+00:00
301,301,175,2026-07-12T14:21:13.326412+00:00
302,302,322,2026-07-12T14:21:13.326412+00:00
303,303,182,2026-07-12T14:21:13.326412+00:00
304,304,241,2026-07-12T14:21:13.326412+00:00
305,305,289,2026-07-12T14:21:13.326412+00:00
306,306,213,2026-07-12T14:21:13.326412+00:00
307,307,339,2026-07-12T14:21:13.326412+00:00
308,308,348,2026-07-12T14:21:13.326412+00:00
309,309,308,2026-07-12T14:21:13.326412+00:00
310,310,73,2026-07-12T14:21:13.326412+00:00
311,311,127,2026-07-12T14:21:13.326412+00:00
312,312,131,2026-07-12T14:21:13.326412+00:00
313,313,105,2026-07-12T14:21:13.326412+00:00
314,314,141,2026-07-12T14:21:13.326412+00:00
315,315,315,2026-07-12T14:21:13.326412+00:00
316,316,242,2026-07-12T14:21:13.326412+00:00
317,317,186,2026-07-12T14:21:13.326412+00:00
318,318,324,2026-07-12T14:21:13.326412+00:00
319,319,215,2026-07-12T14:21:13.326412+00:00
320,320,184,2026-07-12T14:21:13.326412+00:00
321,321,317,2026-07-12T14:21:13.326412+00:00
322,322,317,2026-07-12T14:21:13.326412+00:00
323,323,223,2026-07-12T14:21:13.326412+00:00
324,324,218,2026-07-12T14:21:13.326412+00:00
325,325,283,2026-07-12T14:21:13.326412+00:00
327,327,342,2026-07-12T14:21:13.326412+00:00
328,328,184,2026-07-12T14:21:13.326412+00:00
329,329,168,2026-07-12T14:21:13.326412+00:00
330,330,91,2026-07-12T14:21:13.326412+00:00
331,331,330,2026-07-12T14:21:13.326412+00:00
332,332,228,2026-07-12T14:21:13.326412+00:00
333,333,165,2026-07-12T14:21:13.326412+00:00
335,335,125,2026-07-12T14:21:13.326412+00:00
336,336,105,2026-07-12T14:21:13.326412+00:00
337,337,263,2026-07-12T14:21:13.326412+00:00
338,338,173,2026-07-12T14:21:13.326412+00:00
339,339,194,2026-07-12T14:21:13.326412+00:00
340,340,148,2026-07-12T14:21:13.326412+00:00
341,341,182,2026-07-12T14:21:13.326412+00:00
342,342,168,2026-07-12T14:21:13.326412+00:00
343,343,339,2026-07-12T14:21:13.326412+00:00
344,344,224,2026-07-12T14:21:13.326412+00:00
345,345,145,2026-07-12T14:21:13.326412+00:00
346,346,256,2026-07-12T14:21:13.326412+00:00
347,347,219,2026-07-12T14:21:13.326412+00:00
348,348,320,2026-07-12T14:21:13.326412+00:00
349,349,308,2026-07-12T14:21:13.326412+00:00
350,350,292,2026-07-12T14:21:13.326412+00:00
351,351,305,2026-07-12T14:21:13.326412+00:00
352,352,203,2026-07-12T14:21:13.326412+00:00
353,353,292,2026-07-12T14:21:13.326412+00:00
354,354,241,2026-07-12T14:21:13.326412+00:00
355,355,69,2026-07-12T14:21:13.326412+00:00
356,356,118,2026-07-12T14:21:13.326412+00:00
357,357,169,2026-07-12T14:21:13.326412+00:00
358,358,166,2026-07-12T14:21:13.326412+00:00
359,359,324,2026-07-12T14:21:13.326412+00:00
360,360,314,2026-07-12T14:21:13.326412+00:00
361,361,272,2026-07-12T14:21:13.326412+00:00
362,362,357,2026-07-12T14:21:13.326412+00:00
363,363,166,2026-07-12T14:21:13.326412+00:00
364,364,314,2026-07-12T14:21:13.326412+00:00
365,365,102,2026-07-12T14:21:13.326412+00:00
366,366,95,2026-07-12T14:21:13.326412+00:00
367,367,218,2026-07-12T14:21:13.326412+00:00
368,368,200,2026-07-12T14:21:13.326412+00:00
369,369,149,2026-07-12T14:21:13.326412+00:00
370,370,268,2026-07-12T14:21:13.326412+00:00
371,371,316,2026-07-12T14:21:13.326412+00:00
372,372,160,2026-07-12T14:21:13.326412+00:00
373,373,342,2026-07-12T14:21:13.326412+00:00
374,374,306,2026-07-12T14:21:13.326412+00:00
375,375,242,2026-07-12T14:21:13.326412+00:00
376,376,229,2026-07-12T14:21:13.326412+00:00
377,377,272,2026-07-12T14:21:13.326412+00:00
378,378,263,2026-07-12T14:21:13.326412+00:00
379,379,159,2026-07-12T14:21:13.326412+00:00
380,503,309,2026-07-12T14:21:13.326412+00:00
381,380,288,2026-07-12T14:21:13.326412+00:00
382,381,275,2026-07-12T14:21:13.326412+00:00
383,382,291,2026-07-12T14:21:13.326412+00:00
384,383,357,2026-07-12T14:21:13.326412+00:00
385,384,305,2026-07-12T14:21:13.326412+00:00
386,385,119,2026-07-12T14:21:13.326412+00:00
387,386,126,2026-07-12T14:21:13.326412+00:00
388,387,270,2026-07-12T14:21:13.326412+00:00
389,388,159,2026-07-12T14:21:13.326412+00:00
390,389,325,2026-07-12T14:21:13.326412+00:00
391,390,73,2026-07-12T14:21:13.326412+00:00
392,391,325,2026-07-12T14:21:13.326412+00:00
393,392,244,2026-07-12T14:21:13.326412+00:00
394,393,145,2026-07-12T14:21:13.326412+00:00
395,394,256,2026-07-12T14:21:13.326412+00:00
396,395,148,2026-07-12T14:21:13.326412+00:00
397,396,114,2026-07-12T14:21:13.326412+00:00
398,397,303,2026-07-12T14:21:13.326412+00:00
400,399,114,2026-07-12T14:21:13.326412+00:00
401,400,78,2026-07-12T14:21:13.326412+00:00
402,401,306,2026-07-12T14:21:13.326412+00:00
403,402,215,2026-07-12T14:21:13.326412+00:00
404,403,331,2026-07-12T14:21:13.326412+00:00
405,404,213,2026-07-12T14:21:13.326412+00:00
406,405,355,2026-07-12T14:21:13.326412+00:00
407,406,321,2026-07-12T14:21:13.326412+00:00
408,407,243,2026-07-12T14:21:13.326412+00:00
409,408,298,2026-07-12T14:21:13.326412+00:00
410,409,253,2026-07-12T14:21:13.326412+00:00
411,410,280,2026-07-12T14:21:13.326412+00:00
412,411,313,2026-07-12T14:21:13.326412+00:00
413,412,250,2026-07-12T14:21:13.326412+00:00
414,413,295,2026-07-12T14:21:13.326412+00:00
415,414,253,2026-07-12T14:21:13.326412+00:00
416,415,266,2026-07-12T14:21:13.326412+00:00
417,416,13,2026-07-12T14:21:13.326412+00:00
418,417,222,2026-07-12T14:21:13.326412+00:00
419,418,294,2026-07-12T14:21:13.326412+00:00
420,419,309,2026-07-12T14:21:13.326412+00:00
421,420,341,2026-07-12T14:21:13.326412+00:00
422,421,334,2026-07-12T14:21:13.326412+00:00
423,422,240,2026-07-12T14:21:13.326412+00:00
424,423,297,2026-07-12T14:21:13.326412+00:00
425,424,345,2026-07-12T14:21:13.326412+00:00
426,425,347,2026-07-12T14:21:13.326412+00:00
427,426,345,2026-07-12T14:21:13.326412+00:00
428,427,364,2026-07-12T14:21:13.326412+00:00
429,428,276,2026-07-12T14:21:13.326412+00:00
430,429,265,2026-07-12T14:21:13.326412+00:00
431,430,365,2026-07-12T14:21:13.326412+00:00
432,431,225,2026-07-12T14:21:13.326412+00:00
433,432,255,2026-07-12T14:21:13.326412+00:00
434,433,285,2026-07-12T14:21:13.326412+00:00
435,434,269,2026-07-12T14:21:13.326412+00:00
436,435,257,2026-07-12T14:21:13.326412+00:00
437,436,246,2026-07-12T14:21:13.326412+00:00
438,437,278,2026-07-12T14:21:13.326412+00:00
439,438,359,2026-07-12T14:21:13.326412+00:00
440,439,231,2026-07-12T14:21:13.326412+00:00
441,440,301,2026-07-12T14:21:13.326412+00:00
442,441,323,2026-07-12T14:21:13.326412+00:00
443,442,327,2026-07-12T14:21:13.326412+00:00
444,443,310,2026-07-12T14:21:13.326412+00:00
445,444,258,2026-07-12T14:21:13.326412+00:00
446,445,247,2026-07-12T14:21:13.326412+00:00
447,446,298,2026-07-12T14:21:13.326412+00:00
448,447,259,2026-07-12T14:21:13.326412+00:00
449,448,238,2026-07-12T14:21:13.326412+00:00
450,449,350,2026-07-12T14:21:13.326412+00:00
451,450,271,2026-07-12T14:21:13.326412+00:00
452,451,367,2026-07-12T14:21:13.326412+00:00
453,452,356,2026-07-12T14:21:13.326412+00:00
454,453,343,2026-07-12T14:21:13.326412+00:00
455,454,273,2026-07-12T14:21:13.326412+00:00
456,455,243,2026-07-12T14:21:13.326412+00:00
457,456,237,2026-07-12T14:21:13.326412+00:00
458,457,358,2026-07-12T14:21:13.326412+00:00
459,458,280,2026-07-12T14:21:13.326412+00:00
460,459,273,2026-07-12T14:21:13.326412+00:00
461,460,367,2026-07-12T14:21:13.326412+00:00
462,461,351,2026-07-12T14:21:13.326412+00:00
463,462,344,2026-07-12T14:21:13.326412+00:00
464,463,336,2026-07-12T14:21:13.326412+00:00
465,464,259,2026-07-12T14:21:13.326412+00:00
466,465,351,2026-07-12T14:21:13.326412+00:00
467,466,299,2026-07-12T14:21:13.326412+00:00
468,467,245,2026-07-12T14:21:13.326412+00:00
469,468,247,2026-07-12T14:21:13.326412+00:00
470,469,338,2026-07-12T14:21:13.326412+00:00
471,470,414,2026-07-12T14:21:13.326412+00:00
472,471,318,2026-07-12T14:21:13.326412+00:00
473,472,350,2026-07-12T14:21:13.326412+00:00
474,473,249,2026-07-12T14:21:13.326412+00:00
475,474,265,2026-07-12T14:21:13.326412+00:00
476,475,335,2026-07-12T14:21:13.326412+00:00
477,476,287,2026-07-12T14:21:13.326412+00:00
478,477,366,2026-07-12T14:21:13.326412+00:00
479,478,360,2026-07-12T14:21:13.326412+00:00
480,479,266,2026-07-12T14:21:13.326412+00:00
481,480,276,2026-07-12T14:21:13.326412+00:00
482,481,359,2026-07-12T14:21:13.326412+00:00
483,482,341,2026-07-12T14:21:13.326412+00:00
484,483,239,2026-07-12T14:21:13.326412+00:00
485,484,236,2026-07-12T14:21:13.326412+00:00
486,485,295,2026-07-12T14:21:13.326412+00:00
487,486,230,2026-07-12T14:21:13.326412+00:00
488,487,344,2026-07-12T14:21:13.326412+00:00
489,488,235,2026-07-12T14:21:13.326412+00:00
490,489,260,2026-07-12T14:21:13.326412+00:00
491,490,414,2026-07-12T14:21:13.326412+00:00
492,491,286,2026-07-12T14:21:13.326412+00:00
493,492,301,2026-07-12T14:21:13.326412+00:00
494,493,232,2026-07-12T14:21:13.326412+00:00
495,494,363,2026-07-12T14:21:13.326412+00:00
496,495,361,2026-07-12T14:21:13.326412+00:00
497,496,279,2026-07-12T14:21:13.326412+00:00
498,497,363,2026-07-12T14:21:13.326412+00:00
499,498,271,2026-07-12T14:21:13.326412+00:00
500,499,264,2026-07-12T14:21:13.326412+00:00
501,500,335,2026-07-12T14:21:13.326412+00:00
502,501,296,2026-07-12T14:21:13.326412+00:00
503,502,360,2026-07-12T14:21:13.326412+00:00
504,504,225,2026-07-12T14:21:13.326412+00:00
505,505,282,2026-07-12T14:21:13.326412+00:00
506,506,233,2026-07-12T14:21:13.326412+00:00
507,507,323,2026-07-12T14:21:13.326412+00:00
508,508,248,2026-07-12T14:21:13.326412+00:00
509,509,238,2026-07-12T14:21:13.326412+00:00
510,510,328,2026-07-12T14:21:13.326412+00:00
511,511,274,2026-07-12T14:21:13.326412+00:00
512,512,257,2026-07-12T14:21:13.326412+00:00
513,513,282,2026-07-12T14:21:13.326412+00:00
514,514,278,2026-07-12T14:21:13.326412+00:00
515,515,221,2026-07-12T14:21:13.326412+00:00
516,516,364,2026-07-12T14:21:13.326412+00:00
517,517,362,2026-07-12T14:21:13.326412+00:00
518,518,262,2026-07-12T14:21:13.326412+00:00
519,519,234,2026-07-12T14:21:13.326412+00:00
520,520,319,2026-07-12T14:21:13.326412+00:00
521,521,355,2026-07-12T14:21:13.326412+00:00
522,522,285,2026-07-12T14:21:13.326412+00:00
523,523,237,2026-07-12T14:21:13.326412+00:00
524,524,327,2026-07-12T14:21:13.326412+00:00
525,525,252,2026-07-12T14:21:13.326412+00:00
526,526,340,2026-07-12T14:21:13.326412+00:00
527,527,366,2026-07-12T14:21:13.326412+00:00
528,528,343,2026-07-12T14:21:13.326412+00:00
529,529,3,2026-07-12T14:21:13.326412+00:00
530,530,231,2026-07-12T14:21:13.326412+00:00
531,531,262,2026-07-12T14:21:13.326412+00:00
532,532,352,2026-07-12T14:21:13.326412+00:00
533,533,336,2026-07-12T14:21:13.326412+00:00
534,534,227,2026-07-12T14:21:13.326412+00:00
535,535,318,2026-07-12T14:21:13.326412+00:00
536,536,362,2026-07-12T14:21:13.326412+00:00
537,537,246,2026-07-12T14:21:13.326412+00:00
538,538,310,2026-07-12T14:21:13.326412+00:00
539,539,277,2026-07-12T14:21:13.326412+00:00
540,540,281,2026-07-12T14:21:13.326412+00:00
541,541,338,2026-07-12T14:21:13.326412+00:00
542,542,293,2026-07-12T14:21:13.326412+00:00
543,543,313,2026-07-12T14:21:13.326412+00:00
544,544,302,2026-07-12T14:21:13.326412+00:00
545,545,240,2026-07-12T14:21:13.326412+00:00
546,546,274,2026-07-12T14:21:13.326412+00:00
547,547,281,2026-07-12T14:21:13.326412+00:00
548,548,286,2026-07-12T14:21:13.326412+00:00
549,549,222,2026-07-12T14:21:13.326412+00:00
550,550,340,2026-07-12T14:21:13.326412+00:00
551,551,312,2026-07-12T14:21:13.326412+00:00
552,552,332,2026-07-12T14:21:13.326412+00:00
553,553,227,2026-07-12T14:21:13.326412+00:00
554,554,307,2026-07-12T14:21:13.326412+00:00
555,555,349,2026-07-12T14:21:13.326412+00:00
556,556,334,2026-07-12T14:21:13.326412+00:00
557,557,287,2026-07-12T14:21:13.326412+00:00
558,558,230,2026-07-12T14:21:13.326412+00:00
559,559,297,2026-07-12T14:21:13.326412+00:00
560,560,13,2026-07-12T14:21:13.326412+00:00
561,561,233,2026-07-12T14:21:13.326412+00:00
562,562,250,2026-07-12T14:21:13.326412+00:00
563,563,349,2026-07-12T14:21:13.326412+00:00
564,564,332,2026-07-12T14:21:13.326412+00:00
565,565,328,2026-07-12T14:21:13.326412+00:00
566,566,252,2026-07-12T14:21:13.326412+00:00
567,567,3,2026-07-12T14:21:13.326412+00:00
568,568,232,2026-07-12T14:21:13.326412+00:00
569,569,333,2026-07-12T14:21:13.326412+00:00
570,570,329,2026-07-12T14:21:13.326412+00:00
571,571,260,2026-07-12T14:21:13.326412+00:00
572,572,221,2026-07-12T14:21:13.326412+00:00
573,573,293,2026-07-12T14:21:13.326412+00:00
574,574,329,2026-07-12T14:21:13.326412+00:00
575,575,255,2026-07-12T14:21:13.326412+00:00
576,576,358,2026-07-12T14:21:13.326412+00:00
577,577,365,2026-07-12T14:21:13.326412+00:00
578,578,249,2026-07-12T14:21:13.326412+00:00
579,579,361,2026-07-12T14:21:13.326412+00:00
580,580,299,2026-07-12T14:21:13.326412+00:00
581,581,235,2026-07-12T14:21:13.326412+00:00
582,582,302,2026-07-12T14:21:13.326412+00:00
583,583,307,2026-07-12T14:21:13.326412+00:00
584,584,321,2026-07-12T14:21:13.326412+00:00
585,585,347,2026-07-12T14:21:13.326412+00:00
586,586,269,2026-07-12T14:21:13.326412+00:00
587,587,264,2026-07-12T14:21:13.326412+00:00
588,588,311,2026-07-12T14:21:13.326412+00:00
589,589,333,2026-07-12T14:21:13.326412+00:00
590,590,319,2026-07-12T14:21:13.326412+00:00
591,591,296,2026-07-12T14:21:13.326412+00:00
592,592,294,2026-07-12T14:21:13.326412+00:00
593,593,277,2026-07-12T14:21:13.326412+00:00
594,594,258,2026-07-12T14:21:13.326412+00:00
595,595,352,2026-07-12T14:21:13.326412+00:00
596,596,312,2026-07-12T14:21:13.326412+00:00
597,597,239,2026-07-12T14:21:13.326412+00:00
598,598,245,2026-07-12T14:21:13.326412+00:00
599,599,236,2026-07-12T14:21:13.326412+00:00
600,600,279,2026-07-12T14:21:13.326412+00:00
601,601,248,2026-07-12T14:21:13.326412+00:00
602,602,234,2026-07-12T14:21:13.326412+00:00
603,603,311,2026-07-12T14:21:13.326412+00:00
604,604,356,2026-07-12T14:21:13.326412+00:00
605,605,385,2026-07-12T14:21:13.326412+00:00
606,606,484,2026-07-12T14:21:13.326412+00:00
607,607,478,2026-07-12T14:21:13.326412+00:00
608,608,482,2026-07-12T14:21:13.326412+00:00
609,609,487,2026-07-12T14:21:13.326412+00:00
610,610,491,2026-07-12T14:21:13.326412+00:00
611,611,423,2026-07-12T14:21:13.326412+00:00
612,612,495,2026-07-12T14:21:13.326412+00:00
613,613,423,2026-07-12T14:21:13.326412+00:00
614,614,465,2026-07-12T14:21:13.326412+00:00
615,615,394,2026-07-12T14:21:13.326412+00:00
616,616,437,2026-07-12T14:21:13.326412+00:00
617,617,376,2026-07-12T14:21:13.326412+00:00
618,618,480,2026-07-12T14:21:13.326412+00:00
619,619,399,2026-07-12T14:21:13.326412+00:00
620,620,446,2026-07-12T14:21:13.326412+00:00
621,621,512,2026-07-12T14:21:13.326412+00:00
622,622,485,2026-07-12T14:21:13.326412+00:00
623,623,381,2026-07-12T14:21:13.326412+00:00
624,624,484,2026-07-12T14:21:13.326412+00:00
625,625,478,2026-07-12T14:21:13.326412+00:00
626,626,468,2026-07-12T14:21:13.326412+00:00
627,1133,581,2026-07-12T14:21:13.326412+00:00
628,627,403,2026-07-12T14:21:13.326412+00:00
629,628,381,2026-07-12T14:21:13.326412+00:00
630,629,376,2026-07-12T14:21:13.326412+00:00
631,630,446,2026-07-12T14:21:13.326412+00:00
632,631,439,2026-07-12T14:21:13.326412+00:00
633,632,431,2026-07-12T14:21:13.326412+00:00
634,633,465,2026-07-12T14:21:13.326412+00:00
635,634,480,2026-07-12T14:21:13.326412+00:00
636,635,397,2026-07-12T14:21:13.326412+00:00
637,636,466,2026-07-12T14:21:13.326412+00:00
638,637,470,2026-07-12T14:21:13.326412+00:00
639,638,445,2026-07-12T14:21:13.326412+00:00
640,639,472,2026-07-12T14:21:13.326412+00:00
641,640,425,2026-07-12T14:21:13.326412+00:00
642,641,402,2026-07-12T14:21:13.326412+00:00
643,642,437,2026-07-12T14:21:13.326412+00:00
644,643,431,2026-07-12T14:21:13.326412+00:00
645,644,457,2026-07-12T14:21:13.326412+00:00
646,645,502,2026-07-12T14:21:13.326412+00:00
647,646,396,2026-07-12T14:21:13.326412+00:00
648,647,377,2026-07-12T14:21:13.326412+00:00
649,648,392,2026-07-12T14:21:13.326412+00:00
650,649,390,2026-07-12T14:21:13.326412+00:00
651,650,438,2026-07-12T14:21:13.326412+00:00
652,651,420,2026-07-12T14:21:13.326412+00:00
653,652,461,2026-07-12T14:21:13.326412+00:00
654,653,395,2026-07-12T14:21:13.326412+00:00
655,654,421,2026-07-12T14:21:13.326412+00:00
656,655,40,2026-07-12T14:21:13.326412+00:00
657,656,468,2026-07-12T14:21:13.326412+00:00
658,657,452,2026-07-12T14:21:13.326412+00:00
659,658,453,2026-07-12T14:21:13.326412+00:00
660,659,413,2026-07-12T14:21:13.326412+00:00
661,660,452,2026-07-12T14:21:13.326412+00:00
662,661,386,2026-07-12T14:21:13.326412+00:00
663,662,425,2026-07-12T14:21:13.326412+00:00
664,663,454,2026-07-12T14:21:13.326412+00:00
665,664,410,2026-07-12T14:21:13.326412+00:00
666,665,377,2026-07-12T14:21:13.326412+00:00
667,666,515,2026-07-12T14:21:13.326412+00:00
668,667,383,2026-07-12T14:21:13.326412+00:00
669,668,439,2026-07-12T14:21:13.326412+00:00
670,669,370,2026-07-12T14:21:13.326412+00:00
671,670,506,2026-07-12T14:21:13.326412+00:00
672,671,476,2026-07-12T14:21:13.326412+00:00
673,672,496,2026-07-12T14:21:13.326412+00:00
674,673,488,2026-07-12T14:21:13.326412+00:00
675,674,397,2026-07-12T14:21:13.326412+00:00
676,675,436,2026-07-12T14:21:13.326412+00:00
677,676,456,2026-07-12T14:21:13.326412+00:00
678,677,401,2026-07-12T14:21:13.326412+00:00
679,678,400,2026-07-12T14:21:13.326412+00:00
680,679,426,2026-07-12T14:21:13.326412+00:00
681,680,402,2026-07-12T14:21:13.326412+00:00
682,681,488,2026-07-12T14:21:13.326412+00:00
683,682,512,2026-07-12T14:21:13.326412+00:00
684,683,396,2026-07-12T14:21:13.326412+00:00
685,684,504,2026-07-12T14:21:13.326412+00:00
686,685,442,2026-07-12T14:21:13.326412+00:00
687,686,504,2026-07-12T14:21:13.326412+00:00
688,687,382,2026-07-12T14:21:13.326412+00:00
689,688,438,2026-07-12T14:21:13.326412+00:00
690,689,516,2026-07-12T14:21:13.326412+00:00
691,690,412,2026-07-12T14:21:13.326412+00:00
692,691,372,2026-07-12T14:21:13.326412+00:00
693,692,515,2026-07-12T14:21:13.326412+00:00
694,693,482,2026-07-12T14:21:13.326412+00:00
695,694,403,2026-07-12T14:21:13.326412+00:00
696,695,371,2026-07-12T14:21:13.326412+00:00
697,696,511,2026-07-12T14:21:13.326412+00:00
698,697,496,2026-07-12T14:21:13.326412+00:00
699,698,388,2026-07-12T14:21:13.326412+00:00
700,699,492,2026-07-12T14:21:13.326412+00:00
701,700,394,2026-07-12T14:21:13.326412+00:00
702,701,434,2026-07-12T14:21:13.326412+00:00
703,702,457,2026-07-12T14:21:13.326412+00:00
704,703,477,2026-07-12T14:21:13.326412+00:00
705,704,499,2026-07-12T14:21:13.326412+00:00
706,705,395,2026-07-12T14:21:13.326412+00:00
707,706,388,2026-07-12T14:21:13.326412+00:00
708,707,453,2026-07-12T14:21:13.326412+00:00
709,708,385,2026-07-12T14:21:13.326412+00:00
710,709,443,2026-07-12T14:21:13.326412+00:00
711,710,449,2026-07-12T14:21:13.326412+00:00
712,711,409,2026-07-12T14:21:13.326412+00:00
713,712,455,2026-07-12T14:21:13.326412+00:00
714,713,399,2026-07-12T14:21:13.326412+00:00
715,714,472,2026-07-12T14:21:13.326412+00:00
716,715,404,2026-07-12T14:21:13.326412+00:00
717,716,508,2026-07-12T14:21:13.326412+00:00
718,717,485,2026-07-12T14:21:13.326412+00:00
719,718,430,2026-07-12T14:21:13.326412+00:00
720,719,369,2026-07-12T14:21:13.326412+00:00
721,720,461,2026-07-12T14:21:13.326412+00:00
722,721,508,2026-07-12T14:21:13.326412+00:00
723,722,369,2026-07-12T14:21:13.326412+00:00
724,723,474,2026-07-12T14:21:13.326412+00:00
725,724,426,2026-07-12T14:21:13.326412+00:00
726,725,450,2026-07-12T14:21:13.326412+00:00
727,726,449,2026-07-12T14:21:13.326412+00:00
728,727,373,2026-07-12T14:21:13.326412+00:00
729,728,477,2026-07-12T14:21:13.326412+00:00
730,729,421,2026-07-12T14:21:13.326412+00:00
731,730,412,2026-07-12T14:21:13.326412+00:00
732,731,383,2026-07-12T14:21:13.326412+00:00
733,732,454,2026-07-12T14:21:13.326412+00:00
734,733,491,2026-07-12T14:21:13.326412+00:00
735,734,430,2026-07-12T14:21:13.326412+00:00
736,735,401,2026-07-12T14:21:13.326412+00:00
737,736,511,2026-07-12T14:21:13.326412+00:00
738,737,507,2026-07-12T14:21:13.326412+00:00
739,738,433,2026-07-12T14:21:13.326412+00:00
740,739,390,2026-07-12T14:21:13.326412+00:00
741,740,506,2026-07-12T14:21:13.326412+00:00
742,741,456,2026-07-12T14:21:13.326412+00:00
743,742,404,2026-07-12T14:21:13.326412+00:00
744,743,501,2026-07-12T14:21:13.326412+00:00
745,744,501,2026-07-12T14:21:13.326412+00:00
746,745,455,2026-07-12T14:21:13.326412+00:00
747,746,497,2026-07-12T14:21:13.326412+00:00
748,747,436,2026-07-12T14:21:13.326412+00:00
749,748,392,2026-07-12T14:21:13.326412+00:00
750,749,483,2026-07-12T14:21:13.326412+00:00
751,750,371,2026-07-12T14:21:13.326412+00:00
752,751,495,2026-07-12T14:21:13.326412+00:00
753,752,458,2026-07-12T14:21:13.326412+00:00
754,753,374,2026-07-12T14:21:13.326412+00:00
755,754,467,2026-07-12T14:21:13.326412+00:00
756,755,458,2026-07-12T14:21:13.326412+00:00
757,756,450,2026-07-12T14:21:13.326412+00:00
758,757,368,2026-07-12T14:21:13.326412+00:00
759,758,476,2026-07-12T14:21:13.326412+00:00
760,759,374,2026-07-12T14:21:13.326412+00:00
761,760,433,2026-07-12T14:21:13.326412+00:00
762,761,490,2026-07-12T14:21:13.326412+00:00
763,762,492,2026-07-12T14:21:13.326412+00:00
764,763,372,2026-07-12T14:21:13.326412+00:00
765,764,500,2026-07-12T14:21:13.326412+00:00
766,765,513,2026-07-12T14:21:13.326412+00:00
767,766,445,2026-07-12T14:21:13.326412+00:00
768,767,407,2026-07-12T14:21:13.326412+00:00
769,768,420,2026-07-12T14:21:13.326412+00:00
770,769,483,2026-07-12T14:21:13.326412+00:00
771,770,443,2026-07-12T14:21:13.326412+00:00
772,771,442,2026-07-12T14:21:13.326412+00:00
773,772,422,2026-07-12T14:21:13.326412+00:00
774,773,434,2026-07-12T14:21:13.326412+00:00
775,774,500,2026-07-12T14:21:13.326412+00:00
776,775,502,2026-07-12T14:21:13.326412+00:00
777,776,386,2026-07-12T14:21:13.326412+00:00
778,777,473,2026-07-12T14:21:13.326412+00:00
779,778,432,2026-07-12T14:21:13.326412+00:00
780,779,432,2026-07-12T14:21:13.326412+00:00
781,780,486,2026-07-12T14:21:13.326412+00:00
782,781,486,2026-07-12T14:21:13.326412+00:00
783,782,422,2026-07-12T14:21:13.326412+00:00
784,783,499,2026-07-12T14:21:13.326412+00:00
785,784,470,2026-07-12T14:21:13.326412+00:00
786,785,410,2026-07-12T14:21:13.326412+00:00
787,786,409,2026-07-12T14:21:13.326412+00:00
788,787,413,2026-07-12T14:21:13.326412+00:00
789,788,490,2026-07-12T14:21:13.326412+00:00
790,789,368,2026-07-12T14:21:13.326412+00:00
791,790,382,2026-07-12T14:21:13.326412+00:00
792,791,407,2026-07-12T14:21:13.326412+00:00
793,792,400,2026-07-12T14:21:13.326412+00:00
794,793,373,2026-07-12T14:21:13.326412+00:00
795,794,487,2026-07-12T14:21:13.326412+00:00
796,795,513,2026-07-12T14:21:13.326412+00:00
797,796,507,2026-07-12T14:21:13.326412+00:00
798,797,474,2026-07-12T14:21:13.326412+00:00
799,798,466,2026-07-12T14:21:13.326412+00:00
800,799,516,2026-07-12T14:21:13.326412+00:00
801,800,497,2026-07-12T14:21:13.326412+00:00
802,801,40,2026-07-12T14:21:13.326412+00:00
803,802,467,2026-07-12T14:21:13.326412+00:00
804,803,473,2026-07-12T14:21:13.326412+00:00
805,804,370,2026-07-12T14:21:13.326412+00:00
806,805,564,2026-07-12T14:21:13.326412+00:00
807,806,387,2026-07-12T14:21:13.326412+00:00
808,807,661,2026-07-12T14:21:13.326412+00:00
809,808,662,2026-07-12T14:21:13.326412+00:00
810,809,618,2026-07-12T14:21:13.326412+00:00
811,810,557,2026-07-12T14:21:13.326412+00:00
812,811,378,2026-07-12T14:21:13.326412+00:00
813,812,662,2026-07-12T14:21:13.326412+00:00
814,813,546,2026-07-12T14:21:13.326412+00:00
815,814,621,2026-07-12T14:21:13.326412+00:00
816,815,603,2026-07-12T14:21:13.326412+00:00
817,816,424,2026-07-12T14:21:13.326412+00:00
818,817,602,2026-07-12T14:21:13.326412+00:00
819,818,557,2026-07-12T14:21:13.326412+00:00
820,819,520,2026-07-12T14:21:13.326412+00:00
821,820,416,2026-07-12T14:21:13.326412+00:00
822,821,545,2026-07-12T14:21:13.326412+00:00
823,822,523,2026-07-12T14:21:13.326412+00:00
824,823,631,2026-07-12T14:21:13.326412+00:00
825,824,539,2026-07-12T14:21:13.326412+00:00
826,825,547,2026-07-12T14:21:13.326412+00:00
827,826,391,2026-07-12T14:21:13.326412+00:00
828,827,469,2026-07-12T14:21:13.326412+00:00
829,828,627,2026-07-12T14:21:13.326412+00:00
830,829,489,2026-07-12T14:21:13.326412+00:00
831,830,419,2026-07-12T14:21:13.326412+00:00
832,831,514,2026-07-12T14:21:13.326412+00:00
833,832,475,2026-07-12T14:21:13.326412+00:00
834,833,415,2026-07-12T14:21:13.326412+00:00
835,834,509,2026-07-12T14:21:13.326412+00:00
836,835,389,2026-07-12T14:21:13.326412+00:00
837,836,460,2026-07-12T14:21:13.326412+00:00
838,837,451,2026-07-12T14:21:13.326412+00:00
839,838,418,2026-07-12T14:21:13.326412+00:00
840,839,405,2026-07-12T14:21:13.326412+00:00
841,840,519,2026-07-12T14:21:13.326412+00:00
842,841,567,2026-07-12T14:21:13.326412+00:00
843,842,589,2026-07-12T14:21:13.326412+00:00
844,843,605,2026-07-12T14:21:13.326412+00:00
845,844,447,2026-07-12T14:21:13.326412+00:00
846,845,418,2026-07-12T14:21:13.326412+00:00
847,846,571,2026-07-12T14:21:13.326412+00:00
848,847,592,2026-07-12T14:21:13.326412+00:00
849,848,428,2026-07-12T14:21:13.326412+00:00
850,849,517,2026-07-12T14:21:13.326412+00:00
851,850,393,2026-07-12T14:21:13.326412+00:00
852,851,631,2026-07-12T14:21:13.326412+00:00
853,852,427,2026-07-12T14:21:13.326412+00:00
854,853,398,2026-07-12T14:21:13.326412+00:00
855,854,448,2026-07-12T14:21:13.326412+00:00
856,855,536,2026-07-12T14:21:13.326412+00:00
857,856,600,2026-07-12T14:21:13.326412+00:00
858,857,489,2026-07-12T14:21:13.326412+00:00
859,858,308,2026-07-12T14:21:13.326412+00:00
860,859,379,2026-07-12T14:21:13.326412+00:00
861,860,475,2026-07-12T14:21:13.326412+00:00
862,861,541,2026-07-12T14:21:13.326412+00:00
863,862,503,2026-07-12T14:21:13.326412+00:00
864,863,379,2026-07-12T14:21:13.326412+00:00
865,864,408,2026-07-12T14:21:13.326412+00:00
866,865,444,2026-07-12T14:21:13.326412+00:00
867,866,469,2026-07-12T14:21:13.326412+00:00
868,867,545,2026-07-12T14:21:13.326412+00:00
869,868,661,2026-07-12T14:21:13.326412+00:00
870,869,408,2026-07-12T14:21:13.326412+00:00
871,870,384,2026-07-12T14:21:13.326412+00:00
872,871,520,2026-07-12T14:21:13.326412+00:00
873,872,607,2026-07-12T14:21:13.326412+00:00
874,873,647,2026-07-12T14:21:13.326412+00:00
875,874,621,2026-07-12T14:21:13.326412+00:00
876,875,380,2026-07-12T14:21:13.326412+00:00
877,876,459,2026-07-12T14:21:13.326412+00:00
878,877,514,2026-07-12T14:21:13.326412+00:00
879,878,646,2026-07-12T14:21:13.326412+00:00
880,879,580,2026-07-12T14:21:13.326412+00:00
881,880,429,2026-07-12T14:21:13.326412+00:00
882,881,429,2026-07-12T14:21:13.326412+00:00
883,882,517,2026-07-12T14:21:13.326412+00:00
884,883,603,2026-07-12T14:21:13.326412+00:00
885,884,559,2026-07-12T14:21:13.326412+00:00
886,885,493,2026-07-12T14:21:13.326412+00:00
887,886,646,2026-07-12T14:21:13.326412+00:00
888,887,542,2026-07-12T14:21:13.326412+00:00
889,888,656,2026-07-12T14:21:13.326412+00:00
890,889,510,2026-07-12T14:21:13.326412+00:00
891,890,543,2026-07-12T14:21:13.326412+00:00
892,891,530,2026-07-12T14:21:13.326412+00:00
893,892,589,2026-07-12T14:21:13.326412+00:00
894,893,536,2026-07-12T14:21:13.326412+00:00
895,894,660,2026-07-12T14:21:13.326412+00:00
896,895,564,2026-07-12T14:21:13.326412+00:00
897,896,627,2026-07-12T14:21:13.326412+00:00
898,897,509,2026-07-12T14:21:13.326412+00:00
899,898,635,2026-07-12T14:21:13.326412+00:00
900,899,471,2026-07-12T14:21:13.326412+00:00
901,900,599,2026-07-12T14:21:13.326412+00:00
902,901,463,2026-07-12T14:21:13.326412+00:00
903,902,462,2026-07-12T14:21:13.326412+00:00
904,903,387,2026-07-12T14:21:13.326412+00:00
905,904,463,2026-07-12T14:21:13.326412+00:00
906,905,493,2026-07-12T14:21:13.326412+00:00
907,906,525,2026-07-12T14:21:13.326412+00:00
908,907,630,2026-07-12T14:21:13.326412+00:00
909,908,435,2026-07-12T14:21:13.326412+00:00
910,909,633,2026-07-12T14:21:13.326412+00:00
911,910,375,2026-07-12T14:21:13.326412+00:00
912,911,649,2026-07-12T14:21:13.326412+00:00
913,912,411,2026-07-12T14:21:13.326412+00:00
914,913,531,2026-07-12T14:21:13.326412+00:00
915,914,406,2026-07-12T14:21:13.326412+00:00
916,915,530,2026-07-12T14:21:13.326412+00:00
917,916,441,2026-07-12T14:21:13.326412+00:00
918,917,308,2026-07-12T14:21:13.326412+00:00
919,918,519,2026-07-12T14:21:13.326412+00:00
920,919,428,2026-07-12T14:21:13.326412+00:00
921,920,612,2026-07-12T14:21:13.326412+00:00
922,921,416,2026-07-12T14:21:13.326412+00:00
923,922,578,2026-07-12T14:21:13.326412+00:00
924,923,444,2026-07-12T14:21:13.326412+00:00
925,924,597,2026-07-12T14:21:13.326412+00:00
926,925,582,2026-07-12T14:21:13.326412+00:00
927,926,435,2026-07-12T14:21:13.326412+00:00
928,927,542,2026-07-12T14:21:13.326412+00:00
929,928,406,2026-07-12T14:21:13.326412+00:00
930,929,580,2026-07-12T14:21:13.326412+00:00
931,930,380,2026-07-12T14:21:13.326412+00:00
932,931,471,2026-07-12T14:21:13.326412+00:00
933,932,614,2026-07-12T14:21:13.326412+00:00
934,933,635,2026-07-12T14:21:13.326412+00:00
935,934,660,2026-07-12T14:21:13.326412+00:00
936,935,505,2026-07-12T14:21:13.326412+00:00
937,936,618,2026-07-12T14:21:13.326412+00:00
938,937,393,2026-07-12T14:21:13.326412+00:00
939,938,543,2026-07-12T14:21:13.326412+00:00
940,939,567,2026-07-12T14:21:13.326412+00:00
941,940,531,2026-07-12T14:21:13.326412+00:00
942,941,459,2026-07-12T14:21:13.326412+00:00
943,942,451,2026-07-12T14:21:13.326412+00:00
944,943,391,2026-07-12T14:21:13.326412+00:00
945,944,541,2026-07-12T14:21:13.326412+00:00
946,945,464,2026-07-12T14:21:13.326412+00:00
947,946,464,2026-07-12T14:21:13.326412+00:00
948,947,559,2026-07-12T14:21:13.326412+00:00
949,948,479,2026-07-12T14:21:13.326412+00:00
950,949,599,2026-07-12T14:21:13.326412+00:00
951,950,523,2026-07-12T14:21:13.326412+00:00
952,951,427,2026-07-12T14:21:13.326412+00:00
953,952,405,2026-07-12T14:21:13.326412+00:00
954,953,547,2026-07-12T14:21:13.326412+00:00
955,954,448,2026-07-12T14:21:13.326412+00:00
956,955,398,2026-07-12T14:21:13.326412+00:00
957,956,656,2026-07-12T14:21:13.326412+00:00
958,957,462,2026-07-12T14:21:13.326412+00:00
959,958,633,2026-07-12T14:21:13.326412+00:00
960,959,605,2026-07-12T14:21:13.326412+00:00
961,960,417,2026-07-12T14:21:13.326412+00:00
962,961,546,2026-07-12T14:21:13.326412+00:00
963,962,607,2026-07-12T14:21:13.326412+00:00
964,963,563,2026-07-12T14:21:13.326412+00:00
965,964,481,2026-07-12T14:21:13.326412+00:00
966,965,424,2026-07-12T14:21:13.326412+00:00
967,966,460,2026-07-12T14:21:13.326412+00:00
968,967,481,2026-07-12T14:21:13.326412+00:00
969,968,630,2026-07-12T14:21:13.326412+00:00
970,969,612,2026-07-12T14:21:13.326412+00:00
971,970,384,2026-07-12T14:21:13.326412+00:00
972,971,525,2026-07-12T14:21:13.326412+00:00
973,972,563,2026-07-12T14:21:13.326412+00:00
974,973,411,2026-07-12T14:21:13.326412+00:00
975,974,592,2026-07-12T14:21:13.326412+00:00
976,975,583,2026-07-12T14:21:13.326412+00:00
977,976,571,2026-07-12T14:21:13.326412+00:00
978,977,417,2026-07-12T14:21:13.326412+00:00
979,978,498,2026-07-12T14:21:13.326412+00:00
980,979,440,2026-07-12T14:21:13.326412+00:00
981,980,419,2026-07-12T14:21:13.326412+00:00
982,981,600,2026-07-12T14:21:13.326412+00:00
983,982,582,2026-07-12T14:21:13.326412+00:00
984,983,647,2026-07-12T14:21:13.326412+00:00
985,984,659,2026-07-12T14:21:13.326412+00:00
986,985,479,2026-07-12T14:21:13.326412+00:00
987,986,375,2026-07-12T14:21:13.326412+00:00
988,987,503,2026-07-12T14:21:13.326412+00:00
989,988,659,2026-07-12T14:21:13.326412+00:00
990,989,441,2026-07-12T14:21:13.326412+00:00
991,990,378,2026-07-12T14:21:13.326412+00:00
992,991,505,2026-07-12T14:21:13.326412+00:00
993,992,415,2026-07-12T14:21:13.326412+00:00
994,993,447,2026-07-12T14:21:13.326412+00:00
995,994,539,2026-07-12T14:21:13.326412+00:00
996,995,389,2026-07-12T14:21:13.326412+00:00
997,996,602,2026-07-12T14:21:13.326412+00:00
998,997,649,2026-07-12T14:21:13.326412+00:00
999,998,597,2026-07-12T14:21:13.326412+00:00
1000,999,578,2026-07-12T14:21:13.326412+00:00
1001,1000,510,2026-07-12T14:21:13.326412+00:00
1002,1001,583,2026-07-12T14:21:13.326412+00:00
1003,1002,498,2026-07-12T14:21:13.326412+00:00
1004,1003,614,2026-07-12T14:21:13.326412+00:00
1005,1004,440,2026-07-12T14:21:13.326412+00:00
1006,1005,532,2026-07-12T14:21:13.326412+00:00
1007,1006,558,2026-07-12T14:21:13.326412+00:00
1008,1007,617,2026-07-12T14:21:13.326412+00:00
1009,1008,727,2026-07-12T14:21:13.326412+00:00
1010,1009,286,2026-07-12T14:21:13.326412+00:00
1011,1010,645,2026-07-12T14:21:13.326412+00:00
1012,1011,549,2026-07-12T14:21:13.326412+00:00
1013,1012,620,2026-07-12T14:21:13.326412+00:00
1014,1013,572,2026-07-12T14:21:13.326412+00:00
1015,1014,613,2026-07-12T14:21:13.326412+00:00
1016,1015,642,2026-07-12T14:21:13.326412+00:00
1017,1016,591,2026-07-12T14:21:13.326412+00:00
1018,1017,576,2026-07-12T14:21:13.326412+00:00
1019,1018,606,2026-07-12T14:21:13.326412+00:00
1020,1019,566,2026-07-12T14:21:13.326412+00:00
1021,1020,568,2026-07-12T14:21:13.326412+00:00
1022,1021,568,2026-07-12T14:21:13.326412+00:00
1023,1022,616,2026-07-12T14:21:13.326412+00:00
1024,1023,644,2026-07-12T14:21:13.326412+00:00
1025,1024,637,2026-07-12T14:21:13.326412+00:00
1026,1025,648,2026-07-12T14:21:13.326412+00:00
1027,1026,623,2026-07-12T14:21:13.326412+00:00
1028,1027,663,2026-07-12T14:21:13.326412+00:00
1029,1028,619,2026-07-12T14:21:13.326412+00:00
1030,1029,52,2026-07-12T14:21:13.326412+00:00
1031,1030,663,2026-07-12T14:21:13.326412+00:00
1032,1031,577,2026-07-12T14:21:13.326412+00:00
1033,1032,626,2026-07-12T14:21:13.326412+00:00
1034,1033,534,2026-07-12T14:21:13.326412+00:00
1035,1034,594,2026-07-12T14:21:13.326412+00:00
1036,1035,625,2026-07-12T14:21:13.326412+00:00
1037,1036,576,2026-07-12T14:21:13.326412+00:00
1038,1037,556,2026-07-12T14:21:13.326412+00:00
1039,1038,533,2026-07-12T14:21:13.326412+00:00
1040,1039,608,2026-07-12T14:21:13.326412+00:00
1041,1040,596,2026-07-12T14:21:13.326412+00:00
1042,1041,521,2026-07-12T14:21:13.326412+00:00
1043,1042,610,2026-07-12T14:21:13.326412+00:00
1044,1043,522,2026-07-12T14:21:13.326412+00:00
1045,1044,540,2026-07-12T14:21:13.326412+00:00
1046,1045,636,2026-07-12T14:21:13.326412+00:00
1047,1046,555,2026-07-12T14:21:13.326412+00:00
1048,1047,596,2026-07-12T14:21:13.326412+00:00
1049,1048,632,2026-07-12T14:21:13.326412+00:00
1050,1049,585,2026-07-12T14:21:13.326412+00:00
1051,1050,554,2026-07-12T14:21:13.326412+00:00
1052,1051,641,2026-07-12T14:21:13.326412+00:00
1053,1052,652,2026-07-12T14:21:13.326412+00:00
1054,1053,527,2026-07-12T14:21:13.326412+00:00
1055,1054,652,2026-07-12T14:21:13.326412+00:00
1056,1055,574,2026-07-12T14:21:13.326412+00:00
1057,1056,629,2026-07-12T14:21:13.326412+00:00
1058,1057,551,2026-07-12T14:21:13.326412+00:00
1059,1058,577,2026-07-12T14:21:13.326412+00:00
1060,1059,553,2026-07-12T14:21:13.326412+00:00
1061,1060,609,2026-07-12T14:21:13.326412+00:00
1062,1061,655,2026-07-12T14:21:13.326412+00:00
1063,1062,518,2026-07-12T14:21:13.326412+00:00
1064,1063,643,2026-07-12T14:21:13.326412+00:00
1065,1064,615,2026-07-12T14:21:13.326412+00:00
1066,1065,632,2026-07-12T14:21:13.326412+00:00
1067,1066,585,2026-07-12T14:21:13.326412+00:00
1068,1067,556,2026-07-12T14:21:13.326412+00:00
1069,1068,538,2026-07-12T14:21:13.326412+00:00
1070,1069,611,2026-07-12T14:21:13.326412+00:00
1071,1070,535,2026-07-12T14:21:13.326412+00:00
1072,1071,552,2026-07-12T14:21:13.326412+00:00
1073,1072,526,2026-07-12T14:21:13.326412+00:00
1074,1073,657,2026-07-12T14:21:13.326412+00:00
1075,1074,526,2026-07-12T14:21:13.326412+00:00
1076,1075,550,2026-07-12T14:21:13.326412+00:00
1077,1076,598,2026-07-12T14:21:13.326412+00:00
1078,1077,537,2026-07-12T14:21:13.326412+00:00
1079,1078,628,2026-07-12T14:21:13.326412+00:00
1080,1079,521,2026-07-12T14:21:13.326412+00:00
1081,1080,608,2026-07-12T14:21:13.326412+00:00
1082,1081,624,2026-07-12T14:21:13.326412+00:00
1083,1082,636,2026-07-12T14:21:13.326412+00:00
1084,1083,581,2026-07-12T14:21:13.326412+00:00
1085,1084,544,2026-07-12T14:21:13.326412+00:00
1086,1085,532,2026-07-12T14:21:13.326412+00:00
1087,1086,587,2026-07-12T14:21:13.326412+00:00
1088,1087,606,2026-07-12T14:21:13.326412+00:00
1089,1088,628,2026-07-12T14:21:13.326412+00:00
1090,1089,535,2026-07-12T14:21:13.326412+00:00
1091,1090,639,2026-07-12T14:21:13.326412+00:00
1092,1091,648,2026-07-12T14:21:13.326412+00:00
1093,1092,594,2026-07-12T14:21:13.326412+00:00
1094,1093,609,2026-07-12T14:21:13.326412+00:00
1095,1094,640,2026-07-12T14:21:13.326412+00:00
1096,1095,595,2026-07-12T14:21:13.326412+00:00
1097,1096,657,2026-07-12T14:21:13.326412+00:00
1098,1097,634,2026-07-12T14:21:13.326412+00:00
1099,1098,613,2026-07-12T14:21:13.326412+00:00
1100,1099,548,2026-07-12T14:21:13.326412+00:00
1101,1100,626,2026-07-12T14:21:13.326412+00:00
1102,1101,544,2026-07-12T14:21:13.326412+00:00
1103,1102,548,2026-07-12T14:21:13.326412+00:00
1104,1103,622,2026-07-12T14:21:13.326412+00:00
1105,1104,598,2026-07-12T14:21:13.326412+00:00
1106,1105,561,2026-07-12T14:21:13.326412+00:00
1107,1106,575,2026-07-12T14:21:13.326412+00:00
1108,1107,644,2026-07-12T14:21:13.326412+00:00
1109,1108,691,2026-07-12T14:21:13.326412+00:00
1110,1109,601,2026-07-12T14:21:13.326412+00:00
1111,1110,569,2026-07-12T14:21:13.326412+00:00
1112,1111,642,2026-07-12T14:21:13.326412+00:00
1113,1112,639,2026-07-12T14:21:13.326412+00:00
1114,1113,560,2026-07-12T14:21:13.326412+00:00
1115,1114,593,2026-07-12T14:21:13.326412+00:00
1116,1115,653,2026-07-12T14:21:13.326412+00:00
1117,1116,625,2026-07-12T14:21:13.326412+00:00
1118,1117,529,2026-07-12T14:21:13.326412+00:00
1119,1118,658,2026-07-12T14:21:13.326412+00:00
1120,1119,655,2026-07-12T14:21:13.326412+00:00
1121,1120,601,2026-07-12T14:21:13.326412+00:00
1122,1121,611,2026-07-12T14:21:13.326412+00:00
1123,1122,620,2026-07-12T14:21:13.326412+00:00
1124,1123,588,2026-07-12T14:21:13.326412+00:00
1125,1124,593,2026-07-12T14:21:13.326412+00:00
1126,1125,586,2026-07-12T14:21:13.326412+00:00
1127,1126,634,2026-07-12T14:21:13.326412+00:00
1128,1127,562,2026-07-12T14:21:13.326412+00:00
1129,1128,518,2026-07-12T14:21:13.326412+00:00
1130,1129,654,2026-07-12T14:21:13.326412+00:00
1131,1130,534,2026-07-12T14:21:13.326412+00:00
1132,1131,590,2026-07-12T14:21:13.326412+00:00
1133,1132,554,2026-07-12T14:21:13.326412+00:00
1134,1134,595,2026-07-12T14:21:13.326412+00:00
1135,1135,640,2026-07-12T14:21:13.326412+00:00
1136,1136,623,2026-07-12T14:21:13.326412+00:00
1137,1137,638,2026-07-12T14:21:13.326412+00:00
1138,1138,591,2026-07-12T14:21:13.326412+00:00
1139,1139,522,2026-07-12T14:21:13.326412+00:00
1140,1140,573,2026-07-12T14:21:13.326412+00:00
1141,1141,584,2026-07-12T14:21:13.326412+00:00
1142,1142,555,2026-07-12T14:21:13.326412+00:00
1143,1143,566,2026-07-12T14:21:13.326412+00:00
1144,1144,604,2026-07-12T14:21:13.326412+00:00
1145,1145,643,2026-07-12T14:21:13.326412+00:00
1146,1146,658,2026-07-12T14:21:13.326412+00:00
1147,1147,610,2026-07-12T14:21:13.326412+00:00
1148,1148,553,2026-07-12T14:21:13.326412+00:00
1149,1149,650,2026-07-12T14:21:13.326412+00:00
1150,1150,537,2026-07-12T14:21:13.326412+00:00
1151,1151,587,2026-07-12T14:21:13.326412+00:00
1152,1152,579,2026-07-12T14:21:13.326412+00:00
1153,1153,538,2026-07-12T14:21:13.326412+00:00
1154,1154,586,2026-07-12T14:21:13.326412+00:00
1155,1155,549,2026-07-12T14:21:13.326412+00:00
1156,1156,286,2026-07-12T14:21:13.326412+00:00
1157,1157,584,2026-07-12T14:21:13.326412+00:00
1158,1158,529,2026-07-12T14:21:13.326412+00:00
1159,1159,570,2026-07-12T14:21:13.326412+00:00
1160,1160,619,2026-07-12T14:21:13.326412+00:00
1161,1161,560,2026-07-12T14:21:13.326412+00:00
1162,1162,575,2026-07-12T14:21:13.326412+00:00
1163,1163,604,2026-07-12T14:21:13.326412+00:00
1164,1164,540,2026-07-12T14:21:13.326412+00:00
1165,1165,637,2026-07-12T14:21:13.326412+00:00
1166,1166,558,2026-07-12T14:21:13.326412+00:00
1167,1167,615,2026-07-12T14:21:13.326412+00:00
1168,1168,624,2026-07-12T14:21:13.326412+00:00
1169,1169,616,2026-07-12T14:21:13.326412+00:00
1170,1170,572,2026-07-12T14:21:13.326412+00:00
1171,1171,552,2026-07-12T14:21:13.326412+00:00
1172,1172,758,2026-07-12T14:21:13.326412+00:00
1173,1173,565,2026-07-12T14:21:13.326412+00:00
1174,1174,527,2026-07-12T14:21:13.326412+00:00
1175,1175,579,2026-07-12T14:21:13.326412+00:00
1176,1176,524,2026-07-12T14:21:13.326412+00:00
1177,1177,533,2026-07-12T14:21:13.326412+00:00
1178,1178,653,2026-07-12T14:21:13.326412+00:00
1179,1179,573,2026-07-12T14:21:13.326412+00:00
1180,1180,651,2026-07-12T14:21:13.326412+00:00
1181,1181,524,2026-07-12T14:21:13.326412+00:00
1182,1182,550,2026-07-12T14:21:13.326412+00:00
1183,1183,569,2026-07-12T14:21:13.326412+00:00
1184,1184,561,2026-07-12T14:21:13.326412+00:00
1185,1185,622,2026-07-12T14:21:13.326412+00:00
1186,1186,565,2026-07-12T14:21:13.326412+00:00
1187,1187,645,2026-07-12T14:21:13.326412+00:00
1188,1188,52,2026-07-12T14:21:13.326412+00:00
1189,1189,562,2026-07-12T14:21:13.326412+00:00
1190,1190,727,2026-07-12T14:21:13.326412+00:00
1191,1191,629,2026-07-12T14:21:13.326412+00:00
1192,1192,588,2026-07-12T14:21:13.326412+00:00
1193,1193,551,2026-07-12T14:21:13.326412+00:00
1194,1194,570,2026-07-12T14:21:13.326412+00:00
1195,1195,691,2026-07-12T14:21:13.326412+00:00
1196,1196,654,2026-07-12T14:21:13.326412+00:00
1197,1197,528,2026-07-12T14:21:13.326412+00:00
1198,1198,638,2026-07-12T14:21:13.326412+00:00
1199,1199,641,2026-07-12T14:21:13.326412+00:00
1200,1200,590,2026-07-12T14:21:13.326412+00:00
1201,1201,528,2026-07-12T14:21:13.326412+00:00
1202,1202,650,2026-07-12T14:21:13.326412+00:00
1203,1203,651,2026-07-12T14:21:13.326412+00:00
1204,1204,617,2026-07-12T14:21:13.326412+00:00
1205,1205,716,2026-07-12T14:21:13.326412+00:00
1206,1206,685,2026-07-12T14:21:13.326412+00:00
1207,1207,697,2026-07-12T14:21:13.326412+00:00
1208,1208,801,2026-07-12T14:21:13.326412+00:00
1209,1209,735,2026-07-12T14:21:13.326412+00:00
1210,1210,770,2026-07-12T14:21:13.326412+00:00
1211,1211,121,2026-07-12T14:21:13.326412+00:00
1212,1212,799,2026-07-12T14:21:13.326412+00:00
1213,1213,716,2026-07-12T14:21:13.326412+00:00
1214,1214,701,2026-07-12T14:21:13.326412+00:00
1215,1215,753,2026-07-12T14:21:13.326412+00:00
1216,1216,767,2026-07-12T14:21:13.326412+00:00
1217,1217,751,2026-07-12T14:21:13.326412+00:00
1218,1218,688,2026-07-12T14:21:13.326412+00:00
1219,1219,760,2026-07-12T14:21:13.326412+00:00
1220,1220,690,2026-07-12T14:21:13.326412+00:00
1221,1221,794,2026-07-12T14:21:13.326412+00:00
1222,1222,788,2026-07-12T14:21:13.326412+00:00
1223,1223,696,2026-07-12T14:21:13.326412+00:00
1224,1224,694,2026-07-12T14:21:13.326412+00:00
1225,1225,721,2026-07-12T14:21:13.326412+00:00
1226,1226,773,2026-07-12T14:21:13.326412+00:00
1227,1227,755,2026-07-12T14:21:13.326412+00:00
1228,1228,753,2026-07-12T14:21:13.326412+00:00
1229,1229,781,2026-07-12T14:21:13.326412+00:00
1230,1230,774,2026-07-12T14:21:13.326412+00:00
1231,1231,803,2026-07-12T14:21:13.326412+00:00
1232,1232,690,2026-07-12T14:21:13.326412+00:00
1233,1233,787,2026-07-12T14:21:13.326412+00:00
1234,1234,723,2026-07-12T14:21:13.326412+00:00
1235,1235,761,2026-07-12T14:21:13.326412+00:00
1236,1236,749,2026-07-12T14:21:13.326412+00:00
1237,1237,741,2026-07-12T14:21:13.326412+00:00
1238,1238,699,2026-07-12T14:21:13.326412+00:00
1239,1239,714,2026-07-12T14:21:13.326412+00:00
1240,1240,782,2026-07-12T14:21:13.326412+00:00
1241,1241,667,2026-07-12T14:21:13.326412+00:00
1242,1242,700,2026-07-12T14:21:13.326412+00:00
1243,1243,783,2026-07-12T14:21:13.326412+00:00
1244,1244,675,2026-07-12T14:21:13.326412+00:00
1245,1245,800,2026-07-12T14:21:13.326412+00:00
1246,1246,778,2026-07-12T14:21:13.326412+00:00
1247,1247,694,2026-07-12T14:21:13.326412+00:00
1248,1248,793,2026-07-12T14:21:13.326412+00:00
1249,1249,806,2026-07-12T14:21:13.326412+00:00
1250,1250,670,2026-07-12T14:21:13.326412+00:00
1251,1251,789,2026-07-12T14:21:13.326412+00:00
1252,1252,715,2026-07-12T14:21:13.326412+00:00
1253,1253,693,2026-07-12T14:21:13.326412+00:00
1254,1254,742,2026-07-12T14:21:13.326412+00:00
1255,1255,775,2026-07-12T14:21:13.326412+00:00
1256,1256,757,2026-07-12T14:21:13.326412+00:00
1257,1257,746,2026-07-12T14:21:13.326412+00:00
1258,1258,721,2026-07-12T14:21:13.326412+00:00
1259,1259,678,2026-07-12T14:21:13.326412+00:00
1260,1260,686,2026-07-12T14:21:13.326412+00:00
1261,1261,743,2026-07-12T14:21:13.326412+00:00
1262,1262,686,2026-07-12T14:21:13.326412+00:00
1263,1263,756,2026-07-12T14:21:13.326412+00:00
1264,1264,750,2026-07-12T14:21:13.326412+00:00
1265,1265,779,2026-07-12T14:21:13.326412+00:00
1266,1266,671,2026-07-12T14:21:13.326412+00:00
1267,1267,750,2026-07-12T14:21:13.326412+00:00
1268,1268,789,2026-07-12T14:21:13.326412+00:00
1269,1269,703,2026-07-12T14:21:13.326412+00:00
1270,1270,485,2026-07-12T14:21:13.326412+00:00
1271,1271,763,2026-07-12T14:21:13.326412+00:00
1272,1272,794,2026-07-12T14:21:13.326412+00:00
1273,1273,788,2026-07-12T14:21:13.326412+00:00
1274,1274,746,2026-07-12T14:21:13.326412+00:00
1275,1275,723,2026-07-12T14:21:13.326412+00:00
1276,1276,677,2026-07-12T14:21:13.326412+00:00
1277,1277,702,2026-07-12T14:21:13.326412+00:00
1278,1278,702,2026-07-12T14:21:13.326412+00:00
1279,1279,787,2026-07-12T14:21:13.326412+00:00
1280,1280,793,2026-07-12T14:21:13.326412+00:00
1281,1281,741,2026-07-12T14:21:13.326412+00:00
1282,1282,773,2026-07-12T14:21:13.326412+00:00
1283,1283,720,2026-07-12T14:21:13.326412+00:00
1284,1284,731,2026-07-12T14:21:13.326412+00:00
1285,1285,667,2026-07-12T14:21:13.326412+00:00
1286,1286,722,2026-07-12T14:21:13.326412+00:00
1287,1287,673,2026-07-12T14:21:13.326412+00:00
1288,1288,722,2026-07-12T14:21:13.326412+00:00
1289,1289,728,2026-07-12T14:21:13.326412+00:00
1290,1290,784,2026-07-12T14:21:13.326412+00:00
1291,1291,774,2026-07-12T14:21:13.326412+00:00
1292,1292,708,2026-07-12T14:21:13.326412+00:00
1293,1293,797,2026-07-12T14:21:13.326412+00:00
1294,1294,742,2026-07-12T14:21:13.326412+00:00
1295,1295,703,2026-07-12T14:21:13.326412+00:00
1296,1296,687,2026-07-12T14:21:13.326412+00:00
1297,1297,8,2026-07-12T14:21:13.326412+00:00
1298,1298,768,2026-07-12T14:21:13.326412+00:00
1299,1299,795,2026-07-12T14:21:13.326412+00:00
1300,1300,710,2026-07-12T14:21:13.326412+00:00
1301,1301,665,2026-07-12T14:21:13.326412+00:00
1302,1302,782,2026-07-12T14:21:13.326412+00:00
1303,1303,777,2026-07-12T14:21:13.326412+00:00
1304,1304,744,2026-07-12T14:21:13.326412+00:00
1305,1305,781,2026-07-12T14:21:13.326412+00:00
1306,1306,668,2026-07-12T14:21:13.326412+00:00
1307,1307,756,2026-07-12T14:21:13.326412+00:00
1308,1308,754,2026-07-12T14:21:13.326412+00:00
1309,1309,700,2026-07-12T14:21:13.326412+00:00
1310,1310,695,2026-07-12T14:21:13.326412+00:00
1311,1311,669,2026-07-12T14:21:13.326412+00:00
1312,1312,769,2026-07-12T14:21:13.326412+00:00
1313,1313,664,2026-07-12T14:21:13.326412+00:00
1314,1314,673,2026-07-12T14:21:13.326412+00:00
1315,1315,687,2026-07-12T14:21:13.326412+00:00
1316,1316,485,2026-07-12T14:21:13.326412+00:00
1317,1317,707,2026-07-12T14:21:13.326412+00:00
1318,1318,736,2026-07-12T14:21:13.326412+00:00
1319,1319,699,2026-07-12T14:21:13.326412+00:00
1320,1320,679,2026-07-12T14:21:13.326412+00:00
1321,1321,780,2026-07-12T14:21:13.326412+00:00
1322,1322,795,2026-07-12T14:21:13.326412+00:00
1323,1323,715,2026-07-12T14:21:13.326412+00:00
1324,1324,791,2026-07-12T14:21:13.326412+00:00
1325,1325,749,2026-07-12T14:21:13.326412+00:00
1326,1326,688,2026-07-12T14:21:13.326412+00:00
1327,1327,685,2026-07-12T14:21:13.326412+00:00
1328,1328,738,2026-07-12T14:21:13.326412+00:00
1329,1329,745,2026-07-12T14:21:13.326412+00:00
1330,1330,717,2026-07-12T14:21:13.326412+00:00
1331,1331,680,2026-07-12T14:21:13.326412+00:00
1332,1332,801,2026-07-12T14:21:13.326412+00:00
1333,1333,669,2026-07-12T14:21:13.326412+00:00
1334,1334,745,2026-07-12T14:21:13.326412+00:00
1335,1335,714,2026-07-12T14:21:13.326412+00:00
1336,1336,696,2026-07-12T14:21:13.326412+00:00
1337,1337,735,2026-07-12T14:21:13.326412+00:00
1338,1338,689,2026-07-12T14:21:13.326412+00:00
1339,1339,711,2026-07-12T14:21:13.326412+00:00
1340,1340,668,2026-07-12T14:21:13.326412+00:00
1341,1341,760,2026-07-12T14:21:13.326412+00:00
1342,1342,695,2026-07-12T14:21:13.326412+00:00
1343,1343,675,2026-07-12T14:21:13.326412+00:00
1344,1344,670,2026-07-12T14:21:13.326412+00:00
1345,1345,751,2026-07-12T14:21:13.326412+00:00
1346,1346,803,2026-07-12T14:21:13.326412+00:00
1347,1347,791,2026-07-12T14:21:13.326412+00:00
1348,1348,8,2026-07-12T14:21:13.326412+00:00
1349,1349,664,2026-07-12T14:21:13.326412+00:00
1350,1350,710,2026-07-12T14:21:13.326412+00:00
1351,1351,778,2026-07-12T14:21:13.326412+00:00
1352,1352,757,2026-07-12T14:21:13.326412+00:00
1353,1353,736,2026-07-12T14:21:13.326412+00:00
1354,1354,724,2026-07-12T14:21:13.326412+00:00
1355,1355,762,2026-07-12T14:21:13.326412+00:00
1356,1356,769,2026-07-12T14:21:13.326412+00:00
1357,1357,758,2026-07-12T14:21:13.326412+00:00
1358,1358,671,2026-07-12T14:21:13.326412+00:00
1359,1359,784,2026-07-12T14:21:13.326412+00:00
1360,1360,805,2026-07-12T14:21:13.326412+00:00
1361,1361,779,2026-07-12T14:21:13.326412+00:00
1362,1362,767,2026-07-12T14:21:13.326412+00:00
1363,1363,768,2026-07-12T14:21:13.326412+00:00
1364,1364,707,2026-07-12T14:21:13.326412+00:00
1365,1365,680,2026-07-12T14:21:13.326412+00:00
1366,1366,488,2026-07-12T14:21:13.326412+00:00
1367,1367,754,2026-07-12T14:21:13.326412+00:00
1368,1368,728,2026-07-12T14:21:13.326412+00:00
1369,1369,738,2026-07-12T14:21:13.326412+00:00
1370,1370,724,2026-07-12T14:21:13.326412+00:00
1371,1371,679,2026-07-12T14:21:13.326412+00:00
1372,1372,763,2026-07-12T14:21:13.326412+00:00
1373,1373,743,2026-07-12T14:21:13.326412+00:00
1374,1374,783,2026-07-12T14:21:13.326412+00:00
1375,1375,755,2026-07-12T14:21:13.326412+00:00
1376,1376,744,2026-07-12T14:21:13.326412+00:00
1377,1377,665,2026-07-12T14:21:13.326412+00:00
1378,1378,796,2026-07-12T14:21:13.326412+00:00
1379,1379,708,2026-07-12T14:21:13.326412+00:00
1380,1380,677,2026-07-12T14:21:13.326412+00:00
1381,1381,806,2026-07-12T14:21:13.326412+00:00
1382,1382,761,2026-07-12T14:21:13.326412+00:00
1383,1383,796,2026-07-12T14:21:13.326412+00:00
1384,1384,121,2026-07-12T14:21:13.326412+00:00
1385,1385,800,2026-07-12T14:21:13.326412+00:00
1386,1386,697,2026-07-12T14:21:13.326412+00:00
1387,1387,711,2026-07-12T14:21:13.326412+00:00
1388,1388,678,2026-07-12T14:21:13.326412+00:00
1389,1389,797,2026-07-12T14:21:13.326412+00:00
1390,1390,720,2026-07-12T14:21:13.326412+00:00
1391,1391,775,2026-07-12T14:21:13.326412+00:00
1392,1392,701,2026-07-12T14:21:13.326412+00:00
1393,1393,731,2026-07-12T14:21:13.326412+00:00
1394,1394,717,2026-07-12T14:21:13.326412+00:00
1395,1395,369,2026-07-12T14:21:13.326412+00:00
1396,1396,762,2026-07-12T14:21:13.326412+00:00
1397,1397,777,2026-07-12T14:21:13.326412+00:00
1398,1398,780,2026-07-12T14:21:13.326412+00:00
1399,1399,805,2026-07-12T14:21:13.326412+00:00
1400,1400,693,2026-07-12T14:21:13.326412+00:00
1401,1401,689,2026-07-12T14:21:13.326412+00:00
1402,1402,799,2026-07-12T14:21:13.326412+00:00
1403,1403,811,2026-07-12T14:21:13.326412+00:00
1404,1404,792,2026-07-12T14:21:13.326412+00:00
1405,1405,792,2026-07-12T14:21:13.326412+00:00
1406,1406,712,2026-07-12T14:21:13.326412+00:00
1407,1407,771,2026-07-12T14:21:13.326412+00:00
1408,1408,764,2026-07-12T14:21:13.326412+00:00
1409,1409,61,2026-07-12T14:21:13.326412+00:00
1410,1410,811,2026-07-12T14:21:13.326412+00:00
1411,1411,944,2026-07-12T14:21:13.326412+00:00
1412,1412,739,2026-07-12T14:21:13.326412+00:00
1413,1413,719,2026-07-12T14:21:13.326412+00:00
1414,1414,881,2026-07-12T14:21:13.326412+00:00
1415,1415,804,2026-07-12T14:21:13.326412+00:00
1416,1416,826,2026-07-12T14:21:13.326412+00:00
1417,1417,798,2026-07-12T14:21:13.326412+00:00
1418,1418,740,2026-07-12T14:21:13.326412+00:00
1419,1419,907,2026-07-12T14:21:13.326412+00:00
1420,1420,829,2026-07-12T14:21:13.326412+00:00
1421,1421,752,2026-07-12T14:21:13.326412+00:00
1422,1422,747,2026-07-12T14:21:13.326412+00:00
1423,1423,592,2026-07-12T14:21:13.326412+00:00
1424,1424,865,2026-07-12T14:21:13.326412+00:00
1425,1425,725,2026-07-12T14:21:13.326412+00:00
1426,1426,883,2026-07-12T14:21:13.326412+00:00
1427,1427,827,2026-07-12T14:21:13.326412+00:00
1428,1428,855,2026-07-12T14:21:13.326412+00:00
1429,1429,884,2026-07-12T14:21:13.326412+00:00
1430,1430,666,2026-07-12T14:21:13.326412+00:00
1431,1431,740,2026-07-12T14:21:13.326412+00:00
1432,1432,718,2026-07-12T14:21:13.326412+00:00
1433,1433,729,2026-07-12T14:21:13.326412+00:00
1434,1434,732,2026-07-12T14:21:13.326412+00:00
1435,1435,936,2026-07-12T14:21:13.326412+00:00
1436,1436,672,2026-07-12T14:21:13.326412+00:00
1437,1437,50,2026-07-12T14:21:13.326412+00:00
1438,1438,947,2026-07-12T14:21:13.326412+00:00
1439,1439,936,2026-07-12T14:21:13.326412+00:00
1440,1440,706,2026-07-12T14:21:13.326412+00:00
1441,1441,713,2026-07-12T14:21:13.326412+00:00
1442,1442,766,2026-07-12T14:21:13.326412+00:00
1443,1443,810,2026-07-12T14:21:13.326412+00:00
1444,1444,770,2026-07-12T14:21:13.326412+00:00
1445,1445,713,2026-07-12T14:21:13.326412+00:00
1446,1446,943,2026-07-12T14:21:13.326412+00:00
1447,1447,771,2026-07-12T14:21:13.326412+00:00
1448,1448,672,2026-07-12T14:21:13.326412+00:00
1449,1449,947,2026-07-12T14:21:13.326412+00:00
1450,1450,709,2026-07-12T14:21:13.326412+00:00
1451,1647,913,2026-07-12T14:21:13.326412+00:00
1452,1451,858,2026-07-12T14:21:13.326412+00:00
1453,1452,764,2026-07-12T14:21:13.326412+00:00
1454,1453,858,2026-07-12T14:21:13.326412+00:00
1455,1454,855,2026-07-12T14:21:13.326412+00:00
1456,1455,683,2026-07-12T14:21:13.326412+00:00
1457,1456,718,2026-07-12T14:21:13.326412+00:00
1458,1457,730,2026-07-12T14:21:13.326412+00:00
1459,1458,932,2026-07-12T14:21:13.326412+00:00
1460,1459,786,2026-07-12T14:21:13.326412+00:00
1461,1460,776,2026-07-12T14:21:13.326412+00:00
1462,1461,674,2026-07-12T14:21:13.326412+00:00
1463,1462,939,2026-07-12T14:21:13.326412+00:00
1464,1463,704,2026-07-12T14:21:13.326412+00:00
1465,1464,863,2026-07-12T14:21:13.326412+00:00
1466,1465,790,2026-07-12T14:21:13.326412+00:00
1467,1466,772,2026-07-12T14:21:13.326412+00:00
1468,1467,833,2026-07-12T14:21:13.326412+00:00
1469,1468,692,2026-07-12T14:21:13.326412+00:00
1470,1469,825,2026-07-12T14:21:13.326412+00:00
1471,1470,852,2026-07-12T14:21:13.326412+00:00
1472,1471,874,2026-07-12T14:21:13.326412+00:00
1473,1472,706,2026-07-12T14:21:13.326412+00:00
1474,1473,924,2026-07-12T14:21:13.326412+00:00
1475,1474,752,2026-07-12T14:21:13.326412+00:00
1476,1475,786,2026-07-12T14:21:13.326412+00:00
1477,1476,41,2026-07-12T14:21:13.326412+00:00
1478,1477,847,2026-07-12T14:21:13.326412+00:00
1479,1478,829,2026-07-12T14:21:13.326412+00:00
1480,1479,765,2026-07-12T14:21:13.326412+00:00
1481,1480,41,2026-07-12T14:21:13.326412+00:00
1482,1481,833,2026-07-12T14:21:13.326412+00:00
1483,1482,926,2026-07-12T14:21:13.326412+00:00
1484,1483,943,2026-07-12T14:21:13.326412+00:00
1485,1484,676,2026-07-12T14:21:13.326412+00:00
1486,1485,730,2026-07-12T14:21:13.326412+00:00
1487,1486,692,2026-07-12T14:21:13.326412+00:00
1488,1487,912,2026-07-12T14:21:13.326412+00:00
1489,1488,733,2026-07-12T14:21:13.326412+00:00
1490,1489,847,2026-07-12T14:21:13.326412+00:00
1491,1490,870,2026-07-12T14:21:13.326412+00:00
1492,1491,785,2026-07-12T14:21:13.326412+00:00
1493,1492,676,2026-07-12T14:21:13.326412+00:00
1494,1493,729,2026-07-12T14:21:13.326412+00:00
1495,1494,61,2026-07-12T14:21:13.326412+00:00
1496,1495,856,2026-07-12T14:21:13.326412+00:00
1497,1496,810,2026-07-12T14:21:13.326412+00:00
1498,1497,802,2026-07-12T14:21:13.326412+00:00
1499,1498,881,2026-07-12T14:21:13.326412+00:00
1500,1499,935,2026-07-12T14:21:13.326412+00:00
1501,1500,916,2026-07-12T14:21:13.326412+00:00
1502,1501,759,2026-07-12T14:21:13.326412+00:00
1503,1502,684,2026-07-12T14:21:13.326412+00:00
1504,1503,817,2026-07-12T14:21:13.326412+00:00
1505,1504,747,2026-07-12T14:21:13.326412+00:00
1506,1505,859,2026-07-12T14:21:13.326412+00:00
1507,1506,802,2026-07-12T14:21:13.326412+00:00
1508,1507,907,2026-07-12T14:21:13.326412+00:00
1509,1508,814,2026-07-12T14:21:13.326412+00:00
1510,1509,839,2026-07-12T14:21:13.326412+00:00
1511,1510,939,2026-07-12T14:21:13.326412+00:00
1512,1511,733,2026-07-12T14:21:13.326412+00:00
1513,1512,804,2026-07-12T14:21:13.326412+00:00
1514,1513,821,2026-07-12T14:21:13.326412+00:00
1515,1514,860,2026-07-12T14:21:13.326412+00:00
1516,1515,859,2026-07-12T14:21:13.326412+00:00
1517,1516,726,2026-07-12T14:21:13.326412+00:00
1518,1517,924,2026-07-12T14:21:13.326412+00:00
1519,1518,883,2026-07-12T14:21:13.326412+00:00
1520,1519,682,2026-07-12T14:21:13.326412+00:00
1521,1520,732,2026-07-12T14:21:13.326412+00:00
1522,1521,865,2026-07-12T14:21:13.326412+00:00
1523,1522,856,2026-07-12T14:21:13.326412+00:00
1524,1523,759,2026-07-12T14:21:13.326412+00:00
1525,1524,912,2026-07-12T14:21:13.326412+00:00
1526,1525,734,2026-07-12T14:21:13.326412+00:00
1527,1526,944,2026-07-12T14:21:13.326412+00:00
1528,1527,766,2026-07-12T14:21:13.326412+00:00
1529,1528,748,2026-07-12T14:21:13.326412+00:00
1530,1529,719,2026-07-12T14:21:13.326412+00:00
1531,1530,852,2026-07-12T14:21:13.326412+00:00
1532,1531,704,2026-07-12T14:21:13.326412+00:00
1533,1532,920,2026-07-12T14:21:13.326412+00:00
1534,1533,886,2026-07-12T14:21:13.326412+00:00
1535,1534,681,2026-07-12T14:21:13.326412+00:00
1536,1535,948,2026-07-12T14:21:13.326412+00:00
1537,1536,888,2026-07-12T14:21:13.326412+00:00
1538,1537,872,2026-07-12T14:21:13.326412+00:00
1539,1538,917,2026-07-12T14:21:13.326412+00:00
1540,1539,916,2026-07-12T14:21:13.326412+00:00
1541,1540,863,2026-07-12T14:21:13.326412+00:00
1542,1541,639,2026-07-12T14:21:13.326412+00:00
1543,1542,826,2026-07-12T14:21:13.326412+00:00
1544,1543,888,2026-07-12T14:21:13.326412+00:00
1545,1544,814,2026-07-12T14:21:13.326412+00:00
1546,1545,807,2026-07-12T14:21:13.326412+00:00
1547,1546,821,2026-07-12T14:21:13.326412+00:00
1548,1547,725,2026-07-12T14:21:13.326412+00:00
1549,1548,872,2026-07-12T14:21:13.326412+00:00
1550,1549,825,2026-07-12T14:21:13.326412+00:00
1551,1550,772,2026-07-12T14:21:13.326412+00:00
1552,1551,807,2026-07-12T14:21:13.326412+00:00
1553,1552,812,2026-07-12T14:21:13.326412+00:00
1554,1553,884,2026-07-12T14:21:13.326412+00:00
1555,1554,948,2026-07-12T14:21:13.326412+00:00
1556,1555,917,2026-07-12T14:21:13.326412+00:00
1557,1556,860,2026-07-12T14:21:13.326412+00:00
1558,1557,682,2026-07-12T14:21:13.326412+00:00
1559,1558,911,2026-07-12T14:21:13.326412+00:00
1560,1559,880,2026-07-12T14:21:13.326412+00:00
1561,1560,666,2026-07-12T14:21:13.326412+00:00
1562,1561,592,2026-07-12T14:21:13.326412+00:00
1563,1562,815,2026-07-12T14:21:13.326412+00:00
1564,1563,798,2026-07-12T14:21:13.326412+00:00
1565,1564,911,2026-07-12T14:21:13.326412+00:00
1566,1565,874,2026-07-12T14:21:13.326412+00:00
1567,1566,684,2026-07-12T14:21:13.326412+00:00
1568,1567,50,2026-07-12T14:21:13.326412+00:00
1569,1568,709,2026-07-12T14:21:13.326412+00:00
1570,1569,698,2026-07-12T14:21:13.326412+00:00
1571,1570,705,2026-07-12T14:21:13.326412+00:00
1572,1571,726,2026-07-12T14:21:13.326412+00:00
1573,1572,639,2026-07-12T14:21:13.326412+00:00
1574,1573,932,2026-07-12T14:21:13.326412+00:00
1575,1574,870,2026-07-12T14:21:13.326412+00:00
1576,1575,785,2026-07-12T14:21:13.326412+00:00
1577,1576,734,2026-07-12T14:21:13.326412+00:00
1578,1577,739,2026-07-12T14:21:13.326412+00:00
1579,1578,737,2026-07-12T14:21:13.326412+00:00
1580,1579,776,2026-07-12T14:21:13.326412+00:00
1581,1580,886,2026-07-12T14:21:13.326412+00:00
1582,1581,748,2026-07-12T14:21:13.326412+00:00
1583,1582,712,2026-07-12T14:21:13.326412+00:00
1584,1583,765,2026-07-12T14:21:13.326412+00:00
1585,1584,698,2026-07-12T14:21:13.326412+00:00
1586,1585,674,2026-07-12T14:21:13.326412+00:00
1587,1586,705,2026-07-12T14:21:13.326412+00:00
1588,1587,827,2026-07-12T14:21:13.326412+00:00
1589,1588,812,2026-07-12T14:21:13.326412+00:00
1590,1589,905,2026-07-12T14:21:13.326412+00:00
1591,1590,683,2026-07-12T14:21:13.326412+00:00
1592,1591,935,2026-07-12T14:21:13.326412+00:00
1593,1592,681,2026-07-12T14:21:13.326412+00:00
1594,1593,737,2026-07-12T14:21:13.326412+00:00
1595,1594,817,2026-07-12T14:21:13.326412+00:00
1596,1595,880,2026-07-12T14:21:13.326412+00:00
1597,1596,815,2026-07-12T14:21:13.326412+00:00
1598,1597,926,2026-07-12T14:21:13.326412+00:00
1599,1598,823,2026-07-12T14:21:13.326412+00:00
1600,1599,790,2026-07-12T14:21:13.326412+00:00
1601,1600,823,2026-07-12T14:21:13.326412+00:00
1602,1601,905,2026-07-12T14:21:13.326412+00:00
1603,1602,839,2026-07-12T14:21:13.326412+00:00
1604,1603,914,2026-07-12T14:21:13.326412+00:00
1605,1604,904,2026-07-12T14:21:13.326412+00:00
1606,1605,862,2026-07-12T14:21:13.326412+00:00
1607,1606,908,2026-07-12T14:21:13.326412+00:00
1608,1607,828,2026-07-12T14:21:13.326412+00:00
1609,1608,809,2026-07-12T14:21:13.326412+00:00
1610,1609,894,2026-07-12T14:21:13.326412+00:00
1611,1610,931,2026-07-12T14:21:13.326412+00:00
1612,1611,891,2026-07-12T14:21:13.326412+00:00
1613,1612,841,2026-07-12T14:21:13.326412+00:00
1614,1613,834,2026-07-12T14:21:13.326412+00:00
1615,1614,831,2026-07-12T14:21:13.326412+00:00
1616,1615,930,2026-07-12T14:21:13.326412+00:00
1617,1616,831,2026-07-12T14:21:13.326412+00:00
1618,1617,950,2026-07-12T14:21:13.326412+00:00
1619,1618,915,2026-07-12T14:21:13.326412+00:00
1620,1619,897,2026-07-12T14:21:13.326412+00:00
1621,1620,890,2026-07-12T14:21:13.326412+00:00
1622,1621,889,2026-07-12T14:21:13.326412+00:00
1623,1622,813,2026-07-12T14:21:13.326412+00:00
1624,1623,945,2026-07-12T14:21:13.326412+00:00
1625,1624,841,2026-07-12T14:21:13.326412+00:00
1626,1625,934,2026-07-12T14:21:13.326412+00:00
1627,1626,828,2026-07-12T14:21:13.326412+00:00
1628,1627,1057,2026-07-12T14:21:13.326412+00:00
1629,1628,903,2026-07-12T14:21:13.326412+00:00
1630,1629,820,2026-07-12T14:21:13.326412+00:00
1631,1630,861,2026-07-12T14:21:13.326412+00:00
1632,1631,895,2026-07-12T14:21:13.326412+00:00
1633,1632,898,2026-07-12T14:21:13.326412+00:00
1634,1633,896,2026-07-12T14:21:13.326412+00:00
1635,1634,914,2026-07-12T14:21:13.326412+00:00
1636,1635,849,2026-07-12T14:21:13.326412+00:00
1637,1636,834,2026-07-12T14:21:13.326412+00:00
1638,1637,931,2026-07-12T14:21:13.326412+00:00
1639,1638,940,2026-07-12T14:21:13.326412+00:00
1640,1639,819,2026-07-12T14:21:13.326412+00:00
1641,1640,889,2026-07-12T14:21:13.326412+00:00
1642,1641,901,2026-07-12T14:21:13.326412+00:00
1643,1642,894,2026-07-12T14:21:13.326412+00:00
1644,1643,937,2026-07-12T14:21:13.326412+00:00
1645,1644,900,2026-07-12T14:21:13.326412+00:00
1646,1645,840,2026-07-12T14:21:13.326412+00:00
1647,1646,868,2026-07-12T14:21:13.326412+00:00
1648,1648,820,2026-07-12T14:21:13.326412+00:00
1649,1649,875,2026-07-12T14:21:13.326412+00:00
1650,1650,843,2026-07-12T14:21:13.326412+00:00
1651,1651,838,2026-07-12T14:21:13.326412+00:00
1652,1652,808,2026-07-12T14:21:13.326412+00:00
1653,1653,925,2026-07-12T14:21:13.326412+00:00
1654,1654,851,2026-07-12T14:21:13.326412+00:00
1655,1655,861,2026-07-12T14:21:13.326412+00:00
1656,1656,838,2026-07-12T14:21:13.326412+00:00
1657,1657,922,2026-07-12T14:21:13.326412+00:00
1658,1658,840,2026-07-12T14:21:13.326412+00:00
1659,1659,824,2026-07-12T14:21:13.326412+00:00
1660,1660,946,2026-07-12T14:21:13.326412+00:00
1661,1661,925,2026-07-12T14:21:13.326412+00:00
1662,1662,849,2026-07-12T14:21:13.326412+00:00
1663,1663,919,2026-07-12T14:21:13.326412+00:00
1664,1664,836,2026-07-12T14:21:13.326412+00:00
1665,1665,813,2026-07-12T14:21:13.326412+00:00
1666,1666,910,2026-07-12T14:21:13.326412+00:00
1667,1667,12,2026-07-12T14:21:13.326412+00:00
1668,1668,850,2026-07-12T14:21:13.326412+00:00
1669,1669,871,2026-07-12T14:21:13.326412+00:00
1670,1670,1021,2026-07-12T14:21:13.326412+00:00
1671,1671,893,2026-07-12T14:21:13.326412+00:00
1672,1672,864,2026-07-12T14:21:13.326412+00:00
1673,1673,845,2026-07-12T14:21:13.326412+00:00
1674,1674,864,2026-07-12T14:21:13.326412+00:00
1675,1675,923,2026-07-12T14:21:13.326412+00:00
1676,1676,902,2026-07-12T14:21:13.326412+00:00
1677,1677,942,2026-07-12T14:21:13.326412+00:00
1678,1678,832,2026-07-12T14:21:13.326412+00:00
1679,1679,921,2026-07-12T14:21:13.326412+00:00
1680,1680,950,2026-07-12T14:21:13.326412+00:00
1681,1681,903,2026-07-12T14:21:13.326412+00:00
1682,1682,879,2026-07-12T14:21:13.326412+00:00
1683,1683,869,2026-07-12T14:21:13.326412+00:00
1684,1684,949,2026-07-12T14:21:13.326412+00:00
1685,1685,866,2026-07-12T14:21:13.326412+00:00
1686,1686,915,2026-07-12T14:21:13.326412+00:00
1687,1687,928,2026-07-12T14:21:13.326412+00:00
1688,1688,933,2026-07-12T14:21:13.326412+00:00
1689,1689,891,2026-07-12T14:21:13.326412+00:00
1690,1690,875,2026-07-12T14:21:13.326412+00:00
1691,1691,848,2026-07-12T14:21:13.326412+00:00
1692,1692,848,2026-07-12T14:21:13.326412+00:00
1693,1693,882,2026-07-12T14:21:13.326412+00:00
1694,1694,910,2026-07-12T14:21:13.326412+00:00
1695,1695,940,2026-07-12T14:21:13.326412+00:00
1696,1696,938,2026-07-12T14:21:13.326412+00:00
1697,1697,818,2026-07-12T14:21:13.326412+00:00
1698,1698,1057,2026-07-12T14:21:13.326412+00:00
1699,1699,835,2026-07-12T14:21:13.326412+00:00
1700,1700,898,2026-07-12T14:21:13.326412+00:00
1701,1701,842,2026-07-12T14:21:13.326412+00:00
1702,1702,818,2026-07-12T14:21:13.326412+00:00
1703,1703,923,2026-07-12T14:21:13.326412+00:00
1704,1704,908,2026-07-12T14:21:13.326412+00:00
1705,1705,920,2026-07-12T14:21:13.326412+00:00
1706,1706,1074,2026-07-12T14:21:13.326412+00:00
1707,1707,816,2026-07-12T14:21:13.326412+00:00
1708,1708,857,2026-07-12T14:21:13.326412+00:00
1709,1709,878,2026-07-12T14:21:13.326412+00:00
1710,1710,862,2026-07-12T14:21:13.326412+00:00
1711,1711,816,2026-07-12T14:21:13.326412+00:00
1712,1712,1021,2026-07-12T14:21:13.326412+00:00
1713,1713,895,2026-07-12T14:21:13.326412+00:00
1714,2242,1202,2026-07-12T14:21:13.326412+00:00
1715,1714,844,2026-07-12T14:21:13.326412+00:00
1716,1715,819,2026-07-12T14:21:13.326412+00:00
1717,1716,866,2026-07-12T14:21:13.326412+00:00
1718,1717,851,2026-07-12T14:21:13.326412+00:00
1719,1718,918,2026-07-12T14:21:13.326412+00:00
1720,1719,913,2026-07-12T14:21:13.326412+00:00
1721,1720,843,2026-07-12T14:21:13.326412+00:00
1722,1721,938,2026-07-12T14:21:13.326412+00:00
1723,1722,887,2026-07-12T14:21:13.326412+00:00
1724,1723,844,2026-07-12T14:21:13.326412+00:00
1725,1724,832,2026-07-12T14:21:13.326412+00:00
1726,1725,904,2026-07-12T14:21:13.326412+00:00
1727,1726,892,2026-07-12T14:21:13.326412+00:00
1728,1727,941,2026-07-12T14:21:13.326412+00:00
1729,1728,897,2026-07-12T14:21:13.326412+00:00
1730,1729,890,2026-07-12T14:21:13.326412+00:00
1731,1730,867,2026-07-12T14:21:13.326412+00:00
1732,1731,887,2026-07-12T14:21:13.326412+00:00
1733,1732,871,2026-07-12T14:21:13.326412+00:00
1734,1733,930,2026-07-12T14:21:13.326412+00:00
1735,1734,922,2026-07-12T14:21:13.326412+00:00
1736,1735,929,2026-07-12T14:21:13.326412+00:00
1737,1736,857,2026-07-12T14:21:13.326412+00:00
1738,1737,892,2026-07-12T14:21:13.326412+00:00
1739,1738,941,2026-07-12T14:21:13.326412+00:00
1740,1739,12,2026-07-12T14:21:13.326412+00:00
1741,1740,830,2026-07-12T14:21:13.326412+00:00
1742,1741,11,2026-07-12T14:21:13.326412+00:00
1743,1742,835,2026-07-12T14:21:13.326412+00:00
1744,1743,949,2026-07-12T14:21:13.326412+00:00
1745,1744,885,2026-07-12T14:21:13.326412+00:00
1746,1745,899,2026-07-12T14:21:13.326412+00:00
1747,1746,906,2026-07-12T14:21:13.326412+00:00
1748,1747,758,2026-07-12T14:21:13.326412+00:00
1749,1748,945,2026-07-12T14:21:13.326412+00:00
1750,1749,822,2026-07-12T14:21:13.326412+00:00
1751,1750,846,2026-07-12T14:21:13.326412+00:00
1752,1751,896,2026-07-12T14:21:13.326412+00:00
1753,1752,809,2026-07-12T14:21:13.326412+00:00
1754,1753,946,2026-07-12T14:21:13.326412+00:00
1755,1754,11,2026-07-12T14:21:13.326412+00:00
1756,1755,929,2026-07-12T14:21:13.326412+00:00
1757,1756,873,2026-07-12T14:21:13.326412+00:00
1758,1757,850,2026-07-12T14:21:13.326412+00:00
1759,1758,899,2026-07-12T14:21:13.326412+00:00
1760,1759,918,2026-07-12T14:21:13.326412+00:00
1761,1760,808,2026-07-12T14:21:13.326412+00:00
1762,1761,830,2026-07-12T14:21:13.326412+00:00
1763,1762,921,2026-07-12T14:21:13.326412+00:00
1764,1763,937,2026-07-12T14:21:13.326412+00:00
1765,1764,933,2026-07-12T14:21:13.326412+00:00
1766,1765,927,2026-07-12T14:21:13.326412+00:00
1767,1766,876,2026-07-12T14:21:13.326412+00:00
1768,1767,919,2026-07-12T14:21:13.326412+00:00
1769,1768,882,2026-07-12T14:21:13.326412+00:00
1770,1769,853,2026-07-12T14:21:13.326412+00:00
1771,1770,902,2026-07-12T14:21:13.326412+00:00
1772,1771,901,2026-07-12T14:21:13.326412+00:00
1773,1772,879,2026-07-12T14:21:13.326412+00:00
1774,1773,906,2026-07-12T14:21:13.326412+00:00
1775,1774,867,2026-07-12T14:21:13.326412+00:00
1776,1775,885,2026-07-12T14:21:13.326412+00:00
1777,1776,893,2026-07-12T14:21:13.326412+00:00
1778,1777,876,2026-07-12T14:21:13.326412+00:00
1779,1778,909,2026-07-12T14:21:13.326412+00:00
1780,1779,877,2026-07-12T14:21:13.326412+00:00
1781,1780,837,2026-07-12T14:21:13.326412+00:00
1782,1781,854,2026-07-12T14:21:13.326412+00:00
1783,1782,909,2026-07-12T14:21:13.326412+00:00
1784,1783,846,2026-07-12T14:21:13.326412+00:00
1785,1784,869,2026-07-12T14:21:13.326412+00:00
1786,1785,842,2026-07-12T14:21:13.326412+00:00
1787,1786,822,2026-07-12T14:21:13.326412+00:00
1788,1787,928,2026-07-12T14:21:13.326412+00:00
1789,1788,758,2026-07-12T14:21:13.326412+00:00
1790,1789,873,2026-07-12T14:21:13.326412+00:00
1791,1790,927,2026-07-12T14:21:13.326412+00:00
1792,1791,854,2026-07-12T14:21:13.326412+00:00
1793,1792,837,2026-07-12T14:21:13.326412+00:00
1794,1793,934,2026-07-12T14:21:13.326412+00:00
1795,1794,900,2026-07-12T14:21:13.326412+00:00
1796,1795,845,2026-07-12T14:21:13.326412+00:00
1797,1796,877,2026-07-12T14:21:13.326412+00:00
1798,1797,836,2026-07-12T14:21:13.326412+00:00
1799,1798,853,2026-07-12T14:21:13.326412+00:00
1800,1799,868,2026-07-12T14:21:13.326412+00:00
1801,1800,824,2026-07-12T14:21:13.326412+00:00
1802,1801,942,2026-07-12T14:21:13.326412+00:00
1803,1802,878,2026-07-12T14:21:13.326412+00:00
1804,1803,9,2026-07-12T14:21:13.326412+00:00
1805,1804,997,2026-07-12T14:21:13.326412+00:00
1806,1805,43,2026-07-12T14:21:13.326412+00:00
1807,1806,44,2026-07-12T14:21:13.326412+00:00
1808,1807,966,2026-07-12T14:21:13.326412+00:00
1809,1808,1069,2026-07-12T14:21:13.326412+00:00
1810,1809,984,2026-07-12T14:21:13.326412+00:00
1811,1810,974,2026-07-12T14:21:13.326412+00:00
1812,1811,1035,2026-07-12T14:21:13.326412+00:00
1813,1812,1054,2026-07-12T14:21:13.326412+00:00
1814,1813,1020,2026-07-12T14:21:13.326412+00:00
1815,1814,987,2026-07-12T14:21:13.326412+00:00
1816,1815,9,2026-07-12T14:21:13.326412+00:00
1817,1816,1029,2026-07-12T14:21:13.326412+00:00
1818,1817,1079,2026-07-12T14:21:13.326412+00:00
1819,1818,1044,2026-07-12T14:21:13.326412+00:00
1820,1819,1031,2026-07-12T14:21:13.326412+00:00
1821,1820,680,2026-07-12T14:21:13.326412+00:00
1822,1821,999,2026-07-12T14:21:13.326412+00:00
1823,1822,1054,2026-07-12T14:21:13.326412+00:00
1824,1823,1042,2026-07-12T14:21:13.326412+00:00
1825,1824,1025,2026-07-12T14:21:13.326412+00:00
1826,1825,1003,2026-07-12T14:21:13.326412+00:00
1827,1826,1078,2026-07-12T14:21:13.326412+00:00
1828,1827,1062,2026-07-12T14:21:13.326412+00:00
1829,1828,1036,2026-07-12T14:21:13.326412+00:00
1830,1829,41,2026-07-12T14:21:13.326412+00:00
1831,1830,881,2026-07-12T14:21:13.326412+00:00
1832,1831,1069,2026-07-12T14:21:13.326412+00:00
1833,1832,988,2026-07-12T14:21:13.326412+00:00
1834,1833,1058,2026-07-12T14:21:13.326412+00:00
1835,1834,991,2026-07-12T14:21:13.326412+00:00
1836,1835,1076,2026-07-12T14:21:13.326412+00:00
1837,1836,1050,2026-07-12T14:21:13.326412+00:00
1838,1837,1050,2026-07-12T14:21:13.326412+00:00
1839,1838,990,2026-07-12T14:21:13.326412+00:00
1840,1839,1064,2026-07-12T14:21:13.326412+00:00
1841,1840,995,2026-07-12T14:21:13.326412+00:00
1842,1841,981,2026-07-12T14:21:13.326412+00:00
1843,1842,999,2026-07-12T14:21:13.326412+00:00
1844,1843,1056,2026-07-12T14:21:13.326412+00:00
1845,1844,822,2026-07-12T14:21:13.326412+00:00
1846,1845,1086,2026-07-12T14:21:13.326412+00:00
1847,1846,1011,2026-07-12T14:21:13.326412+00:00
1848,1847,988,2026-07-12T14:21:13.326412+00:00
1849,1848,1059,2026-07-12T14:21:13.326412+00:00
1850,1849,1022,2026-07-12T14:21:13.326412+00:00
1851,1850,1008,2026-07-12T14:21:13.326412+00:00
1852,1851,961,2026-07-12T14:21:13.326412+00:00
1853,1852,1086,2026-07-12T14:21:13.326412+00:00
1854,1853,977,2026-07-12T14:21:13.326412+00:00
1855,1854,1053,2026-07-12T14:21:13.326412+00:00
1856,1855,1019,2026-07-12T14:21:13.326412+00:00
1857,1856,1026,2026-07-12T14:21:13.326412+00:00
1858,1857,960,2026-07-12T14:21:13.326412+00:00
1859,1858,1011,2026-07-12T14:21:13.326412+00:00
1860,1859,965,2026-07-12T14:21:13.326412+00:00
1861,1860,1004,2026-07-12T14:21:13.326412+00:00
1862,1861,1066,2026-07-12T14:21:13.326412+00:00
1863,1862,1034,2026-07-12T14:21:13.326412+00:00
1864,1863,1015,2026-07-12T14:21:13.326412+00:00
1865,1864,790,2026-07-12T14:21:13.326412+00:00
1866,1865,974,2026-07-12T14:21:13.326412+00:00
1867,1866,1062,2026-07-12T14:21:13.326412+00:00
1868,1867,978,2026-07-12T14:21:13.326412+00:00
1869,1868,1088,2026-07-12T14:21:13.326412+00:00
1870,1869,972,2026-07-12T14:21:13.326412+00:00
1871,1870,1053,2026-07-12T14:21:13.326412+00:00
1872,1871,985,2026-07-12T14:21:13.326412+00:00
1873,1872,963,2026-07-12T14:21:13.326412+00:00
1874,1873,1038,2026-07-12T14:21:13.326412+00:00
1875,1874,747,2026-07-12T14:21:13.326412+00:00
1876,1875,1001,2026-07-12T14:21:13.326412+00:00
1877,1876,1042,2026-07-12T14:21:13.326412+00:00
1878,1877,1071,2026-07-12T14:21:13.326412+00:00
1879,1878,1000,2026-07-12T14:21:13.326412+00:00
1880,1879,42,2026-07-12T14:21:13.326412+00:00
1881,1880,1060,2026-07-12T14:21:13.326412+00:00
1882,1881,981,2026-07-12T14:21:13.326412+00:00
1883,1882,1060,2026-07-12T14:21:13.326412+00:00
1884,1883,977,2026-07-12T14:21:13.326412+00:00
1885,1884,1075,2026-07-12T14:21:13.326412+00:00
1886,1885,952,2026-07-12T14:21:13.326412+00:00
1887,1886,1070,2026-07-12T14:21:13.326412+00:00
1888,1887,1074,2026-07-12T14:21:13.326412+00:00
1889,1888,959,2026-07-12T14:21:13.326412+00:00
1890,1889,1015,2026-07-12T14:21:13.326412+00:00
1891,1890,1078,2026-07-12T14:21:13.326412+00:00
1892,1891,1045,2026-07-12T14:21:13.326412+00:00
1893,1892,1035,2026-07-12T14:21:13.326412+00:00
1894,1893,43,2026-07-12T14:21:13.326412+00:00
1895,1894,1013,2026-07-12T14:21:13.326412+00:00
1896,1895,1026,2026-07-12T14:21:13.326412+00:00
1897,1896,1044,2026-07-12T14:21:13.326412+00:00
1898,1897,1037,2026-07-12T14:21:13.326412+00:00
1899,1898,1001,2026-07-12T14:21:13.326412+00:00
1900,1899,1055,2026-07-12T14:21:13.326412+00:00
1901,1900,790,2026-07-12T14:21:13.326412+00:00
1902,1901,1055,2026-07-12T14:21:13.326412+00:00
1903,1902,1076,2026-07-12T14:21:13.326412+00:00
1904,1903,1020,2026-07-12T14:21:13.326412+00:00
1905,1904,1043,2026-07-12T14:21:13.326412+00:00
1906,1905,1082,2026-07-12T14:21:13.326412+00:00
1907,1906,1013,2026-07-12T14:21:13.326412+00:00
1908,1907,1083,2026-07-12T14:21:13.326412+00:00
1909,1908,771,2026-07-12T14:21:13.326412+00:00
1910,1909,965,2026-07-12T14:21:13.326412+00:00
1911,1910,986,2026-07-12T14:21:13.326412+00:00
1912,1911,969,2026-07-12T14:21:13.326412+00:00
1913,1912,991,2026-07-12T14:21:13.326412+00:00
1914,1913,1075,2026-07-12T14:21:13.326412+00:00
1915,1914,1083,2026-07-12T14:21:13.326412+00:00
1916,1915,858,2026-07-12T14:21:13.326412+00:00
1917,1916,1061,2026-07-12T14:21:13.326412+00:00
1918,1917,1064,2026-07-12T14:21:13.326412+00:00
1919,1918,1022,2026-07-12T14:21:13.326412+00:00
1920,1919,1000,2026-07-12T14:21:13.326412+00:00
1921,1920,1088,2026-07-12T14:21:13.326412+00:00
1922,1921,957,2026-07-12T14:21:13.326412+00:00
1923,1922,963,2026-07-12T14:21:13.326412+00:00
1924,1923,1003,2026-07-12T14:21:13.326412+00:00
1925,1924,1072,2026-07-12T14:21:13.326412+00:00
1926,1925,994,2026-07-12T14:21:13.326412+00:00
1927,1926,957,2026-07-12T14:21:13.326412+00:00
1928,1927,1018,2026-07-12T14:21:13.326412+00:00
1929,1928,973,2026-07-12T14:21:13.326412+00:00
1930,1929,858,2026-07-12T14:21:13.326412+00:00
1931,1930,964,2026-07-12T14:21:13.326412+00:00
1932,1931,975,2026-07-12T14:21:13.326412+00:00
1933,1932,993,2026-07-12T14:21:13.326412+00:00
1934,1933,975,2026-07-12T14:21:13.326412+00:00
1935,1934,1004,2026-07-12T14:21:13.326412+00:00
1936,1935,1034,2026-07-12T14:21:13.326412+00:00
1937,1936,967,2026-07-12T14:21:13.326412+00:00
1938,1937,987,2026-07-12T14:21:13.326412+00:00
1939,1938,970,2026-07-12T14:21:13.326412+00:00
1940,1939,1066,2026-07-12T14:21:13.326412+00:00
1941,1940,1031,2026-07-12T14:21:13.326412+00:00
1942,1941,1019,2026-07-12T14:21:13.326412+00:00
1943,1942,1059,2026-07-12T14:21:13.326412+00:00
1944,1943,970,2026-07-12T14:21:13.326412+00:00
1945,1944,1023,2026-07-12T14:21:13.326412+00:00
1946,1945,881,2026-07-12T14:21:13.326412+00:00
1947,1946,1018,2026-07-12T14:21:13.326412+00:00
1948,1947,951,2026-07-12T14:21:13.326412+00:00
1949,1948,1082,2026-07-12T14:21:13.326412+00:00
1950,1949,1038,2026-07-12T14:21:13.326412+00:00
1951,1950,1056,2026-07-12T14:21:13.326412+00:00
1952,1951,998,2026-07-12T14:21:13.326412+00:00
1953,1952,964,2026-07-12T14:21:13.326412+00:00
1954,1953,1037,2026-07-12T14:21:13.326412+00:00
1955,1954,1036,2026-07-12T14:21:13.326412+00:00
1956,1955,1002,2026-07-12T14:21:13.326412+00:00
1957,1956,960,2026-07-12T14:21:13.326412+00:00
1958,1957,985,2026-07-12T14:21:13.326412+00:00
1959,1958,997,2026-07-12T14:21:13.326412+00:00
1960,1959,972,2026-07-12T14:21:13.326412+00:00
1961,1960,980,2026-07-12T14:21:13.326412+00:00
1962,1961,1058,2026-07-12T14:21:13.326412+00:00
1963,1962,990,2026-07-12T14:21:13.326412+00:00
1964,1963,1073,2026-07-12T14:21:13.326412+00:00
1965,1964,1029,2026-07-12T14:21:13.326412+00:00
1966,1965,1010,2026-07-12T14:21:13.326412+00:00
1967,1966,951,2026-07-12T14:21:13.326412+00:00
1968,1967,992,2026-07-12T14:21:13.326412+00:00
1969,1968,1045,2026-07-12T14:21:13.326412+00:00
1970,1969,959,2026-07-12T14:21:13.326412+00:00
1971,1970,980,2026-07-12T14:21:13.326412+00:00
1972,1971,747,2026-07-12T14:21:13.326412+00:00
1973,1972,961,2026-07-12T14:21:13.326412+00:00
1974,1973,822,2026-07-12T14:21:13.326412+00:00
1975,1974,1002,2026-07-12T14:21:13.326412+00:00
1976,1975,1008,2026-07-12T14:21:13.326412+00:00
1977,1976,44,2026-07-12T14:21:13.326412+00:00
1978,1977,1073,2026-07-12T14:21:13.326412+00:00
1979,1978,986,2026-07-12T14:21:13.326412+00:00
1980,1979,995,2026-07-12T14:21:13.326412+00:00
1981,1980,966,2026-07-12T14:21:13.326412+00:00
1982,1981,1071,2026-07-12T14:21:13.326412+00:00
1983,1982,978,2026-07-12T14:21:13.326412+00:00
1984,1983,1079,2026-07-12T14:21:13.326412+00:00
1985,1984,952,2026-07-12T14:21:13.326412+00:00
1986,1985,998,2026-07-12T14:21:13.326412+00:00
1987,1986,994,2026-07-12T14:21:13.326412+00:00
1988,1987,973,2026-07-12T14:21:13.326412+00:00
1989,1988,41,2026-07-12T14:21:13.326412+00:00
1990,1989,1070,2026-07-12T14:21:13.326412+00:00
1991,1990,969,2026-07-12T14:21:13.326412+00:00
1992,1991,1025,2026-07-12T14:21:13.326412+00:00
1993,1992,1043,2026-07-12T14:21:13.326412+00:00
1994,1993,1072,2026-07-12T14:21:13.326412+00:00
1995,1994,1010,2026-07-12T14:21:13.326412+00:00
1996,1995,984,2026-07-12T14:21:13.326412+00:00
1997,1996,1023,2026-07-12T14:21:13.326412+00:00
1998,1997,967,2026-07-12T14:21:13.326412+00:00
1999,1998,1061,2026-07-12T14:21:13.326412+00:00
2000,1999,42,2026-07-12T14:21:13.326412+00:00
2001,2000,992,2026-07-12T14:21:13.326412+00:00
2002,2001,680,2026-07-12T14:21:13.326412+00:00
2003,2002,1199,2026-07-12T14:21:13.326412+00:00
2004,2003,968,2026-07-12T14:21:13.326412+00:00
2005,2004,1024,2026-07-12T14:21:13.326412+00:00
2006,2005,1096,2026-07-12T14:21:13.326412+00:00
2007,2006,982,2026-07-12T14:21:13.326412+00:00
2008,2007,1103,2026-07-12T14:21:13.326412+00:00
2009,2008,1017,2026-07-12T14:21:13.326412+00:00
2010,2009,1007,2026-07-12T14:21:13.326412+00:00
2011,2010,1222,2026-07-12T14:21:13.326412+00:00
2012,2011,1039,2026-07-12T14:21:13.326412+00:00
2013,2012,1084,2026-07-12T14:21:13.326412+00:00
2014,2013,1103,2026-07-12T14:21:13.326412+00:00
2015,2014,979,2026-07-12T14:21:13.326412+00:00
2016,2015,983,2026-07-12T14:21:13.326412+00:00
2017,2016,1173,2026-07-12T14:21:13.326412+00:00
2018,2017,1089,2026-07-12T14:21:13.326412+00:00
2019,2018,1199,2026-07-12T14:21:13.326412+00:00
2020,2019,1178,2026-07-12T14:21:13.326412+00:00
2021,2020,1033,2026-07-12T14:21:13.326412+00:00
2022,2021,1147,2026-07-12T14:21:13.326412+00:00
2023,2022,1007,2026-07-12T14:21:13.326412+00:00
2024,2023,1091,2026-07-12T14:21:13.326412+00:00
2025,2024,1129,2026-07-12T14:21:13.326412+00:00
2026,2025,954,2026-07-12T14:21:13.326412+00:00
2027,2026,955,2026-07-12T14:21:13.326412+00:00
2028,2027,1077,2026-07-12T14:21:13.326412+00:00
2029,2028,1131,2026-07-12T14:21:13.326412+00:00
2030,2029,1006,2026-07-12T14:21:13.326412+00:00
2031,2030,1041,2026-07-12T14:21:13.326412+00:00
2032,2031,1125,2026-07-12T14:21:13.326412+00:00
2033,2032,1156,2026-07-12T14:21:13.326412+00:00
2034,2033,1065,2026-07-12T14:21:13.326412+00:00
2035,2034,1189,2026-07-12T14:21:13.326412+00:00
2036,2035,956,2026-07-12T14:21:13.326412+00:00
2037,2036,1185,2026-07-12T14:21:13.326412+00:00
2038,2037,1215,2026-07-12T14:21:13.326412+00:00
2039,2038,1114,2026-07-12T14:21:13.326412+00:00
2040,2039,1048,2026-07-12T14:21:13.326412+00:00
2041,2040,1085,2026-07-12T14:21:13.326412+00:00
2042,2041,1030,2026-07-12T14:21:13.326412+00:00
2043,2042,993,2026-07-12T14:21:13.326412+00:00
2044,2043,1052,2026-07-12T14:21:13.326412+00:00
2045,2044,983,2026-07-12T14:21:13.326412+00:00
2046,2045,1177,2026-07-12T14:21:13.326412+00:00
2047,2046,1174,2026-07-12T14:21:13.326412+00:00
2048,2047,1084,2026-07-12T14:21:13.326412+00:00
2049,2048,1200,2026-07-12T14:21:13.326412+00:00
2050,2049,955,2026-07-12T14:21:13.326412+00:00
2051,2050,1119,2026-07-12T14:21:13.326412+00:00
2052,2051,996,2026-07-12T14:21:13.326412+00:00
2053,2052,954,2026-07-12T14:21:13.326412+00:00
2054,2053,1052,2026-07-12T14:21:13.326412+00:00
2055,2054,1222,2026-07-12T14:21:13.326412+00:00
2056,2055,996,2026-07-12T14:21:13.326412+00:00
2057,2056,1210,2026-07-12T14:21:13.326412+00:00
2058,2057,1182,2026-07-12T14:21:13.326412+00:00
2059,2058,1178,2026-07-12T14:21:13.326412+00:00
2060,2059,1179,2026-07-12T14:21:13.326412+00:00
2061,2060,1174,2026-07-12T14:21:13.326412+00:00
2062,2061,1014,2026-07-12T14:21:13.326412+00:00
2063,2062,1009,2026-07-12T14:21:13.326412+00:00
2064,2063,1197,2026-07-12T14:21:13.326412+00:00
2065,2064,1132,2026-07-12T14:21:13.326412+00:00
2066,2065,1077,2026-07-12T14:21:13.326412+00:00
2067,2066,1108,2026-07-12T14:21:13.326412+00:00
2068,2067,1223,2026-07-12T14:21:13.326412+00:00
2069,2068,1182,2026-07-12T14:21:13.326412+00:00
2070,2069,1028,2026-07-12T14:21:13.326412+00:00
2071,2070,1122,2026-07-12T14:21:13.326412+00:00
2072,2071,1092,2026-07-12T14:21:13.326412+00:00
2073,2072,1087,2026-07-12T14:21:13.326412+00:00
2074,2073,1157,2026-07-12T14:21:13.326412+00:00
2075,2074,1104,2026-07-12T14:21:13.326412+00:00
2076,2075,1005,2026-07-12T14:21:13.326412+00:00
2077,2076,1131,2026-07-12T14:21:13.326412+00:00
2078,2077,1114,2026-07-12T14:21:13.326412+00:00
2079,2078,1106,2026-07-12T14:21:13.326412+00:00
2080,2079,1068,2026-07-12T14:21:13.326412+00:00
2081,2080,1080,2026-07-12T14:21:13.326412+00:00
2082,2081,1210,2026-07-12T14:21:13.326412+00:00
2083,2082,1085,2026-07-12T14:21:13.326412+00:00
2084,2083,1065,2026-07-12T14:21:13.326412+00:00
2085,2084,962,2026-07-12T14:21:13.326412+00:00
2086,2085,1135,2026-07-12T14:21:13.326412+00:00
2087,2086,1200,2026-07-12T14:21:13.326412+00:00
2088,2087,1030,2026-07-12T14:21:13.326412+00:00
2089,2088,979,2026-07-12T14:21:13.326412+00:00
2090,2089,1104,2026-07-12T14:21:13.326412+00:00
2091,2090,1068,2026-07-12T14:21:13.326412+00:00
2092,2091,1125,2026-07-12T14:21:13.326412+00:00
2093,2092,1156,2026-07-12T14:21:13.326412+00:00
2094,2093,1091,2026-07-12T14:21:13.326412+00:00
2095,2094,1102,2026-07-12T14:21:13.326412+00:00
2096,2095,1067,2026-07-12T14:21:13.326412+00:00
2097,2096,1093,2026-07-12T14:21:13.326412+00:00
2098,2097,1046,2026-07-12T14:21:13.326412+00:00
2099,2098,1102,2026-07-12T14:21:13.326412+00:00
2100,2099,1186,2026-07-12T14:21:13.326412+00:00
2101,2100,1116,2026-07-12T14:21:13.326412+00:00
2102,2101,1169,2026-07-12T14:21:13.326412+00:00
2103,2102,1024,2026-07-12T14:21:13.326412+00:00
2104,2103,1157,2026-07-12T14:21:13.326412+00:00
2105,2104,1051,2026-07-12T14:21:13.326412+00:00
2106,2105,1047,2026-07-12T14:21:13.326412+00:00
2107,2106,1014,2026-07-12T14:21:13.326412+00:00
2108,2107,953,2026-07-12T14:21:13.326412+00:00
2109,2108,1186,2026-07-12T14:21:13.326412+00:00
2110,2109,1016,2026-07-12T14:21:13.326412+00:00
2111,2110,1163,2026-07-12T14:21:13.326412+00:00
2112,2111,958,2026-07-12T14:21:13.326412+00:00
2113,2112,956,2026-07-12T14:21:13.326412+00:00
2114,2113,989,2026-07-12T14:21:13.326412+00:00
2115,2114,1147,2026-07-12T14:21:13.326412+00:00
2116,2115,1163,2026-07-12T14:21:13.326412+00:00
2117,2116,1152,2026-07-12T14:21:13.326412+00:00
2118,2117,989,2026-07-12T14:21:13.326412+00:00
2119,2118,1129,2026-07-12T14:21:13.326412+00:00
2120,2119,1049,2026-07-12T14:21:13.326412+00:00
2121,2120,976,2026-07-12T14:21:13.326412+00:00
2122,2121,1149,2026-07-12T14:21:13.326412+00:00
2123,2122,1033,2026-07-12T14:21:13.326412+00:00
2124,2123,1145,2026-07-12T14:21:13.326412+00:00
2125,2124,1132,2026-07-12T14:21:13.326412+00:00
2126,2125,968,2026-07-12T14:21:13.326412+00:00
2127,2126,1093,2026-07-12T14:21:13.326412+00:00
2128,2127,1087,2026-07-12T14:21:13.326412+00:00
2129,2128,1012,2026-07-12T14:21:13.326412+00:00
2130,2129,1155,2026-07-12T14:21:13.326412+00:00
2131,2130,1090,2026-07-12T14:21:13.326412+00:00
2132,2131,971,2026-07-12T14:21:13.326412+00:00
2133,2132,1134,2026-07-12T14:21:13.326412+00:00
2134,2133,1179,2026-07-12T14:21:13.326412+00:00
2135,2134,1184,2026-07-12T14:21:13.326412+00:00
2136,2135,953,2026-07-12T14:21:13.326412+00:00
2137,2136,1046,2026-07-12T14:21:13.326412+00:00
2138,2137,1184,2026-07-12T14:21:13.326412+00:00
2139,2138,1081,2026-07-12T14:21:13.326412+00:00
2140,2139,1224,2026-07-12T14:21:13.326412+00:00
2141,2140,1051,2026-07-12T14:21:13.326412+00:00
2142,2141,1133,2026-07-12T14:21:13.326412+00:00
2143,2142,1080,2026-07-12T14:21:13.326412+00:00
2144,2143,971,2026-07-12T14:21:13.326412+00:00
2145,2144,1039,2026-07-12T14:21:13.326412+00:00
2146,2145,1041,2026-07-12T14:21:13.326412+00:00
2147,2146,1012,2026-07-12T14:21:13.326412+00:00
2148,2147,1005,2026-07-12T14:21:13.326412+00:00
2149,2148,1006,2026-07-12T14:21:13.326412+00:00
2150,2149,1063,2026-07-12T14:21:13.326412+00:00
2151,2150,962,2026-07-12T14:21:13.326412+00:00
2152,2151,1027,2026-07-12T14:21:13.326412+00:00
2153,2152,1090,2026-07-12T14:21:13.326412+00:00
2154,2153,1177,2026-07-12T14:21:13.326412+00:00
2155,2154,1197,2026-07-12T14:21:13.326412+00:00
2156,2155,1009,2026-07-12T14:21:13.326412+00:00
2157,2156,1119,2026-07-12T14:21:13.326412+00:00
2158,2157,1092,2026-07-12T14:21:13.326412+00:00
2159,2158,1155,2026-07-12T14:21:13.326412+00:00
2160,2159,1032,2026-07-12T14:21:13.326412+00:00
2161,2160,1149,2026-07-12T14:21:13.326412+00:00
2162,2161,1135,2026-07-12T14:21:13.326412+00:00
2163,2162,958,2026-07-12T14:21:13.326412+00:00
2165,2164,1081,2026-07-12T14:21:13.326412+00:00
2166,2165,1218,2026-07-12T14:21:13.326412+00:00
2167,2166,1048,2026-07-12T14:21:13.326412+00:00
2168,2167,1017,2026-07-12T14:21:13.326412+00:00
2169,2168,1169,2026-07-12T14:21:13.326412+00:00
2170,2169,1067,2026-07-12T14:21:13.326412+00:00
2171,2170,1040,2026-07-12T14:21:13.326412+00:00
2172,2171,1123,2026-07-12T14:21:13.326412+00:00
2173,2172,1218,2026-07-12T14:21:13.326412+00:00
2174,2173,1173,2026-07-12T14:21:13.326412+00:00
2175,2174,1116,2026-07-12T14:21:13.326412+00:00
2176,2175,1106,2026-07-12T14:21:13.326412+00:00
2177,2176,1027,2026-07-12T14:21:13.326412+00:00
2178,2177,1063,2026-07-12T14:21:13.326412+00:00
2179,2178,1122,2026-07-12T14:21:13.326412+00:00
2180,2179,1134,2026-07-12T14:21:13.326412+00:00
2181,2180,1133,2026-07-12T14:21:13.326412+00:00
2182,2181,1195,2026-07-12T14:21:13.326412+00:00
2183,2182,1049,2026-07-12T14:21:13.326412+00:00
2184,2183,1028,2026-07-12T14:21:13.326412+00:00
2185,2184,1152,2026-07-12T14:21:13.326412+00:00
2186,2185,1185,2026-07-12T14:21:13.326412+00:00
2187,2186,1089,2026-07-12T14:21:13.326412+00:00
2188,2187,982,2026-07-12T14:21:13.326412+00:00
2189,2188,1224,2026-07-12T14:21:13.326412+00:00
2190,2189,1040,2026-07-12T14:21:13.326412+00:00
2191,2190,1195,2026-07-12T14:21:13.326412+00:00
2192,2191,976,2026-07-12T14:21:13.326412+00:00
2193,2192,1047,2026-07-12T14:21:13.326412+00:00
2194,2193,1145,2026-07-12T14:21:13.326412+00:00
2195,2194,1096,2026-07-12T14:21:13.326412+00:00
2196,2195,1108,2026-07-12T14:21:13.326412+00:00
2197,2196,1215,2026-07-12T14:21:13.326412+00:00
2199,2198,1189,2026-07-12T14:21:13.326412+00:00
2200,2199,1225,2026-07-12T14:21:13.326412+00:00
2201,2200,1225,2026-07-12T14:21:13.326412+00:00
2202,2201,1032,2026-07-12T14:21:13.326412+00:00
2203,2202,1123,2026-07-12T14:21:13.326412+00:00
2204,2203,1016,2026-07-12T14:21:13.326412+00:00
2205,2204,1208,2026-07-12T14:21:13.326412+00:00
2206,2205,1188,2026-07-12T14:21:13.326412+00:00
2207,2206,1140,2026-07-12T14:21:13.326412+00:00
2208,2207,1204,2026-07-12T14:21:13.326412+00:00
2209,2208,1097,2026-07-12T14:21:13.326412+00:00
2210,2209,1105,2026-07-12T14:21:13.326412+00:00
2211,2210,1146,2026-07-12T14:21:13.326412+00:00
2212,2211,1160,2026-07-12T14:21:13.326412+00:00
2213,2212,1206,2026-07-12T14:21:13.326412+00:00
2214,2213,1216,2026-07-12T14:21:13.326412+00:00
2215,2214,1143,2026-07-12T14:21:13.326412+00:00
2216,2215,1166,2026-07-12T14:21:13.326412+00:00
2217,2216,1176,2026-07-12T14:21:13.326412+00:00
2218,2217,1213,2026-07-12T14:21:13.326412+00:00
2219,2218,1207,2026-07-12T14:21:13.326412+00:00
2220,2219,1170,2026-07-12T14:21:13.326412+00:00
2221,2220,1175,2026-07-12T14:21:13.326412+00:00
2222,2221,1203,2026-07-12T14:21:13.326412+00:00
2223,2222,1180,2026-07-12T14:21:13.326412+00:00
2224,2223,1099,2026-07-12T14:21:13.326412+00:00
2225,2224,1194,2026-07-12T14:21:13.326412+00:00
2226,2225,1220,2026-07-12T14:21:13.326412+00:00
2227,2226,1098,2026-07-12T14:21:13.326412+00:00
2228,2227,1228,2026-07-12T14:21:13.326412+00:00
2229,2228,1192,2026-07-12T14:21:13.326412+00:00
2230,2229,1213,2026-07-12T14:21:13.326412+00:00
2231,2230,1094,2026-07-12T14:21:13.326412+00:00
2232,2231,1187,2026-07-12T14:21:13.326412+00:00
2233,2232,1167,2026-07-12T14:21:13.326412+00:00
2234,2233,1105,2026-07-12T14:21:13.326412+00:00
2235,2234,1101,2026-07-12T14:21:13.326412+00:00
2236,2235,1098,2026-07-12T14:21:13.326412+00:00
2237,2236,1209,2026-07-12T14:21:13.326412+00:00
2238,2237,1097,2026-07-12T14:21:13.326412+00:00
2239,2238,1204,2026-07-12T14:21:13.326412+00:00
2240,2239,1146,2026-07-12T14:21:13.326412+00:00
2241,2240,1193,2026-07-12T14:21:13.326412+00:00
2242,2241,1109,2026-07-12T14:21:13.326412+00:00
2243,2243,1183,2026-07-12T14:21:13.326412+00:00
2244,2244,1157,2026-07-12T14:21:13.326412+00:00
2245,2245,1211,2026-07-12T14:21:13.326412+00:00
2246,2246,1137,2026-07-12T14:21:13.326412+00:00
2247,2247,1095,2026-07-12T14:21:13.326412+00:00
2248,2248,1118,2026-07-12T14:21:13.326412+00:00
2249,2249,1113,2026-07-12T14:21:13.326412+00:00
2250,2250,1180,2026-07-12T14:21:13.326412+00:00
2251,2251,1216,2026-07-12T14:21:13.326412+00:00
2252,2252,1107,2026-07-12T14:21:13.326412+00:00
2253,2253,1148,2026-07-12T14:21:13.326412+00:00
2254,2254,1141,2026-07-12T14:21:13.326412+00:00
2255,2255,1154,2026-07-12T14:21:13.326412+00:00
2256,2256,1196,2026-07-12T14:21:13.326412+00:00
2257,2257,1190,2026-07-12T14:21:13.326412+00:00
2258,2258,1187,2026-07-12T14:21:13.326412+00:00
2259,2259,1229,2026-07-12T14:21:13.326412+00:00
2260,2260,1207,2026-07-12T14:21:13.326412+00:00
2261,2261,1136,2026-07-12T14:21:13.326412+00:00
2262,2262,1230,2026-07-12T14:21:13.326412+00:00
2263,2263,1190,2026-07-12T14:21:13.326412+00:00
2264,2264,1214,2026-07-12T14:21:13.326412+00:00
2265,2265,1188,2026-07-12T14:21:13.326412+00:00
2266,2266,1142,2026-07-12T14:21:13.326412+00:00
2267,2267,1128,2026-07-12T14:21:13.326412+00:00
2268,2268,1094,2026-07-12T14:21:13.326412+00:00
2269,2269,1144,2026-07-12T14:21:13.326412+00:00
2270,2270,1118,2026-07-12T14:21:13.326412+00:00
2271,2271,1126,2026-07-12T14:21:13.326412+00:00
2272,2272,1192,2026-07-12T14:21:13.326412+00:00
2273,2273,1214,2026-07-12T14:21:13.326412+00:00
2274,2274,1202,2026-07-12T14:21:13.326412+00:00
2275,2275,1154,2026-07-12T14:21:13.326412+00:00
2276,2276,1120,2026-07-12T14:21:13.326412+00:00
2277,2277,1110,2026-07-12T14:21:13.326412+00:00
2278,2278,1109,2026-07-12T14:21:13.326412+00:00
2279,2279,1194,2026-07-12T14:21:13.326412+00:00
2280,2280,1126,2026-07-12T14:21:13.326412+00:00
2281,2281,1111,2026-07-12T14:21:13.326412+00:00
2282,2282,1162,2026-07-12T14:21:13.326412+00:00
2283,2283,1167,2026-07-12T14:21:13.326412+00:00
2284,2284,1099,2026-07-12T14:21:13.326412+00:00
2285,2285,1153,2026-07-12T14:21:13.326412+00:00
2286,2286,1148,2026-07-12T14:21:13.326412+00:00
2287,2287,1095,2026-07-12T14:21:13.326412+00:00
2288,2288,1205,2026-07-12T14:21:13.326412+00:00
2289,2289,1128,2026-07-12T14:21:13.326412+00:00
2290,2290,1113,2026-07-12T14:21:13.326412+00:00
2291,2291,1100,2026-07-12T14:21:13.326412+00:00
2292,2292,1219,2026-07-12T14:21:13.326412+00:00
2293,2293,1127,2026-07-12T14:21:13.326412+00:00
2294,2294,1220,2026-07-12T14:21:13.326412+00:00
2295,2295,1161,2026-07-12T14:21:13.326412+00:00
2296,2296,1211,2026-07-12T14:21:13.326412+00:00
2297,2297,1124,2026-07-12T14:21:13.326412+00:00
2298,2298,1219,2026-07-12T14:21:13.326412+00:00
2299,2299,1159,2026-07-12T14:21:13.326412+00:00
2300,2300,1127,2026-07-12T14:21:13.326412+00:00
2301,2301,1172,2026-07-12T14:21:13.326412+00:00
2302,2302,1151,2026-07-12T14:21:13.326412+00:00
2303,2303,1110,2026-07-12T14:21:13.326412+00:00
2304,2304,1138,2026-07-12T14:21:13.326412+00:00
2305,2305,1111,2026-07-12T14:21:13.326412+00:00
2306,2306,1191,2026-07-12T14:21:13.326412+00:00
2307,2307,1226,2026-07-12T14:21:13.326412+00:00
2308,2308,1191,2026-07-12T14:21:13.326412+00:00
2309,2309,1166,2026-07-12T14:21:13.326412+00:00
2310,2310,1176,2026-07-12T14:21:13.326412+00:00
2311,2311,1212,2026-07-12T14:21:13.326412+00:00
2312,2312,1217,2026-07-12T14:21:13.326412+00:00
2313,2313,1160,2026-07-12T14:21:13.326412+00:00
2314,2314,1165,2026-07-12T14:21:13.326412+00:00
2315,2315,1120,2026-07-12T14:21:13.326412+00:00
2316,2316,1130,2026-07-12T14:21:13.326412+00:00
2317,2317,1208,2026-07-12T14:21:13.326412+00:00
2318,2318,1201,2026-07-12T14:21:13.326412+00:00
2319,2319,1203,2026-07-12T14:21:13.326412+00:00
2320,2320,1183,2026-07-12T14:21:13.326412+00:00
2321,2321,1168,2026-07-12T14:21:13.326412+00:00
2322,2322,1228,2026-07-12T14:21:13.326412+00:00
2323,2323,1165,2026-07-12T14:21:13.326412+00:00
2324,2324,1100,2026-07-12T14:21:13.326412+00:00
2325,2325,1164,2026-07-12T14:21:13.326412+00:00
2326,2326,1139,2026-07-12T14:21:13.326412+00:00
2327,2327,1209,2026-07-12T14:21:13.326412+00:00
2328,2328,1201,2026-07-12T14:21:13.326412+00:00
2329,2329,1150,2026-07-12T14:21:13.326412+00:00
2330,2330,1181,2026-07-12T14:21:13.326412+00:00
2331,2331,1112,2026-07-12T14:21:13.326412+00:00
2332,2332,1144,2026-07-12T14:21:13.326412+00:00
2333,2333,1101,2026-07-12T14:21:13.326412+00:00
2334,2334,1137,2026-07-12T14:21:13.326412+00:00
2335,2335,1161,2026-07-12T14:21:13.326412+00:00
2336,2336,1139,2026-07-12T14:21:13.326412+00:00
2338,2338,1115,2026-07-12T14:21:13.326412+00:00
2339,2339,1212,2026-07-12T14:21:13.326412+00:00
2340,2340,1170,2026-07-12T14:21:13.326412+00:00
2341,2341,1171,2026-07-12T14:21:13.326412+00:00
2342,2342,1153,2026-07-12T14:21:13.326412+00:00
2343,2343,1150,2026-07-12T14:21:13.326412+00:00
2344,2344,1227,2026-07-12T14:21:13.326412+00:00
2345,2345,1115,2026-07-12T14:21:13.326412+00:00
2346,2346,1121,2026-07-12T14:21:13.326412+00:00
2347,2347,1159,2026-07-12T14:21:13.326412+00:00
2348,2348,1143,2026-07-12T14:21:13.326412+00:00
2349,2349,1164,2026-07-12T14:21:13.326412+00:00
2350,2350,1198,2026-07-12T14:21:13.326412+00:00
2351,2351,1162,2026-07-12T14:21:13.326412+00:00
2352,2352,1221,2026-07-12T14:21:13.326412+00:00
2353,2353,1117,2026-07-12T14:21:13.326412+00:00
2354,2354,1181,2026-07-12T14:21:13.326412+00:00
2355,2355,1223,2026-07-12T14:21:13.326412+00:00
2356,2356,1142,2026-07-12T14:21:13.326412+00:00
2357,2357,1107,2026-07-12T14:21:13.326412+00:00
2358,2358,1226,2026-07-12T14:21:13.326412+00:00
2359,2359,1130,2026-07-12T14:21:13.326412+00:00
2360,2360,1112,2026-07-12T14:21:13.326412+00:00
2361,2361,1168,2026-07-12T14:21:13.326412+00:00
2362,2362,1117,2026-07-12T14:21:13.326412+00:00
2363,2363,1124,2026-07-12T14:21:13.326412+00:00
2364,2364,1205,2026-07-12T14:21:13.326412+00:00
2365,2365,1141,2026-07-12T14:21:13.326412+00:00
2366,2366,1151,2026-07-12T14:21:13.326412+00:00
2367,2367,1172,2026-07-12T14:21:13.326412+00:00
2368,2368,1136,2026-07-12T14:21:13.326412+00:00
2369,2369,1229,2026-07-12T14:21:13.326412+00:00
2370,2370,1198,2026-07-12T14:21:13.326412+00:00
2371,2371,1227,2026-07-12T14:21:13.326412+00:00
2372,2372,1140,2026-07-12T14:21:13.326412+00:00
2373,2373,1171,2026-07-12T14:21:13.326412+00:00
2374,2374,1175,2026-07-12T14:21:13.326412+00:00
2375,2375,1196,2026-07-12T14:21:13.326412+00:00
2376,2376,1221,2026-07-12T14:21:13.326412+00:00
2377,2377,1206,2026-07-12T14:21:13.326412+00:00
2378,2378,1138,2026-07-12T14:21:13.326412+00:00
2379,2379,1193,2026-07-12T14:21:13.326412+00:00
2380,2380,1230,2026-07-12T14:21:13.326412+00:00
2381,2381,1121,2026-07-12T14:21:13.326412+00:00
2382,2382,1217,2026-07-12T14:21:13.326412+00:00
2383,2438,494,2026-07-12T14:21:13.326412+00:00
2384,2691,1483,2026-07-12T14:21:13.326412+00:00
2385,2692,1484,2026-07-12T14:21:13.326412+00:00
2386,2693,1485,2026-07-12T14:21:13.326412+00:00
2387,2694,1486,2026-07-12T14:21:13.326412+00:00
2388,2695,1487,2026-07-12T14:21:13.326412+00:00
2389,2696,1488,2026-07-12T14:21:13.326412+00:00
2390,2697,1489,2026-07-12T14:21:13.326412+00:00
2391,2698,1490,2026-07-12T14:21:13.326412+00:00
2392,2699,1491,2026-07-12T14:21:13.326412+00:00
2393,2700,1492,2026-07-12T14:21:13.326412+00:00
2394,2701,1493,2026-07-12T14:21:13.326412+00:00
2395,2702,1494,2026-07-12T14:21:13.326412+00:00
2396,2703,1495,2026-07-12T14:21:13.326412+00:00
2397,2704,1496,2026-07-12T14:21:13.326412+00:00
2398,2705,1497,2026-07-12T14:21:13.326412+00:00
2399,2706,1498,2026-07-12T14:21:13.326412+00:00
2400,2707,1499,2026-07-12T14:21:13.326412+00:00
2401,2708,1500,2026-07-12T14:21:13.326412+00:00
2402,2709,1501,2026-07-12T14:21:13.326412+00:00
2403,2710,1502,2026-07-12T14:21:13.326412+00:00
2404,2711,1503,2026-07-12T14:21:13.326412+00:00
2405,2712,1504,2026-07-12T14:21:13.326412+00:00
2406,2713,1505,2026-07-12T14:21:13.326412+00:00
2407,2714,1506,2026-07-12T14:21:13.326412+00:00
2408,2420,49,2026-07-12T14:21:13.326412+00:00
2409,2386,5,2026-07-12T14:21:13.326412+00:00
2410,2387,6,2026-07-12T14:21:13.326412+00:00
2411,2385,4,2026-07-12T14:21:13.326412+00:00
2412,2390,14,2026-07-12T14:21:13.326412+00:00
2413,2392,16,2026-07-12T14:21:13.326412+00:00
2414,2409,33,2026-07-12T14:21:13.326412+00:00
2415,2410,34,2026-07-12T14:21:13.326412+00:00
2416,2412,36,2026-07-12T14:21:13.326412+00:00
2417,2414,38,2026-07-12T14:21:13.326412+00:00
2418,2416,45,2026-07-12T14:21:13.326412+00:00
2419,2417,46,2026-07-12T14:21:13.326412+00:00
2420,2418,47,2026-07-12T14:21:13.326412+00:00
2421,2419,48,2026-07-12T14:21:13.326412+00:00
2422,2421,51,2026-07-12T14:21:13.326412+00:00
2423,2422,53,2026-07-12T14:21:13.326412+00:00
2424,2423,54,2026-07-12T14:21:13.326412+00:00
2425,2424,55,2026-07-12T14:21:13.326412+00:00
2426,2425,56,2026-07-12T14:21:13.326412+00:00
2427,2426,57,2026-07-12T14:21:13.326412+00:00
2428,2427,58,2026-07-12T14:21:13.326412+00:00
2429,2428,59,2026-07-12T14:21:13.326412+00:00
2430,2430,62,2026-07-12T14:21:13.326412+00:00
2431,2433,65,2026-07-12T14:21:13.326412+00:00
2432,2434,66,2026-07-12T14:21:13.326412+00:00
2433,2411,35,2026-07-12T14:21:13.326412+00:00
2434,2413,37,2026-07-12T14:21:13.326412+00:00
2435,2415,39,2026-07-12T14:21:13.326412+00:00
2436,2437,70,2026-07-12T14:21:13.326412+00:00
2437,2393,17,2026-07-12T14:21:13.326412+00:00
2438,2394,18,2026-07-12T14:21:13.326412+00:00
2439,2395,19,2026-07-12T14:21:13.326412+00:00
2440,2396,20,2026-07-12T14:21:13.326412+00:00
2441,2397,21,2026-07-12T14:21:13.326412+00:00
2442,2399,23,2026-07-12T14:21:13.326412+00:00
2443,2400,24,2026-07-12T14:21:13.326412+00:00
2444,2402,26,2026-07-12T14:21:13.326412+00:00
2445,2403,27,2026-07-12T14:21:13.326412+00:00
2446,2404,28,2026-07-12T14:21:13.326412+00:00
2447,2405,29,2026-07-12T14:21:13.326412+00:00
2448,2407,31,2026-07-12T14:21:13.326412+00:00
2449,2408,32,2026-07-12T14:21:13.326412+00:00
2450,2435,67,2026-07-12T14:21:13.326412+00:00
2451,2436,68,2026-07-12T14:21:13.326412+00:00
2452,2391,15,2026-07-12T14:21:13.326412+00:00
2453,2389,10,2026-07-12T14:21:13.326412+00:00
2454,2398,22,2026-07-12T14:21:13.326412+00:00
2455,2406,30,2026-07-12T14:21:13.326412+00:00
2456,2383,1,2026-07-12T14:21:13.326412+00:00
2457,2384,2,2026-07-12T14:21:13.326412+00:00
2458,2388,7,2026-07-12T14:21:13.326412+00:00
2459,2401,25,2026-07-12T14:21:13.326412+00:00
2460,2429,60,2026-07-12T14:21:13.326412+00:00
2461,2431,63,2026-07-12T14:21:13.326412+00:00
2462,2432,64,2026-07-12T14:21:13.326412+00:00
2463,2439,1231,2026-07-12T14:21:13.326412+00:00
2464,2440,1232,2026-07-12T14:21:13.326412+00:00
2465,2441,1233,2026-07-12T14:21:13.326412+00:00
2466,2442,1234,2026-07-12T14:21:13.326412+00:00
2467,2443,1235,2026-07-12T14:21:13.326412+00:00
2468,2444,1236,2026-07-12T14:21:13.326412+00:00
2469,2445,1237,2026-07-12T14:21:13.326412+00:00
2470,2446,1238,2026-07-12T14:21:13.326412+00:00
2471,2447,1239,2026-07-12T14:21:13.326412+00:00
2472,2448,1240,2026-07-12T14:21:13.326412+00:00
2473,2449,1241,2026-07-12T14:21:13.326412+00:00
2474,2450,1242,2026-07-12T14:21:13.326412+00:00
2475,2451,1243,2026-07-12T14:21:13.326412+00:00
2476,2452,1244,2026-07-12T14:21:13.326412+00:00
2477,2453,1245,2026-07-12T14:21:13.326412+00:00
2478,2454,1246,2026-07-12T14:21:13.326412+00:00
2479,2455,1247,2026-07-12T14:21:13.326412+00:00
2480,2456,1248,2026-07-12T14:21:13.326412+00:00
2481,2457,1249,2026-07-12T14:21:13.326412+00:00
2482,2458,1250,2026-07-12T14:21:13.326412+00:00
2483,2459,1251,2026-07-12T14:21:13.326412+00:00
2484,2460,1252,2026-07-12T14:21:13.326412+00:00
2485,2461,1253,2026-07-12T14:21:13.326412+00:00
2486,2462,1254,2026-07-12T14:21:13.326412+00:00
2487,2463,1255,2026-07-12T14:21:13.326412+00:00
2488,2464,1256,2026-07-12T14:21:13.326412+00:00
2489,2465,1257,2026-07-12T14:21:13.326412+00:00
2490,2466,1258,2026-07-12T14:21:13.326412+00:00
2491,2467,1259,2026-07-12T14:21:13.326412+00:00
2492,2468,1260,2026-07-12T14:21:13.326412+00:00
2493,2469,1261,2026-07-12T14:21:13.326412+00:00
2494,2470,1262,2026-07-12T14:21:13.326412+00:00
2495,2471,1263,2026-07-12T14:21:13.326412+00:00
2496,2472,1264,2026-07-12T14:21:13.326412+00:00
2497,2473,1265,2026-07-12T14:21:13.326412+00:00
2498,2474,1266,2026-07-12T14:21:13.326412+00:00
2499,2475,1267,2026-07-12T14:21:13.326412+00:00
2500,2476,1268,2026-07-12T14:21:13.326412+00:00
2501,2477,1269,2026-07-12T14:21:13.326412+00:00
2502,2478,1270,2026-07-12T14:21:13.326412+00:00
2503,2479,1271,2026-07-12T14:21:13.326412+00:00
2504,2480,1272,2026-07-12T14:21:13.326412+00:00
2505,2481,1273,2026-07-12T14:21:13.326412+00:00
2506,2482,1274,2026-07-12T14:21:13.326412+00:00
2507,2483,1275,2026-07-12T14:21:13.326412+00:00
2508,2484,1276,2026-07-12T14:21:13.326412+00:00
2509,2485,1277,2026-07-12T14:21:13.326412+00:00
2510,2486,1278,2026-07-12T14:21:13.326412+00:00
2511,2487,1279,2026-07-12T14:21:13.326412+00:00
2512,2488,1280,2026-07-12T14:21:13.326412+00:00
2513,2489,1281,2026-07-12T14:21:13.326412+00:00
2514,2490,1282,2026-07-12T14:21:13.326412+00:00
2515,2491,1283,2026-07-12T14:21:13.326412+00:00
2516,2492,1284,2026-07-12T14:21:13.326412+00:00
2517,2493,1285,2026-07-12T14:21:13.326412+00:00
2518,2494,1286,2026-07-12T14:21:13.326412+00:00
2519,2495,1287,2026-07-12T14:21:13.326412+00:00
2520,2496,1288,2026-07-12T14:21:13.326412+00:00
2521,2497,1289,2026-07-12T14:21:13.326412+00:00
2522,2498,1290,2026-07-12T14:21:13.326412+00:00
2523,2499,1291,2026-07-12T14:21:13.326412+00:00
2524,2500,1292,2026-07-12T14:21:13.326412+00:00
2525,2501,1293,2026-07-12T14:21:13.326412+00:00
2526,2502,1294,2026-07-12T14:21:13.326412+00:00
2527,2503,1295,2026-07-12T14:21:13.326412+00:00
2528,2504,1296,2026-07-12T14:21:13.326412+00:00
2529,2505,1297,2026-07-12T14:21:13.326412+00:00
2530,2506,1298,2026-07-12T14:21:13.326412+00:00
2531,2507,1299,2026-07-12T14:21:13.326412+00:00
2532,2508,1300,2026-07-12T14:21:13.326412+00:00
2533,2509,1301,2026-07-12T14:21:13.326412+00:00
2534,2510,1302,2026-07-12T14:21:13.326412+00:00
2535,2511,1303,2026-07-12T14:21:13.326412+00:00
2536,2512,1304,2026-07-12T14:21:13.326412+00:00
2537,2513,1305,2026-07-12T14:21:13.326412+00:00
2538,2514,1306,2026-07-12T14:21:13.326412+00:00
2539,2515,1307,2026-07-12T14:21:13.326412+00:00
2540,2516,1308,2026-07-12T14:21:13.326412+00:00
2541,2517,1309,2026-07-12T14:21:13.326412+00:00
2542,2518,1310,2026-07-12T14:21:13.326412+00:00
2543,2519,1311,2026-07-12T14:21:13.326412+00:00
2544,2520,1312,2026-07-12T14:21:13.326412+00:00
2545,2521,1313,2026-07-12T14:21:13.326412+00:00
2546,2522,1314,2026-07-12T14:21:13.326412+00:00
2547,2523,1315,2026-07-12T14:21:13.326412+00:00
2548,2524,1316,2026-07-12T14:21:13.326412+00:00
2549,2525,1317,2026-07-12T14:21:13.326412+00:00
2550,2526,1318,2026-07-12T14:21:13.326412+00:00
2551,2527,1319,2026-07-12T14:21:13.326412+00:00
2552,2528,1320,2026-07-12T14:21:13.326412+00:00
2553,2529,1321,2026-07-12T14:21:13.326412+00:00
2554,2530,1322,2026-07-12T14:21:13.326412+00:00
2555,2531,1323,2026-07-12T14:21:13.326412+00:00
2556,2532,1324,2026-07-12T14:21:13.326412+00:00
2557,2533,1325,2026-07-12T14:21:13.326412+00:00
2558,2534,1326,2026-07-12T14:21:13.326412+00:00
2559,2535,1327,2026-07-12T14:21:13.326412+00:00
2560,2536,1328,2026-07-12T14:21:13.326412+00:00
2561,2537,1329,2026-07-12T14:21:13.326412+00:00
2562,2538,1330,2026-07-12T14:21:13.326412+00:00
2563,2539,1331,2026-07-12T14:21:13.326412+00:00
2564,2540,1332,2026-07-12T14:21:13.326412+00:00
2565,2541,1333,2026-07-12T14:21:13.326412+00:00
2566,2542,1334,2026-07-12T14:21:13.326412+00:00
2567,2543,1335,2026-07-12T14:21:13.326412+00:00
2568,2544,1336,2026-07-12T14:21:13.326412+00:00
2569,2545,1337,2026-07-12T14:21:13.326412+00:00
2570,2546,1338,2026-07-12T14:21:13.326412+00:00
2571,2547,1339,2026-07-12T14:21:13.326412+00:00
2572,2548,1340,2026-07-12T14:21:13.326412+00:00
2573,2549,1341,2026-07-12T14:21:13.326412+00:00
2574,2550,1342,2026-07-12T14:21:13.326412+00:00
2575,2551,1343,2026-07-12T14:21:13.326412+00:00
2576,2552,1344,2026-07-12T14:21:13.326412+00:00
2577,2553,1345,2026-07-12T14:21:13.326412+00:00
2578,2554,1346,2026-07-12T14:21:13.326412+00:00
2579,2555,1347,2026-07-12T14:21:13.326412+00:00
2580,2556,1348,2026-07-12T14:21:13.326412+00:00
2581,2557,1349,2026-07-12T14:21:13.326412+00:00
2582,2558,1350,2026-07-12T14:21:13.326412+00:00
2583,2559,1351,2026-07-12T14:21:13.326412+00:00
2584,2560,1352,2026-07-12T14:21:13.326412+00:00
2585,2561,1353,2026-07-12T14:21:13.326412+00:00
2586,2562,1354,2026-07-12T14:21:13.326412+00:00
2587,2563,1355,2026-07-12T14:21:13.326412+00:00
2588,2564,1356,2026-07-12T14:21:13.326412+00:00
2589,2565,1357,2026-07-12T14:21:13.326412+00:00
2590,2566,1358,2026-07-12T14:21:13.326412+00:00
2591,2567,1359,2026-07-12T14:21:13.326412+00:00
2592,2568,1360,2026-07-12T14:21:13.326412+00:00
2593,2569,1361,2026-07-12T14:21:13.326412+00:00
2594,2570,1362,2026-07-12T14:21:13.326412+00:00
2595,2571,1363,2026-07-12T14:21:13.326412+00:00
2596,2572,1364,2026-07-12T14:21:13.326412+00:00
2597,2573,1365,2026-07-12T14:21:13.326412+00:00
2598,2574,1366,2026-07-12T14:21:13.326412+00:00
2599,2575,1367,2026-07-12T14:21:13.326412+00:00
2600,2576,1368,2026-07-12T14:21:13.326412+00:00
2601,2577,1369,2026-07-12T14:21:13.326412+00:00
2602,2578,1370,2026-07-12T14:21:13.326412+00:00
2603,2579,1371,2026-07-12T14:21:13.326412+00:00
2604,2580,1372,2026-07-12T14:21:13.326412+00:00
2605,2581,1373,2026-07-12T14:21:13.326412+00:00
2606,2582,1374,2026-07-12T14:21:13.326412+00:00
2607,2583,1375,2026-07-12T14:21:13.326412+00:00
2608,2584,1376,2026-07-12T14:21:13.326412+00:00
2609,2585,1377,2026-07-12T14:21:13.326412+00:00
2610,2586,1378,2026-07-12T14:21:13.326412+00:00
2611,2587,1379,2026-07-12T14:21:13.326412+00:00
2612,2588,1380,2026-07-12T14:21:13.326412+00:00
2613,2589,1381,2026-07-12T14:21:13.326412+00:00
2614,2590,1382,2026-07-12T14:21:13.326412+00:00
2615,2591,1383,2026-07-12T14:21:13.326412+00:00
2616,2592,1384,2026-07-12T14:21:13.326412+00:00
2617,2593,1385,2026-07-12T14:21:13.326412+00:00
2618,2594,1386,2026-07-12T14:21:13.326412+00:00
2619,2595,1387,2026-07-12T14:21:13.326412+00:00
2620,2596,1388,2026-07-12T14:21:13.326412+00:00
2621,2597,1389,2026-07-12T14:21:13.326412+00:00
2622,2598,1390,2026-07-12T14:21:13.326412+00:00
2623,2599,1391,2026-07-12T14:21:13.326412+00:00
2624,2600,1392,2026-07-12T14:21:13.326412+00:00
2625,2601,1393,2026-07-12T14:21:13.326412+00:00
2626,2602,1394,2026-07-12T14:21:13.326412+00:00
2627,2603,1395,2026-07-12T14:21:13.326412+00:00
2628,2604,1396,2026-07-12T14:21:13.326412+00:00
2629,2605,1397,2026-07-12T14:21:13.326412+00:00
2630,2606,1398,2026-07-12T14:21:13.326412+00:00
2631,2607,1399,2026-07-12T14:21:13.326412+00:00
2632,2608,1400,2026-07-12T14:21:13.326412+00:00
2633,2609,1401,2026-07-12T14:21:13.326412+00:00
2634,2610,1402,2026-07-12T14:21:13.326412+00:00
2635,2611,1403,2026-07-12T14:21:13.326412+00:00
2636,2612,1404,2026-07-12T14:21:13.326412+00:00
2637,2613,1405,2026-07-12T14:21:13.326412+00:00
2638,2614,1406,2026-07-12T14:21:13.326412+00:00
2639,2615,1407,2026-07-12T14:21:13.326412+00:00
2640,2616,1408,2026-07-12T14:21:13.326412+00:00
2641,2617,1409,2026-07-12T14:21:13.326412+00:00
2642,2618,1410,2026-07-12T14:21:13.326412+00:00
2643,2619,1411,2026-07-12T14:21:13.326412+00:00
2644,2620,1412,2026-07-12T14:21:13.326412+00:00
2645,2621,1413,2026-07-12T14:21:13.326412+00:00
2646,2622,1414,2026-07-12T14:21:13.326412+00:00
2647,2623,1415,2026-07-12T14:21:13.326412+00:00
2648,2624,1416,2026-07-12T14:21:13.326412+00:00
2649,2625,1417,2026-07-12T14:21:13.326412+00:00
2650,2626,1418,2026-07-12T14:21:13.326412+00:00
2651,2627,1419,2026-07-12T14:21:13.326412+00:00
2652,2628,1420,2026-07-12T14:21:13.326412+00:00
2653,2629,1421,2026-07-12T14:21:13.326412+00:00
2654,2630,1422,2026-07-12T14:21:13.326412+00:00
2655,2631,1423,2026-07-12T14:21:13.326412+00:00
2656,2632,1424,2026-07-12T14:21:13.326412+00:00
2657,2633,1425,2026-07-12T14:21:13.326412+00:00
2658,2634,1426,2026-07-12T14:21:13.326412+00:00
2659,2635,1427,2026-07-12T14:21:13.326412+00:00
2660,2636,1428,2026-07-12T14:21:13.326412+00:00
2661,2637,1429,2026-07-12T14:21:13.326412+00:00
2662,2638,1430,2026-07-12T14:21:13.326412+00:00
2663,2639,1431,2026-07-12T14:21:13.326412+00:00
2664,2640,1432,2026-07-12T14:21:13.326412+00:00
2665,2641,1433,2026-07-12T14:21:13.326412+00:00
2666,2642,1434,2026-07-12T14:21:13.326412+00:00
2667,2643,1435,2026-07-12T14:21:13.326412+00:00
2668,2644,1436,2026-07-12T14:21:13.326412+00:00
2669,2645,1437,2026-07-12T14:21:13.326412+00:00
2670,2646,1438,2026-07-12T14:21:13.326412+00:00
2671,2647,1439,2026-07-12T14:21:13.326412+00:00
2672,2648,1440,2026-07-12T14:21:13.326412+00:00
2673,2649,1441,2026-07-12T14:21:13.326412+00:00
2674,2650,1442,2026-07-12T14:21:13.326412+00:00
2675,2651,1443,2026-07-12T14:21:13.326412+00:00
2676,2652,1444,2026-07-12T14:21:13.326412+00:00
2677,2653,1445,2026-07-12T14:21:13.326412+00:00
2678,2654,1446,2026-07-12T14:21:13.326412+00:00
2679,2655,1447,2026-07-12T14:21:13.326412+00:00
2680,2656,1448,2026-07-12T14:21:13.326412+00:00
2681,2657,1449,2026-07-12T14:21:13.326412+00:00
2682,2658,1450,2026-07-12T14:21:13.326412+00:00
2683,2659,1451,2026-07-12T14:21:13.326412+00:00
2684,2660,1452,2026-07-12T14:21:13.326412+00:00
2685,2661,1453,2026-07-12T14:21:13.326412+00:00
2686,2662,1454,2026-07-12T14:21:13.326412+00:00
2687,2663,1455,2026-07-12T14:21:13.326412+00:00
2688,2664,1456,2026-07-12T14:21:13.326412+00:00
2689,2665,1457,2026-07-12T14:21:13.326412+00:00
2690,2666,1458,2026-07-12T14:21:13.326412+00:00
2691,2667,1459,2026-07-12T14:21:13.326412+00:00
2692,2668,1460,2026-07-12T14:21:13.326412+00:00
2693,2669,1461,2026-07-12T14:21:13.326412+00:00
2694,2670,1462,2026-07-12T14:21:13.326412+00:00
2695,2671,1463,2026-07-12T14:21:13.326412+00:00
2696,2672,1464,2026-07-12T14:21:13.326412+00:00
2697,2673,1465,2026-07-12T14:21:13.326412+00:00
2698,2674,1466,2026-07-12T14:21:13.326412+00:00
2699,2675,1467,2026-07-12T14:21:13.326412+00:00
2700,2676,1468,2026-07-12T14:21:13.326412+00:00
2701,2677,1469,2026-07-12T14:21:13.326412+00:00
2702,2678,1470,2026-07-12T14:21:13.326412+00:00
2703,2679,1471,2026-07-12T14:21:13.326412+00:00
2704,2680,1472,2026-07-12T14:21:13.326412+00:00
2705,2681,1473,2026-07-12T14:21:13.326412+00:00
2706,2682,1474,2026-07-12T14:21:13.326412+00:00
2707,2683,1475,2026-07-12T14:21:13.326412+00:00
2708,2684,1476,2026-07-12T14:21:13.326412+00:00
2709,2685,1477,2026-07-12T14:21:13.326412+00:00
2710,2686,1478,2026-07-12T14:21:13.326412+00:00
2711,2687,1479,2026-07-12T14:21:13.326412+00:00
2712,2688,1480,2026-07-12T14:21:13.326412+00:00
2713,2689,1481,2026-07-12T14:21:13.326412+00:00
2714,2690,1482,2026-07-12T14:21:13.326412+00:00
2715,1,918,2026-07-13T11:45:59.12679+00:00
2716,2,169,2026-07-13T11:45:59.12679+00:00
2717,2,886,2026-07-13T11:45:59.12679+00:00
2718,4,1138,2026-07-13T11:45:59.12679+00:00
2719,5,752,2026-07-13T11:45:59.12679+00:00
2720,6,699,2026-07-13T11:45:59.12679+00:00
2721,6,1144,2026-07-13T11:45:59.12679+00:00
2722,8,887,2026-07-13T11:45:59.12679+00:00
2723,10,14,2026-07-13T11:45:59.12679+00:00
2724,11,1219,2026-07-13T11:45:59.12679+00:00
2725,12,491,2026-07-13T11:45:59.12679+00:00
2726,12,834,2026-07-13T11:45:59.12679+00:00
2727,13,1036,2026-07-13T11:45:59.12679+00:00
2728,14,689,2026-07-13T11:45:59.12679+00:00
2729,15,439,2026-07-13T11:45:59.12679+00:00
2730,15,1175,2026-07-13T11:45:59.12679+00:00
2731,16,1271,2026-07-13T11:45:59.12679+00:00
2732,17,1115,2026-07-13T11:45:59.12679+00:00
2733,18,919,2026-07-13T11:45:59.12679+00:00
2734,19,433,2026-07-13T11:45:59.12679+00:00
2735,20,169,2026-07-13T11:45:59.12679+00:00
2736,20,716,2026-07-13T11:45:59.12679+00:00
2737,20,1161,2026-07-13T11:45:59.12679+00:00
2738,21,847,2026-07-13T11:45:59.12679+00:00
2739,23,155,2026-07-13T11:45:59.12679+00:00
2740,24,576,2026-07-13T11:45:59.12679+00:00
2741,24,1022,2026-07-13T11:45:59.12679+00:00
2742,26,678,2026-07-13T11:45:59.12679+00:00
2743,27,624,2026-07-13T11:45:59.12679+00:00
2744,28,798,2026-07-13T11:45:59.12679+00:00
2745,29,416,2026-07-13T11:45:59.12679+00:00
2746,30,96,2026-07-13T11:45:59.12679+00:00
2747,30,1064,2026-07-13T11:45:59.12679+00:00
2748,31,1213,2026-07-13T11:45:59.12679+00:00
2749,32,809,2026-07-13T11:45:59.12679+00:00
2750,32,951,2026-07-13T11:45:59.12679+00:00
2751,33,836,2026-07-13T11:45:59.12679+00:00
2752,33,1219,2026-07-13T11:45:59.12679+00:00
2753,34,883,2026-07-13T11:45:59.12679+00:00
2754,34,984,2026-07-13T11:45:59.12679+00:00
2755,34,1000,2026-07-13T11:45:59.12679+00:00
2756,34,1120,2026-07-13T11:45:59.12679+00:00
2760,37,1115,2026-07-13T11:45:59.12679+00:00
2761,38,969,2026-07-13T11:45:59.12679+00:00
2762,38,1120,2026-07-13T11:45:59.12679+00:00
2763,38,1160,2026-07-13T11:45:59.12679+00:00
2764,38,1279,2026-07-13T11:45:59.12679+00:00
2765,39,1025,2026-07-13T11:45:59.12679+00:00
2766,41,350,2026-07-13T11:45:59.12679+00:00
2767,42,1023,2026-07-13T11:45:59.12679+00:00
2768,43,814,2026-07-13T11:45:59.12679+00:00
2769,44,919,2026-07-13T11:45:59.12679+00:00
2770,44,1078,2026-07-13T11:45:59.12679+00:00
2771,44,1118,2026-07-13T11:45:59.12679+00:00
2772,46,1022,2026-07-13T11:45:59.12679+00:00
2773,46,1175,2026-07-13T11:45:59.12679+00:00
2776,48,836,2026-07-13T11:45:59.12679+00:00
2777,50,1013,2026-07-13T11:45:59.12679+00:00
2778,50,1037,2026-07-13T11:45:59.12679+00:00
2779,50,1222,2026-07-13T11:45:59.12679+00:00
2780,51,699,2026-07-13T11:45:59.12679+00:00
2781,51,1164,2026-07-13T11:45:59.12679+00:00
2782,52,919,2026-07-13T11:45:59.12679+00:00
2783,53,886,2026-07-13T11:45:59.12679+00:00
2784,54,1222,2026-07-13T11:45:59.12679+00:00
2785,56,1401,2026-07-13T11:45:59.12679+00:00
2786,57,1168,2026-07-13T11:45:59.12679+00:00
2787,57,1447,2026-07-13T11:45:59.12679+00:00
2788,58,842,2026-07-13T11:45:59.12679+00:00
2789,58,1128,2026-07-13T11:45:59.12679+00:00
2790,59,1216,2026-07-13T11:45:59.12679+00:00
2791,61,1120,2026-07-13T11:45:59.12679+00:00
2792,62,1021,2026-07-13T11:45:59.12679+00:00
2793,63,1078,2026-07-13T11:45:59.12679+00:00
2794,63,1164,2026-07-13T11:45:59.12679+00:00
2795,64,897,2026-07-13T11:45:59.12679+00:00
2796,64,1068,2026-07-13T11:45:59.12679+00:00
2797,65,574,2026-07-13T11:45:59.12679+00:00
2798,66,1211,2026-07-13T11:45:59.12679+00:00
2799,66,1353,2026-07-13T11:45:59.12679+00:00
2800,67,975,2026-07-13T11:45:59.12679+00:00
2801,68,1354,2026-07-13T11:45:59.12679+00:00
2802,69,1492,2026-07-13T11:45:59.12679+00:00
2803,70,1089,2026-07-13T11:45:59.12679+00:00
2804,71,643,2026-07-13T11:45:59.12679+00:00
2805,71,809,2026-07-13T11:45:59.12679+00:00
2806,71,881,2026-07-13T11:45:59.12679+00:00
2807,72,1459,2026-07-13T11:45:59.12679+00:00
2808,73,643,2026-07-13T11:45:59.12679+00:00
2809,73,1498,2026-07-13T11:45:59.12679+00:00
2810,75,841,2026-07-13T11:45:59.12679+00:00
2811,76,592,2026-07-13T11:45:59.12679+00:00
2812,76,716,2026-07-13T11:45:59.12679+00:00
2813,76,755,2026-07-13T11:45:59.12679+00:00
2814,77,867,2026-07-13T11:45:59.12679+00:00
2815,78,1271,2026-07-13T11:45:59.12679+00:00
2816,79,85,2026-07-13T11:45:59.12679+00:00
2817,81,85,2026-07-13T11:45:59.12679+00:00
2818,81,515,2026-07-13T11:45:59.12679+00:00
2819,82,975,2026-07-13T11:45:59.12679+00:00
2820,83,286,2026-07-13T11:45:59.12679+00:00
2821,83,1196,2026-07-13T11:45:59.12679+00:00
2822,84,1056,2026-07-13T11:45:59.12679+00:00
2823,85,1104,2026-07-13T11:45:59.12679+00:00
2824,86,841,2026-07-13T11:45:59.12679+00:00
2825,86,957,2026-07-13T11:45:59.12679+00:00
2826,86,1161,2026-07-13T11:45:59.12679+00:00
2827,88,380,2026-07-13T11:45:59.12679+00:00
2828,89,919,2026-07-13T11:45:59.12679+00:00
2829,90,635,2026-07-13T11:45:59.12679+00:00
2830,90,1155,2026-07-13T11:45:59.12679+00:00
2831,91,1138,2026-07-13T11:45:59.12679+00:00
2832,94,793,2026-07-13T11:45:59.12679+00:00
2833,95,656,2026-07-13T11:45:59.12679+00:00
2834,95,1401,2026-07-13T11:45:59.12679+00:00
2835,96,1019,2026-07-13T11:45:59.12679+00:00
2836,97,849,2026-07-13T11:45:59.12679+00:00
2837,97,933,2026-07-13T11:45:59.12679+00:00
2838,97,1211,2026-07-13T11:45:59.12679+00:00
2839,98,1044,2026-07-13T11:45:59.12679+00:00
2840,99,633,2026-07-13T11:45:59.12679+00:00
2841,99,814,2026-07-13T11:45:59.12679+00:00
2842,100,1078,2026-07-13T11:45:59.12679+00:00
2843,100,1229,2026-07-13T11:45:59.12679+00:00
2844,102,1203,2026-07-13T11:45:59.12679+00:00
2845,104,689,2026-07-13T11:45:59.12679+00:00
2846,105,401,2026-07-13T11:45:59.12679+00:00
2847,106,177,2026-07-13T11:45:59.12679+00:00
2848,108,922,2026-07-13T11:45:59.12679+00:00
2849,109,1106,2026-07-13T11:45:59.12679+00:00
2850,110,1172,2026-07-13T11:45:59.12679+00:00
2851,111,836,2026-07-13T11:45:59.12679+00:00
2852,111,843,2026-07-13T11:45:59.12679+00:00
2853,111,1219,2026-07-13T11:45:59.12679+00:00
2854,112,927,2026-07-13T11:45:59.12679+00:00
2855,112,1128,2026-07-13T11:45:59.12679+00:00
2856,113,289,2026-07-13T11:45:59.12679+00:00
2857,114,759,2026-07-13T11:45:59.12679+00:00
2858,116,839,2026-07-13T11:45:59.12679+00:00
2859,116,1209,2026-07-13T11:45:59.12679+00:00
2860,117,1022,2026-07-13T11:45:59.12679+00:00
2861,117,1078,2026-07-13T11:45:59.12679+00:00
2862,118,805,2026-07-13T11:45:59.12679+00:00
2863,118,1180,2026-07-13T11:45:59.12679+00:00
2864,119,847,2026-07-13T11:45:59.12679+00:00
2865,120,96,2026-07-13T11:45:59.12679+00:00
2866,121,886,2026-07-13T11:45:59.12679+00:00
2867,121,1165,2026-07-13T11:45:59.12679+00:00
2868,122,833,2026-07-13T11:45:59.12679+00:00
2869,123,536,2026-07-13T11:45:59.12679+00:00
2870,123,792,2026-07-13T11:45:59.12679+00:00
2871,125,819,2026-07-13T11:45:59.12679+00:00
2872,126,976,2026-07-13T11:45:59.12679+00:00
2873,126,1401,2026-07-13T11:45:59.12679+00:00
2874,127,477,2026-07-13T11:45:59.12679+00:00
2875,127,1175,2026-07-13T11:45:59.12679+00:00
2876,128,1037,2026-07-13T11:45:59.12679+00:00
2877,128,1099,2026-07-13T11:45:59.12679+00:00
2878,129,681,2026-07-13T11:45:59.12679+00:00
2879,129,1166,2026-07-13T11:45:59.12679+00:00
2880,131,857,2026-07-13T11:45:59.12679+00:00
2881,132,856,2026-07-13T11:45:59.12679+00:00
2882,133,805,2026-07-13T11:45:59.12679+00:00
2883,133,1130,2026-07-13T11:45:59.12679+00:00
2884,134,997,2026-07-13T11:45:59.12679+00:00
2885,134,1261,2026-07-13T11:45:59.12679+00:00
2886,135,1037,2026-07-13T11:45:59.12679+00:00
2887,136,410,2026-07-13T11:45:59.12679+00:00
2888,136,1208,2026-07-13T11:45:59.12679+00:00
2889,137,745,2026-07-13T11:45:59.12679+00:00
2890,137,940,2026-07-13T11:45:59.12679+00:00
2891,138,1162,2026-07-13T11:45:59.12679+00:00
2892,138,1236,2026-07-13T11:45:59.12679+00:00
2893,139,1037,2026-07-13T11:45:59.12679+00:00
2894,141,1083,2026-07-13T11:45:59.12679+00:00
2895,144,681,2026-07-13T11:45:59.12679+00:00
2896,152,347,2026-07-13T11:45:59.12679+00:00
2897,153,1130,2026-07-13T11:45:59.12679+00:00
2898,154,1056,2026-07-13T11:45:59.12679+00:00
2899,157,1022,2026-07-13T11:45:59.12679+00:00
2900,158,689,2026-07-13T11:45:59.12679+00:00
2901,161,946,2026-07-13T11:45:59.12679+00:00
2902,161,1156,2026-07-13T11:45:59.12679+00:00
2903,162,806,2026-07-13T11:45:59.12679+00:00
2904,162,895,2026-07-13T11:45:59.12679+00:00
2905,163,957,2026-07-13T11:45:59.12679+00:00
2906,164,809,2026-07-13T11:45:59.12679+00:00
2907,164,951,2026-07-13T11:45:59.12679+00:00
2908,165,764,2026-07-13T11:45:59.12679+00:00
2909,165,947,2026-07-13T11:45:59.12679+00:00
2910,165,1120,2026-07-13T11:45:59.12679+00:00
2911,167,856,2026-07-13T11:45:59.12679+00:00
2912,167,1164,2026-07-13T11:45:59.12679+00:00
2913,168,674,2026-07-13T11:45:59.12679+00:00
2914,168,1282,2026-07-13T11:45:59.12679+00:00
2915,169,895,2026-07-13T11:45:59.12679+00:00
2916,170,867,2026-07-13T11:45:59.12679+00:00
2917,171,468,2026-07-13T11:45:59.12679+00:00
2918,172,745,2026-07-13T11:45:59.12679+00:00
2919,173,1078,2026-07-13T11:45:59.12679+00:00
2920,173,1099,2026-07-13T11:45:59.12679+00:00
2921,174,1035,2026-07-13T11:45:59.12679+00:00
2922,174,1038,2026-07-13T11:45:59.12679+00:00
2923,174,1120,2026-07-13T11:45:59.12679+00:00
2924,175,841,2026-07-13T11:45:59.12679+00:00
2925,176,1056,2026-07-13T11:45:59.12679+00:00
2926,179,152,2026-07-13T11:45:59.12679+00:00
2927,179,895,2026-07-13T11:45:59.12679+00:00
2928,181,687,2026-07-13T11:45:59.12679+00:00
2929,182,828,2026-07-13T11:45:59.12679+00:00
2930,182,1165,2026-07-13T11:45:59.12679+00:00
2931,183,123,2026-07-13T11:45:59.12679+00:00
2932,184,883,2026-07-13T11:45:59.12679+00:00
2933,185,918,2026-07-13T11:45:59.12679+00:00
2934,186,888,2026-07-13T11:45:59.12679+00:00
2935,186,1187,2026-07-13T11:45:59.12679+00:00
2936,187,534,2026-07-13T11:45:59.12679+00:00
2937,187,1089,2026-07-13T11:45:59.12679+00:00
2938,191,1161,2026-07-13T11:45:59.12679+00:00
2939,192,793,2026-07-13T11:45:59.12679+00:00
2940,195,347,2026-07-13T11:45:59.12679+00:00
2941,195,664,2026-07-13T11:45:59.12679+00:00
2942,196,708,2026-07-13T11:45:59.12679+00:00
2943,198,965,2026-07-13T11:45:59.12679+00:00
2944,198,1099,2026-07-13T11:45:59.12679+00:00
2945,199,605,2026-07-13T11:45:59.12679+00:00
2946,199,1035,2026-07-13T11:45:59.12679+00:00
2947,199,1038,2026-07-13T11:45:59.12679+00:00
2948,200,1078,2026-07-13T11:45:59.12679+00:00
2949,200,1131,2026-07-13T11:45:59.12679+00:00
2950,202,849,2026-07-13T11:45:59.12679+00:00
2951,204,936,2026-07-13T11:45:59.12679+00:00
2952,205,548,2026-07-13T11:45:59.12679+00:00
2953,206,1163,2026-07-13T11:45:59.12679+00:00
2954,207,550,2026-07-13T11:45:59.12679+00:00
2955,209,633,2026-07-13T11:45:59.12679+00:00
2956,210,439,2026-07-13T11:45:59.12679+00:00
2957,210,1175,2026-07-13T11:45:59.12679+00:00
2958,211,1208,2026-07-13T11:45:59.12679+00:00
2959,211,1379,2026-07-13T11:45:59.12679+00:00
2960,212,685,2026-07-13T11:45:59.12679+00:00
2961,214,1216,2026-07-13T11:45:59.12679+00:00
2962,215,1120,2026-07-13T11:45:59.12679+00:00
2963,216,708,2026-07-13T11:45:59.12679+00:00
2964,217,211,2026-07-13T11:45:59.12679+00:00
2965,218,1189,2026-07-13T11:45:59.12679+00:00
2966,219,590,2026-07-13T11:45:59.12679+00:00
2967,219,1106,2026-07-13T11:45:59.12679+00:00
2968,220,80,2026-07-13T11:45:59.12679+00:00
2969,221,211,2026-07-13T11:45:59.12679+00:00
2970,221,351,2026-07-13T11:45:59.12679+00:00
2971,221,664,2026-07-13T11:45:59.12679+00:00
2972,222,886,2026-07-13T11:45:59.12679+00:00
2973,223,834,2026-07-13T11:45:59.12679+00:00
2974,224,1302,2026-07-13T11:45:59.12679+00:00
2975,225,1190,2026-07-13T11:45:59.12679+00:00
2976,226,80,2026-07-13T11:45:59.12679+00:00
2977,226,1120,2026-07-13T11:45:59.12679+00:00
2978,227,373,2026-07-13T11:45:59.12679+00:00
2979,227,516,2026-07-13T11:45:59.12679+00:00
2980,228,1102,2026-07-13T11:45:59.12679+00:00
2981,233,802,2026-07-13T11:45:59.12679+00:00
2982,234,1218,2026-07-13T11:45:59.12679+00:00
2983,235,1219,2026-07-13T11:45:59.12679+00:00
2984,236,1198,2026-07-13T11:45:59.12679+00:00
2985,237,643,2026-07-13T11:45:59.12679+00:00
2986,239,1064,2026-07-13T11:45:59.12679+00:00
2987,241,1181,2026-07-13T11:45:59.12679+00:00
2988,242,1108,2026-07-13T11:45:59.12679+00:00
2989,243,941,2026-07-13T11:45:59.12679+00:00
2990,244,1419,2026-07-13T11:45:59.12679+00:00
2991,245,951,2026-07-13T11:45:59.12679+00:00
2992,245,1064,2026-07-13T11:45:59.12679+00:00
2993,246,509,2026-07-13T11:45:59.12679+00:00
2994,247,446,2026-07-13T11:45:59.12679+00:00
2995,247,809,2026-07-13T11:45:59.12679+00:00
2996,248,671,2026-07-13T11:45:59.12679+00:00
2997,248,1115,2026-07-13T11:45:59.12679+00:00
2998,249,1078,2026-07-13T11:45:59.12679+00:00
2999,250,901,2026-07-13T11:45:59.12679+00:00
3000,252,248,2026-07-13T11:45:59.12679+00:00
3001,252,941,2026-07-13T11:45:59.12679+00:00
3002,253,1084,2026-07-13T11:45:59.12679+00:00
3003,253,1171,2026-07-13T11:45:59.12679+00:00
3004,254,1196,2026-07-13T11:45:59.12679+00:00
3005,255,1221,2026-07-13T11:45:59.12679+00:00
3006,256,274,2026-07-13T11:45:59.12679+00:00
3007,256,991,2026-07-13T11:45:59.12679+00:00
3008,258,810,2026-07-13T11:45:59.12679+00:00
3009,259,286,2026-07-13T11:45:59.12679+00:00
3010,259,384,2026-07-13T11:45:59.12679+00:00
3011,260,1203,2026-07-13T11:45:59.12679+00:00
3012,262,1181,2026-07-13T11:45:59.12679+00:00
3013,263,80,2026-07-13T11:45:59.12679+00:00
3014,265,1096,2026-07-13T11:45:59.12679+00:00
3015,267,887,2026-07-13T11:45:59.12679+00:00
3016,268,662,2026-07-13T11:45:59.12679+00:00
3017,269,664,2026-07-13T11:45:59.12679+00:00
3018,269,1106,2026-07-13T11:45:59.12679+00:00
3019,272,1106,2026-07-13T11:45:59.12679+00:00
3020,273,750,2026-07-13T11:45:59.12679+00:00
3021,274,1008,2026-07-13T11:45:59.12679+00:00
3022,275,942,2026-07-13T11:45:59.12679+00:00
3023,275,1167,2026-07-13T11:45:59.12679+00:00
3024,278,545,2026-07-13T11:45:59.12679+00:00
3025,278,1350,2026-07-13T11:45:59.12679+00:00
3026,279,457,2026-07-13T11:45:59.12679+00:00
3027,279,639,2026-07-13T11:45:59.12679+00:00
3028,279,1182,2026-07-13T11:45:59.12679+00:00
3029,280,731,2026-07-13T11:45:59.12679+00:00
3030,281,1035,2026-07-13T11:45:59.12679+00:00
3031,282,123,2026-07-13T11:45:59.12679+00:00
3032,282,834,2026-07-13T11:45:59.12679+00:00
3033,283,217,2026-07-13T11:45:59.12679+00:00
3034,283,919,2026-07-13T11:45:59.12679+00:00
3035,283,1078,2026-07-13T11:45:59.12679+00:00
3036,285,1391,2026-07-13T11:45:59.12679+00:00
3037,286,1044,2026-07-13T11:45:59.12679+00:00
3038,286,1138,2026-07-13T11:45:59.12679+00:00
3039,287,1135,2026-07-13T11:45:59.12679+00:00
3040,289,545,2026-07-13T11:45:59.12679+00:00
3041,290,1170,2026-07-13T11:45:59.12679+00:00
3042,291,548,2026-07-13T11:45:59.12679+00:00
3043,293,417,2026-07-13T11:45:59.12679+00:00
3044,293,664,2026-07-13T11:45:59.12679+00:00
3045,294,1120,2026-07-13T11:45:59.12679+00:00
3046,295,69,2026-07-13T11:45:59.12679+00:00
3047,295,1161,2026-07-13T11:45:59.12679+00:00
3048,295,1194,2026-07-13T11:45:59.12679+00:00
3049,296,1282,2026-07-13T11:45:59.12679+00:00
3050,297,750,2026-07-13T11:45:59.12679+00:00
3051,298,542,2026-07-13T11:45:59.12679+00:00
3052,298,1152,2026-07-13T11:45:59.12679+00:00
3053,299,709,2026-07-13T11:45:59.12679+00:00
3054,299,1190,2026-07-13T11:45:59.12679+00:00
3055,300,802,2026-07-13T11:45:59.12679+00:00
3056,300,1156,2026-07-13T11:45:59.12679+00:00
3057,301,1216,2026-07-13T11:45:59.12679+00:00
3058,302,1203,2026-07-13T11:45:59.12679+00:00
3059,305,85,2026-07-13T11:45:59.12679+00:00
3060,305,1144,2026-07-13T11:45:59.12679+00:00
3061,306,382,2026-07-13T11:45:59.12679+00:00
3062,306,794,2026-07-13T11:45:59.12679+00:00
3063,307,662,2026-07-13T11:45:59.12679+00:00
3064,307,1120,2026-07-13T11:45:59.12679+00:00
3065,309,716,2026-07-13T11:45:59.12679+00:00
3066,310,205,2026-07-13T11:45:59.12679+00:00
3067,310,621,2026-07-13T11:45:59.12679+00:00
3068,310,1120,2026-07-13T11:45:59.12679+00:00
3069,310,1418,2026-07-13T11:45:59.12679+00:00
3070,311,79,2026-07-13T11:45:59.12679+00:00
3071,311,716,2026-07-13T11:45:59.12679+00:00
3072,312,467,2026-07-13T11:45:59.12679+00:00
3073,312,969,2026-07-13T11:45:59.12679+00:00
3074,312,976,2026-07-13T11:45:59.12679+00:00
3075,313,545,2026-07-13T11:45:59.12679+00:00
3076,313,856,2026-07-13T11:45:59.12679+00:00
3077,314,1134,2026-07-13T11:45:59.12679+00:00
3078,315,367,2026-07-13T11:45:59.12679+00:00
3079,316,1064,2026-07-13T11:45:59.12679+00:00
3080,316,1169,2026-07-13T11:45:59.12679+00:00
3081,319,586,2026-07-13T11:45:59.12679+00:00
3082,319,1102,2026-07-13T11:45:59.12679+00:00
3083,319,1164,2026-07-13T11:45:59.12679+00:00
3084,320,1058,2026-07-13T11:45:59.12679+00:00
3085,322,729,2026-07-13T11:45:59.12679+00:00
3086,323,1175,2026-07-13T11:45:59.12679+00:00
3087,324,1059,2026-07-13T11:45:59.12679+00:00
3088,326,169,2026-07-13T11:45:59.12679+00:00
3089,328,892,2026-07-13T11:45:59.12679+00:00
3090,328,1058,2026-07-13T11:45:59.12679+00:00
3091,329,350,2026-07-13T11:45:59.12679+00:00
3092,329,1017,2026-07-13T11:45:59.12679+00:00
3093,330,169,2026-07-13T11:45:59.12679+00:00
3095,332,374,2026-07-13T11:45:59.12679+00:00
3096,333,1120,2026-07-13T11:45:59.12679+00:00
3098,335,1078,2026-07-13T11:45:59.12679+00:00
3099,337,901,2026-07-13T11:45:59.12679+00:00
3100,339,422,2026-07-13T11:45:59.12679+00:00
3101,340,272,2026-07-13T11:45:59.12679+00:00
3102,340,1118,2026-07-13T11:45:59.12679+00:00
3103,342,689,2026-07-13T11:45:59.12679+00:00
3104,343,1318,2026-07-13T11:45:59.12679+00:00
3105,344,750,2026-07-13T11:45:59.12679+00:00
3106,344,1108,2026-07-13T11:45:59.12679+00:00
3107,345,85,2026-07-13T11:45:59.12679+00:00
3108,345,429,2026-07-13T11:45:59.12679+00:00
3109,346,237,2026-07-13T11:45:59.12679+00:00
3110,346,491,2026-07-13T11:45:59.12679+00:00
3111,347,789,2026-07-13T11:45:59.12679+00:00
3112,350,541,2026-07-13T11:45:59.12679+00:00
3113,350,573,2026-07-13T11:45:59.12679+00:00
3114,350,689,2026-07-13T11:45:59.12679+00:00
3115,351,1161,2026-07-13T11:45:59.12679+00:00
3116,354,1115,2026-07-13T11:45:59.12679+00:00
3117,356,834,2026-07-13T11:45:59.12679+00:00
3118,356,1100,2026-07-13T11:45:59.12679+00:00
3120,357,716,2026-07-13T11:45:59.12679+00:00
3121,358,272,2026-07-13T11:45:59.12679+00:00
3122,358,1134,2026-07-13T11:45:59.12679+00:00
3123,360,940,2026-07-13T11:45:59.12679+00:00
3124,360,1035,2026-07-13T11:45:59.12679+00:00
3125,360,1120,2026-07-13T11:45:59.12679+00:00
3126,361,104,2026-07-13T11:45:59.12679+00:00
3127,361,1035,2026-07-13T11:45:59.12679+00:00
3128,362,1135,2026-07-13T11:45:59.12679+00:00
3129,363,1221,2026-07-13T11:45:59.12679+00:00
3130,364,403,2026-07-13T11:45:59.12679+00:00
3131,365,461,2026-07-13T11:45:59.12679+00:00
3132,365,1368,2026-07-13T11:45:59.12679+00:00
3133,366,761,2026-07-13T11:45:59.12679+00:00
3134,366,1101,2026-07-13T11:45:59.12679+00:00
3135,368,308,2026-07-13T11:45:59.12679+00:00
3136,369,286,2026-07-13T11:45:59.12679+00:00
3137,369,702,2026-07-13T11:45:59.12679+00:00
3138,370,476,2026-07-13T11:45:59.12679+00:00
3139,370,1100,2026-07-13T11:45:59.12679+00:00
3140,371,987,2026-07-13T11:45:59.12679+00:00
3141,372,600,2026-07-13T11:45:59.12679+00:00
3142,372,901,2026-07-13T11:45:59.12679+00:00
3143,373,169,2026-07-13T11:45:59.12679+00:00
3145,373,440,2026-07-13T11:45:59.12679+00:00
3146,374,1176,2026-07-13T11:45:59.12679+00:00
3147,375,951,2026-07-13T11:45:59.12679+00:00
3148,376,570,2026-07-13T11:45:59.12679+00:00
3149,376,997,2026-07-13T11:45:59.12679+00:00
3150,377,541,2026-07-13T11:45:59.12679+00:00
3151,377,689,2026-07-13T11:45:59.12679+00:00
3152,378,111,2026-07-13T11:45:59.12679+00:00
3153,378,1160,2026-07-13T11:45:59.12679+00:00
3154,378,1161,2026-07-13T11:45:59.12679+00:00
3155,378,1281,2026-07-13T11:45:59.12679+00:00
3156,380,490,2026-07-13T11:45:59.12679+00:00
3157,380,1046,2026-07-13T11:45:59.12679+00:00
3158,381,781,2026-07-13T11:45:59.12679+00:00
3159,382,724,2026-07-13T11:45:59.12679+00:00
3160,384,1134,2026-07-13T11:45:59.12679+00:00
3161,386,85,2026-07-13T11:45:59.12679+00:00
3162,387,458,2026-07-13T11:45:59.12679+00:00
3163,388,1401,2026-07-13T11:45:59.12679+00:00
3164,390,1333,2026-07-13T11:45:59.12679+00:00
3165,391,511,2026-07-13T11:45:59.12679+00:00
3166,391,1134,2026-07-13T11:45:59.12679+00:00
3167,392,1196,2026-07-13T11:45:59.12679+00:00
3168,393,635,2026-07-13T11:45:59.12679+00:00
3169,394,654,2026-07-13T11:45:59.12679+00:00
3170,394,940,2026-07-13T11:45:59.12679+00:00
3171,396,369,2026-07-13T11:45:59.12679+00:00
3172,396,653,2026-07-13T11:45:59.12679+00:00
3173,396,937,2026-07-13T11:45:59.12679+00:00
3174,397,1401,2026-07-13T11:45:59.12679+00:00
3177,399,639,2026-07-13T11:45:59.12679+00:00
3178,399,1140,2026-07-13T11:45:59.12679+00:00
3179,400,887,2026-07-13T11:45:59.12679+00:00
3180,401,730,2026-07-13T11:45:59.12679+00:00
3181,402,410,2026-07-13T11:45:59.12679+00:00
3182,402,954,2026-07-13T11:45:59.12679+00:00
3183,404,463,2026-07-13T11:45:59.12679+00:00
3184,404,843,2026-07-13T11:45:59.12679+00:00
3185,406,1182,2026-07-13T11:45:59.12679+00:00
3186,409,895,2026-07-13T11:45:59.12679+00:00
3187,409,1120,2026-07-13T11:45:59.12679+00:00
3188,410,217,2026-07-13T11:45:59.12679+00:00
3189,411,372,2026-07-13T11:45:59.12679+00:00
3190,411,1102,2026-07-13T11:45:59.12679+00:00
3191,413,641,2026-07-13T11:45:59.12679+00:00
3192,414,1097,2026-07-13T11:45:59.12679+00:00
3193,415,1115,2026-07-13T11:45:59.12679+00:00
3194,417,913,2026-07-13T11:45:59.12679+00:00
3195,417,1094,2026-07-13T11:45:59.12679+00:00
3196,418,1182,2026-07-13T11:45:59.12679+00:00
3197,419,350,2026-07-13T11:45:59.12679+00:00
3198,420,161,2026-07-13T11:45:59.12679+00:00
3199,421,850,2026-07-13T11:45:59.12679+00:00
3200,422,975,2026-07-13T11:45:59.12679+00:00
3201,423,793,2026-07-13T11:45:59.12679+00:00
3202,423,1113,2026-07-13T11:45:59.12679+00:00
3203,424,717,2026-07-13T11:45:59.12679+00:00
3204,424,1111,2026-07-13T11:45:59.12679+00:00
3205,425,729,2026-07-13T11:45:59.12679+00:00
3206,427,787,2026-07-13T11:45:59.12679+00:00
3207,427,1160,2026-07-13T11:45:59.12679+00:00
3208,428,841,2026-07-13T11:45:59.12679+00:00
3209,428,1168,2026-07-13T11:45:59.12679+00:00
3210,429,749,2026-07-13T11:45:59.12679+00:00
3211,430,1120,2026-07-13T11:45:59.12679+00:00
3212,431,939,2026-07-13T11:45:59.12679+00:00
3213,432,579,2026-07-13T11:45:59.12679+00:00
3214,433,731,2026-07-13T11:45:59.12679+00:00
3215,436,248,2026-07-13T11:45:59.12679+00:00
3216,436,970,2026-07-13T11:45:59.12679+00:00
3217,437,111,2026-07-13T11:45:59.12679+00:00
3218,437,1022,2026-07-13T11:45:59.12679+00:00
3219,438,211,2026-07-13T11:45:59.12679+00:00
3220,439,825,2026-07-13T11:45:59.12679+00:00
3221,440,545,2026-07-13T11:45:59.12679+00:00
3222,440,869,2026-07-13T11:45:59.12679+00:00
3223,441,649,2026-07-13T11:45:59.12679+00:00
3224,441,1083,2026-07-13T11:45:59.12679+00:00
3225,442,1120,2026-07-13T11:45:59.12679+00:00
3226,442,1121,2026-07-13T11:45:59.12679+00:00
3227,442,1401,2026-07-13T11:45:59.12679+00:00
3228,443,85,2026-07-13T11:45:59.12679+00:00
3229,444,1035,2026-07-13T11:45:59.12679+00:00
3230,445,928,2026-07-13T11:45:59.12679+00:00
3231,448,80,2026-07-13T11:45:59.12679+00:00
3232,449,1064,2026-07-13T11:45:59.12679+00:00
3233,450,716,2026-07-13T11:45:59.12679+00:00
3234,452,849,2026-07-13T11:45:59.12679+00:00
3235,454,1218,2026-07-13T11:45:59.12679+00:00
3236,455,876,2026-07-13T11:45:59.12679+00:00
3237,458,901,2026-07-13T11:45:59.12679+00:00
3238,459,1156,2026-07-13T11:45:59.12679+00:00
3239,460,281,2026-07-13T11:45:59.12679+00:00
3240,460,295,2026-07-13T11:45:59.12679+00:00
3241,461,664,2026-07-13T11:45:59.12679+00:00
3242,463,741,2026-07-13T11:45:59.12679+00:00
3243,465,154,2026-07-13T11:45:59.12679+00:00
3244,465,703,2026-07-13T11:45:59.12679+00:00
3245,466,1188,2026-07-13T11:45:59.12679+00:00
3246,467,666,2026-07-13T11:45:59.12679+00:00
3247,467,1164,2026-07-13T11:45:59.12679+00:00
3248,468,691,2026-07-13T11:45:59.12679+00:00
3249,469,1188,2026-07-13T11:45:59.12679+00:00
3250,470,1318,2026-07-13T11:45:59.12679+00:00
3251,472,522,2026-07-13T11:45:59.12679+00:00
3252,472,1118,2026-07-13T11:45:59.12679+00:00
3253,473,274,2026-07-13T11:45:59.12679+00:00
3254,473,1100,2026-07-13T11:45:59.12679+00:00
3255,474,154,2026-07-13T11:45:59.12679+00:00
3256,474,745,2026-07-13T11:45:59.12679+00:00
3257,477,522,2026-07-13T11:45:59.12679+00:00
3258,477,1414,2026-07-13T11:45:59.12679+00:00
3259,478,111,2026-07-13T11:45:59.12679+00:00
3260,478,619,2026-07-13T11:45:59.12679+00:00
3261,479,1190,2026-07-13T11:45:59.12679+00:00
3262,480,579,2026-07-13T11:45:59.12679+00:00
3263,480,1168,2026-07-13T11:45:59.12679+00:00
3264,480,1207,2026-07-13T11:45:59.12679+00:00
3265,481,1030,2026-07-13T11:45:59.12679+00:00
3266,483,401,2026-07-13T11:45:59.12679+00:00
3267,483,1293,2026-07-13T11:45:59.12679+00:00
3268,485,638,2026-07-13T11:45:59.12679+00:00
3269,486,415,2026-07-13T11:45:59.12679+00:00
3270,486,802,2026-07-13T11:45:59.12679+00:00
3271,486,1195,2026-07-13T11:45:59.12679+00:00
3272,488,600,2026-07-13T11:45:59.12679+00:00
3273,489,1078,2026-07-13T11:45:59.12679+00:00
3274,490,516,2026-07-13T11:45:59.12679+00:00
3275,491,85,2026-07-13T11:45:59.12679+00:00
3276,491,429,2026-07-13T11:45:59.12679+00:00
3277,492,834,2026-07-13T11:45:59.12679+00:00
3278,492,1201,2026-07-13T11:45:59.12679+00:00
3279,493,745,2026-07-13T11:45:59.12679+00:00
3280,495,237,2026-07-13T11:45:59.12679+00:00
3281,496,699,2026-07-13T11:45:59.12679+00:00
3282,496,988,2026-07-13T11:45:59.12679+00:00
3283,496,1213,2026-07-13T11:45:59.12679+00:00
3284,497,1066,2026-07-13T11:45:59.12679+00:00
3285,498,1120,2026-07-13T11:45:59.12679+00:00
3286,499,841,2026-07-13T11:45:59.12679+00:00
3287,499,1036,2026-07-13T11:45:59.12679+00:00
3288,499,1057,2026-07-13T11:45:59.12679+00:00
3289,500,123,2026-07-13T11:45:59.12679+00:00
3290,502,863,2026-07-13T11:45:59.12679+00:00
3291,502,1226,2026-07-13T11:45:59.12679+00:00
3292,503,545,2026-07-13T11:45:59.12679+00:00
3293,504,749,2026-07-13T11:45:59.12679+00:00
3294,505,575,2026-07-13T11:45:59.12679+00:00
3295,505,745,2026-07-13T11:45:59.12679+00:00
3296,506,1213,2026-07-13T11:45:59.12679+00:00
3297,507,649,2026-07-13T11:45:59.12679+00:00
3298,507,1060,2026-07-13T11:45:59.12679+00:00
3299,507,1208,2026-07-13T11:45:59.12679+00:00
3300,508,970,2026-07-13T11:45:59.12679+00:00
3301,509,654,2026-07-13T11:45:59.12679+00:00
3302,509,802,2026-07-13T11:45:59.12679+00:00
3303,509,1211,2026-07-13T11:45:59.12679+00:00
3304,509,1218,2026-07-13T11:45:59.12679+00:00
3305,510,1169,2026-07-13T11:45:59.12679+00:00
3306,512,600,2026-07-13T11:45:59.12679+00:00
3307,513,111,2026-07-13T11:45:59.12679+00:00
3308,513,733,2026-07-13T11:45:59.12679+00:00
3309,514,1120,2026-07-13T11:45:59.12679+00:00
3310,514,1320,2026-07-13T11:45:59.12679+00:00
3311,515,651,2026-07-13T11:45:59.12679+00:00
3312,515,1172,2026-07-13T11:45:59.12679+00:00
3313,517,1118,2026-07-13T11:45:59.12679+00:00
3314,518,155,2026-07-13T11:45:59.12679+00:00
3315,519,601,2026-07-13T11:45:59.12679+00:00
3316,520,351,2026-07-13T11:45:59.12679+00:00
3317,521,446,2026-07-13T11:45:59.12679+00:00
3318,522,1025,2026-07-13T11:45:59.12679+00:00
3319,523,1141,2026-07-13T11:45:59.12679+00:00
3320,526,1107,2026-07-13T11:45:59.12679+00:00
3321,527,820,2026-07-13T11:45:59.12679+00:00
3322,528,260,2026-07-13T11:45:59.12679+00:00
3323,528,762,2026-07-13T11:45:59.12679+00:00
3324,529,918,2026-07-13T11:45:59.12679+00:00
3325,529,1022,2026-07-13T11:45:59.12679+00:00
3326,529,1175,2026-07-13T11:45:59.12679+00:00
3327,531,101,2026-07-13T11:45:59.12679+00:00
3328,532,461,2026-07-13T11:45:59.12679+00:00
3329,533,1037,2026-07-13T11:45:59.12679+00:00
3330,535,221,2026-07-13T11:45:59.12679+00:00
3331,536,1221,2026-07-13T11:45:59.12679+00:00
3332,537,1207,2026-07-13T11:45:59.12679+00:00
3333,538,545,2026-07-13T11:45:59.12679+00:00
3334,540,843,2026-07-13T11:45:59.12679+00:00
3335,541,672,2026-07-13T11:45:59.12679+00:00
3336,542,1111,2026-07-13T11:45:59.12679+00:00
3337,543,622,2026-07-13T11:45:59.12679+00:00
3338,544,1176,2026-07-13T11:45:59.12679+00:00
3339,545,1169,2026-07-13T11:45:59.12679+00:00
3340,547,1156,2026-07-13T11:45:59.12679+00:00
3341,548,876,2026-07-13T11:45:59.12679+00:00
3342,549,1102,2026-07-13T11:45:59.12679+00:00
3343,550,1107,2026-07-13T11:45:59.12679+00:00
3344,551,329,2026-07-13T11:45:59.12679+00:00
3345,552,229,2026-07-13T11:45:59.12679+00:00
3346,554,211,2026-07-13T11:45:59.12679+00:00
3347,555,111,2026-07-13T11:45:59.12679+00:00
3348,556,1035,2026-07-13T11:45:59.12679+00:00
3349,556,1038,2026-07-13T11:45:59.12679+00:00
3350,557,372,2026-07-13T11:45:59.12679+00:00
3351,557,1154,2026-07-13T11:45:59.12679+00:00
3352,558,1118,2026-07-13T11:45:59.12679+00:00
3353,559,429,2026-07-13T11:45:59.12679+00:00
3354,559,1229,2026-07-13T11:45:59.12679+00:00
3355,560,1161,2026-07-13T11:45:59.12679+00:00
3356,561,1035,2026-07-13T11:45:59.12679+00:00
3357,561,1038,2026-07-13T11:45:59.12679+00:00
3358,561,1194,2026-07-13T11:45:59.12679+00:00
3359,562,401,2026-07-13T11:45:59.12679+00:00
3360,563,1120,2026-07-13T11:45:59.12679+00:00
3361,564,812,2026-07-13T11:45:59.12679+00:00
3362,564,926,2026-07-13T11:45:59.12679+00:00
3363,564,1165,2026-07-13T11:45:59.12679+00:00
3364,565,540,2026-07-13T11:45:59.12679+00:00
3365,565,1154,2026-07-13T11:45:59.12679+00:00
3366,566,1148,2026-07-13T11:45:59.12679+00:00
3367,567,310,2026-07-13T11:45:59.12679+00:00
3368,568,111,2026-07-13T11:45:59.12679+00:00
3369,568,592,2026-07-13T11:45:59.12679+00:00
3370,569,784,2026-07-13T11:45:59.12679+00:00
3371,570,876,2026-07-13T11:45:59.12679+00:00
3372,570,1078,2026-07-13T11:45:59.12679+00:00
3373,571,848,2026-07-13T11:45:59.12679+00:00
3374,572,541,2026-07-13T11:45:59.12679+00:00
3375,572,689,2026-07-13T11:45:59.12679+00:00
3376,572,1120,2026-07-13T11:45:59.12679+00:00
3377,573,350,2026-07-13T11:45:59.12679+00:00
3378,573,1181,2026-07-13T11:45:59.12679+00:00
3379,574,1064,2026-07-13T11:45:59.12679+00:00
3380,575,1118,2026-07-13T11:45:59.12679+00:00
3381,577,988,2026-07-13T11:45:59.12679+00:00
3382,578,1155,2026-07-13T11:45:59.12679+00:00
3383,578,1161,2026-07-13T11:45:59.12679+00:00
3384,579,865,2026-07-13T11:45:59.12679+00:00
3385,580,1078,2026-07-13T11:45:59.12679+00:00
3386,581,446,2026-07-13T11:45:59.12679+00:00
3387,582,940,2026-07-13T11:45:59.12679+00:00
3388,584,687,2026-07-13T11:45:59.12679+00:00
3389,585,157,2026-07-13T11:45:59.12679+00:00
3390,586,1155,2026-07-13T11:45:59.12679+00:00
3391,587,390,2026-07-13T11:45:59.12679+00:00
3392,587,878,2026-07-13T11:45:59.12679+00:00
3393,587,1130,2026-07-13T11:45:59.12679+00:00
3394,588,878,2026-07-13T11:45:59.12679+00:00
3395,588,1120,2026-07-13T11:45:59.12679+00:00
3396,589,936,2026-07-13T11:45:59.12679+00:00
3397,590,689,2026-07-13T11:45:59.12679+00:00
3398,592,840,2026-07-13T11:45:59.12679+00:00
3399,592,901,2026-07-13T11:45:59.12679+00:00
3400,593,187,2026-07-13T11:45:59.12679+00:00
3401,594,429,2026-07-13T11:45:59.12679+00:00
3402,594,841,2026-07-13T11:45:59.12679+00:00
3403,595,745,2026-07-13T11:45:59.12679+00:00
3404,595,1092,2026-07-13T11:45:59.12679+00:00
3405,597,1004,2026-07-13T11:45:59.12679+00:00
3406,598,286,2026-07-13T11:45:59.12679+00:00
3407,599,887,2026-07-13T11:45:59.12679+00:00
3408,600,548,2026-07-13T11:45:59.12679+00:00
3409,601,217,2026-07-13T11:45:59.12679+00:00
3410,601,744,2026-07-13T11:45:59.12679+00:00
3411,601,941,2026-07-13T11:45:59.12679+00:00
3412,601,1022,2026-07-13T11:45:59.12679+00:00
3413,602,863,2026-07-13T11:45:59.12679+00:00
3414,602,922,2026-07-13T11:45:59.12679+00:00
3415,603,843,2026-07-13T11:45:59.12679+00:00
3416,605,528,2026-07-13T11:45:59.12679+00:00
3417,608,680,2026-07-13T11:45:59.12679+00:00
3418,609,1130,2026-07-13T11:45:59.12679+00:00
3419,611,85,2026-07-13T11:45:59.12679+00:00
3420,611,1115,2026-07-13T11:45:59.12679+00:00
3421,611,1324,2026-07-13T11:45:59.12679+00:00
3422,612,496,2026-07-13T11:45:59.12679+00:00
3423,613,1195,2026-07-13T11:45:59.12679+00:00
3424,619,633,2026-07-13T11:45:59.12679+00:00
3425,619,731,2026-07-13T11:45:59.12679+00:00
3426,620,398,2026-07-13T11:45:59.12679+00:00
3427,621,319,2026-07-13T11:45:59.12679+00:00
3428,622,733,2026-07-13T11:45:59.12679+00:00
3429,622,1161,2026-07-13T11:45:59.12679+00:00
3430,624,217,2026-07-13T11:45:59.12679+00:00
3431,624,1000,2026-07-13T11:45:59.12679+00:00
3432,626,742,2026-07-13T11:45:59.12679+00:00
3433,626,1153,2026-07-13T11:45:59.12679+00:00
3434,627,643,2026-07-13T11:45:59.12679+00:00
3435,628,572,2026-07-13T11:45:59.12679+00:00
3436,628,834,2026-07-13T11:45:59.12679+00:00
3437,629,633,2026-07-13T11:45:59.12679+00:00
3438,629,814,2026-07-13T11:45:59.12679+00:00
3439,630,277,2026-07-13T11:45:59.12679+00:00
3440,631,1182,2026-07-13T11:45:59.12679+00:00
3441,632,814,2026-07-13T11:45:59.12679+00:00
3442,633,939,2026-07-13T11:45:59.12679+00:00
3443,633,1139,2026-07-13T11:45:59.12679+00:00
3444,634,724,2026-07-13T11:45:59.12679+00:00
3445,635,749,2026-07-13T11:45:59.12679+00:00
3446,636,689,2026-07-13T11:45:59.12679+00:00
3447,637,918,2026-07-13T11:45:59.12679+00:00
3448,638,923,2026-07-13T11:45:59.12679+00:00
3449,638,1154,2026-07-13T11:45:59.12679+00:00
3450,639,1035,2026-07-13T11:45:59.12679+00:00
3451,640,492,2026-07-13T11:45:59.12679+00:00
3452,641,797,2026-07-13T11:45:59.12679+00:00
3453,641,1120,2026-07-13T11:45:59.12679+00:00
3454,642,802,2026-07-13T11:45:59.12679+00:00
3455,643,887,2026-07-13T11:45:59.12679+00:00
3456,645,217,2026-07-13T11:45:59.12679+00:00
3457,645,980,2026-07-13T11:45:59.12679+00:00
3458,645,1120,2026-07-13T11:45:59.12679+00:00
3459,646,849,2026-07-13T11:45:59.12679+00:00
3460,646,1215,2026-07-13T11:45:59.12679+00:00
3461,647,1228,2026-07-13T11:45:59.12679+00:00
3462,648,633,2026-07-13T11:45:59.12679+00:00
3463,648,814,2026-07-13T11:45:59.12679+00:00
3464,650,764,2026-07-13T11:45:59.12679+00:00
3465,651,111,2026-07-13T11:45:59.12679+00:00
3466,651,263,2026-07-13T11:45:59.12679+00:00
3467,651,1160,2026-07-13T11:45:59.12679+00:00
3468,655,211,2026-07-13T11:45:59.12679+00:00
3469,655,1377,2026-07-13T11:45:59.12679+00:00
3470,657,1109,2026-07-13T11:45:59.12679+00:00
3471,658,671,2026-07-13T11:45:59.12679+00:00
3472,658,1115,2026-07-13T11:45:59.12679+00:00
3473,660,883,2026-07-13T11:45:59.12679+00:00
3474,661,1208,2026-07-13T11:45:59.12679+00:00
3475,661,1213,2026-07-13T11:45:59.12679+00:00
3476,662,887,2026-07-13T11:45:59.12679+00:00
3477,664,1171,2026-07-13T11:45:59.12679+00:00
3478,666,478,2026-07-13T11:45:59.12679+00:00
3479,667,700,2026-07-13T11:45:59.12679+00:00
3480,668,1175,2026-07-13T11:45:59.12679+00:00
3481,669,1035,2026-07-13T11:45:59.12679+00:00
3482,670,1171,2026-07-13T11:45:59.12679+00:00
3483,671,1196,2026-07-13T11:45:59.12679+00:00
3484,672,85,2026-07-13T11:45:59.12679+00:00
3485,672,495,2026-07-13T11:45:59.12679+00:00
3486,672,578,2026-07-13T11:45:59.12679+00:00
3487,673,428,2026-07-13T11:45:59.12679+00:00
3488,673,1401,2026-07-13T11:45:59.12679+00:00
3489,674,211,2026-07-13T11:45:59.12679+00:00
3490,674,975,2026-07-13T11:45:59.12679+00:00
3491,675,793,2026-07-13T11:45:59.12679+00:00
3492,676,975,2026-07-13T11:45:59.12679+00:00
3493,677,834,2026-07-13T11:45:59.12679+00:00
3494,679,887,2026-07-13T11:45:59.12679+00:00
3495,679,1000,2026-07-13T11:45:59.12679+00:00
3496,680,896,2026-07-13T11:45:59.12679+00:00
3497,680,919,2026-07-13T11:45:59.12679+00:00
3498,681,664,2026-07-13T11:45:59.12679+00:00
3499,681,1102,2026-07-13T11:45:59.12679+00:00
3500,682,598,2026-07-13T11:45:59.12679+00:00
3501,683,1221,2026-07-13T11:45:59.12679+00:00
3502,684,1219,2026-07-13T11:45:59.12679+00:00
3503,685,896,2026-07-13T11:45:59.12679+00:00
3504,686,1028,2026-07-13T11:45:59.12679+00:00
3505,688,503,2026-07-13T11:45:59.12679+00:00
3506,688,1135,2026-07-13T11:45:59.12679+00:00
3507,690,510,2026-07-13T11:45:59.12679+00:00
3508,691,1164,2026-07-13T11:45:59.12679+00:00
3509,692,699,2026-07-13T11:45:59.12679+00:00
3510,692,1102,2026-07-13T11:45:59.12679+00:00
3511,693,86,2026-07-13T11:45:59.12679+00:00
3512,693,1035,2026-07-13T11:45:59.12679+00:00
3513,694,944,2026-07-13T11:45:59.12679+00:00
3514,696,1134,2026-07-13T11:45:59.12679+00:00
3515,697,495,2026-07-13T11:45:59.12679+00:00
3516,698,951,2026-07-13T11:45:59.12679+00:00
3517,698,1209,2026-07-13T11:45:59.12679+00:00
3518,699,829,2026-07-13T11:45:59.12679+00:00
3519,700,939,2026-07-13T11:45:59.12679+00:00
3520,700,1204,2026-07-13T11:45:59.12679+00:00
3521,702,639,2026-07-13T11:45:59.12679+00:00
3522,704,849,2026-07-13T11:45:59.12679+00:00
3523,704,1100,2026-07-13T11:45:59.12679+00:00
3524,705,850,2026-07-13T11:45:59.12679+00:00
3525,705,939,2026-07-13T11:45:59.12679+00:00
3526,707,951,2026-07-13T11:45:59.12679+00:00
3527,708,429,2026-07-13T11:45:59.12679+00:00
3528,708,633,2026-07-13T11:45:59.12679+00:00
3529,709,1141,2026-07-13T11:45:59.12679+00:00
3530,709,1175,2026-07-13T11:45:59.12679+00:00
3531,710,699,2026-07-13T11:45:59.12679+00:00
3532,711,757,2026-07-13T11:45:59.12679+00:00
3533,712,719,2026-07-13T11:45:59.12679+00:00
3534,712,859,2026-07-13T11:45:59.12679+00:00
3535,712,1035,2026-07-13T11:45:59.12679+00:00
3536,712,1226,2026-07-13T11:45:59.12679+00:00
3537,713,903,2026-07-13T11:45:59.12679+00:00
3538,714,1035,2026-07-13T11:45:59.12679+00:00
3539,714,1175,2026-07-13T11:45:59.12679+00:00
3540,714,1417,2026-07-13T11:45:59.12679+00:00
3541,715,1138,2026-07-13T11:45:59.12679+00:00
3542,716,1084,2026-07-13T11:45:59.12679+00:00
3543,718,1064,2026-07-13T11:45:59.12679+00:00
3544,718,1089,2026-07-13T11:45:59.12679+00:00
3545,719,114,2026-07-13T11:45:59.12679+00:00
3546,720,41,2026-07-13T11:45:59.12679+00:00
3547,720,957,2026-07-13T11:45:59.12679+00:00
3548,720,1115,2026-07-13T11:45:59.12679+00:00
3549,722,114,2026-07-13T11:45:59.12679+00:00
3550,722,1008,2026-07-13T11:45:59.12679+00:00
3551,722,1161,2026-07-13T11:45:59.12679+00:00
3552,723,80,2026-07-13T11:45:59.12679+00:00
3553,723,1068,2026-07-13T11:45:59.12679+00:00
3554,724,1120,2026-07-13T11:45:59.12679+00:00
3555,725,1191,2026-07-13T11:45:59.12679+00:00
3556,725,1462,2026-07-13T11:45:59.12679+00:00
3557,726,991,2026-07-13T11:45:59.12679+00:00
3558,727,881,2026-07-13T11:45:59.12679+00:00
3559,728,86,2026-07-13T11:45:59.12679+00:00
3560,729,1118,2026-07-13T11:45:59.12679+00:00
3561,730,1022,2026-07-13T11:45:59.12679+00:00
3562,730,1175,2026-07-13T11:45:59.12679+00:00
3563,731,401,2026-07-13T11:45:59.12679+00:00
3564,732,709,2026-07-13T11:45:59.12679+00:00
3565,733,1175,2026-07-13T11:45:59.12679+00:00
3566,734,1209,2026-07-13T11:45:59.12679+00:00
3567,735,654,2026-07-13T11:45:59.12679+00:00
3568,737,1302,2026-07-13T11:45:59.12679+00:00
3569,738,115,2026-07-13T11:45:59.12679+00:00
3570,739,878,2026-07-13T11:45:59.12679+00:00
3571,739,1130,2026-07-13T11:45:59.12679+00:00
3572,740,1102,2026-07-13T11:45:59.12679+00:00
3573,741,123,2026-07-13T11:45:59.12679+00:00
3574,742,9,2026-07-13T11:45:59.12679+00:00
3575,742,1035,2026-07-13T11:45:59.12679+00:00
3576,743,488,2026-07-13T11:45:59.12679+00:00
3577,743,975,2026-07-13T11:45:59.12679+00:00
3578,743,1160,2026-07-13T11:45:59.12679+00:00
3579,744,687,2026-07-13T11:45:59.12679+00:00
3580,745,859,2026-07-13T11:45:59.12679+00:00
3581,745,1035,2026-07-13T11:45:59.12679+00:00
3582,745,1162,2026-07-13T11:45:59.12679+00:00
3583,746,1182,2026-07-13T11:45:59.12679+00:00
3584,747,1196,2026-07-13T11:45:59.12679+00:00
3585,748,1107,2026-07-13T11:45:59.12679+00:00
3586,749,79,2026-07-13T11:45:59.12679+00:00
3587,749,775,2026-07-13T11:45:59.12679+00:00
3588,750,633,2026-07-13T11:45:59.12679+00:00
3589,751,767,2026-07-13T11:45:59.12679+00:00
3590,751,1144,2026-07-13T11:45:59.12679+00:00
3591,753,860,2026-07-13T11:45:59.12679+00:00
3592,754,878,2026-07-13T11:45:59.12679+00:00
3593,754,969,2026-07-13T11:45:59.12679+00:00
3594,754,976,2026-07-13T11:45:59.12679+00:00
3595,757,384,2026-07-13T11:45:59.12679+00:00
3596,758,669,2026-07-13T11:45:59.12679+00:00
3597,758,751,2026-07-13T11:45:59.12679+00:00
3598,758,941,2026-07-13T11:45:59.12679+00:00
3599,758,1100,2026-07-13T11:45:59.12679+00:00
3600,759,227,2026-07-13T11:45:59.12679+00:00
3601,760,1163,2026-07-13T11:45:59.12679+00:00
3602,761,329,2026-07-13T11:45:59.12679+00:00
3603,762,818,2026-07-13T11:45:59.12679+00:00
3604,762,1120,2026-07-13T11:45:59.12679+00:00
3605,765,439,2026-07-13T11:45:59.12679+00:00
3606,765,1203,2026-07-13T11:45:59.12679+00:00
3607,766,1141,2026-07-13T11:45:59.12679+00:00
3608,766,1154,2026-07-13T11:45:59.12679+00:00
3609,767,881,2026-07-13T11:45:59.12679+00:00
3610,768,85,2026-07-13T11:45:59.12679+00:00
3611,768,429,2026-07-13T11:45:59.12679+00:00
3612,769,416,2026-07-13T11:45:59.12679+00:00
3613,769,1096,2026-07-13T11:45:59.12679+00:00
3614,771,523,2026-07-13T11:45:59.12679+00:00
3615,771,730,2026-07-13T11:45:59.12679+00:00
3616,772,211,2026-07-13T11:45:59.12679+00:00
3617,772,843,2026-07-13T11:45:59.12679+00:00
3618,775,765,2026-07-13T11:45:59.12679+00:00
3619,776,1022,2026-07-13T11:45:59.12679+00:00
3620,776,1201,2026-07-13T11:45:59.12679+00:00
3621,777,541,2026-07-13T11:45:59.12679+00:00
3622,777,689,2026-07-13T11:45:59.12679+00:00
3623,778,664,2026-07-13T11:45:59.12679+00:00
3624,778,1035,2026-07-13T11:45:59.12679+00:00
3625,779,709,2026-07-13T11:45:59.12679+00:00
3626,779,726,2026-07-13T11:45:59.12679+00:00
3627,781,211,2026-07-13T11:45:59.12679+00:00
3628,781,936,2026-07-13T11:45:59.12679+00:00
3629,782,1172,2026-07-13T11:45:59.12679+00:00
3630,783,1175,2026-07-13T11:45:59.12679+00:00
3631,784,843,2026-07-13T11:45:59.12679+00:00
3632,785,1111,2026-07-13T11:45:59.12679+00:00
3633,785,1208,2026-07-13T11:45:59.12679+00:00
3634,786,584,2026-07-13T11:45:59.12679+00:00
3635,787,878,2026-07-13T11:45:59.12679+00:00
3636,788,985,2026-07-13T11:45:59.12679+00:00
3637,789,1064,2026-07-13T11:45:59.12679+00:00
3638,789,1095,2026-07-13T11:45:59.12679+00:00
3639,790,772,2026-07-13T11:45:59.12679+00:00
3640,791,731,2026-07-13T11:45:59.12679+00:00
3641,794,1214,2026-07-13T11:45:59.12679+00:00
3642,795,111,2026-07-13T11:45:59.12679+00:00
3643,795,439,2026-07-13T11:45:59.12679+00:00
3644,795,1226,2026-07-13T11:45:59.12679+00:00
3645,796,1338,2026-07-13T11:45:59.12679+00:00
3646,797,682,2026-07-13T11:45:59.12679+00:00
3647,798,456,2026-07-13T11:45:59.12679+00:00
3648,798,463,2026-07-13T11:45:59.12679+00:00
3649,799,1161,2026-07-13T11:45:59.12679+00:00
3650,800,1226,2026-07-13T11:45:59.12679+00:00
3651,800,1474,2026-07-13T11:45:59.12679+00:00
3652,801,689,2026-07-13T11:45:59.12679+00:00
3653,802,1093,2026-07-13T11:45:59.12679+00:00
3654,803,1044,2026-07-13T11:45:59.12679+00:00
3655,803,1052,2026-07-13T11:45:59.12679+00:00
3656,805,734,2026-07-13T11:45:59.12679+00:00
3657,805,1175,2026-07-13T11:45:59.12679+00:00
3658,807,488,2026-07-13T11:45:59.12679+00:00
3659,809,448,2026-07-13T11:45:59.12679+00:00
3660,809,1130,2026-07-13T11:45:59.12679+00:00
3661,811,85,2026-07-13T11:45:59.12679+00:00
3662,811,1153,2026-07-13T11:45:59.12679+00:00
3663,812,1163,2026-07-13T11:45:59.12679+00:00
3664,813,79,2026-07-13T11:45:59.12679+00:00
3665,813,1102,2026-07-13T11:45:59.12679+00:00
3666,815,1206,2026-07-13T11:45:59.12679+00:00
3667,816,187,2026-07-13T11:45:59.12679+00:00
3668,817,1099,2026-07-13T11:45:59.12679+00:00
3669,818,1180,2026-07-13T11:45:59.12679+00:00
3670,820,372,2026-07-13T11:45:59.12679+00:00
3671,820,1096,2026-07-13T11:45:59.12679+00:00
3672,821,52,2026-07-13T11:45:59.12679+00:00
3673,822,883,2026-07-13T11:45:59.12679+00:00
3674,824,1196,2026-07-13T11:45:59.12679+00:00
3675,825,734,2026-07-13T11:45:59.12679+00:00
3676,826,1120,2026-07-13T11:45:59.12679+00:00
3677,827,266,2026-07-13T11:45:59.12679+00:00
3678,827,1190,2026-07-13T11:45:59.12679+00:00
3679,828,1120,2026-07-13T11:45:59.12679+00:00
3680,829,80,2026-07-13T11:45:59.12679+00:00
3681,829,1155,2026-07-13T11:45:59.12679+00:00
3682,830,86,2026-07-13T11:45:59.12679+00:00
3683,830,1213,2026-07-13T11:45:59.12679+00:00
3684,831,86,2026-07-13T11:45:59.12679+00:00
3685,831,542,2026-07-13T11:45:59.12679+00:00
3686,833,274,2026-07-13T11:45:59.12679+00:00
3687,833,640,2026-07-13T11:45:59.12679+00:00
3688,834,185,2026-07-13T11:45:59.12679+00:00
3689,835,311,2026-07-13T11:45:59.12679+00:00
3690,835,387,2026-07-13T11:45:59.12679+00:00
3691,836,255,2026-07-13T11:45:59.12679+00:00
3692,836,643,2026-07-13T11:45:59.12679+00:00
3693,836,1121,2026-07-13T11:45:59.12679+00:00
3694,837,887,2026-07-13T11:45:59.12679+00:00
3695,838,1426,2026-07-13T11:45:59.12679+00:00
3696,839,1155,2026-07-13T11:45:59.12679+00:00
3697,840,211,2026-07-13T11:45:59.12679+00:00
3698,840,1078,2026-07-13T11:45:59.12679+00:00
3699,841,546,2026-07-13T11:45:59.12679+00:00
3700,843,211,2026-07-13T11:45:59.12679+00:00
3701,843,1102,2026-07-13T11:45:59.12679+00:00
3702,844,940,2026-07-13T11:45:59.12679+00:00
3703,845,129,2026-07-13T11:45:59.12679+00:00
3704,846,1044,2026-07-13T11:45:59.12679+00:00
3705,847,587,2026-07-13T11:45:59.12679+00:00
3706,848,802,2026-07-13T11:45:59.12679+00:00
3707,848,1401,2026-07-13T11:45:59.12679+00:00
3708,849,700,2026-07-13T11:45:59.12679+00:00
3709,850,80,2026-07-13T11:45:59.12679+00:00
3710,850,985,2026-07-13T11:45:59.12679+00:00
3711,851,566,2026-07-13T11:45:59.12679+00:00
3712,853,878,2026-07-13T11:45:59.12679+00:00
3713,854,1160,2026-07-13T11:45:59.12679+00:00
3714,855,792,2026-07-13T11:45:59.12679+00:00
3715,855,897,2026-07-13T11:45:59.12679+00:00
3716,856,429,2026-07-13T11:45:59.12679+00:00
3717,856,633,2026-07-13T11:45:59.12679+00:00
3718,857,1190,2026-07-13T11:45:59.12679+00:00
3719,859,140,2026-07-13T11:45:59.12679+00:00
3720,859,1115,2026-07-13T11:45:59.12679+00:00
3721,860,1205,2026-07-13T11:45:59.12679+00:00
3722,861,689,2026-07-13T11:45:59.12679+00:00
3723,862,1108,2026-07-13T11:45:59.12679+00:00
3724,863,1449,2026-07-13T11:45:59.12679+00:00
3725,865,1162,2026-07-13T11:45:59.12679+00:00
3726,865,1473,2026-07-13T11:45:59.12679+00:00
3727,866,211,2026-07-13T11:45:59.12679+00:00
3728,869,309,2026-07-13T11:45:59.12679+00:00
3729,869,350,2026-07-13T11:45:59.12679+00:00
3730,870,286,2026-07-13T11:45:59.12679+00:00
3731,870,368,2026-07-13T11:45:59.12679+00:00
3732,872,765,2026-07-13T11:45:59.12679+00:00
3733,873,471,2026-07-13T11:45:59.12679+00:00
3734,874,1161,2026-07-13T11:45:59.12679+00:00
3735,874,1418,2026-07-13T11:45:59.12679+00:00
3736,876,350,2026-07-13T11:45:59.12679+00:00
3737,876,522,2026-07-13T11:45:59.12679+00:00
3738,877,680,2026-07-13T11:45:59.12679+00:00
3739,878,111,2026-07-13T11:45:59.12679+00:00
3740,881,600,2026-07-13T11:45:59.12679+00:00
3741,881,633,2026-07-13T11:45:59.12679+00:00
3742,883,897,2026-07-13T11:45:59.12679+00:00
3743,883,933,2026-07-13T11:45:59.12679+00:00
3744,883,1161,2026-07-13T11:45:59.12679+00:00
3745,885,211,2026-07-13T11:45:59.12679+00:00
3746,885,1172,2026-07-13T11:45:59.12679+00:00
3747,886,1031,2026-07-13T11:45:59.12679+00:00
3748,886,1161,2026-07-13T11:45:59.12679+00:00
3749,887,869,2026-07-13T11:45:59.12679+00:00
3750,887,1152,2026-07-13T11:45:59.12679+00:00
3751,888,385,2026-07-13T11:45:59.12679+00:00
3752,890,965,2026-07-13T11:45:59.12679+00:00
3753,891,1161,2026-07-13T11:45:59.12679+00:00
3754,892,1377,2026-07-13T11:45:59.12679+00:00
3755,893,792,2026-07-13T11:45:59.12679+00:00
3756,895,997,2026-07-13T11:45:59.12679+00:00
3757,895,1320,2026-07-13T11:45:59.12679+00:00
3758,897,1130,2026-07-13T11:45:59.12679+00:00
3759,897,1211,2026-07-13T11:45:59.12679+00:00
3760,898,856,2026-07-13T11:45:59.12679+00:00
3761,900,1064,2026-07-13T11:45:59.12679+00:00
3762,901,1035,2026-07-13T11:45:59.12679+00:00
3763,901,1038,2026-07-13T11:45:59.12679+00:00
3764,902,522,2026-07-13T11:45:59.12679+00:00
3765,903,887,2026-07-13T11:45:59.12679+00:00
3766,904,446,2026-07-13T11:45:59.12679+00:00
3767,905,1218,2026-07-13T11:45:59.12679+00:00
3768,906,1163,2026-07-13T11:45:59.12679+00:00
3769,907,80,2026-07-13T11:45:59.12679+00:00
3770,908,417,2026-07-13T11:45:59.12679+00:00
3771,908,939,2026-07-13T11:45:59.12679+00:00
3772,909,814,2026-07-13T11:45:59.12679+00:00
3773,909,1209,2026-07-13T11:45:59.12679+00:00
3774,910,1190,2026-07-13T11:45:59.12679+00:00
3775,911,1208,2026-07-13T11:45:59.12679+00:00
3776,912,1008,2026-07-13T11:45:59.12679+00:00
3777,912,1169,2026-07-13T11:45:59.12679+00:00
3778,913,286,2026-07-13T11:45:59.12679+00:00
3779,913,295,2026-07-13T11:45:59.12679+00:00
3780,915,1197,2026-07-13T11:45:59.12679+00:00
3781,916,1180,2026-07-13T11:45:59.12679+00:00
3782,919,372,2026-07-13T11:45:59.12679+00:00
3783,920,942,2026-07-13T11:45:59.12679+00:00
3784,922,211,2026-07-13T11:45:59.12679+00:00
3785,922,1106,2026-07-13T11:45:59.12679+00:00
3786,924,883,2026-07-13T11:45:59.12679+00:00
3787,925,463,2026-07-13T11:45:59.12679+00:00
3788,926,494,2026-07-13T11:45:59.12679+00:00
3789,926,731,2026-07-13T11:45:59.12679+00:00
3790,927,1064,2026-07-13T11:45:59.12679+00:00
3791,928,1120,2026-07-13T11:45:59.12679+00:00
3792,929,1136,2026-07-13T11:45:59.12679+00:00
3793,931,154,2026-07-13T11:45:59.12679+00:00
3794,931,935,2026-07-13T11:45:59.12679+00:00
3795,932,1190,2026-07-13T11:45:59.12679+00:00
3796,933,359,2026-07-13T11:45:59.12679+00:00
3797,933,996,2026-07-13T11:45:59.12679+00:00
3798,934,372,2026-07-13T11:45:59.12679+00:00
3799,934,416,2026-07-13T11:45:59.12679+00:00
3800,935,1064,2026-07-13T11:45:59.12679+00:00
3801,935,1161,2026-07-13T11:45:59.12679+00:00
3802,936,834,2026-07-13T11:45:59.12679+00:00
3803,937,1153,2026-07-13T11:45:59.12679+00:00
3804,942,1095,2026-07-13T11:45:59.12679+00:00
3805,942,1380,2026-07-13T11:45:59.12679+00:00
3806,943,111,2026-07-13T11:45:59.12679+00:00
3807,945,654,2026-07-13T11:45:59.12679+00:00
3808,946,85,2026-07-13T11:45:59.12679+00:00
3809,946,724,2026-07-13T11:45:59.12679+00:00
3810,947,211,2026-07-13T11:45:59.12679+00:00
3811,948,887,2026-07-13T11:45:59.12679+00:00
3812,949,834,2026-07-13T11:45:59.12679+00:00
3813,950,123,2026-07-13T11:45:59.12679+00:00
3814,950,1195,2026-07-13T11:45:59.12679+00:00
3815,951,1046,2026-07-13T11:45:59.12679+00:00
3816,953,1100,2026-07-13T11:45:59.12679+00:00
3817,955,689,2026-07-13T11:45:59.12679+00:00
3818,956,1040,2026-07-13T11:45:59.12679+00:00
3819,957,403,2026-07-13T11:45:59.12679+00:00
3820,958,731,2026-07-13T11:45:59.12679+00:00
3821,959,840,2026-07-13T11:45:59.12679+00:00
3822,961,887,2026-07-13T11:45:59.12679+00:00
3823,962,217,2026-07-13T11:45:59.12679+00:00
3824,962,866,2026-07-13T11:45:59.12679+00:00
3825,962,1120,2026-07-13T11:45:59.12679+00:00
3826,963,85,2026-07-13T11:45:59.12679+00:00
3827,963,540,2026-07-13T11:45:59.12679+00:00
3828,963,600,2026-07-13T11:45:59.12679+00:00
3829,963,988,2026-07-13T11:45:59.12679+00:00
3830,964,1165,2026-07-13T11:45:59.12679+00:00
3831,965,726,2026-07-13T11:45:59.12679+00:00
3832,965,1175,2026-07-13T11:45:59.12679+00:00
3833,966,833,2026-07-13T11:45:59.12679+00:00
3834,966,1121,2026-07-13T11:45:59.12679+00:00
3835,967,678,2026-07-13T11:45:59.12679+00:00
3836,969,155,2026-07-13T11:45:59.12679+00:00
3837,969,772,2026-07-13T11:45:59.12679+00:00
3838,971,86,2026-07-13T11:45:59.12679+00:00
3839,971,1071,2026-07-13T11:45:59.12679+00:00
3840,972,600,2026-07-13T11:45:59.12679+00:00
3841,972,901,2026-07-13T11:45:59.12679+00:00
3842,972,1203,2026-07-13T11:45:59.12679+00:00
3843,973,623,2026-07-13T11:45:59.12679+00:00
3844,973,1208,2026-07-13T11:45:59.12679+00:00
3845,974,1189,2026-07-13T11:45:59.12679+00:00
3846,975,111,2026-07-13T11:45:59.12679+00:00
3847,976,664,2026-07-13T11:45:59.12679+00:00
3848,976,1102,2026-07-13T11:45:59.12679+00:00
3849,977,211,2026-07-13T11:45:59.12679+00:00
3850,979,997,2026-07-13T11:45:59.12679+00:00
3851,979,1175,2026-07-13T11:45:59.12679+00:00
3852,980,412,2026-07-13T11:45:59.12679+00:00
3853,981,660,2026-07-13T11:45:59.12679+00:00
3854,982,689,2026-07-13T11:45:59.12679+00:00
3855,983,545,2026-07-13T11:45:59.12679+00:00
3856,983,814,2026-07-13T11:45:59.12679+00:00
3857,984,1161,2026-07-13T11:45:59.12679+00:00
3858,984,1175,2026-07-13T11:45:59.12679+00:00
3859,987,919,2026-07-13T11:45:59.12679+00:00
3860,988,438,2026-07-13T11:45:59.12679+00:00
3861,988,1153,2026-07-13T11:45:59.12679+00:00
3862,991,1115,2026-07-13T11:45:59.12679+00:00
3863,992,416,2026-07-13T11:45:59.12679+00:00
3864,993,211,2026-07-13T11:45:59.12679+00:00
3865,993,664,2026-07-13T11:45:59.12679+00:00
3866,994,184,2026-07-13T11:45:59.12679+00:00
3867,995,387,2026-07-13T11:45:59.12679+00:00
3868,995,950,2026-07-13T11:45:59.12679+00:00
3869,995,1203,2026-07-13T11:45:59.12679+00:00
3870,996,1113,2026-07-13T11:45:59.12679+00:00
3871,997,1025,2026-07-13T11:45:59.12679+00:00
3872,998,1197,2026-07-13T11:45:59.12679+00:00
3873,999,834,2026-07-13T11:45:59.12679+00:00
3874,1000,167,2026-07-13T11:45:59.12679+00:00
3875,1001,843,2026-07-13T11:45:59.12679+00:00
3876,1001,1213,2026-07-13T11:45:59.12679+00:00
3877,1002,1161,2026-07-13T11:45:59.12679+00:00
3878,1003,938,2026-07-13T11:45:59.12679+00:00
3879,1003,1209,2026-07-13T11:45:59.12679+00:00
3880,1004,1208,2026-07-13T11:45:59.12679+00:00
3881,1005,111,2026-07-13T11:45:59.12679+00:00
3882,1005,809,2026-07-13T11:45:59.12679+00:00
3883,1006,932,2026-07-13T11:45:59.12679+00:00
3884,1006,1172,2026-07-13T11:45:59.12679+00:00
3885,1007,1044,2026-07-13T11:45:59.12679+00:00
3886,1008,922,2026-07-13T11:45:59.12679+00:00
3887,1008,1211,2026-07-13T11:45:59.12679+00:00
3888,1009,787,2026-07-13T11:45:59.12679+00:00
3889,1010,1120,2026-07-13T11:45:59.12679+00:00
3890,1011,522,2026-07-13T11:45:59.12679+00:00
3891,1013,849,2026-07-13T11:45:59.12679+00:00
3892,1015,1180,2026-07-13T11:45:59.12679+00:00
3893,1015,1353,2026-07-13T11:45:59.12679+00:00
3894,1016,1175,2026-07-13T11:45:59.12679+00:00
3895,1016,1279,2026-07-13T11:45:59.12679+00:00
3896,1017,545,2026-07-13T11:45:59.12679+00:00
3897,1017,575,2026-07-13T11:45:59.12679+00:00
3898,1018,709,2026-07-13T11:45:59.12679+00:00
3899,1019,1035,2026-07-13T11:45:59.12679+00:00
3900,1020,612,2026-07-13T11:45:59.12679+00:00
3901,1020,863,2026-07-13T11:45:59.12679+00:00
3902,1021,836,2026-07-13T11:45:59.12679+00:00
3903,1021,1175,2026-07-13T11:45:59.12679+00:00
3904,1022,1209,2026-07-13T11:45:59.12679+00:00
3905,1023,842,2026-07-13T11:45:59.12679+00:00
3906,1024,745,2026-07-13T11:45:59.12679+00:00
3907,1024,933,2026-07-13T11:45:59.12679+00:00
3908,1025,802,2026-07-13T11:45:59.12679+00:00
3909,1025,949,2026-07-13T11:45:59.12679+00:00
3910,1026,1068,2026-07-13T11:45:59.12679+00:00
3911,1026,1135,2026-07-13T11:45:59.12679+00:00
3912,1027,545,2026-07-13T11:45:59.12679+00:00
3913,1028,86,2026-07-13T11:45:59.12679+00:00
3914,1028,529,2026-07-13T11:45:59.12679+00:00
3915,1029,545,2026-07-13T11:45:59.12679+00:00
3916,1033,1120,2026-07-13T11:45:59.12679+00:00
3917,1034,1261,2026-07-13T11:45:59.12679+00:00
3918,1035,1165,2026-07-13T11:45:59.12679+00:00
3919,1037,1226,2026-07-13T11:45:59.12679+00:00
3920,1037,1474,2026-07-13T11:45:59.12679+00:00
3921,1039,988,2026-07-13T11:45:59.12679+00:00
3922,1039,1162,2026-07-13T11:45:59.12679+00:00
3923,1041,274,2026-07-13T11:45:59.12679+00:00
3924,1042,1153,2026-07-13T11:45:59.12679+00:00
3925,1042,1354,2026-07-13T11:45:59.12679+00:00
3926,1043,1420,2026-07-13T11:45:59.12679+00:00
3927,1044,274,2026-07-13T11:45:59.12679+00:00
3928,1044,1154,2026-07-13T11:45:59.12679+00:00
3929,1045,1218,2026-07-13T11:45:59.12679+00:00
3930,1046,1216,2026-07-13T11:45:59.12679+00:00
3931,1047,132,2026-07-13T11:45:59.12679+00:00
3932,1048,602,2026-07-13T11:45:59.12679+00:00
3933,1049,1229,2026-07-13T11:45:59.12679+00:00
3934,1049,1380,2026-07-13T11:45:59.12679+00:00
3935,1050,766,2026-07-13T11:45:59.12679+00:00
3936,1050,979,2026-07-13T11:45:59.12679+00:00
3937,1051,4,2026-07-13T11:45:59.12679+00:00
3938,1051,1172,2026-07-13T11:45:59.12679+00:00
3939,1052,41,2026-07-13T11:45:59.12679+00:00
3940,1052,1198,2026-07-13T11:45:59.12679+00:00
3941,1053,421,2026-07-13T11:45:59.12679+00:00
3942,1054,41,2026-07-13T11:45:59.12679+00:00
3943,1054,1115,2026-07-13T11:45:59.12679+00:00
3944,1055,1021,2026-07-13T11:45:59.12679+00:00
3945,1056,1035,2026-07-13T11:45:59.12679+00:00
3946,1057,429,2026-07-13T11:45:59.12679+00:00
3947,1057,629,2026-07-13T11:45:59.12679+00:00
3948,1058,400,2026-07-13T11:45:59.12679+00:00
3949,1058,1167,2026-07-13T11:45:59.12679+00:00
3950,1059,217,2026-07-13T11:45:59.12679+00:00
3951,1059,1078,2026-07-13T11:45:59.12679+00:00
3952,1060,919,2026-07-13T11:45:59.12679+00:00
3953,1064,61,2026-07-13T11:45:59.12679+00:00
3954,1065,1101,2026-07-13T11:45:59.12679+00:00
3955,1066,1380,2026-07-13T11:45:59.12679+00:00
3956,1068,114,2026-07-13T11:45:59.12679+00:00
3957,1068,369,2026-07-13T11:45:59.12679+00:00
3958,1070,96,2026-07-13T11:45:59.12679+00:00
3959,1071,922,2026-07-13T11:45:59.12679+00:00
3960,1072,545,2026-07-13T11:45:59.12679+00:00
3961,1072,1380,2026-07-13T11:45:59.12679+00:00
3962,1073,255,2026-07-13T11:45:59.12679+00:00
3963,1076,878,2026-07-13T11:45:59.12679+00:00
3964,1077,1056,2026-07-13T11:45:59.12679+00:00
3965,1077,1128,2026-07-13T11:45:59.12679+00:00
3966,1078,1036,2026-07-13T11:45:59.12679+00:00
3967,1079,1004,2026-07-13T11:45:59.12679+00:00
3968,1081,940,2026-07-13T11:45:59.12679+00:00
3969,1081,1106,2026-07-13T11:45:59.12679+00:00
3970,1082,922,2026-07-13T11:45:59.12679+00:00
3971,1083,1167,2026-07-13T11:45:59.12679+00:00
3972,1086,745,2026-07-13T11:45:59.12679+00:00
3973,1087,919,2026-07-13T11:45:59.12679+00:00
3974,1088,965,2026-07-13T11:45:59.12679+00:00
3975,1089,1078,2026-07-13T11:45:59.12679+00:00
3976,1090,893,2026-07-13T11:45:59.12679+00:00
3977,1093,515,2026-07-13T11:45:59.12679+00:00
3978,1096,1196,2026-07-13T11:45:59.12679+00:00
3979,1098,896,2026-07-13T11:45:59.12679+00:00
3980,1098,919,2026-07-13T11:45:59.12679+00:00
3981,1099,1194,2026-07-13T11:45:59.12679+00:00
3982,1100,1042,2026-07-13T11:45:59.12679+00:00
3983,1101,623,2026-07-13T11:45:59.12679+00:00
3984,1102,878,2026-07-13T11:45:59.12679+00:00
3985,1103,1115,2026-07-13T11:45:59.12679+00:00
3986,1104,80,2026-07-13T11:45:59.12679+00:00
3987,1104,887,2026-07-13T11:45:59.12679+00:00
3988,1105,887,2026-07-13T11:45:59.12679+00:00
3989,1106,1036,2026-07-13T11:45:59.12679+00:00
3990,1106,1201,2026-07-13T11:45:59.12679+00:00
3991,1109,1022,2026-07-13T11:45:59.12679+00:00
3992,1109,1120,2026-07-13T11:45:59.12679+00:00
3993,1110,991,2026-07-13T11:45:59.12679+00:00
3994,1111,942,2026-07-13T11:45:59.12679+00:00
3995,1112,457,2026-07-13T11:45:59.12679+00:00
3996,1112,1420,2026-07-13T11:45:59.12679+00:00
3997,1113,841,2026-07-13T11:45:59.12679+00:00
3998,1114,892,2026-07-13T11:45:59.12679+00:00
3999,1114,1155,2026-07-13T11:45:59.12679+00:00
4000,1115,745,2026-07-13T11:45:59.12679+00:00
4001,1116,971,2026-07-13T11:45:59.12679+00:00
4002,1117,86,2026-07-13T11:45:59.12679+00:00
4003,1118,749,2026-07-13T11:45:59.12679+00:00
4004,1118,1102,2026-07-13T11:45:59.12679+00:00
4005,1119,1134,2026-07-13T11:45:59.12679+00:00
4006,1120,806,2026-07-13T11:45:59.12679+00:00
4007,1120,1130,2026-07-13T11:45:59.12679+00:00
4008,1123,327,2026-07-13T11:45:59.12679+00:00
4009,1123,658,2026-07-13T11:45:59.12679+00:00
4010,1125,709,2026-07-13T11:45:59.12679+00:00
4011,1125,992,2026-07-13T11:45:59.12679+00:00
4012,1125,1164,2026-07-13T11:45:59.12679+00:00
4013,1126,86,2026-07-13T11:45:59.12679+00:00
4014,1126,892,2026-07-13T11:45:59.12679+00:00
4015,1126,1155,2026-07-13T11:45:59.12679+00:00
4016,1127,730,2026-07-13T11:45:59.12679+00:00
4017,1128,1201,2026-07-13T11:45:59.12679+00:00
4018,1129,976,2026-07-13T11:45:59.12679+00:00
4019,1129,1401,2026-07-13T11:45:59.12679+00:00
4020,1130,772,2026-07-13T11:45:59.12679+00:00
4021,1131,1205,2026-07-13T11:45:59.12679+00:00
4022,1134,545,2026-07-13T11:45:59.12679+00:00
4023,1134,1175,2026-07-13T11:45:59.12679+00:00
4024,1135,372,2026-07-13T11:45:59.12679+00:00
4025,1135,550,2026-07-13T11:45:59.12679+00:00
4026,1136,1201,2026-07-13T11:45:59.12679+00:00
4027,1138,96,2026-07-13T11:45:59.12679+00:00
4028,1138,1118,2026-07-13T11:45:59.12679+00:00
4029,1139,366,2026-07-13T11:45:59.12679+00:00
4030,1139,1414,2026-07-13T11:45:59.12679+00:00
4031,1140,286,2026-07-13T11:45:59.12679+00:00
4032,1141,1208,2026-07-13T11:45:59.12679+00:00
4033,1142,1060,2026-07-13T11:45:59.12679+00:00
4034,1142,1208,2026-07-13T11:45:59.12679+00:00
4035,1143,184,2026-07-13T11:45:59.12679+00:00
4036,1144,887,2026-07-13T11:45:59.12679+00:00
4037,1145,111,2026-07-13T11:45:59.12679+00:00
4038,1145,660,2026-07-13T11:45:59.12679+00:00
4039,1147,1408,2026-07-13T11:45:59.12679+00:00
4040,1148,858,2026-07-13T11:45:59.12679+00:00
4041,1149,1153,2026-07-13T11:45:59.12679+00:00
4042,1150,470,2026-07-13T11:45:59.12679+00:00
4043,1151,79,2026-07-13T11:45:59.12679+00:00
4044,1151,205,2026-07-13T11:45:59.12679+00:00
4045,1151,773,2026-07-13T11:45:59.12679+00:00
4046,1153,843,2026-07-13T11:45:59.12679+00:00
4047,1153,1095,2026-07-13T11:45:59.12679+00:00
4048,1154,515,2026-07-13T11:45:59.12679+00:00
4049,1154,1164,2026-07-13T11:45:59.12679+00:00
4050,1154,1201,2026-07-13T11:45:59.12679+00:00
4051,1155,578,2026-07-13T11:45:59.12679+00:00
4052,1155,1179,2026-07-13T11:45:59.12679+00:00
4053,1156,876,2026-07-13T11:45:59.12679+00:00
4054,1157,111,2026-07-13T11:45:59.12679+00:00
4055,1158,111,2026-07-13T11:45:59.12679+00:00
4056,1159,308,2026-07-13T11:45:59.12679+00:00
4057,1159,716,2026-07-13T11:45:59.12679+00:00
4058,1160,111,2026-07-13T11:45:59.12679+00:00
4059,1160,584,2026-07-13T11:45:59.12679+00:00
4060,1160,1213,2026-07-13T11:45:59.12679+00:00
4061,1161,373,2026-07-13T11:45:59.12679+00:00
4062,1162,745,2026-07-13T11:45:59.12679+00:00
4063,1164,85,2026-07-13T11:45:59.12679+00:00
4064,1165,467,2026-07-13T11:45:59.12679+00:00
4065,1166,545,2026-07-13T11:45:59.12679+00:00
4066,1166,1376,2026-07-13T11:45:59.12679+00:00
4067,1167,64,2026-07-13T11:45:59.12679+00:00
4068,1167,85,2026-07-13T11:45:59.12679+00:00
4069,1167,1044,2026-07-13T11:45:59.12679+00:00
4070,1169,1199,2026-07-13T11:45:59.12679+00:00
4071,1170,104,2026-07-13T11:45:59.12679+00:00
4072,1170,1318,2026-07-13T11:45:59.12679+00:00
4073,1174,850,2026-07-13T11:45:59.12679+00:00
4074,1174,1022,2026-07-13T11:45:59.12679+00:00
4075,1176,1194,2026-07-13T11:45:59.12679+00:00
4076,1177,689,2026-07-13T11:45:59.12679+00:00
4077,1177,1111,2026-07-13T11:45:59.12679+00:00
4078,1178,738,2026-07-13T11:45:59.12679+00:00
4079,1178,1102,2026-07-13T11:45:59.12679+00:00
4080,1179,643,2026-07-13T11:45:59.12679+00:00
4081,1180,211,2026-07-13T11:45:59.12679+00:00
4082,1181,841,2026-07-13T11:45:59.12679+00:00
4083,1181,1196,2026-07-13T11:45:59.12679+00:00
4084,1182,372,2026-07-13T11:45:59.12679+00:00
4085,1183,942,2026-07-13T11:45:59.12679+00:00
4086,1183,1089,2026-07-13T11:45:59.12679+00:00
4087,1184,855,2026-07-13T11:45:59.12679+00:00
4088,1184,1155,2026-07-13T11:45:59.12679+00:00
4089,1185,46,2026-07-13T11:45:59.12679+00:00
4090,1185,545,2026-07-13T11:45:59.12679+00:00
4091,1186,745,2026-07-13T11:45:59.12679+00:00
4092,1189,1169,2026-07-13T11:45:59.12679+00:00
4093,1191,85,2026-07-13T11:45:59.12679+00:00
4094,1191,1144,2026-07-13T11:45:59.12679+00:00
4095,1192,1056,2026-07-13T11:45:59.12679+00:00
4096,1193,784,2026-07-13T11:45:59.12679+00:00
4097,1193,1092,2026-07-13T11:45:59.12679+00:00
4098,1194,1203,2026-07-13T11:45:59.12679+00:00
4099,1195,80,2026-07-13T11:45:59.12679+00:00
4100,1196,689,2026-07-13T11:45:59.12679+00:00
4101,1197,429,2026-07-13T11:45:59.12679+00:00
4102,1197,633,2026-07-13T11:45:59.12679+00:00
4103,1198,1078,2026-07-13T11:45:59.12679+00:00
4104,1199,841,2026-07-13T11:45:59.12679+00:00
4105,1199,1036,2026-07-13T11:45:59.12679+00:00
4106,1200,125,2026-07-13T11:45:59.12679+00:00
4107,1201,385,2026-07-13T11:45:59.12679+00:00
4108,1202,847,2026-07-13T11:45:59.12679+00:00
4109,1202,1153,2026-07-13T11:45:59.12679+00:00
4110,1203,511,2026-07-13T11:45:59.12679+00:00
4111,1203,1134,2026-07-13T11:45:59.12679+00:00
4112,1204,809,2026-07-13T11:45:59.12679+00:00
4113,1204,1164,2026-07-13T11:45:59.12679+00:00
4114,1204,1184,2026-07-13T11:45:59.12679+00:00
4115,1205,1141,2026-07-13T11:45:59.12679+00:00
4116,1206,749,2026-07-13T11:45:59.12679+00:00
4117,1206,1204,2026-07-13T11:45:59.12679+00:00
4118,1208,1021,2026-07-13T11:45:59.12679+00:00
4119,1209,1035,2026-07-13T11:45:59.12679+00:00
4120,1209,1153,2026-07-13T11:45:59.12679+00:00
4121,1210,211,2026-07-13T11:45:59.12679+00:00
4122,1210,843,2026-07-13T11:45:59.12679+00:00
4123,1212,888,2026-07-13T11:45:59.12679+00:00
4124,1214,766,2026-07-13T11:45:59.12679+00:00
4125,1214,1070,2026-07-13T11:45:59.12679+00:00
4126,1215,545,2026-07-13T11:45:59.12679+00:00
4127,1215,745,2026-07-13T11:45:59.12679+00:00
4128,1215,896,2026-07-13T11:45:59.12679+00:00
4129,1215,941,2026-07-13T11:45:59.12679+00:00
4130,1216,1141,2026-07-13T11:45:59.12679+00:00
4131,1217,366,2026-07-13T11:45:59.12679+00:00
4132,1217,820,2026-07-13T11:45:59.12679+00:00
4133,1218,1226,2026-07-13T11:45:59.12679+00:00
4134,1219,798,2026-07-13T11:45:59.12679+00:00
4135,1219,1160,2026-07-13T11:45:59.12679+00:00
4136,1220,951,2026-07-13T11:45:59.12679+00:00
4137,1222,1136,2026-07-13T11:45:59.12679+00:00
4138,1223,741,2026-07-13T11:45:59.12679+00:00
4139,1225,818,2026-07-13T11:45:59.12679+00:00
4140,1225,1161,2026-07-13T11:45:59.12679+00:00
4141,1226,111,2026-07-13T11:45:59.12679+00:00
4142,1227,575,2026-07-13T11:45:59.12679+00:00
4143,1227,919,2026-07-13T11:45:59.12679+00:00
4144,1227,1153,2026-07-13T11:45:59.12679+00:00
4145,1228,896,2026-07-13T11:45:59.12679+00:00
4146,1228,1036,2026-07-13T11:45:59.12679+00:00
4147,1228,1216,2026-07-13T11:45:59.12679+00:00
4148,1230,199,2026-07-13T11:45:59.12679+00:00
4149,1231,467,2026-07-13T11:45:59.12679+00:00
4150,1233,850,2026-07-13T11:45:59.12679+00:00
4151,1235,742,2026-07-13T11:45:59.12679+00:00
4152,1235,1120,2026-07-13T11:45:59.12679+00:00
4153,1236,1102,2026-07-13T11:45:59.12679+00:00
4154,1237,696,2026-07-13T11:45:59.12679+00:00
4155,1239,123,2026-07-13T11:45:59.12679+00:00
4156,1240,755,2026-07-13T11:45:59.12679+00:00
4157,1243,897,2026-07-13T11:45:59.12679+00:00
4158,1243,997,2026-07-13T11:45:59.12679+00:00
4159,1243,1130,2026-07-13T11:45:59.12679+00:00
4160,1244,1130,2026-07-13T11:45:59.12679+00:00
4161,1244,1138,2026-07-13T11:45:59.12679+00:00
4162,1245,310,2026-07-13T11:45:59.12679+00:00
4163,1245,1320,2026-07-13T11:45:59.12679+00:00
4164,1246,849,2026-07-13T11:45:59.12679+00:00
4165,1247,1004,2026-07-13T11:45:59.12679+00:00
4166,1250,562,2026-07-13T11:45:59.12679+00:00
4167,1251,965,2026-07-13T11:45:59.12679+00:00
4168,1251,1099,2026-07-13T11:45:59.12679+00:00
4169,1252,1175,2026-07-13T11:45:59.12679+00:00
4170,1253,897,2026-07-13T11:45:59.12679+00:00
4171,1253,1000,2026-07-13T11:45:59.12679+00:00
4172,1253,1219,2026-07-13T11:45:59.12679+00:00
4173,1254,761,2026-07-13T11:45:59.12679+00:00
4174,1254,1120,2026-07-13T11:45:59.12679+00:00
4175,1256,840,2026-07-13T11:45:59.12679+00:00
4176,1256,965,2026-07-13T11:45:59.12679+00:00
4177,1257,919,2026-07-13T11:45:59.12679+00:00
4178,1257,1208,2026-07-13T11:45:59.12679+00:00
4179,1258,818,2026-07-13T11:45:59.12679+00:00
4180,1258,1139,2026-07-13T11:45:59.12679+00:00
4181,1259,941,2026-07-13T11:45:59.12679+00:00
4182,1260,1044,2026-07-13T11:45:59.12679+00:00
4183,1261,745,2026-07-13T11:45:59.12679+00:00
4184,1262,1488,2026-07-13T11:45:59.12679+00:00
4185,1263,481,2026-07-13T11:45:59.12679+00:00
4186,1263,545,2026-07-13T11:45:59.12679+00:00
4187,1265,1044,2026-07-13T11:45:59.12679+00:00
4188,1266,1064,2026-07-13T11:45:59.12679+00:00
4189,1266,1115,2026-07-13T11:45:59.12679+00:00
4190,1267,841,2026-07-13T11:45:59.12679+00:00
4191,1267,1120,2026-07-13T11:45:59.12679+00:00
4192,1268,643,2026-07-13T11:45:59.12679+00:00
4193,1268,1215,2026-07-13T11:45:59.12679+00:00
4194,1269,664,2026-07-13T11:45:59.12679+00:00
4195,1269,1102,2026-07-13T11:45:59.12679+00:00
4196,1270,1035,2026-07-13T11:45:59.12679+00:00
4197,1270,1037,2026-07-13T11:45:59.12679+00:00
4198,1272,464,2026-07-13T11:45:59.12679+00:00
4199,1273,687,2026-07-13T11:45:59.12679+00:00
4200,1273,1136,2026-07-13T11:45:59.12679+00:00
4201,1273,1394,2026-07-13T11:45:59.12679+00:00
4202,1273,1395,2026-07-13T11:45:59.12679+00:00
4203,1274,965,2026-07-13T11:45:59.12679+00:00
4204,1274,1222,2026-07-13T11:45:59.12679+00:00
4205,1275,878,2026-07-13T11:45:59.12679+00:00
4206,1275,901,2026-07-13T11:45:59.12679+00:00
4207,1275,1008,2026-07-13T11:45:59.12679+00:00
4208,1276,138,2026-07-13T11:45:59.12679+00:00
4209,1276,573,2026-07-13T11:45:59.12679+00:00
4210,1278,1107,2026-07-13T11:45:59.12679+00:00
4211,1279,1216,2026-07-13T11:45:59.12679+00:00
4212,1280,123,2026-07-13T11:45:59.12679+00:00
4213,1281,185,2026-07-13T11:45:59.12679+00:00
4214,1281,336,2026-07-13T11:45:59.12679+00:00
4215,1284,633,2026-07-13T11:45:59.12679+00:00
4216,1285,1380,2026-07-13T11:45:59.12679+00:00
4217,1286,850,2026-07-13T11:45:59.12679+00:00
4218,1286,856,2026-07-13T11:45:59.12679+00:00
4219,1287,965,2026-07-13T11:45:59.12679+00:00
4220,1287,1138,2026-07-13T11:45:59.12679+00:00
4221,1288,155,2026-07-13T11:45:59.12679+00:00
4222,1288,635,2026-07-13T11:45:59.12679+00:00
4223,1289,849,2026-07-13T11:45:59.12679+00:00
4224,1289,949,2026-07-13T11:45:59.12679+00:00
4225,1289,1161,2026-07-13T11:45:59.12679+00:00
4226,1290,536,2026-07-13T11:45:59.12679+00:00
4227,1290,792,2026-07-13T11:45:59.12679+00:00
4228,1291,887,2026-07-13T11:45:59.12679+00:00
4229,1291,1117,2026-07-13T11:45:59.12679+00:00
4230,1292,206,2026-07-13T11:45:59.12679+00:00
4231,1293,843,2026-07-13T11:45:59.12679+00:00
4232,1295,1161,2026-07-13T11:45:59.12679+00:00
4233,1296,941,2026-07-13T11:45:59.12679+00:00
4234,1297,310,2026-07-13T11:45:59.12679+00:00
4235,1297,716,2026-07-13T11:45:59.12679+00:00
4236,1297,1160,2026-07-13T11:45:59.12679+00:00
4237,1298,887,2026-07-13T11:45:59.12679+00:00
4238,1299,1160,2026-07-13T11:45:59.12679+00:00
4239,1300,41,2026-07-13T11:45:59.12679+00:00
4240,1301,810,2026-07-13T11:45:59.12679+00:00
4241,1303,812,2026-07-13T11:45:59.12679+00:00
4242,1304,1022,2026-07-13T11:45:59.12679+00:00
4243,1304,1175,2026-07-13T11:45:59.12679+00:00
4244,1305,814,2026-07-13T11:45:59.12679+00:00
4245,1306,1153,2026-07-13T11:45:59.12679+00:00
4246,1307,481,2026-07-13T11:45:59.12679+00:00
4247,1307,1089,2026-07-13T11:45:59.12679+00:00
4248,1308,1117,2026-07-13T11:45:59.12679+00:00
4249,1308,1120,2026-07-13T11:45:59.12679+00:00
4250,1309,840,2026-07-13T11:45:59.12679+00:00
4251,1309,1091,2026-07-13T11:45:59.12679+00:00
4252,1310,679,2026-07-13T11:45:59.12679+00:00
4253,1310,834,2026-07-13T11:45:59.12679+00:00
4254,1310,1161,2026-07-13T11:45:59.12679+00:00
4255,1311,963,2026-07-13T11:45:59.12679+00:00
4256,1311,994,2026-07-13T11:45:59.12679+00:00
4257,1311,1196,2026-07-13T11:45:59.12679+00:00
4258,1312,1211,2026-07-13T11:45:59.12679+00:00
4259,1313,211,2026-07-13T11:45:59.12679+00:00
4260,1313,417,2026-07-13T11:45:59.12679+00:00
4261,1314,1216,2026-07-13T11:45:59.12679+00:00
4262,1315,970,2026-07-13T11:45:59.12679+00:00
4263,1316,733,2026-07-13T11:45:59.12679+00:00
4264,1317,887,2026-07-13T11:45:59.12679+00:00
4265,1317,1128,2026-07-13T11:45:59.12679+00:00
4266,1318,880,2026-07-13T11:45:59.12679+00:00
4267,1318,1161,2026-07-13T11:45:59.12679+00:00
4268,1318,1175,2026-07-13T11:45:59.12679+00:00
4269,1320,599,2026-07-13T11:45:59.12679+00:00
4270,1320,695,2026-07-13T11:45:59.12679+00:00
4271,1321,897,2026-07-13T11:45:59.12679+00:00
4272,1321,1107,2026-07-13T11:45:59.12679+00:00
4273,1322,111,2026-07-13T11:45:59.12679+00:00
4274,1324,79,2026-07-13T11:45:59.12679+00:00
4275,1324,888,2026-07-13T11:45:59.12679+00:00
4276,1324,927,2026-07-13T11:45:59.12679+00:00
4277,1325,1044,2026-07-13T11:45:59.12679+00:00
4278,1326,849,2026-07-13T11:45:59.12679+00:00
4279,1326,1138,2026-07-13T11:45:59.12679+00:00
4280,1327,1044,2026-07-13T11:45:59.12679+00:00
4281,1328,840,2026-07-13T11:45:59.12679+00:00
4282,1328,1035,2026-07-13T11:45:59.12679+00:00
4283,1329,946,2026-07-13T11:45:59.12679+00:00
4284,1331,1354,2026-07-13T11:45:59.12679+00:00
4285,1332,1138,2026-07-13T11:45:59.12679+00:00
4286,1333,751,2026-07-13T11:45:59.12679+00:00
4287,1333,1161,2026-07-13T11:45:59.12679+00:00
4288,1334,729,2026-07-13T11:45:59.12679+00:00
4289,1335,1056,2026-07-13T11:45:59.12679+00:00
4290,1336,836,2026-07-13T11:45:59.12679+00:00
4291,1336,951,2026-07-13T11:45:59.12679+00:00
4292,1338,793,2026-07-13T11:45:59.12679+00:00
4293,1339,878,2026-07-13T11:45:59.12679+00:00
4294,1339,1120,2026-07-13T11:45:59.12679+00:00
4295,1340,1036,2026-07-13T11:45:59.12679+00:00
4296,1341,1169,2026-07-13T11:45:59.12679+00:00
4297,1342,679,2026-07-13T11:45:59.12679+00:00
4298,1343,897,2026-07-13T11:45:59.12679+00:00
4299,1343,1161,2026-07-13T11:45:59.12679+00:00
4300,1345,1169,2026-07-13T11:45:59.12679+00:00
4301,1346,199,2026-07-13T11:45:59.12679+00:00
4302,1347,111,2026-07-13T11:45:59.12679+00:00
4303,1347,1261,2026-07-13T11:45:59.12679+00:00
4304,1349,1035,2026-07-13T11:45:59.12679+00:00
4305,1351,814,2026-07-13T11:45:59.12679+00:00
4306,1352,85,2026-07-13T11:45:59.12679+00:00
4307,1352,1113,2026-07-13T11:45:59.12679+00:00
4308,1353,891,2026-07-13T11:45:59.12679+00:00
4309,1353,901,2026-07-13T11:45:59.12679+00:00
4310,1353,1194,2026-07-13T11:45:59.12679+00:00
4311,1354,1225,2026-07-13T11:45:59.12679+00:00
4312,1355,592,2026-07-13T11:45:59.12679+00:00
4313,1355,1161,2026-07-13T11:45:59.12679+00:00
4314,1356,805,2026-07-13T11:45:59.12679+00:00
4315,1356,1180,2026-07-13T11:45:59.12679+00:00
4316,1357,1022,2026-07-13T11:45:59.12679+00:00
4317,1357,1175,2026-07-13T11:45:59.12679+00:00
4318,1358,14,2026-07-13T11:45:59.12679+00:00
4319,1359,205,2026-07-13T11:45:59.12679+00:00
4320,1359,1107,2026-07-13T11:45:59.12679+00:00
4321,1360,104,2026-07-13T11:45:59.12679+00:00
4322,1361,925,2026-07-13T11:45:59.12679+00:00
4323,1362,495,2026-07-13T11:45:59.12679+00:00
4324,1363,909,2026-07-13T11:45:59.12679+00:00
4325,1364,1138,2026-07-13T11:45:59.12679+00:00
4326,1365,523,2026-07-13T11:45:59.12679+00:00
4327,1365,957,2026-07-13T11:45:59.12679+00:00
4328,1366,428,2026-07-13T11:45:59.12679+00:00
4329,1367,700,2026-07-13T11:45:59.12679+00:00
4330,1367,1459,2026-07-13T11:45:59.12679+00:00
4331,1369,1216,2026-07-13T11:45:59.12679+00:00
4332,1370,866,2026-07-13T11:45:59.12679+00:00
4333,1371,622,2026-07-13T11:45:59.12679+00:00
4334,1371,715,2026-07-13T11:45:59.12679+00:00
4335,1372,745,2026-07-13T11:45:59.12679+00:00
4336,1373,761,2026-07-13T11:45:59.12679+00:00
4337,1373,921,2026-07-13T11:45:59.12679+00:00
4338,1373,1182,2026-07-13T11:45:59.12679+00:00
4339,1374,997,2026-07-13T11:45:59.12679+00:00
4340,1374,1162,2026-07-13T11:45:59.12679+00:00
4341,1374,1491,2026-07-13T11:45:59.12679+00:00
4342,1375,40,2026-07-13T11:45:59.12679+00:00
4343,1375,124,2026-07-13T11:45:59.12679+00:00
4344,1376,1022,2026-07-13T11:45:59.12679+00:00
4345,1377,787,2026-07-13T11:45:59.12679+00:00
4346,1379,1106,2026-07-13T11:45:59.12679+00:00
4347,1380,1208,2026-07-13T11:45:59.12679+00:00
4348,1381,187,2026-07-13T11:45:59.12679+00:00
4349,1381,1022,2026-07-13T11:45:59.12679+00:00
4350,1382,891,2026-07-13T11:45:59.12679+00:00
4351,1383,745,2026-07-13T11:45:59.12679+00:00
4352,1383,933,2026-07-13T11:45:59.12679+00:00
4353,1384,1130,2026-07-13T11:45:59.12679+00:00
4354,1385,833,2026-07-13T11:45:59.12679+00:00
4355,1385,1100,2026-07-13T11:45:59.12679+00:00
4356,1386,1216,2026-07-13T11:45:59.12679+00:00
4357,1387,736,2026-07-13T11:45:59.12679+00:00
4358,1389,154,2026-07-13T11:45:59.12679+00:00
4359,1389,1226,2026-07-13T11:45:59.12679+00:00
4360,1390,358,2026-07-13T11:45:59.12679+00:00
4361,1390,792,2026-07-13T11:45:59.12679+00:00
4362,1391,1203,2026-07-13T11:45:59.12679+00:00
4363,1391,1486,2026-07-13T11:45:59.12679+00:00
4364,1392,766,2026-07-13T11:45:59.12679+00:00
4365,1392,953,2026-07-13T11:45:59.12679+00:00
4366,1392,1070,2026-07-13T11:45:59.12679+00:00
4367,1393,211,2026-07-13T11:45:59.12679+00:00
4368,1393,1122,2026-07-13T11:45:59.12679+00:00
4369,1394,123,2026-07-13T11:45:59.12679+00:00
4370,1394,689,2026-07-13T11:45:59.12679+00:00
4371,1395,94,2026-07-13T11:45:59.12679+00:00
4372,1395,114,2026-07-13T11:45:59.12679+00:00
4373,1396,951,2026-07-13T11:45:59.12679+00:00
4374,1396,1175,2026-07-13T11:45:59.12679+00:00
4375,1397,887,2026-07-13T11:45:59.12679+00:00
4376,1397,980,2026-07-13T11:45:59.12679+00:00
4377,1397,991,2026-07-13T11:45:59.12679+00:00
4378,1398,167,2026-07-13T11:45:59.12679+00:00
4379,1398,1038,2026-07-13T11:45:59.12679+00:00
4380,1400,820,2026-07-13T11:45:59.12679+00:00
4381,1400,840,2026-07-13T11:45:59.12679+00:00
4382,1402,1353,2026-07-13T11:45:59.12679+00:00
4383,1405,575,2026-07-13T11:45:59.12679+00:00
4384,1405,986,2026-07-13T11:45:59.12679+00:00
4385,1406,1115,2026-07-13T11:45:59.12679+00:00
4386,1406,1161,2026-07-13T11:45:59.12679+00:00
4387,1407,1004,2026-07-13T11:45:59.12679+00:00
4388,1408,891,2026-07-13T11:45:59.12679+00:00
4389,1408,1153,2026-07-13T11:45:59.12679+00:00
4390,1409,1044,2026-07-13T11:45:59.12679+00:00
4391,1410,1140,2026-07-13T11:45:59.12679+00:00
4392,1410,1354,2026-07-13T11:45:59.12679+00:00
4393,1411,739,2026-07-13T11:45:59.12679+00:00
4394,1411,1194,2026-07-13T11:45:59.12679+00:00
4395,1412,944,2026-07-13T11:45:59.12679+00:00
4396,1412,1194,2026-07-13T11:45:59.12679+00:00
4397,1416,897,2026-07-13T11:45:59.12679+00:00
4398,1416,1107,2026-07-13T11:45:59.12679+00:00
4399,1418,726,2026-07-13T11:45:59.12679+00:00
4400,1419,909,2026-07-13T11:45:59.12679+00:00
4401,1419,1226,2026-07-13T11:45:59.12679+00:00
4402,1420,745,2026-07-13T11:45:59.12679+00:00
4403,1421,545,2026-07-13T11:45:59.12679+00:00
4404,1422,957,2026-07-13T11:45:59.12679+00:00
4405,1422,1162,2026-07-13T11:45:59.12679+00:00
4406,1425,1025,2026-07-13T11:45:59.12679+00:00
4407,1426,957,2026-07-13T11:45:59.12679+00:00
4408,1427,523,2026-07-13T11:45:59.12679+00:00
4409,1428,965,2026-07-13T11:45:59.12679+00:00
4410,1429,44,2026-07-13T11:45:59.12679+00:00
4411,1429,734,2026-07-13T11:45:59.12679+00:00
4412,1430,515,2026-07-13T11:45:59.12679+00:00
4413,1432,154,2026-07-13T11:45:59.12679+00:00
4414,1433,862,2026-07-13T11:45:59.12679+00:00
4415,1433,985,2026-07-13T11:45:59.12679+00:00
4416,1433,1203,2026-07-13T11:45:59.12679+00:00
4417,1434,43,2026-07-13T11:45:59.12679+00:00
4418,1434,205,2026-07-13T11:45:59.12679+00:00
4419,1434,926,2026-07-13T11:45:59.12679+00:00
4420,1435,1160,2026-07-13T11:45:59.12679+00:00
4421,1435,1216,2026-07-13T11:45:59.12679+00:00
4422,1437,907,2026-07-13T11:45:59.12679+00:00
4423,1437,1044,2026-07-13T11:45:59.12679+00:00
4424,1437,1164,2026-07-13T11:45:59.12679+00:00
4425,1437,1226,2026-07-13T11:45:59.12679+00:00
4426,1438,1167,2026-07-13T11:45:59.12679+00:00
4427,1439,467,2026-07-13T11:45:59.12679+00:00
4428,1440,43,2026-07-13T11:45:59.12679+00:00
4429,1440,80,2026-07-13T11:45:59.12679+00:00
4430,1442,848,2026-07-13T11:45:59.12679+00:00
4431,1442,1208,2026-07-13T11:45:59.12679+00:00
4432,1443,1154,2026-07-13T11:45:59.12679+00:00
4433,1444,936,2026-07-13T11:45:59.12679+00:00
4434,1444,966,2026-07-13T11:45:59.12679+00:00
4435,1446,338,2026-07-13T11:45:59.12679+00:00
4436,1446,1209,2026-07-13T11:45:59.12679+00:00
4437,1447,1153,2026-07-13T11:45:59.12679+00:00
4438,1448,1044,2026-07-13T11:45:59.12679+00:00
4439,1449,764,2026-07-13T11:45:59.12679+00:00
4440,1450,965,2026-07-13T11:45:59.12679+00:00
4441,1451,841,2026-07-13T11:45:59.12679+00:00
4442,1451,1161,2026-07-13T11:45:59.12679+00:00
4443,1452,947,2026-07-13T11:45:59.12679+00:00
4444,1453,1199,2026-07-13T11:45:59.12679+00:00
4445,1454,877,2026-07-13T11:45:59.12679+00:00
4446,1454,1162,2026-07-13T11:45:59.12679+00:00
4447,1455,919,2026-07-13T11:45:59.12679+00:00
4448,1455,1161,2026-07-13T11:45:59.12679+00:00
4449,1456,794,2026-07-13T11:45:59.12679+00:00
4450,1456,1198,2026-07-13T11:45:59.12679+00:00
4451,1457,1221,2026-07-13T11:45:59.12679+00:00
4452,1458,819,2026-07-13T11:45:59.12679+00:00
4453,1460,1194,2026-07-13T11:45:59.12679+00:00
4454,1461,1201,2026-07-13T11:45:59.12679+00:00
4455,1463,860,2026-07-13T11:45:59.12679+00:00
4456,1463,1128,2026-07-13T11:45:59.12679+00:00
4457,1464,827,2026-07-13T11:45:59.12679+00:00
4458,1465,849,2026-07-13T11:45:59.12679+00:00
4459,1465,1031,2026-07-13T11:45:59.12679+00:00
4460,1465,1100,2026-07-13T11:45:59.12679+00:00
4461,1466,878,2026-07-13T11:45:59.12679+00:00
4462,1469,878,2026-07-13T11:45:59.12679+00:00
4463,1470,815,2026-07-13T11:45:59.12679+00:00
4464,1470,847,2026-07-13T11:45:59.12679+00:00
4465,1470,1221,2026-07-13T11:45:59.12679+00:00
4466,1471,850,2026-07-13T11:45:59.12679+00:00
4467,1472,43,2026-07-13T11:45:59.12679+00:00
4468,1472,1164,2026-07-13T11:45:59.12679+00:00
4469,1472,1226,2026-07-13T11:45:59.12679+00:00
4470,1472,1248,2026-07-13T11:45:59.12679+00:00
4471,1473,140,2026-07-13T11:45:59.12679+00:00
4472,1474,80,2026-07-13T11:45:59.12679+00:00
4473,1474,452,2026-07-13T11:45:59.12679+00:00
4474,1475,850,2026-07-13T11:45:59.12679+00:00
4475,1475,1194,2026-07-13T11:45:59.12679+00:00
4476,1476,1115,2026-07-13T11:45:59.12679+00:00
4477,1477,1221,2026-07-13T11:45:59.12679+00:00
4478,1479,834,2026-07-13T11:45:59.12679+00:00
4479,1479,1036,2026-07-13T11:45:59.12679+00:00
4480,1480,965,2026-07-13T11:45:59.12679+00:00
4481,1480,1138,2026-07-13T11:45:59.12679+00:00
4482,1483,1089,2026-07-13T11:45:59.12679+00:00
4483,1484,689,2026-07-13T11:45:59.12679+00:00
4484,1485,1035,2026-07-13T11:45:59.12679+00:00
4485,1485,1051,2026-07-13T11:45:59.12679+00:00
4486,1486,1106,2026-07-13T11:45:59.12679+00:00
4487,1487,1093,2026-07-13T11:45:59.12679+00:00
4488,1488,1194,2026-07-13T11:45:59.12679+00:00
4489,1489,745,2026-07-13T11:45:59.12679+00:00
4490,1490,1492,2026-07-13T11:45:59.12679+00:00
4491,1491,818,2026-07-13T11:45:59.12679+00:00
4492,1491,936,2026-07-13T11:45:59.12679+00:00
4493,1491,1083,2026-07-13T11:45:59.12679+00:00
4494,1492,843,2026-07-13T11:45:59.12679+00:00
4495,1493,745,2026-07-13T11:45:59.12679+00:00
4496,1493,862,2026-07-13T11:45:59.12679+00:00
4497,1493,985,2026-07-13T11:45:59.12679+00:00
4498,1496,745,2026-07-13T11:45:59.12679+00:00
4499,1497,1134,2026-07-13T11:45:59.12679+00:00
4500,1498,1160,2026-07-13T11:45:59.12679+00:00
4501,1499,880,2026-07-13T11:45:59.12679+00:00
4502,1499,1194,2026-07-13T11:45:59.12679+00:00
4503,1500,919,2026-07-13T11:45:59.12679+00:00
4504,1502,1140,2026-07-13T11:45:59.12679+00:00
4505,1505,455,2026-07-13T11:45:59.12679+00:00
4506,1506,1106,2026-07-13T11:45:59.12679+00:00
4507,1507,1226,2026-07-13T11:45:59.12679+00:00
4508,1508,1036,2026-07-13T11:45:59.12679+00:00
4509,1509,741,2026-07-13T11:45:59.12679+00:00
4510,1509,991,2026-07-13T11:45:59.12679+00:00
4511,1509,1136,2026-07-13T11:45:59.12679+00:00
4512,1510,787,2026-07-13T11:45:59.12679+00:00
4513,1510,1216,2026-07-13T11:45:59.12679+00:00
4514,1511,745,2026-07-13T11:45:59.12679+00:00
4515,1511,1161,2026-07-13T11:45:59.12679+00:00
4516,1513,1078,2026-07-13T11:45:59.12679+00:00
4517,1513,1226,2026-07-13T11:45:59.12679+00:00
4518,1514,1000,2026-07-13T11:45:59.12679+00:00
4519,1515,1162,2026-07-13T11:45:59.12679+00:00
4520,1516,849,2026-07-13T11:45:59.12679+00:00
4521,1516,862,2026-07-13T11:45:59.12679+00:00
4522,1516,1055,2026-07-13T11:45:59.12679+00:00
4523,1517,741,2026-07-13T11:45:59.12679+00:00
4524,1518,162,2026-07-13T11:45:59.12679+00:00
4525,1518,861,2026-07-13T11:45:59.12679+00:00
4526,1519,237,2026-07-13T11:45:59.12679+00:00
4527,1519,519,2026-07-13T11:45:59.12679+00:00
4528,1520,43,2026-07-13T11:45:59.12679+00:00
4529,1520,706,2026-07-13T11:45:59.12679+00:00
4530,1520,1115,2026-07-13T11:45:59.12679+00:00
4531,1522,1038,2026-07-13T11:45:59.12679+00:00
4532,1522,1113,2026-07-13T11:45:59.12679+00:00
4533,1523,1409,2026-07-13T11:45:59.12679+00:00
4534,1527,979,2026-07-13T11:45:59.12679+00:00
4535,1528,199,2026-07-13T11:45:59.12679+00:00
4536,1529,1035,2026-07-13T11:45:59.12679+00:00
4537,1529,1138,2026-07-13T11:45:59.12679+00:00
4538,1530,815,2026-07-13T11:45:59.12679+00:00
4539,1531,919,2026-07-13T11:45:59.12679+00:00
4540,1534,1111,2026-07-13T11:45:59.12679+00:00
4541,1535,1171,2026-07-13T11:45:59.12679+00:00
4542,1536,886,2026-07-13T11:45:59.12679+00:00
4543,1537,988,2026-07-13T11:45:59.12679+00:00
4544,1538,940,2026-07-13T11:45:59.12679+00:00
4545,1539,1007,2026-07-13T11:45:59.12679+00:00
4546,1540,784,2026-07-13T11:45:59.12679+00:00
4547,1540,1099,2026-07-13T11:45:59.12679+00:00
4548,1540,1163,2026-07-13T11:45:59.12679+00:00
4549,1541,886,2026-07-13T11:45:59.12679+00:00
4550,1542,850,2026-07-13T11:45:59.12679+00:00
4551,1543,1187,2026-07-13T11:45:59.12679+00:00
4552,1545,836,2026-07-13T11:45:59.12679+00:00
4553,1546,383,2026-07-13T11:45:59.12679+00:00
4554,1547,843,2026-07-13T11:45:59.12679+00:00
4555,1547,1025,2026-07-13T11:45:59.12679+00:00
4556,1548,988,2026-07-13T11:45:59.12679+00:00
4557,1548,1115,2026-07-13T11:45:59.12679+00:00
4558,1551,44,2026-07-13T11:45:59.12679+00:00
4559,1552,680,2026-07-13T11:45:59.12679+00:00
4560,1553,44,2026-07-13T11:45:59.12679+00:00
4561,1553,1198,2026-07-13T11:45:59.12679+00:00
4562,1554,1044,2026-07-13T11:45:59.12679+00:00
4563,1554,1138,2026-07-13T11:45:59.12679+00:00
4564,1555,1078,2026-07-13T11:45:59.12679+00:00
4565,1555,1092,2026-07-13T11:45:59.12679+00:00
4566,1556,1155,2026-07-13T11:45:59.12679+00:00
4567,1557,474,2026-07-13T11:45:59.12679+00:00
4568,1559,1194,2026-07-13T11:45:59.12679+00:00
4569,1561,587,2026-07-13T11:45:59.12679+00:00
4570,1562,1060,2026-07-13T11:45:59.12679+00:00
4571,1562,1221,2026-07-13T11:45:59.12679+00:00
4572,1563,939,2026-07-13T11:45:59.12679+00:00
4573,1563,976,2026-07-13T11:45:59.12679+00:00
4574,1564,123,2026-07-13T11:45:59.12679+00:00
4575,1565,80,2026-07-13T11:45:59.12679+00:00
4576,1566,1229,2026-07-13T11:45:59.12679+00:00
4577,1567,907,2026-07-13T11:45:59.12679+00:00
4578,1569,652,2026-07-13T11:45:59.12679+00:00
4579,1570,840,2026-07-13T11:45:59.12679+00:00
4580,1572,457,2026-07-13T11:45:59.12679+00:00
4581,1572,886,2026-07-13T11:45:59.12679+00:00
4582,1573,1196,2026-07-13T11:45:59.12679+00:00
4583,1573,1374,2026-07-13T11:45:59.12679+00:00
4584,1574,147,2026-07-13T11:45:59.12679+00:00
4585,1574,1219,2026-07-13T11:45:59.12679+00:00
4586,1575,843,2026-07-13T11:45:59.12679+00:00
4587,1575,936,2026-07-13T11:45:59.12679+00:00
4588,1575,1083,2026-07-13T11:45:59.12679+00:00
4589,1575,1198,2026-07-13T11:45:59.12679+00:00
4590,1576,842,2026-07-13T11:45:59.12679+00:00
4591,1576,1161,2026-07-13T11:45:59.12679+00:00
4592,1577,903,2026-07-13T11:45:59.12679+00:00
4593,1578,79,2026-07-13T11:45:59.12679+00:00
4594,1579,922,2026-07-13T11:45:59.12679+00:00
4595,1580,216,2026-07-13T11:45:59.12679+00:00
4596,1580,1165,2026-07-13T11:45:59.12679+00:00
4597,1583,1035,2026-07-13T11:45:59.12679+00:00
4598,1584,1198,2026-07-13T11:45:59.12679+00:00
4599,1585,850,2026-07-13T11:45:59.12679+00:00
4600,1586,878,2026-07-13T11:45:59.12679+00:00
4601,1587,863,2026-07-13T11:45:59.12679+00:00
4602,1588,1169,2026-07-13T11:45:59.12679+00:00
4603,1589,1138,2026-07-13T11:45:59.12679+00:00
4604,1590,673,2026-07-13T11:45:59.12679+00:00
4605,1591,693,2026-07-13T11:45:59.12679+00:00
4606,1592,177,2026-07-13T11:45:59.12679+00:00
4607,1592,1208,2026-07-13T11:45:59.12679+00:00
4608,1593,1169,2026-07-13T11:45:59.12679+00:00
4609,1595,693,2026-07-13T11:45:59.12679+00:00
4610,1596,771,2026-07-13T11:45:59.12679+00:00
4611,1596,1208,2026-07-13T11:45:59.12679+00:00
4612,1598,211,2026-07-13T11:45:59.12679+00:00
4613,1598,843,2026-07-13T11:45:59.12679+00:00
4614,1600,1153,2026-07-13T11:45:59.12679+00:00
4615,1601,286,2026-07-13T11:45:59.12679+00:00
4616,1601,941,2026-07-13T11:45:59.12679+00:00
4617,1602,79,2026-07-13T11:45:59.12679+00:00
4618,1603,85,2026-07-13T11:45:59.12679+00:00
4619,1603,887,2026-07-13T11:45:59.12679+00:00
4620,1603,1147,2026-07-13T11:45:59.12679+00:00
4621,1605,129,2026-07-13T11:45:59.12679+00:00
4622,1606,841,2026-07-13T11:45:59.12679+00:00
4623,1606,1082,2026-07-13T11:45:59.12679+00:00
4624,1606,1138,2026-07-13T11:45:59.12679+00:00
4625,1607,745,2026-07-13T11:45:59.12679+00:00
4626,1609,1138,2026-07-13T11:45:59.12679+00:00
4627,1610,438,2026-07-13T11:45:59.12679+00:00
4628,1611,116,2026-07-13T11:45:59.12679+00:00
4629,1611,842,2026-07-13T11:45:59.12679+00:00
4630,1612,965,2026-07-13T11:45:59.12679+00:00
4631,1612,1161,2026-07-13T11:45:59.12679+00:00
4632,1614,1136,2026-07-13T11:45:59.12679+00:00
4633,1615,901,2026-07-13T11:45:59.12679+00:00
4634,1616,1037,2026-07-13T11:45:59.12679+00:00
4635,1617,840,2026-07-13T11:45:59.12679+00:00
4636,1617,901,2026-07-13T11:45:59.12679+00:00
4637,1618,985,2026-07-13T11:45:59.12679+00:00
4638,1618,1161,2026-07-13T11:45:59.12679+00:00
4639,1619,1060,2026-07-13T11:45:59.12679+00:00
4640,1619,1208,2026-07-13T11:45:59.12679+00:00
4641,1621,841,2026-07-13T11:45:59.12679+00:00
4642,1621,991,2026-07-13T11:45:59.12679+00:00
4643,1623,886,2026-07-13T11:45:59.12679+00:00
4644,1623,951,2026-07-13T11:45:59.12679+00:00
4645,1623,1160,2026-07-13T11:45:59.12679+00:00
4646,1624,897,2026-07-13T11:45:59.12679+00:00
4647,1624,1219,2026-07-13T11:45:59.12679+00:00
4648,1625,941,2026-07-13T11:45:59.12679+00:00
4649,1625,1118,2026-07-13T11:45:59.12679+00:00
4650,1627,841,2026-07-13T11:45:59.12679+00:00
4651,1627,991,2026-07-13T11:45:59.12679+00:00
4652,1628,745,2026-07-13T11:45:59.12679+00:00
4653,1628,941,2026-07-13T11:45:59.12679+00:00
4654,1629,1230,2026-07-13T11:45:59.12679+00:00
4655,1630,609,2026-07-13T11:45:59.12679+00:00
4656,1633,753,2026-07-13T11:45:59.12679+00:00
4657,1633,1175,2026-07-13T11:45:59.12679+00:00
4658,1635,809,2026-07-13T11:45:59.12679+00:00
4659,1635,1138,2026-07-13T11:45:59.12679+00:00
4660,1636,1083,2026-07-13T11:45:59.12679+00:00
4661,1636,1203,2026-07-13T11:45:59.12679+00:00
4662,1637,536,2026-07-13T11:45:59.12679+00:00
4663,1638,1153,2026-07-13T11:45:59.12679+00:00
4664,1639,1177,2026-07-13T11:45:59.12679+00:00
4665,1640,471,2026-07-13T11:45:59.12679+00:00
4666,1640,841,2026-07-13T11:45:59.12679+00:00
4667,1641,840,2026-07-13T11:45:59.12679+00:00
4668,1642,1095,2026-07-13T11:45:59.12679+00:00
4669,1643,825,2026-07-13T11:45:59.12679+00:00
4670,1644,952,2026-07-13T11:45:59.12679+00:00
4671,1645,123,2026-07-13T11:45:59.12679+00:00
4672,1645,793,2026-07-13T11:45:59.12679+00:00
4673,1646,1176,2026-07-13T11:45:59.12679+00:00
4674,1648,840,2026-07-13T11:45:59.12679+00:00
4675,1649,719,2026-07-13T11:45:59.12679+00:00
4676,1650,1161,2026-07-13T11:45:59.12679+00:00
4677,1651,264,2026-07-13T11:45:59.12679+00:00
4678,1652,809,2026-07-13T11:45:59.12679+00:00
4679,1652,1101,2026-07-13T11:45:59.12679+00:00
4680,1653,850,2026-07-13T11:45:59.12679+00:00
4681,1654,1109,2026-07-13T11:45:59.12679+00:00
4682,1656,85,2026-07-13T11:45:59.12679+00:00
4683,1656,841,2026-07-13T11:45:59.12679+00:00
4684,1657,1022,2026-07-13T11:45:59.12679+00:00
4685,1657,1175,2026-07-13T11:45:59.12679+00:00
4686,1658,965,2026-07-13T11:45:59.12679+00:00
4687,1660,842,2026-07-13T11:45:59.12679+00:00
4688,1660,915,2026-07-13T11:45:59.12679+00:00
4689,1660,1182,2026-07-13T11:45:59.12679+00:00
4690,1661,1144,2026-07-13T11:45:59.12679+00:00
4691,1662,809,2026-07-13T11:45:59.12679+00:00
4692,1662,892,2026-07-13T11:45:59.12679+00:00
4693,1662,1151,2026-07-13T11:45:59.12679+00:00
4694,1663,154,2026-07-13T11:45:59.12679+00:00
4695,1664,680,2026-07-13T11:45:59.12679+00:00
4696,1664,957,2026-07-13T11:45:59.12679+00:00
4697,1666,1491,2026-07-13T11:45:59.12679+00:00
4698,1667,941,2026-07-13T11:45:59.12679+00:00
4699,1667,1229,2026-07-13T11:45:59.12679+00:00
4700,1669,1138,2026-07-13T11:45:59.12679+00:00
4701,1671,886,2026-07-13T11:45:59.12679+00:00
4702,1672,1115,2026-07-13T11:45:59.12679+00:00
4703,1674,1060,2026-07-13T11:45:59.12679+00:00
4704,1675,724,2026-07-13T11:45:59.12679+00:00
4705,1675,1032,2026-07-13T11:45:59.12679+00:00
4706,1676,764,2026-07-13T11:45:59.12679+00:00
4707,1677,1180,2026-07-13T11:45:59.12679+00:00
4708,1678,1227,2026-07-13T11:45:59.12679+00:00
4709,1679,438,2026-07-13T11:45:59.12679+00:00
4710,1680,1066,2026-07-13T11:45:59.12679+00:00
4711,1680,1161,2026-07-13T11:45:59.12679+00:00
4712,1681,1078,2026-07-13T11:45:59.12679+00:00
4713,1682,966,2026-07-13T11:45:59.12679+00:00
4714,1683,1395,2026-07-13T11:45:59.12679+00:00
4715,1684,728,2026-07-13T11:45:59.12679+00:00
4716,1684,1161,2026-07-13T11:45:59.12679+00:00
4717,1685,724,2026-07-13T11:45:59.12679+00:00
4718,1685,1136,2026-07-13T11:45:59.12679+00:00
4719,1686,946,2026-07-13T11:45:59.12679+00:00
4720,1686,1182,2026-07-13T11:45:59.12679+00:00
4721,1687,729,2026-07-13T11:45:59.12679+00:00
4722,1687,745,2026-07-13T11:45:59.12679+00:00
4723,1687,842,2026-07-13T11:45:59.12679+00:00
4724,1688,897,2026-07-13T11:45:59.12679+00:00
4725,1688,1022,2026-07-13T11:45:59.12679+00:00
4726,1688,1175,2026-07-13T11:45:59.12679+00:00
4727,1689,850,2026-07-13T11:45:59.12679+00:00
4728,1690,719,2026-07-13T11:45:59.12679+00:00
4729,1691,850,2026-07-13T11:45:59.12679+00:00
4730,1692,1353,2026-07-13T11:45:59.12679+00:00
4731,1693,1083,2026-07-13T11:45:59.12679+00:00
4732,1695,1203,2026-07-13T11:45:59.12679+00:00
4733,1696,575,2026-07-13T11:45:59.12679+00:00
4734,1698,841,2026-07-13T11:45:59.12679+00:00
4735,1698,878,2026-07-13T11:45:59.12679+00:00
4736,1698,1107,2026-07-13T11:45:59.12679+00:00
4737,1699,79,2026-07-13T11:45:59.12679+00:00
4738,1699,750,2026-07-13T11:45:59.12679+00:00
4739,1700,116,2026-07-13T11:45:59.12679+00:00
4740,1700,857,2026-07-13T11:45:59.12679+00:00
4741,1701,985,2026-07-13T11:45:59.12679+00:00
4742,1701,1161,2026-07-13T11:45:59.12679+00:00
4743,1703,1091,2026-07-13T11:45:59.12679+00:00
4744,1707,866,2026-07-13T11:45:59.12679+00:00
4745,1708,80,2026-07-13T11:45:59.12679+00:00
4746,1708,841,2026-07-13T11:45:59.12679+00:00
4747,1709,825,2026-07-13T11:45:59.12679+00:00
4748,1710,1219,2026-07-13T11:45:59.12679+00:00
4749,1711,866,2026-07-13T11:45:59.12679+00:00
4750,1711,1022,2026-07-13T11:45:59.12679+00:00
4751,1712,919,2026-07-13T11:45:59.12679+00:00
4752,1714,847,2026-07-13T11:45:59.12679+00:00
4753,1715,1112,2026-07-13T11:45:59.12679+00:00
4754,1716,887,2026-07-13T11:45:59.12679+00:00
4755,1717,1154,2026-07-13T11:45:59.12679+00:00
4756,1720,836,2026-07-13T11:45:59.12679+00:00
4757,1720,1219,2026-07-13T11:45:59.12679+00:00
4758,1721,79,2026-07-13T11:45:59.12679+00:00
4759,1722,890,2026-07-13T11:45:59.12679+00:00
4760,1722,1128,2026-07-13T11:45:59.12679+00:00
4761,1723,1172,2026-07-13T11:45:59.12679+00:00
4762,1724,878,2026-07-13T11:45:59.12679+00:00
4763,1724,1208,2026-07-13T11:45:59.12679+00:00
4764,1725,933,2026-07-13T11:45:59.12679+00:00
4765,1725,1219,2026-07-13T11:45:59.12679+00:00
4766,1727,951,2026-07-13T11:45:59.12679+00:00
4767,1727,1229,2026-07-13T11:45:59.12679+00:00
4768,1728,1219,2026-07-13T11:45:59.12679+00:00
4769,1729,849,2026-07-13T11:45:59.12679+00:00
4770,1731,965,2026-07-13T11:45:59.12679+00:00
4771,1731,1161,2026-07-13T11:45:59.12679+00:00
4772,1732,849,2026-07-13T11:45:59.12679+00:00
4773,1733,933,2026-07-13T11:45:59.12679+00:00
4774,1733,1219,2026-07-13T11:45:59.12679+00:00
4775,1734,109,2026-07-13T11:45:59.12679+00:00
4776,1734,787,2026-07-13T11:45:59.12679+00:00
4777,1735,43,2026-07-13T11:45:59.12679+00:00
4778,1736,850,2026-07-13T11:45:59.12679+00:00
4779,1737,849,2026-07-13T11:45:59.12679+00:00
4780,1738,1035,2026-07-13T11:45:59.12679+00:00
4781,1738,1153,2026-07-13T11:45:59.12679+00:00
4782,1742,1182,2026-07-13T11:45:59.12679+00:00
4783,1744,153,2026-07-13T11:45:59.12679+00:00
4784,1745,745,2026-07-13T11:45:59.12679+00:00
4785,1745,849,2026-07-13T11:45:59.12679+00:00
4786,1745,927,2026-07-13T11:45:59.12679+00:00
4787,1746,129,2026-07-13T11:45:59.12679+00:00
4788,1746,857,2026-07-13T11:45:59.12679+00:00
4789,1747,994,2026-07-13T11:45:59.12679+00:00
4790,1747,1022,2026-07-13T11:45:59.12679+00:00
4791,1747,1175,2026-07-13T11:45:59.12679+00:00
4792,1748,545,2026-07-13T11:45:59.12679+00:00
4793,1748,671,2026-07-13T11:45:59.12679+00:00
4794,1748,951,2026-07-13T11:45:59.12679+00:00
4795,1751,919,2026-07-13T11:45:59.12679+00:00
4796,1752,1101,2026-07-13T11:45:59.12679+00:00
4797,1753,745,2026-07-13T11:45:59.12679+00:00
4798,1753,842,2026-07-13T11:45:59.12679+00:00
4799,1754,545,2026-07-13T11:45:59.12679+00:00
4800,1755,43,2026-07-13T11:45:59.12679+00:00
4801,1755,193,2026-07-13T11:45:59.12679+00:00
4802,1756,886,2026-07-13T11:45:59.12679+00:00
4803,1756,1165,2026-07-13T11:45:59.12679+00:00
4804,1758,813,2026-07-13T11:45:59.12679+00:00
4805,1758,927,2026-07-13T11:45:59.12679+00:00
4806,1758,1182,2026-07-13T11:45:59.12679+00:00
4807,1761,86,2026-07-13T11:45:59.12679+00:00
4808,1761,659,2026-07-13T11:45:59.12679+00:00
4809,1762,742,2026-07-13T11:45:59.12679+00:00
4810,1764,1161,2026-07-13T11:45:59.12679+00:00
4811,1765,129,2026-07-13T11:45:59.12679+00:00
4812,1766,286,2026-07-13T11:45:59.12679+00:00
4813,1766,1000,2026-07-13T11:45:59.12679+00:00
4814,1767,1159,2026-07-13T11:45:59.12679+00:00
4815,1768,1083,2026-07-13T11:45:59.12679+00:00
4816,1769,714,2026-07-13T11:45:59.12679+00:00
4817,1770,664,2026-07-13T11:45:59.12679+00:00
4818,1771,986,2026-07-13T11:45:59.12679+00:00
4819,1772,966,2026-07-13T11:45:59.12679+00:00
4820,1774,185,2026-07-13T11:45:59.12679+00:00
4821,1777,1000,2026-07-13T11:45:59.12679+00:00
4822,1777,1117,2026-07-13T11:45:59.12679+00:00
4823,1778,1138,2026-07-13T11:45:59.12679+00:00
4824,1779,859,2026-07-13T11:45:59.12679+00:00
4825,1780,556,2026-07-13T11:45:59.12679+00:00
4826,1781,818,2026-07-13T11:45:59.12679+00:00
4827,1782,1018,2026-07-13T11:45:59.12679+00:00
4828,1782,1226,2026-07-13T11:45:59.12679+00:00
4829,1783,1162,2026-07-13T11:45:59.12679+00:00
4830,1784,545,2026-07-13T11:45:59.12679+00:00
4831,1784,886,2026-07-13T11:45:59.12679+00:00
4832,1785,116,2026-07-13T11:45:59.12679+00:00
4833,1787,891,2026-07-13T11:45:59.12679+00:00
4834,1788,1096,2026-07-13T11:45:59.12679+00:00
4835,1789,1136,2026-07-13T11:45:59.12679+00:00
4836,1791,939,2026-07-13T11:45:59.12679+00:00
4837,1792,556,2026-07-13T11:45:59.12679+00:00
4838,1792,842,2026-07-13T11:45:59.12679+00:00
4839,1792,1162,2026-07-13T11:45:59.12679+00:00
4840,1793,887,2026-07-13T11:45:59.12679+00:00
4841,1793,941,2026-07-13T11:45:59.12679+00:00
4842,1794,952,2026-07-13T11:45:59.12679+00:00
4843,1794,1066,2026-07-13T11:45:59.12679+00:00
4844,1794,1161,2026-07-13T11:45:59.12679+00:00
4845,1795,809,2026-07-13T11:45:59.12679+00:00
4846,1796,859,2026-07-13T11:45:59.12679+00:00
4847,1796,1162,2026-07-13T11:45:59.12679+00:00
4848,1797,843,2026-07-13T11:45:59.12679+00:00
4849,1797,1219,2026-07-13T11:45:59.12679+00:00
4850,1798,1161,2026-07-13T11:45:59.12679+00:00
4851,1800,80,2026-07-13T11:45:59.12679+00:00
4852,1801,1192,2026-07-13T11:45:59.12679+00:00
4853,1802,793,2026-07-13T11:45:59.12679+00:00
4854,1802,1201,2026-07-13T11:45:59.12679+00:00
4855,1803,850,2026-07-13T11:45:59.12679+00:00
4856,1803,1172,2026-07-13T11:45:59.12679+00:00
4857,1804,1194,2026-07-13T11:45:59.12679+00:00
4858,1805,1009,2026-07-13T11:45:59.12679+00:00
4859,1806,1138,2026-07-13T11:45:59.12679+00:00
4860,1808,372,2026-07-13T11:45:59.12679+00:00
4861,1808,1172,2026-07-13T11:45:59.12679+00:00
4862,1810,745,2026-07-13T11:45:59.12679+00:00
4863,1811,925,2026-07-13T11:45:59.12679+00:00
4864,1812,856,2026-07-13T11:45:59.12679+00:00
4865,1814,1127,2026-07-13T11:45:59.12679+00:00
4866,1815,846,2026-07-13T11:45:59.12679+00:00
4867,1817,1221,2026-07-13T11:45:59.12679+00:00
4868,1818,1035,2026-07-13T11:45:59.12679+00:00
4869,1819,1138,2026-07-13T11:45:59.12679+00:00
4870,1820,523,2026-07-13T11:45:59.12679+00:00
4871,1821,207,2026-07-13T11:45:59.12679+00:00
4872,1822,939,2026-07-13T11:45:59.12679+00:00
4873,1825,1165,2026-07-13T11:45:59.12679+00:00
4874,1828,841,2026-07-13T11:45:59.12679+00:00
4875,1829,1138,2026-07-13T11:45:59.12679+00:00
4876,1831,793,2026-07-13T11:45:59.12679+00:00
4877,1832,872,2026-07-13T11:45:59.12679+00:00
4878,1832,1115,2026-07-13T11:45:59.12679+00:00
4879,1833,184,2026-07-13T11:45:59.12679+00:00
4880,1833,461,2026-07-13T11:45:59.12679+00:00
4881,1834,1064,2026-07-13T11:45:59.12679+00:00
4882,1834,1153,2026-07-13T11:45:59.12679+00:00
4883,1836,1208,2026-07-13T11:45:59.12679+00:00
4884,1837,1172,2026-07-13T11:45:59.12679+00:00
4885,1838,1134,2026-07-13T11:45:59.12679+00:00
4886,1839,834,2026-07-13T11:45:59.12679+00:00
4887,1840,749,2026-07-13T11:45:59.12679+00:00
4888,1842,709,2026-07-13T11:45:59.12679+00:00
4889,1844,901,2026-07-13T11:45:59.12679+00:00
4890,1844,1161,2026-07-13T11:45:59.12679+00:00
4891,1846,79,2026-07-13T11:45:59.12679+00:00
4892,1846,836,2026-07-13T11:45:59.12679+00:00
4893,1847,1162,2026-07-13T11:45:59.12679+00:00
4894,1848,1130,2026-07-13T11:45:59.12679+00:00
4895,1849,826,2026-07-13T11:45:59.12679+00:00
4896,1849,1175,2026-07-13T11:45:59.12679+00:00
4897,1850,1068,2026-07-13T11:45:59.12679+00:00
4898,1852,897,2026-07-13T11:45:59.12679+00:00
4899,1852,1022,2026-07-13T11:45:59.12679+00:00
4900,1852,1175,2026-07-13T11:45:59.12679+00:00
4901,1853,680,2026-07-13T11:45:59.12679+00:00
4902,1854,85,2026-07-13T11:45:59.12679+00:00
4903,1854,1115,2026-07-13T11:45:59.12679+00:00
4904,1856,1008,2026-07-13T11:45:59.12679+00:00
4905,1856,1161,2026-07-13T11:45:59.12679+00:00
4906,1859,109,2026-07-13T11:45:59.12679+00:00
4907,1859,1078,2026-07-13T11:45:59.12679+00:00
4908,1859,1118,2026-07-13T11:45:59.12679+00:00
4909,1861,1226,2026-07-13T11:45:59.12679+00:00
4910,1863,534,2026-07-13T11:45:59.12679+00:00
4911,1864,1161,2026-07-13T11:45:59.12679+00:00
4912,1865,1078,2026-07-13T11:45:59.12679+00:00
4913,1866,633,2026-07-13T11:45:59.12679+00:00
4914,1867,826,2026-07-13T11:45:59.12679+00:00
4915,1867,965,2026-07-13T11:45:59.12679+00:00
4916,1867,1203,2026-07-13T11:45:59.12679+00:00
4917,1868,741,2026-07-13T11:45:59.12679+00:00
4918,1869,850,2026-07-13T11:45:59.12679+00:00
4919,1872,154,2026-07-13T11:45:59.12679+00:00
4920,1872,866,2026-07-13T11:45:59.12679+00:00
4921,1873,840,2026-07-13T11:45:59.12679+00:00
4922,1874,861,2026-07-13T11:45:59.12679+00:00
4923,1876,545,2026-07-13T11:45:59.12679+00:00
4924,1876,1078,2026-07-13T11:45:59.12679+00:00
4925,1876,1175,2026-07-13T11:45:59.12679+00:00
4926,1877,764,2026-07-13T11:45:59.12679+00:00
4927,1877,947,2026-07-13T11:45:59.12679+00:00
4928,1877,1135,2026-07-13T11:45:59.12679+00:00
4929,1878,1130,2026-07-13T11:45:59.12679+00:00
4930,1880,897,2026-07-13T11:45:59.12679+00:00
4931,1880,1208,2026-07-13T11:45:59.12679+00:00
4932,1882,96,2026-07-13T11:45:59.12679+00:00
4933,1882,1004,2026-07-13T11:45:59.12679+00:00
4934,1883,919,2026-07-13T11:45:59.12679+00:00
4935,1885,850,2026-07-13T11:45:59.12679+00:00
4936,1885,919,2026-07-13T11:45:59.12679+00:00
4937,1886,1204,2026-07-13T11:45:59.12679+00:00
4938,1886,1279,2026-07-13T11:45:59.12679+00:00
4939,1887,886,2026-07-13T11:45:59.12679+00:00
4940,1887,997,2026-07-13T11:45:59.12679+00:00
4941,1888,919,2026-07-13T11:45:59.12679+00:00
4942,1889,190,2026-07-13T11:45:59.12679+00:00
4943,1889,1492,2026-07-13T11:45:59.12679+00:00
4944,1891,488,2026-07-13T11:45:59.12679+00:00
4945,1894,80,2026-07-13T11:45:59.12679+00:00
4946,1895,1192,2026-07-13T11:45:59.12679+00:00
4947,1896,966,2026-07-13T11:45:59.12679+00:00
4948,1897,831,2026-07-13T11:45:59.12679+00:00
4949,1898,709,2026-07-13T11:45:59.12679+00:00
4950,1898,965,2026-07-13T11:45:59.12679+00:00
4951,1899,849,2026-07-13T11:45:59.12679+00:00
4952,1899,1099,2026-07-13T11:45:59.12679+00:00
4953,1900,1138,2026-07-13T11:45:59.12679+00:00
4954,1900,1346,2026-07-13T11:45:59.12679+00:00
4955,1901,841,2026-07-13T11:45:59.12679+00:00
4956,1902,867,2026-07-13T11:45:59.12679+00:00
4957,1903,523,2026-07-13T11:45:59.12679+00:00
4958,1905,850,2026-07-13T11:45:59.12679+00:00
4959,1905,909,2026-07-13T11:45:59.12679+00:00
4960,1905,980,2026-07-13T11:45:59.12679+00:00
4961,1905,1138,2026-07-13T11:45:59.12679+00:00
4962,1908,545,2026-07-13T11:45:59.12679+00:00
4963,1909,840,2026-07-13T11:45:59.12679+00:00
4964,1909,1038,2026-07-13T11:45:59.12679+00:00
4965,1910,810,2026-07-13T11:45:59.12679+00:00
4966,1912,687,2026-07-13T11:45:59.12679+00:00
4967,1912,836,2026-07-13T11:45:59.12679+00:00
4968,1913,672,2026-07-13T11:45:59.12679+00:00
4969,1914,834,2026-07-13T11:45:59.12679+00:00
4970,1915,841,2026-07-13T11:45:59.12679+00:00
4971,1915,1161,2026-07-13T11:45:59.12679+00:00
4972,1918,850,2026-07-13T11:45:59.12679+00:00
4973,1919,890,2026-07-13T11:45:59.12679+00:00
4974,1919,1117,2026-07-13T11:45:59.12679+00:00
4975,1920,977,2026-07-13T11:45:59.12679+00:00
4976,1920,1159,2026-07-13T11:45:59.12679+00:00
4977,1922,887,2026-07-13T11:45:59.12679+00:00
4978,1922,1128,2026-07-13T11:45:59.12679+00:00
4979,1923,810,2026-07-13T11:45:59.12679+00:00
4980,1924,933,2026-07-13T11:45:59.12679+00:00
4981,1924,1219,2026-07-13T11:45:59.12679+00:00
4982,1925,841,2026-07-13T11:45:59.12679+00:00
4983,1926,1118,2026-07-13T11:45:59.12679+00:00
4984,1927,909,2026-07-13T11:45:59.12679+00:00
4985,1927,919,2026-07-13T11:45:59.12679+00:00
4986,1927,957,2026-07-13T11:45:59.12679+00:00
4987,1927,1138,2026-07-13T11:45:59.12679+00:00
4988,1928,975,2026-07-13T11:45:59.12679+00:00
4989,1929,1095,2026-07-13T11:45:59.12679+00:00
4990,1930,286,2026-07-13T11:45:59.12679+00:00
4991,1930,1078,2026-07-13T11:45:59.12679+00:00
4992,1931,187,2026-07-13T11:45:59.12679+00:00
4993,1933,1204,2026-07-13T11:45:59.12679+00:00
4994,1934,771,2026-07-13T11:45:59.12679+00:00
4995,1934,1201,2026-07-13T11:45:59.12679+00:00
4996,1935,94,2026-07-13T11:45:59.12679+00:00
4997,1937,1176,2026-07-13T11:45:59.12679+00:00
4998,1938,941,2026-07-13T11:45:59.12679+00:00
4999,1938,997,2026-07-13T11:45:59.12679+00:00
5000,1939,1161,2026-07-13T11:45:59.12679+00:00
5001,1940,1101,2026-07-13T11:45:59.12679+00:00
5002,1942,840,2026-07-13T11:45:59.12679+00:00
5003,1943,643,2026-07-13T11:45:59.12679+00:00
5004,1944,968,2026-07-13T11:45:59.12679+00:00
5005,1946,841,2026-07-13T11:45:59.12679+00:00
5006,1946,909,2026-07-13T11:45:59.12679+00:00
5007,1946,957,2026-07-13T11:45:59.12679+00:00
5008,1946,1138,2026-07-13T11:45:59.12679+00:00
5009,1946,1161,2026-07-13T11:45:59.12679+00:00
5010,1947,1098,2026-07-13T11:45:59.12679+00:00
5011,1948,909,2026-07-13T11:45:59.12679+00:00
5012,1948,980,2026-07-13T11:45:59.12679+00:00
5013,1948,1115,2026-07-13T11:45:59.12679+00:00
5014,1950,689,2026-07-13T11:45:59.12679+00:00
5015,1950,878,2026-07-13T11:45:59.12679+00:00
5016,1951,1248,2026-07-13T11:45:59.12679+00:00
5017,1952,431,2026-07-13T11:45:59.12679+00:00
5018,1952,457,2026-07-13T11:45:59.12679+00:00
5019,1953,1488,2026-07-13T11:45:59.12679+00:00
5020,1954,1107,2026-07-13T11:45:59.12679+00:00
5021,1955,44,2026-07-13T11:45:59.12679+00:00
5022,1956,741,2026-07-13T11:45:59.12679+00:00
5023,1957,842,2026-07-13T11:45:59.12679+00:00
5024,1957,1161,2026-07-13T11:45:59.12679+00:00
5025,1958,193,2026-07-13T11:45:59.12679+00:00
5026,1959,1187,2026-07-13T11:45:59.12679+00:00
5027,1960,897,2026-07-13T11:45:59.12679+00:00
5028,1960,1138,2026-07-13T11:45:59.12679+00:00
5029,1961,184,2026-07-13T11:45:59.12679+00:00
5030,1961,689,2026-07-13T11:45:59.12679+00:00
5031,1963,787,2026-07-13T11:45:59.12679+00:00
5032,1964,1161,2026-07-13T11:45:59.12679+00:00
5033,1965,588,2026-07-13T11:45:59.12679+00:00
5034,1966,897,2026-07-13T11:45:59.12679+00:00
5035,1967,1164,2026-07-13T11:45:59.12679+00:00
5036,1968,940,2026-07-13T11:45:59.12679+00:00
5037,1968,1215,2026-07-13T11:45:59.12679+00:00
5038,1969,820,2026-07-13T11:45:59.12679+00:00
5039,1969,1161,2026-07-13T11:45:59.12679+00:00
5040,1970,129,2026-07-13T11:45:59.12679+00:00
5041,1970,866,2026-07-13T11:45:59.12679+00:00
5042,1971,957,2026-07-13T11:45:59.12679+00:00
5043,1971,1162,2026-07-13T11:45:59.12679+00:00
5044,1973,897,2026-07-13T11:45:59.12679+00:00
5045,1974,1426,2026-07-13T11:45:59.12679+00:00
5046,1975,1035,2026-07-13T11:45:59.12679+00:00
5047,1977,523,2026-07-13T11:45:59.12679+00:00
5048,1977,664,2026-07-13T11:45:59.12679+00:00
5049,1978,901,2026-07-13T11:45:59.12679+00:00
5050,1978,1123,2026-07-13T11:45:59.12679+00:00
5051,1979,85,2026-07-13T11:45:59.12679+00:00
5052,1979,699,2026-07-13T11:45:59.12679+00:00
5053,1980,167,2026-07-13T11:45:59.12679+00:00
5054,1980,1044,2026-07-13T11:45:59.12679+00:00
5055,1982,689,2026-07-13T11:45:59.12679+00:00
5056,1983,897,2026-07-13T11:45:59.12679+00:00
5057,1983,1229,2026-07-13T11:45:59.12679+00:00
5058,1984,963,2026-07-13T11:45:59.12679+00:00
5059,1984,994,2026-07-13T11:45:59.12679+00:00
5060,1984,1203,2026-07-13T11:45:59.12679+00:00
5061,1985,1206,2026-07-13T11:45:59.12679+00:00
5062,1986,957,2026-07-13T11:45:59.12679+00:00
5063,1988,861,2026-07-13T11:45:59.12679+00:00
5064,1989,957,2026-07-13T11:45:59.12679+00:00
5065,1989,1213,2026-07-13T11:45:59.12679+00:00
5066,1995,680,2026-07-13T11:45:59.12679+00:00
5067,1998,80,2026-07-13T11:45:59.12679+00:00
5068,1999,1138,2026-07-13T11:45:59.12679+00:00
5069,2000,856,2026-07-13T11:45:59.12679+00:00
5070,2000,1181,2026-07-13T11:45:59.12679+00:00
5071,2001,836,2026-07-13T11:45:59.12679+00:00
5072,2003,338,2026-07-13T11:45:59.12679+00:00
5073,2007,787,2026-07-13T11:45:59.12679+00:00
5074,2009,856,2026-07-13T11:45:59.12679+00:00
5075,2010,1013,2026-07-13T11:45:59.12679+00:00
5076,2011,431,2026-07-13T11:45:59.12679+00:00
5077,2011,576,2026-07-13T11:45:59.12679+00:00
5078,2013,689,2026-07-13T11:45:59.12679+00:00
5079,2013,1213,2026-07-13T11:45:59.12679+00:00
5080,2014,707,2026-07-13T11:45:59.12679+00:00
5081,2014,766,2026-07-13T11:45:59.12679+00:00
5082,2017,1380,2026-07-13T11:45:59.12679+00:00
5083,2018,881,2026-07-13T11:45:59.12679+00:00
5084,2019,151,2026-07-13T11:45:59.12679+00:00
5085,2020,742,2026-07-13T11:45:59.12679+00:00
5086,2021,85,2026-07-13T11:45:59.12679+00:00
5087,2021,887,2026-07-13T11:45:59.12679+00:00
5088,2022,939,2026-07-13T11:45:59.12679+00:00
5089,2023,689,2026-07-13T11:45:59.12679+00:00
5090,2024,735,2026-07-13T11:45:59.12679+00:00
5091,2026,843,2026-07-13T11:45:59.12679+00:00
5092,2028,951,2026-07-13T11:45:59.12679+00:00
5093,2029,847,2026-07-13T11:45:59.12679+00:00
5094,2034,997,2026-07-13T11:45:59.12679+00:00
5095,2036,847,2026-07-13T11:45:59.12679+00:00
5096,2036,1037,2026-07-13T11:45:59.12679+00:00
5097,2039,784,2026-07-13T11:45:59.12679+00:00
5098,2039,1023,2026-07-13T11:45:59.12679+00:00
5099,2040,584,2026-07-13T11:45:59.12679+00:00
5100,2040,1213,2026-07-13T11:45:59.12679+00:00
5101,2040,1492,2026-07-13T11:45:59.12679+00:00
5102,2041,76,2026-07-13T11:45:59.12679+00:00
5103,2042,171,2026-07-13T11:45:59.12679+00:00
5104,2043,779,2026-07-13T11:45:59.12679+00:00
5105,2045,682,2026-07-13T11:45:59.12679+00:00
5106,2045,819,2026-07-13T11:45:59.12679+00:00
5107,2046,634,2026-07-13T11:45:59.12679+00:00
5108,2046,892,2026-07-13T11:45:59.12679+00:00
5109,2047,211,2026-07-13T11:45:59.12679+00:00
5110,2047,939,2026-07-13T11:45:59.12679+00:00
5111,2050,1013,2026-07-13T11:45:59.12679+00:00
5112,2051,359,2026-07-13T11:45:59.12679+00:00
5113,2054,786,2026-07-13T11:45:59.12679+00:00
5114,2055,169,2026-07-13T11:45:59.12679+00:00
5116,2056,1207,2026-07-13T11:45:59.12679+00:00
5117,2058,611,2026-07-13T11:45:59.12679+00:00
5118,2059,878,2026-07-13T11:45:59.12679+00:00
5119,2061,1494,2026-07-13T11:45:59.12679+00:00
5120,2062,44,2026-07-13T11:45:59.12679+00:00
5121,2063,76,2026-07-13T11:45:59.12679+00:00
5122,2065,494,2026-07-13T11:45:59.12679+00:00
5123,2065,965,2026-07-13T11:45:59.12679+00:00
5124,2067,819,2026-07-13T11:45:59.12679+00:00
5125,2072,761,2026-07-13T11:45:59.12679+00:00
5126,2072,927,2026-07-13T11:45:59.12679+00:00
5127,2072,1153,2026-07-13T11:45:59.12679+00:00
5128,2073,436,2026-07-13T11:45:59.12679+00:00
5129,2074,1494,2026-07-13T11:45:59.12679+00:00
5130,2075,818,2026-07-13T11:45:59.12679+00:00
5131,2077,878,2026-07-13T11:45:59.12679+00:00
5132,2079,1008,2026-07-13T11:45:59.12679+00:00
5133,2080,350,2026-07-13T11:45:59.12679+00:00
5134,2081,515,2026-07-13T11:45:59.12679+00:00
5135,2084,887,2026-07-13T11:45:59.12679+00:00
5136,2084,1101,2026-07-13T11:45:59.12679+00:00
5137,2085,896,2026-07-13T11:45:59.12679+00:00
5138,2086,503,2026-07-13T11:45:59.12679+00:00
5139,2090,85,2026-07-13T11:45:59.12679+00:00
5140,2090,1324,2026-07-13T11:45:59.12679+00:00
5141,2091,1078,2026-07-13T11:45:59.12679+00:00
5142,2091,1164,2026-07-13T11:45:59.12679+00:00
5143,2092,129,2026-07-13T11:45:59.12679+00:00
5144,2093,951,2026-07-13T11:45:59.12679+00:00
5145,2094,1038,2026-07-13T11:45:59.12679+00:00
5146,2095,1474,2026-07-13T11:45:59.12679+00:00
5147,2098,79,2026-07-13T11:45:59.12679+00:00
5148,2098,738,2026-07-13T11:45:59.12679+00:00
5149,2099,1354,2026-07-13T11:45:59.12679+00:00
5150,2100,851,2026-07-13T11:45:59.12679+00:00
5151,2100,1207,2026-07-13T11:45:59.12679+00:00
5152,2104,129,2026-07-13T11:45:59.12679+00:00
5153,2104,1078,2026-07-13T11:45:59.12679+00:00
5154,2106,1153,2026-07-13T11:45:59.12679+00:00
5155,2107,766,2026-07-13T11:45:59.12679+00:00
5156,2108,942,2026-07-13T11:45:59.12679+00:00
5157,2110,787,2026-07-13T11:45:59.12679+00:00
5158,2112,985,2026-07-13T11:45:59.12679+00:00
5159,2113,787,2026-07-13T11:45:59.12679+00:00
5160,2114,840,2026-07-13T11:45:59.12679+00:00
5161,2114,1078,2026-07-13T11:45:59.12679+00:00
5162,2116,772,2026-07-13T11:45:59.12679+00:00
5163,2117,700,2026-07-13T11:45:59.12679+00:00
5164,2117,1459,2026-07-13T11:45:59.12679+00:00
5165,2118,205,2026-07-13T11:45:59.12679+00:00
5166,2119,818,2026-07-13T11:45:59.12679+00:00
5167,2119,1023,2026-07-13T11:45:59.12679+00:00
5168,2123,897,2026-07-13T11:45:59.12679+00:00
5169,2128,809,2026-07-13T11:45:59.12679+00:00
5170,2128,897,2026-07-13T11:45:59.12679+00:00
5171,2133,897,2026-07-13T11:45:59.12679+00:00
5172,2134,85,2026-07-13T11:45:59.12679+00:00
5173,2134,841,2026-07-13T11:45:59.12679+00:00
5174,2137,809,2026-07-13T11:45:59.12679+00:00
5175,2137,810,2026-07-13T11:45:59.12679+00:00
5176,2139,849,2026-07-13T11:45:59.12679+00:00
5177,2139,1203,2026-07-13T11:45:59.12679+00:00
5178,2140,85,2026-07-13T11:45:59.12679+00:00
5179,2140,887,2026-07-13T11:45:59.12679+00:00
5180,2142,803,2026-07-13T11:45:59.12679+00:00
5181,2142,856,2026-07-13T11:45:59.12679+00:00
5182,2142,1216,2026-07-13T11:45:59.12679+00:00
5183,2143,1078,2026-07-13T11:45:59.12679+00:00
5184,2147,789,2026-07-13T11:45:59.12679+00:00
5185,2148,614,2026-07-13T11:45:59.12679+00:00
5186,2149,850,2026-07-13T11:45:59.12679+00:00
5187,2149,856,2026-07-13T11:45:59.12679+00:00
5188,2150,738,2026-07-13T11:45:59.12679+00:00
5189,2151,834,2026-07-13T11:45:59.12679+00:00
5190,2152,1492,2026-07-13T11:45:59.12679+00:00
5191,2153,745,2026-07-13T11:45:59.12679+00:00
5192,2155,1474,2026-07-13T11:45:59.12679+00:00
5193,2157,881,2026-07-13T11:45:59.12679+00:00
5194,2160,790,2026-07-13T11:45:59.12679+00:00
5195,2160,842,2026-07-13T11:45:59.12679+00:00
5196,2162,895,2026-07-13T11:45:59.12679+00:00
5198,2164,185,2026-07-13T11:45:59.12679+00:00
5199,2164,509,2026-07-13T11:45:59.12679+00:00
5200,2166,735,2026-07-13T11:45:59.12679+00:00
5201,2167,350,2026-07-13T11:45:59.12679+00:00
5202,2167,887,2026-07-13T11:45:59.12679+00:00
5203,2168,1008,2026-07-13T11:45:59.12679+00:00
5204,2169,687,2026-07-13T11:45:59.12679+00:00
5205,2171,822,2026-07-13T11:45:59.12679+00:00
5206,2171,1000,2026-07-13T11:45:59.12679+00:00
5207,2172,912,2026-07-13T11:45:59.12679+00:00
5208,2173,897,2026-07-13T11:45:59.12679+00:00
5209,2173,951,2026-07-13T11:45:59.12679+00:00
5210,2174,887,2026-07-13T11:45:59.12679+00:00
5211,2175,849,2026-07-13T11:45:59.12679+00:00
5212,2175,1030,2026-07-13T11:45:59.12679+00:00
5213,2176,932,2026-07-13T11:45:59.12679+00:00
5214,2177,716,2026-07-13T11:45:59.12679+00:00
5215,2177,869,2026-07-13T11:45:59.12679+00:00
5216,2178,709,2026-07-13T11:45:59.12679+00:00
5217,2179,814,2026-07-13T11:45:59.12679+00:00
5218,2180,1122,2026-07-13T11:45:59.12679+00:00
5219,2181,810,2026-07-13T11:45:59.12679+00:00
5220,2182,988,2026-07-13T11:45:59.12679+00:00
5221,2182,1023,2026-07-13T11:45:59.12679+00:00
5222,2182,1162,2026-07-13T11:45:59.12679+00:00
5223,2183,861,2026-07-13T11:45:59.12679+00:00
5224,2185,847,2026-07-13T11:45:59.12679+00:00
5225,2186,1042,2026-07-13T11:45:59.12679+00:00
5226,2187,759,2026-07-13T11:45:59.12679+00:00
5227,2188,211,2026-07-13T11:45:59.12679+00:00
5228,2188,861,2026-07-13T11:45:59.12679+00:00
5229,2189,486,2026-07-13T11:45:59.12679+00:00
5230,2191,969,2026-07-13T11:45:59.12679+00:00
5231,2192,138,2026-07-13T11:45:59.12679+00:00
5232,2193,1346,2026-07-13T11:45:59.12679+00:00
5233,2194,886,2026-07-13T11:45:59.12679+00:00
5234,2194,951,2026-07-13T11:45:59.12679+00:00
5235,2195,503,2026-07-13T11:45:59.12679+00:00
5236,2198,708,2026-07-13T11:45:59.12679+00:00
5237,2198,741,2026-07-13T11:45:59.12679+00:00
5238,2199,748,2026-07-13T11:45:59.12679+00:00
5239,2200,819,2026-07-13T11:45:59.12679+00:00
5240,2201,724,2026-07-13T11:45:59.12679+00:00
5241,2202,901,2026-07-13T11:45:59.12679+00:00
5242,2202,986,2026-07-13T11:45:59.12679+00:00
5243,2203,834,2026-07-13T11:45:59.12679+00:00
5244,2204,848,2026-07-13T11:45:59.12679+00:00
5245,2206,1380,2026-07-13T11:45:59.12679+00:00
5246,2208,581,2026-07-13T11:45:59.12679+00:00
5247,2209,843,2026-07-13T11:45:59.12679+00:00
5248,2210,310,2026-07-13T11:45:59.12679+00:00
5249,2210,997,2026-07-13T11:45:59.12679+00:00
5250,2211,881,2026-07-13T11:45:59.12679+00:00
5251,2212,766,2026-07-13T11:45:59.12679+00:00
5252,2213,850,2026-07-13T11:45:59.12679+00:00
5253,2215,825,2026-07-13T11:45:59.12679+00:00
5254,2216,1008,2026-07-13T11:45:59.12679+00:00
5255,2218,941,2026-07-13T11:45:59.12679+00:00
5256,2218,951,2026-07-13T11:45:59.12679+00:00
5257,2220,1022,2026-07-13T11:45:59.12679+00:00
5258,2221,932,2026-07-13T11:45:59.12679+00:00
5259,2222,881,2026-07-13T11:45:59.12679+00:00
5260,2223,154,2026-07-13T11:45:59.12679+00:00
5261,2223,1078,2026-07-13T11:45:59.12679+00:00
5262,2224,1037,2026-07-13T11:45:59.12679+00:00
5263,2225,1078,2026-07-13T11:45:59.12679+00:00
5264,2226,581,2026-07-13T11:45:59.12679+00:00
5265,2227,786,2026-07-13T11:45:59.12679+00:00
5266,2228,942,2026-07-13T11:45:59.12679+00:00
5267,2229,965,2026-07-13T11:45:59.12679+00:00
5268,2229,1070,2026-07-13T11:45:59.12679+00:00
5269,2233,689,2026-07-13T11:45:59.12679+00:00
5270,2234,841,2026-07-13T11:45:59.12679+00:00
5271,2235,1064,2026-07-13T11:45:59.12679+00:00
5272,2236,809,2026-07-13T11:45:59.12679+00:00
5273,2238,975,2026-07-13T11:45:59.12679+00:00
5274,2239,41,2026-07-13T11:45:59.12679+00:00
5275,2242,1004,2026-07-13T11:45:59.12679+00:00
5276,2245,1353,2026-07-13T11:45:59.12679+00:00
5277,2246,850,2026-07-13T11:45:59.12679+00:00
5278,2246,1111,2026-07-13T11:45:59.12679+00:00
5279,2247,841,2026-07-13T11:45:59.12679+00:00
5280,2247,1064,2026-07-13T11:45:59.12679+00:00
5281,2247,1161,2026-07-13T11:45:59.12679+00:00
5282,2248,957,2026-07-13T11:45:59.12679+00:00
5283,2249,757,2026-07-13T11:45:59.12679+00:00
5284,2250,805,2026-07-13T11:45:59.12679+00:00
5285,2252,897,2026-07-13T11:45:59.12679+00:00
5286,2253,1021,2026-07-13T11:45:59.12679+00:00
5287,2256,286,2026-07-13T11:45:59.12679+00:00
5288,2257,840,2026-07-13T11:45:59.12679+00:00
5289,2258,888,2026-07-13T11:45:59.12679+00:00
5290,2259,897,2026-07-13T11:45:59.12679+00:00
5291,2259,1078,2026-07-13T11:45:59.12679+00:00
5292,2260,1459,2026-07-13T11:45:59.12679+00:00
5293,2262,897,2026-07-13T11:45:59.12679+00:00
5294,2263,503,2026-07-13T11:45:59.12679+00:00
5295,2264,897,2026-07-13T11:45:59.12679+00:00
5296,2265,1140,2026-07-13T11:45:59.12679+00:00
5297,2266,836,2026-07-13T11:45:59.12679+00:00
5298,2266,843,2026-07-13T11:45:59.12679+00:00
5299,2267,887,2026-07-13T11:45:59.12679+00:00
5300,2267,1229,2026-07-13T11:45:59.12679+00:00
5301,2268,878,2026-07-13T11:45:59.12679+00:00
5302,2269,258,2026-07-13T11:45:59.12679+00:00
5303,2270,350,2026-07-13T11:45:59.12679+00:00
5304,2271,886,2026-07-13T11:45:59.12679+00:00
5305,2272,729,2026-07-13T11:45:59.12679+00:00
5306,2272,1026,2026-07-13T11:45:59.12679+00:00
5307,2275,887,2026-07-13T11:45:59.12679+00:00
5308,2276,818,2026-07-13T11:45:59.12679+00:00
5309,2277,887,2026-07-13T11:45:59.12679+00:00
5310,2277,914,2026-07-13T11:45:59.12679+00:00
5311,2279,901,2026-07-13T11:45:59.12679+00:00
5312,2280,814,2026-07-13T11:45:59.12679+00:00
5313,2281,722,2026-07-13T11:45:59.12679+00:00
5314,2282,988,2026-07-13T11:45:59.12679+00:00
5315,2283,814,2026-07-13T11:45:59.12679+00:00
5316,2284,826,2026-07-13T11:45:59.12679+00:00
5317,2284,849,2026-07-13T11:45:59.12679+00:00
5318,2285,809,2026-07-13T11:45:59.12679+00:00
5319,2285,897,2026-07-13T11:45:59.12679+00:00
5320,2286,1494,2026-07-13T11:45:59.12679+00:00
5321,2287,1380,2026-07-13T11:45:59.12679+00:00
5322,2288,598,2026-07-13T11:45:59.12679+00:00
5323,2288,1120,2026-07-13T11:45:59.12679+00:00
5324,2290,886,2026-07-13T11:45:59.12679+00:00
5325,2291,897,2026-07-13T11:45:59.12679+00:00
5326,2292,836,2026-07-13T11:45:59.12679+00:00
5327,2293,843,2026-07-13T11:45:59.12679+00:00
5328,2294,819,2026-07-13T11:45:59.12679+00:00
5329,2295,841,2026-07-13T11:45:59.12679+00:00
5330,2296,809,2026-07-13T11:45:59.12679+00:00
5331,2298,897,2026-07-13T11:45:59.12679+00:00
5332,2299,876,2026-07-13T11:45:59.12679+00:00
5333,2299,1120,2026-07-13T11:45:59.12679+00:00
5334,2300,1022,2026-07-13T11:45:59.12679+00:00
5335,2300,1175,2026-07-13T11:45:59.12679+00:00
5336,2301,211,2026-07-13T11:45:59.12679+00:00
5337,2303,834,2026-07-13T11:45:59.12679+00:00
5338,2304,1018,2026-07-13T11:45:59.12679+00:00
5339,2305,1038,2026-07-13T11:45:59.12679+00:00
5340,2307,897,2026-07-13T11:45:59.12679+00:00
5341,2309,878,2026-07-13T11:45:59.12679+00:00
5342,2310,85,2026-07-13T11:45:59.12679+00:00
5343,2311,819,2026-07-13T11:45:59.12679+00:00
5344,2313,825,2026-07-13T11:45:59.12679+00:00
5345,2313,878,2026-07-13T11:45:59.12679+00:00
5346,2314,951,2026-07-13T11:45:59.12679+00:00
5347,2315,761,2026-07-13T11:45:59.12679+00:00
5348,2316,1038,2026-07-13T11:45:59.12679+00:00
5349,2317,1060,2026-07-13T11:45:59.12679+00:00
5350,2318,886,2026-07-13T11:45:59.12679+00:00
5351,2319,965,2026-07-13T11:45:59.12679+00:00
5352,2320,997,2026-07-13T11:45:59.12679+00:00
5353,2323,836,2026-07-13T11:45:59.12679+00:00
5354,2324,836,2026-07-13T11:45:59.12679+00:00
5355,2325,965,2026-07-13T11:45:59.12679+00:00
5356,2327,286,2026-07-13T11:45:59.12679+00:00
5357,2328,1059,2026-07-13T11:45:59.12679+00:00
5358,2329,841,2026-07-13T11:45:59.12679+00:00
5359,2330,856,2026-07-13T11:45:59.12679+00:00
5360,2330,992,2026-07-13T11:45:59.12679+00:00
5361,2331,819,2026-07-13T11:45:59.12679+00:00
5362,2332,1071,2026-07-13T11:45:59.12679+00:00
5363,2333,96,2026-07-13T11:45:59.12679+00:00
5364,2334,689,2026-07-13T11:45:59.12679+00:00
5365,2335,1036,2026-07-13T11:45:59.12679+00:00
5366,2336,858,2026-07-13T11:45:59.12679+00:00
5368,2339,1230,2026-07-13T11:45:59.12679+00:00
5369,2341,1166,2026-07-13T11:45:59.12679+00:00
5370,2342,1229,2026-07-13T11:45:59.12679+00:00
5371,2342,1380,2026-07-13T11:45:59.12679+00:00
5372,2343,951,2026-07-13T11:45:59.12679+00:00
5373,2344,832,2026-07-13T11:45:59.12679+00:00
5374,2345,925,2026-07-13T11:45:59.12679+00:00
5375,2346,864,2026-07-13T11:45:59.12679+00:00
5376,2347,1036,2026-07-13T11:45:59.12679+00:00
5377,2348,1013,2026-07-13T11:45:59.12679+00:00
5378,2349,617,2026-07-13T11:45:59.12679+00:00
5379,2350,211,2026-07-13T11:45:59.12679+00:00
5380,2350,843,2026-07-13T11:45:59.12679+00:00
5381,2352,897,2026-07-13T11:45:59.12679+00:00
5382,2352,951,2026-07-13T11:45:59.12679+00:00
5383,2353,841,2026-07-13T11:45:59.12679+00:00
5384,2354,255,2026-07-13T11:45:59.12679+00:00
5385,2354,293,2026-07-13T11:45:59.12679+00:00
5386,2355,887,2026-07-13T11:45:59.12679+00:00
5387,2356,897,2026-07-13T11:45:59.12679+00:00
5388,2357,878,2026-07-13T11:45:59.12679+00:00
5389,2357,951,2026-07-13T11:45:59.12679+00:00
5390,2358,1044,2026-07-13T11:45:59.12679+00:00
5391,2359,897,2026-07-13T11:45:59.12679+00:00
5392,2360,781,2026-07-13T11:45:59.12679+00:00
5393,2360,1078,2026-07-13T11:45:59.12679+00:00
5394,2361,276,2026-07-13T11:45:59.12679+00:00
5395,2362,919,2026-07-13T11:45:59.12679+00:00
5396,2364,1494,2026-07-13T11:45:59.12679+00:00
5397,2365,123,2026-07-13T11:45:59.12679+00:00
5398,2365,850,2026-07-13T11:45:59.12679+00:00
5399,2365,1138,2026-07-13T11:45:59.12679+00:00
5400,2367,847,2026-07-13T11:45:59.12679+00:00
5401,2369,1380,2026-07-13T11:45:59.12679+00:00
5402,2370,211,2026-07-13T11:45:59.12679+00:00
5403,2370,373,2026-07-13T11:45:59.12679+00:00
5404,2371,1013,2026-07-13T11:45:59.12679+00:00
5405,2372,836,2026-07-13T11:45:59.12679+00:00
5406,2373,492,2026-07-13T11:45:59.12679+00:00
5407,2376,847,2026-07-13T11:45:59.12679+00:00
5408,2377,41,2026-07-13T11:45:59.12679+00:00
5409,2377,1044,2026-07-13T11:45:59.12679+00:00
5410,2378,850,2026-07-13T11:45:59.12679+00:00
5411,2379,846,2026-07-13T11:45:59.12679+00:00
5412,2380,820,2026-07-13T11:45:59.12679+00:00
5413,2381,1401,2026-07-13T11:45:59.12679+00:00
5414,2382,957,2026-07-13T11:45:59.12679+00:00
5415,2383,1115,2026-07-13T11:45:59.12679+00:00
5416,2384,970,2026-07-13T11:45:59.12679+00:00
5417,2385,951,2026-07-13T11:45:59.12679+00:00
5418,2385,1115,2026-07-13T11:45:59.12679+00:00
5419,2387,1220,2026-07-13T11:45:59.12679+00:00
5420,2388,1006,2026-07-13T11:45:59.12679+00:00
5421,2389,401,2026-07-13T11:45:59.12679+00:00
5422,2390,1126,2026-07-13T11:45:59.12679+00:00
5423,2391,1064,2026-07-13T11:45:59.12679+00:00
5424,2391,1229,2026-07-13T11:45:59.12679+00:00
5425,2393,1064,2026-07-13T11:45:59.12679+00:00
5426,2398,72,2026-07-13T11:45:59.12679+00:00
5427,2399,545,2026-07-13T11:45:59.12679+00:00
5428,2400,310,2026-07-13T11:45:59.12679+00:00
5429,2403,1447,2026-07-13T11:45:59.12679+00:00
5430,2406,1370,2026-07-13T11:45:59.12679+00:00
5431,2410,310,2026-07-13T11:45:59.12679+00:00
5432,2411,1148,2026-07-13T11:45:59.12679+00:00
5433,2412,1115,2026-07-13T11:45:59.12679+00:00
5434,2413,1115,2026-07-13T11:45:59.12679+00:00
5435,2414,1213,2026-07-13T11:45:59.12679+00:00
5436,2416,43,2026-07-13T11:45:59.12679+00:00
5437,2417,545,2026-07-13T11:45:59.12679+00:00
5438,2418,919,2026-07-13T11:45:59.12679+00:00
5439,2419,719,2026-07-13T11:45:59.12679+00:00
5440,2420,1115,2026-07-13T11:45:59.12679+00:00
5441,2421,1161,2026-07-13T11:45:59.12679+00:00
5442,2422,1222,2026-07-13T11:45:59.12679+00:00
5443,2424,1206,2026-07-13T11:45:59.12679+00:00
5444,2426,1222,2026-07-13T11:45:59.12679+00:00
5445,2427,603,2026-07-13T11:45:59.12679+00:00
5446,2428,1047,2026-07-13T11:45:59.12679+00:00
5447,2430,919,2026-07-13T11:45:59.12679+00:00
5448,2431,8,2026-07-13T11:45:59.12679+00:00
5449,2431,1160,2026-07-13T11:45:59.12679+00:00
5450,2432,1151,2026-07-13T11:45:59.12679+00:00
5451,2433,29,2026-07-13T11:45:59.12679+00:00
5452,2433,1215,2026-07-13T11:45:59.12679+00:00
5453,2434,997,2026-07-13T11:45:59.12679+00:00
5454,2435,1215,2026-07-13T11:45:59.12679+00:00
5455,2436,1144,2026-07-13T11:45:59.12679+00:00
5456,2437,997,2026-07-13T11:45:59.12679+00:00
5457,2437,1161,2026-07-13T11:45:59.12679+00:00
5458,2439,61,2026-07-13T11:45:59.12679+00:00
5459,2442,1162,2026-07-13T11:45:59.12679+00:00
5460,2443,61,2026-07-13T11:45:59.12679+00:00
5461,2444,199,2026-07-13T11:45:59.12679+00:00
5462,2444,1162,2026-07-13T11:45:59.12679+00:00
5463,2445,1138,2026-07-13T11:45:59.12679+00:00
5464,2446,61,2026-07-13T11:45:59.12679+00:00
5465,2447,707,2026-07-13T11:45:59.12679+00:00
5466,2447,1138,2026-07-13T11:45:59.12679+00:00
5467,2449,22,2026-07-13T11:45:59.12679+00:00
5468,2450,706,2026-07-13T11:45:59.12679+00:00
5469,2450,1138,2026-07-13T11:45:59.12679+00:00
5470,2451,67,2026-07-13T11:45:59.12679+00:00
5471,2452,61,2026-07-13T11:45:59.12679+00:00
5472,2453,1119,2026-07-13T11:45:59.12679+00:00
5473,2454,1138,2026-07-13T11:45:59.12679+00:00
5474,2455,61,2026-07-13T11:45:59.12679+00:00
5475,2456,1226,2026-07-13T11:45:59.12679+00:00
5476,2458,983,2026-07-13T11:45:59.12679+00:00
5477,2459,957,2026-07-13T11:45:59.12679+00:00
5478,2459,1138,2026-07-13T11:45:59.12679+00:00
5479,2461,1138,2026-07-13T11:45:59.12679+00:00
5480,2462,61,2026-07-13T11:45:59.12679+00:00
5481,2463,1222,2026-07-13T11:45:59.12679+00:00
5482,2464,927,2026-07-13T11:45:59.12679+00:00
5483,2464,1138,2026-07-13T11:45:59.12679+00:00
5484,2467,980,2026-07-13T11:45:59.12679+00:00
5485,2467,1138,2026-07-13T11:45:59.12679+00:00
5486,2468,61,2026-07-13T11:45:59.12679+00:00
5487,2469,1138,2026-07-13T11:45:59.12679+00:00
5488,2469,1161,2026-07-13T11:45:59.12679+00:00
5489,2470,826,2026-07-13T11:45:59.12679+00:00
5490,2470,1138,2026-07-13T11:45:59.12679+00:00
5491,2471,1506,2026-07-13T11:45:59.12679+00:00
5492,2472,1162,2026-07-13T11:45:59.12679+00:00
5493,2473,1115,2026-07-13T11:45:59.12679+00:00
5494,2473,1474,2026-07-13T11:45:59.12679+00:00
5495,2474,615,2026-07-13T11:45:59.12679+00:00
5496,2476,61,2026-07-13T11:45:59.12679+00:00
5497,2477,1272,2026-07-13T11:45:59.12679+00:00
5498,2480,1153,2026-07-13T11:45:59.12679+00:00
5499,2483,897,2026-07-13T11:45:59.12679+00:00
5500,2484,1274,2026-07-13T11:45:59.12679+00:00
5501,2485,689,2026-07-13T11:45:59.12679+00:00
5502,2486,892,2026-07-13T11:45:59.12679+00:00
5503,2487,1175,2026-07-13T11:45:59.12679+00:00
5504,2488,1213,2026-07-13T11:45:59.12679+00:00
5505,2491,286,2026-07-13T11:45:59.12679+00:00
5506,2493,85,2026-07-13T11:45:59.12679+00:00
5507,2493,1498,2026-07-13T11:45:59.12679+00:00
5508,2494,1208,2026-07-13T11:45:59.12679+00:00
5509,2495,1213,2026-07-13T11:45:59.12679+00:00
5510,2496,217,2026-07-13T11:45:59.12679+00:00
5511,2496,1284,2026-07-13T11:45:59.12679+00:00
5512,2499,1284,2026-07-13T11:45:59.12679+00:00
5513,2500,1227,2026-07-13T11:45:59.12679+00:00
5514,2501,85,2026-07-13T11:45:59.12679+00:00
5515,2503,424,2026-07-13T11:45:59.12679+00:00
5516,2504,599,2026-07-13T11:45:59.12679+00:00
5517,2505,79,2026-07-13T11:45:59.12679+00:00
5518,2506,1497,2026-07-13T11:45:59.12679+00:00
5519,2511,1037,2026-07-13T11:45:59.12679+00:00
5520,2513,1047,2026-07-13T11:45:59.12679+00:00
5521,2514,545,2026-07-13T11:45:59.12679+00:00
5522,2515,205,2026-07-13T11:45:59.12679+00:00
5523,2521,85,2026-07-13T11:45:59.12679+00:00
5524,2522,1169,2026-07-13T11:45:59.12679+00:00
5525,2522,1324,2026-07-13T11:45:59.12679+00:00
5526,2523,69,2026-07-13T11:45:59.12679+00:00
5527,2524,1301,2026-07-13T11:45:59.12679+00:00
5528,2525,1037,2026-07-13T11:45:59.12679+00:00
5529,2526,1068,2026-07-13T11:45:59.12679+00:00
5530,2528,1301,2026-07-13T11:45:59.12679+00:00
5531,2529,1164,2026-07-13T11:45:59.12679+00:00
5532,2530,147,2026-07-13T11:45:59.12679+00:00
5533,2532,1230,2026-07-13T11:45:59.12679+00:00
5534,2533,1328,2026-07-13T11:45:59.12679+00:00
5535,2534,1169,2026-07-13T11:45:59.12679+00:00
5536,2535,80,2026-07-13T11:45:59.12679+00:00
5537,2535,809,2026-07-13T11:45:59.12679+00:00
5538,2536,1230,2026-07-13T11:45:59.12679+00:00
5539,2537,1037,2026-07-13T11:45:59.12679+00:00
5540,2538,366,2026-07-13T11:45:59.12679+00:00
5541,2539,809,2026-07-13T11:45:59.12679+00:00
5542,2540,85,2026-07-13T11:45:59.12679+00:00
5543,2541,1037,2026-07-13T11:45:59.12679+00:00
5544,2542,545,2026-07-13T11:45:59.12679+00:00
5545,2544,80,2026-07-13T11:45:59.12679+00:00
5546,2546,398,2026-07-13T11:45:59.12679+00:00
5547,2547,1115,2026-07-13T11:45:59.12679+00:00
5548,2547,1341,2026-07-13T11:45:59.12679+00:00
5549,2548,1169,2026-07-13T11:45:59.12679+00:00
5550,2549,1271,2026-07-13T11:45:59.12679+00:00
5551,2551,1171,2026-07-13T11:45:59.12679+00:00
5552,2551,1377,2026-07-13T11:45:59.12679+00:00
5553,2552,1160,2026-07-13T11:45:59.12679+00:00
5554,2553,860,2026-07-13T11:45:59.12679+00:00
5555,2556,147,2026-07-13T11:45:59.12679+00:00
5556,2557,812,2026-07-13T11:45:59.12679+00:00
5557,2562,680,2026-07-13T11:45:59.12679+00:00
5558,2563,85,2026-07-13T11:45:59.12679+00:00
5559,2563,1115,2026-07-13T11:45:59.12679+00:00
5560,2565,85,2026-07-13T11:45:59.12679+00:00
5561,2565,1399,2026-07-13T11:45:59.12679+00:00
5562,2566,1134,2026-07-13T11:45:59.12679+00:00
5563,2566,1413,2026-07-13T11:45:59.12679+00:00
5564,2569,1357,2026-07-13T11:45:59.12679+00:00
5565,2570,366,2026-07-13T11:45:59.12679+00:00
5566,2572,1365,2026-07-13T11:45:59.12679+00:00
5567,2575,1164,2026-07-13T11:45:59.12679+00:00
5568,2576,1147,2026-07-13T11:45:59.12679+00:00
5569,2577,1164,2026-07-13T11:45:59.12679+00:00
5570,2578,30,2026-07-13T11:45:59.12679+00:00
5571,2582,1196,2026-07-13T11:45:59.12679+00:00
5572,2584,545,2026-07-13T11:45:59.12679+00:00
5573,2585,860,2026-07-13T11:45:59.12679+00:00
5574,2586,1190,2026-07-13T11:45:59.12679+00:00
5575,2588,1095,2026-07-13T11:45:59.12679+00:00
5576,2591,30,2026-07-13T11:45:59.12679+00:00
5577,2593,25,2026-07-13T11:45:59.12679+00:00
5578,2594,310,2026-07-13T11:45:59.12679+00:00
5579,2595,30,2026-07-13T11:45:59.12679+00:00
5580,2597,1141,2026-07-13T11:45:59.12679+00:00
5581,2598,1064,2026-07-13T11:45:59.12679+00:00
5582,2599,1115,2026-07-13T11:45:59.12679+00:00
5583,2600,1064,2026-07-13T11:45:59.12679+00:00
5584,2601,1008,2026-07-13T11:45:59.12679+00:00
5585,2601,1161,2026-07-13T11:45:59.12679+00:00
5586,2602,745,2026-07-13T11:45:59.12679+00:00
5587,2602,850,2026-07-13T11:45:59.12679+00:00
5588,2603,1150,2026-07-13T11:45:59.12679+00:00
5589,2605,951,2026-07-13T11:45:59.12679+00:00
5590,2605,1161,2026-07-13T11:45:59.12679+00:00
5591,2606,545,2026-07-13T11:45:59.12679+00:00
5592,2607,575,2026-07-13T11:45:59.12679+00:00
5593,2608,52,2026-07-13T11:45:59.12679+00:00
5594,2609,1121,2026-07-13T11:45:59.12679+00:00
5595,2610,1409,2026-07-13T11:45:59.12679+00:00
5596,2611,52,2026-07-13T11:45:59.12679+00:00
5597,2613,745,2026-07-13T11:45:59.12679+00:00
5598,2615,733,2026-07-13T11:45:59.12679+00:00
5599,2615,1161,2026-07-13T11:45:59.12679+00:00
5600,2620,80,2026-07-13T11:45:59.12679+00:00
5601,2621,1416,2026-07-13T11:45:59.12679+00:00
5602,2622,1164,2026-07-13T11:45:59.12679+00:00
5603,2624,1138,2026-07-13T11:45:59.12679+00:00
5604,2626,1025,2026-07-13T11:45:59.12679+00:00
5605,2626,1175,2026-07-13T11:45:59.12679+00:00
5606,2627,1399,2026-07-13T11:45:59.12679+00:00
5607,2628,886,2026-07-13T11:45:59.12679+00:00
5608,2630,1078,2026-07-13T11:45:59.12679+00:00
5609,2631,1203,2026-07-13T11:45:59.12679+00:00
5610,2632,1222,2026-07-13T11:45:59.12679+00:00
5611,2636,843,2026-07-13T11:45:59.12679+00:00
5612,2636,1115,2026-07-13T11:45:59.12679+00:00
5613,2638,79,2026-07-13T11:45:59.12679+00:00
5614,2638,1037,2026-07-13T11:45:59.12679+00:00
5615,2639,1115,2026-07-13T11:45:59.12679+00:00
5616,2641,1381,2026-07-13T11:45:59.12679+00:00
5617,2642,1222,2026-07-13T11:45:59.12679+00:00
5618,2643,1115,2026-07-13T11:45:59.12679+00:00
5619,2644,1195,2026-07-13T11:45:59.12679+00:00
5620,2645,1115,2026-07-13T11:45:59.12679+00:00
5621,2646,575,2026-07-13T11:45:59.12679+00:00
5622,2647,1168,2026-07-13T11:45:59.12679+00:00
5623,2648,1168,2026-07-13T11:45:59.12679+00:00
5624,2649,1115,2026-07-13T11:45:59.12679+00:00
5625,2650,1168,2026-07-13T11:45:59.12679+00:00
5626,2651,129,2026-07-13T11:45:59.12679+00:00
5627,2651,1168,2026-07-13T11:45:59.12679+00:00
5628,2652,1115,2026-07-13T11:45:59.12679+00:00
5629,2654,21,2026-07-13T11:45:59.12679+00:00
5630,2655,197,2026-07-13T11:45:59.12679+00:00
5631,2655,1115,2026-07-13T11:45:59.12679+00:00
5632,2657,1168,2026-07-13T11:45:59.12679+00:00
5633,2658,1115,2026-07-13T11:45:59.12679+00:00
5634,2659,1172,2026-07-13T11:45:59.12679+00:00
5635,2660,1356,2026-07-13T11:45:59.12679+00:00
5636,2662,1194,2026-07-13T11:45:59.12679+00:00
5637,2664,1075,2026-07-13T11:45:59.12679+00:00
5638,2665,1115,2026-07-13T11:45:59.12679+00:00
5639,2666,672,2026-07-13T11:45:59.12679+00:00
5640,2668,1170,2026-07-13T11:45:59.12679+00:00
5641,2670,1191,2026-07-13T11:45:59.12679+00:00
5642,2671,220,2026-07-13T11:45:59.12679+00:00
5643,2673,85,2026-07-13T11:45:59.12679+00:00
5644,2674,1002,2026-07-13T11:45:59.12679+00:00
5645,2675,1115,2026-07-13T11:45:59.12679+00:00
5646,2678,1195,2026-07-13T11:45:59.12679+00:00
5647,2679,1162,2026-07-13T11:45:59.12679+00:00
5648,2681,1162,2026-07-13T11:45:59.12679+00:00
5649,2682,957,2026-07-13T11:45:59.12679+00:00
5650,2682,1138,2026-07-13T11:45:59.12679+00:00
5651,2683,1115,2026-07-13T11:45:59.12679+00:00
5652,2684,1052,2026-07-13T11:45:59.12679+00:00
5653,2686,1115,2026-07-13T11:45:59.12679+00:00
5654,2687,1161,2026-07-13T11:45:59.12679+00:00
5655,2688,41,2026-07-13T11:45:59.12679+00:00
5656,2688,1115,2026-07-13T11:45:59.12679+00:00
5657,2689,1115,2026-07-13T11:45:59.12679+00:00
5658,2690,1101,2026-07-13T11:45:59.12679+00:00
5659,2690,1115,2026-07-13T11:45:59.12679+00:00
5660,2691,1401,2026-07-13T11:45:59.12679+00:00
5661,2692,1175,2026-07-13T11:45:59.12679+00:00
5662,2693,545,2026-07-13T11:45:59.12679+00:00
5663,2694,855,2026-07-13T11:45:59.12679+00:00
5664,2695,1194,2026-07-13T11:45:59.12679+00:00
5665,2696,1037,2026-07-13T11:45:59.12679+00:00
5666,2697,1115,2026-07-13T11:45:59.12679+00:00
5667,2698,1162,2026-07-13T11:45:59.12679+00:00
5668,2699,1162,2026-07-13T11:45:59.12679+00:00
5669,2700,1115,2026-07-13T11:45:59.12679+00:00
5670,2703,107,2026-07-13T11:45:59.12679+00:00
5671,2703,1161,2026-07-13T11:45:59.12679+00:00
5672,2704,892,2026-07-13T11:45:59.12679+00:00
5673,2708,52,2026-07-13T11:45:59.12679+00:00
5674,2709,1138,2026-07-13T11:45:59.12679+00:00
5675,2709,1161,2026-07-13T11:45:59.12679+00:00
5676,2710,1226,2026-07-13T11:45:59.12679+00:00
5677,2712,1222,2026-07-13T11:45:59.12679+00:00
5678,2713,1162,2026-07-13T11:45:59.12679+00:00
5679,2714,1009,2026-07-13T11:45:59.12679+00:00
