id,sentence,meaning,created_at,updated_at,word_id,language,category_id
1,優秀な学生が表彰された。,An outstanding student was commended.,2026-07-11T13:23:16.810483+00:00,2026-08-29T05:35:26.246638+00:00,142,ja,44
2,この道は危険だ。,This road is dangerous.,2026-07-11T13:23:16.810483+00:00,2026-07-13T12:10:10.869826+00:00,169,ja,
3,睡眠が十分ではない。,I don't have sufficient sleep.,2026-07-11T13:23:16.810483+00:00,2026-07-11T13:23:16.810483+00:00,88,ja,
4,安いレストランで食べた。,I ate at an inexpensive restaurant.,2026-07-11T13:23:16.810483+00:00,2026-08-29T05:35:26.246638+00:00,193,ja,71
5,この温度は異常だ。,This temperature is abnormal.,2026-07-11T13:23:16.810483+00:00,2026-07-11T13:23:16.810483+00:00,210,ja,
6,確実な方法を選ぶ。,I choose a reliable method.,2026-07-11T13:23:16.810483+00:00,2026-07-11T13:23:16.810483+00:00,134,ja,
7,永遠の愛を誓う。,I vow eternal love.,2026-07-11T13:23:16.810483+00:00,2026-08-29T05:35:26.246638+00:00,188,ja,55
8,真面目に仕事に取り組んだ。,I tackled the work earnestly.,2026-07-11T13:23:16.810483+00:00,2026-08-29T05:35:26.246638+00:00,196,ja,48
9,この本はとても有益だった。,This book was very beneficial.,2026-07-11T13:23:16.810483+00:00,2026-07-11T13:23:16.810483+00:00,143,ja,
10,乗車券を改札に通す。,I pass the ticket through the ticket gate.,2026-07-11T13:23:16.810483+00:00,2026-08-29T05:35:26.246638+00:00,163,ja,82
11,丸いボールで遊ぶ。,Play with a round ball.,2026-07-11T13:23:16.810483+00:00,2026-08-29T05:35:26.246638+00:00,206,ja,69
12,会社の利益が増加した。,The company's profit increased.,2026-07-11T13:23:16.810483+00:00,2026-08-29T05:35:26.246638+00:00,128,ja,48
13,明日中に完成することは可能だ。,It is possible to finish by tomorrow.,2026-07-11T13:23:16.810483+00:00,2026-07-11T13:23:16.810483+00:00,92,ja,
14,この問題は容易に解ける。,This problem can be solved easily.,2026-07-11T13:23:16.810483+00:00,2026-08-29T05:35:26.246638+00:00,93,ja,57
15,政見放送を見る。,To watch the political broadcast.,2026-07-11T13:23:16.810483+00:00,2026-08-29T05:35:26.246638+00:00,71,ja,81
16,並行輸入品を購入した。,I bought parallel-imported goods.,2026-07-11T13:23:16.810483+00:00,2026-08-29T05:35:26.246638+00:00,133,ja,50
17,黄色いバナナを買った。,I bought yellow bananas.,2026-07-11T13:23:16.810483+00:00,2026-08-29T05:35:26.246638+00:00,190,ja,72
18,今日は寒いね。,"It's cold today, isn't it?",2026-07-11T13:23:16.810483+00:00,2026-08-29T05:35:26.246638+00:00,129,ja,34
19,彼女は明るい性格だ。,She has a cheerful personality.,2026-07-11T13:23:16.810483+00:00,2026-08-29T05:35:26.246638+00:00,115,ja,55
20,危険な場所には行かないでください。,Please do not go to dangerous places.,2026-07-11T13:23:16.810483+00:00,2026-07-13T12:10:10.869826+00:00,169,ja,
21,この荷物は重い。,This luggage is heavy.,2026-07-11T13:23:16.810483+00:00,2026-08-29T05:35:26.246638+00:00,162,ja,63
22,中央政府の方針に従う。,I follow the policy of the central government.,2026-07-11T13:23:16.810483+00:00,2026-08-29T05:35:26.246638+00:00,150,ja,81
23,傷口が深い。,The wound is deep.,2026-07-11T13:23:16.810483+00:00,2026-08-29T05:35:26.246638+00:00,146,ja,17
24,映画が今週公開された。,The movie was released this week.,2026-07-11T13:23:16.810483+00:00,2026-07-11T13:23:16.810483+00:00,179,ja,
25,彼は正直な人だ。,He is an honest person.,2026-07-11T13:23:16.810483+00:00,2026-07-11T13:23:16.810483+00:00,121,ja,
26,鋼鉄の橋が完成した。,A steel bridge was completed.,2026-07-11T13:23:16.810483+00:00,2026-07-11T13:23:16.810483+00:00,174,ja,
27,軍隊を指揮する。,To command the army.,2026-07-11T13:23:16.810483+00:00,2026-07-11T13:23:16.810483+00:00,178,ja,
28,安易な考えは禁物だ。,Careless thinking is dangerous.,2026-07-11T13:23:16.810483+00:00,2026-08-29T05:35:26.246638+00:00,97,ja,57
29,鉄鋼業が発展した。,The iron and steel industry developed.,2026-07-11T13:23:16.810483+00:00,2026-08-29T05:35:26.246638+00:00,98,ja,48
30,電車が速い。,The train is fast.,2026-07-11T13:23:16.810483+00:00,2026-08-29T05:35:26.246638+00:00,94,ja,59
31,古い本を読む。,Read an old book.,2026-07-11T13:23:16.810483+00:00,2026-07-11T13:23:16.810483+00:00,205,ja,
32,駅から家まで遠い。,It is far from the station to home.,2026-07-11T13:23:16.810483+00:00,2026-08-29T05:35:26.246638+00:00,82,ja,41
33,広い公園で遊ぶ。,Play in a wide park.,2026-07-11T13:23:16.810483+00:00,2026-07-11T13:23:16.810483+00:00,147,ja,
34,運動後は爽快な気分になる。,"After exercise, I feel refreshed.",2026-07-11T13:23:16.810483+00:00,2026-08-29T05:35:26.246638+00:00,106,ja,55
36,この友情は永遠だと信じている。,I believe this friendship is everlasting.,2026-07-11T13:23:16.810483+00:00,2026-08-29T05:35:26.246638+00:00,188,ja,55
37,新しい服を買った。,I bought new clothes.,2026-07-11T13:23:16.810483+00:00,2026-08-29T05:35:26.246638+00:00,85,ja,74
38,ニュースを聞いて悲しい気持ちになった。,I felt sad when I heard the news.,2026-07-11T13:23:16.810483+00:00,2026-08-29T05:35:26.246638+00:00,164,ja,55
39,絵を描くのが下手だ。,I am poor at drawing pictures.,2026-07-11T13:23:16.810483+00:00,2026-07-11T13:23:16.810483+00:00,204,ja,
40,灰色の空が広がっている。,The gray sky spreads out.,2026-07-11T13:23:16.810483+00:00,2026-08-29T05:35:26.246638+00:00,99,ja,34
41,事故の遺族に謝罪した。,He apologized to the bereaved families of the accident.,2026-07-11T13:23:16.810483+00:00,2026-07-11T13:23:16.810483+00:00,172,ja,
42,重い病気にかかった。,I got a serious illness.,2026-07-11T13:23:16.810483+00:00,2026-08-29T05:35:26.246638+00:00,162,ja,79
43,試験が近い。,The exam is soon.,2026-07-11T13:23:16.810483+00:00,2026-08-29T05:35:26.246638+00:00,107,ja,44
44,今日は早い時間に起きた。,I woke up at an early hour today.,2026-07-11T13:23:16.810483+00:00,2026-08-29T05:35:26.246638+00:00,96,ja,6
45,二つの作業を並行して進める。,To carry out two tasks concurrently.,2026-07-11T13:23:16.810483+00:00,2026-08-29T05:35:26.246638+00:00,133,ja,48
46,面白い映画を見た。,I watched a funny movie.,2026-07-11T13:23:16.810483+00:00,2026-07-11T13:23:16.810483+00:00,187,ja,
48,公園の中央に噴水がある。,There is a fountain in the center of the park.,2026-07-11T13:23:16.810483+00:00,2026-08-29T05:35:26.246638+00:00,150,ja,41
49,この山は高い。,This mountain is tall.,2026-07-11T13:23:16.810483+00:00,2026-08-29T05:35:26.246638+00:00,80,ja,34
50,部屋が暗いので電気をつけた。,I turned on the light because the room was dark.,2026-07-11T13:23:16.810483+00:00,2026-08-29T05:35:26.246638+00:00,220,ja,28
51,旧式な方法を使っている。,I'm using an old-fashioned method.,2026-07-11T13:23:16.810483+00:00,2026-07-11T13:23:16.810483+00:00,180,ja,
52,今日は暑いね。,"It's hot today, isn't it?",2026-07-11T13:23:16.810483+00:00,2026-08-29T05:35:26.246638+00:00,116,ja,34
53,正しい道を歩む。,To walk the right path.,2026-07-11T13:23:16.810483+00:00,2026-07-11T13:23:16.810483+00:00,177,ja,
54,仮面をつけてパーティーに参加した。,I attended the party wearing a mask.,2026-07-11T13:23:16.810483+00:00,2026-07-11T13:23:16.810483+00:00,77,ja,
55,青い空がきれいだ。,The blue sky is beautiful.,2026-07-11T13:23:16.810483+00:00,2026-08-29T05:35:26.246638+00:00,153,ja,34
56,有益な情報をありがとう。,Thank you for the useful information.,2026-07-11T13:23:16.810483+00:00,2026-08-29T05:35:26.246638+00:00,143,ja,52
57,白いシャツを着ている。,I am wearing a white shirt.,2026-07-11T13:23:16.810483+00:00,2026-08-29T05:35:26.246638+00:00,197,ja,74
58,暑い夏が終わった。,The hot summer ended.,2026-07-11T13:23:16.810483+00:00,2026-08-29T05:35:26.246638+00:00,116,ja,34
59,正直に言うと、好きではない。,"To be honest, I don't like it.",2026-07-11T13:23:16.810483+00:00,2026-07-11T13:23:16.810483+00:00,121,ja,
60,この本は面白い。,This book is interesting.,2026-07-11T13:23:16.810483+00:00,2026-07-11T13:23:16.810483+00:00,187,ja,
61,彼の髪は灰色になった。,His hair turned gray.,2026-07-11T13:23:16.810483+00:00,2026-08-29T05:35:26.246638+00:00,99,ja,17
62,宿題が多い。,There is a lot of homework.,2026-07-11T13:23:16.810483+00:00,2026-08-29T05:35:26.246638+00:00,79,ja,44
63,時間を大切に使う。,To use time carefully.,2026-07-11T13:23:16.810483+00:00,2026-08-29T05:35:26.246638+00:00,211,ja,6
64,友達が引っ越して悲しい。,I'm sad that my friend moved away.,2026-07-11T13:23:16.810483+00:00,2026-08-29T05:35:26.246638+00:00,164,ja,55
65,容易ではない課題に挑戦する。,I challenge a task that is not easy.,2026-07-11T13:23:16.810483+00:00,2026-07-11T13:23:16.810483+00:00,93,ja,
66,黒い猫がいる。,There is a black cat.,2026-07-11T13:23:16.810483+00:00,2026-08-29T05:35:26.246638+00:00,81,ja,36
67,それは本当の話です。,That is a true story.,2026-07-11T13:23:16.810483+00:00,2026-07-11T13:23:16.810483+00:00,152,ja,
68,大きい犬が好きだ。,I like big dogs.,2026-07-11T13:23:16.810483+00:00,2026-08-29T05:35:26.246638+00:00,104,ja,36
69,花が美しい。,The flowers are beautiful.,2026-07-11T13:23:16.810483+00:00,2026-08-29T05:35:26.246638+00:00,86,ja,34
70,電力の供給が止まった。,The electricity supply stopped.,2026-07-11T13:23:16.810483+00:00,2026-07-11T13:23:16.810483+00:00,87,ja,
71,彼は世界的に有名な音楽家だ。,He is a world-famous musician.,2026-07-11T13:23:16.810483+00:00,2026-07-11T13:23:16.810483+00:00,111,ja,
72,この椅子はとても快適だ。,This chair is very comfortable.,2026-07-11T13:23:16.810483+00:00,2026-08-29T05:35:26.246638+00:00,103,ja,77
73,世界遺産に登録された。,It was registered as a World Heritage site.,2026-07-11T13:23:16.810483+00:00,2026-08-29T05:35:26.246638+00:00,171,ja,39
74,干潮で砂浜が広がる。,The beach widens at low tide.,2026-07-11T13:23:16.810483+00:00,2026-08-29T05:35:26.246638+00:00,136,ja,34
75,新しい学校に入学した。,I enrolled in a new school.,2026-07-11T13:23:16.810483+00:00,2026-08-29T05:35:26.246638+00:00,85,ja,44
76,観光客が多い場所だ。,It is a place with many tourists.,2026-07-11T13:23:16.810483+00:00,2026-08-29T05:35:26.246638+00:00,79,ja,39
77,風が弱い。,The wind is weak.,2026-07-11T13:23:16.810483+00:00,2026-08-29T05:35:26.246638+00:00,191,ja,34
78,乗車券を購入する。,I purchase a train ticket.,2026-07-11T13:23:16.810483+00:00,2026-08-29T05:35:26.246638+00:00,163,ja,82
79,新しい閣僚が任命された。,New cabinet ministers were appointed.,2026-07-11T13:23:16.810483+00:00,2026-08-29T05:35:26.246638+00:00,84,ja,81
80,このりんごは安いです。,This apple is cheap.,2026-07-11T13:23:16.810483+00:00,2026-08-29T05:35:26.246638+00:00,193,ja,72
81,旧式の機械を新しくする。,I update the outdated machinery.,2026-07-11T13:23:16.810483+00:00,2026-07-11T13:23:16.810483+00:00,180,ja,
82,仮定の話をしよう。,Let's talk hypothetically.,2026-07-11T13:23:16.810483+00:00,2026-08-29T05:35:26.246638+00:00,198,ja,57
83,閣僚会議が開かれた。,A cabinet meeting was held.,2026-07-11T13:23:16.810483+00:00,2026-08-29T05:35:26.246638+00:00,84,ja,81
84,簡単に説明してください。,Please explain it simply.,2026-07-11T13:23:16.810483+00:00,2026-08-29T05:35:26.246638+00:00,192,ja,52
85,干潮の時に貝を拾う。,To pick up shells at low tide.,2026-07-11T13:23:16.810483+00:00,2026-08-29T05:35:26.246638+00:00,136,ja,34
86,朝早く学校へ行く。,I go to school early in the morning.,2026-07-11T13:23:16.810483+00:00,2026-08-29T05:35:26.246638+00:00,96,ja,44
87,潔く負けを認める。,I graciously admit defeat.,2026-07-11T13:23:16.810483+00:00,2026-08-29T05:35:26.246638+00:00,75,ja,69
88,見事な演技だった。,It was a splendid performance.,2026-07-11T13:23:16.810483+00:00,2026-07-11T13:23:16.810483+00:00,208,ja,
89,今日は出勤しなくていい。,I don't have to go to work today.,2026-07-11T13:23:16.810483+00:00,2026-08-29T05:35:26.246638+00:00,202,ja,48
90,異常な行動をとる。,To behave in an unusual way.,2026-07-11T13:23:16.810483+00:00,2026-07-11T13:23:16.810483+00:00,210,ja,
91,赤いりんごを食べた。,I ate a red apple.,2026-07-11T13:23:16.810483+00:00,2026-07-11T13:23:16.810483+00:00,140,ja,
92,太い木が森にある。,There are thick trees in the forest.,2026-07-11T13:23:16.810483+00:00,2026-08-29T05:35:26.246638+00:00,112,ja,34
93,深い悲しみを感じた。,I felt a profound sadness.,2026-07-11T13:23:16.810483+00:00,2026-08-29T05:35:26.246638+00:00,155,ja,55
94,数学が弱い。,I am weak in math.,2026-07-11T13:23:16.810483+00:00,2026-08-29T05:35:26.246638+00:00,191,ja,44
95,情報を公開する義務がある。,There is an obligation to disclose information.,2026-07-11T13:23:16.810483+00:00,2026-08-29T05:35:26.246638+00:00,179,ja,81
96,温かい人たちに囲まれている。,I am surrounded by warm-hearted people.,2026-07-11T13:23:16.810483+00:00,2026-08-29T05:35:26.246638+00:00,199,ja,55
97,家族と一緒にいると幸せだ。,I'm happy when I'm with my family.,2026-07-11T13:23:16.810483+00:00,2026-08-29T05:35:26.246638+00:00,90,ja,28
98,彼は料理が上手だ。,He is good at cooking.,2026-07-11T13:23:16.810483+00:00,2026-07-11T13:23:16.810483+00:00,167,ja,
99,試験の結果が不安だ。,I'm anxious about the exam results.,2026-07-11T13:23:16.810483+00:00,2026-08-29T05:35:26.246638+00:00,195,ja,44
100,長い時間待った。,I waited for a long time.,2026-07-11T13:23:16.810483+00:00,2026-08-29T05:35:26.246638+00:00,217,ja,6
101,鉄鋼メーカーが合併した。,Steel manufacturers merged.,2026-07-11T13:23:16.810483+00:00,2026-08-29T05:35:26.246638+00:00,98,ja,48
102,公共の利益のために働く。,I work for the public benefit.,2026-07-11T13:23:16.810483+00:00,2026-08-29T05:35:26.246638+00:00,128,ja,48
103,試練が苦しい。,The ordeal is painful.,2026-07-11T13:23:16.810483+00:00,2026-08-29T05:35:26.246638+00:00,101,ja,55
104,この問題は簡単だ。,This problem is easy.,2026-07-11T13:23:16.810483+00:00,2026-07-11T13:23:16.810483+00:00,192,ja,
105,大事な書類をなくした。,I lost an important document.,2026-07-11T13:23:16.810483+00:00,2026-07-11T13:23:16.810483+00:00,138,ja,
106,この仮定が正しければ…。,If this assumption is correct...,2026-07-11T13:23:16.810483+00:00,2026-08-29T05:35:26.246638+00:00,198,ja,57
107,細かい砂が浜にある。,Fine sand is on the beach.,2026-07-11T13:23:16.810483+00:00,2026-08-29T05:35:26.246638+00:00,158,ja,34
108,二人は同じ年齢だ。,The two of them are the same age.,2026-07-11T13:23:16.810483+00:00,2026-08-29T05:35:26.246638+00:00,109,ja,65
109,仁義を守る。,To uphold duty and justice.,2026-07-11T13:23:16.810483+00:00,2026-07-11T13:23:16.810483+00:00,130,ja,
110,鋼鉄のような意志を持つ。,To have a will as strong as steel.,2026-07-11T13:23:16.810483+00:00,2026-07-11T13:23:16.810483+00:00,174,ja,
111,小さい子供が公園で遊んでいる。,Small children are playing in the park.,2026-07-11T13:23:16.810483+00:00,2026-07-11T13:23:16.810483+00:00,72,ja,
112,寒い冬が終わった。,The cold winter ended.,2026-07-11T13:23:16.810483+00:00,2026-08-29T05:35:26.246638+00:00,129,ja,34
113,与党と野党が対立している。,The ruling party and opposition are in conflict.,2026-07-11T13:23:16.810483+00:00,2026-08-29T05:35:26.246638+00:00,139,ja,81
114,この湖はとても深い。,This lake is very deep.,2026-07-11T13:23:16.810483+00:00,2026-08-29T05:35:26.246638+00:00,155,ja,34
115,彼は優しい人だ。,He is a kind person.,2026-07-11T13:23:16.810483+00:00,2026-07-11T13:23:16.810483+00:00,110,ja,
116,黒い雲が出てきた。,Black clouds appeared.,2026-07-11T13:23:16.810483+00:00,2026-08-29T05:35:26.246638+00:00,81,ja,34
117,この映画の上映時間は二時間だ。,The screening time of this film is two hours.,2026-07-11T13:23:16.810483+00:00,2026-08-29T05:35:26.246638+00:00,100,ja,6
118,声が小さくて聞こえない。,Your voice is too quiet to hear.,2026-07-11T13:23:16.810483+00:00,2026-08-29T05:35:26.246638+00:00,72,ja,52
119,この荷物は軽い。,This luggage is light.,2026-07-11T13:23:16.810483+00:00,2026-08-29T05:35:26.246638+00:00,161,ja,63
120,速い車が通り過ぎた。,A fast car passed by.,2026-07-11T13:23:16.810483+00:00,2026-08-29T05:35:26.246638+00:00,94,ja,59
121,細い道を歩く。,Walk on a narrow road.,2026-07-11T13:23:16.810483+00:00,2026-08-29T05:35:26.246638+00:00,216,ja,59
122,彼はとても強い選手だ。,He is a very strong player.,2026-07-11T13:23:16.810483+00:00,2026-08-29T05:35:26.246638+00:00,185,ja,69
123,幸せな結婚式だった。,It was a happy wedding ceremony.,2026-07-11T13:23:16.810483+00:00,2026-08-29T05:35:26.246638+00:00,90,ja,28
124,十分に準備した。,I prepared thoroughly.,2026-07-11T13:23:16.810483+00:00,2026-07-11T13:23:16.810483+00:00,88,ja,
125,お金が少ない。,I have little money.,2026-07-11T13:23:16.810483+00:00,2026-08-29T05:35:26.246638+00:00,207,ja,50
126,正確な情報を伝える。,I convey accurate information.,2026-07-11T13:23:16.810483+00:00,2026-08-29T05:35:26.246638+00:00,151,ja,52
127,美しい景色を見た。,I saw a beautiful view.,2026-07-11T13:23:16.810483+00:00,2026-08-29T05:35:26.246638+00:00,86,ja,34
128,快適な部屋で過ごす。,I spend time in a comfortable room.,2026-07-11T13:23:16.810483+00:00,2026-07-11T13:23:16.810483+00:00,103,ja,
129,簡潔に答えてください。,Please answer concisely.,2026-07-11T13:23:16.810483+00:00,2026-08-29T05:35:26.246638+00:00,113,ja,52
130,本当にありがとう。,Thank you truly.,2026-07-11T13:23:16.810483+00:00,2026-08-29T05:35:26.246638+00:00,152,ja,55
131,健康は一番大事だ。,Health is the most important thing.,2026-07-11T13:23:16.810483+00:00,2026-07-11T13:23:16.810483+00:00,138,ja,
132,優しい言葉をかける。,To say gentle words.,2026-07-11T13:23:16.810483+00:00,2026-08-29T05:35:26.246638+00:00,110,ja,52
133,大きな声で話してください。,Please speak in a loud voice.,2026-07-11T13:23:16.810483+00:00,2026-08-29T05:35:26.246638+00:00,104,ja,52
134,この店は有名なラーメン屋だ。,This shop is a famous ramen restaurant.,2026-07-11T13:23:16.810483+00:00,2026-08-29T05:35:26.246638+00:00,111,ja,71
135,部屋が明るい。,The room is bright.,2026-07-11T13:23:16.810483+00:00,2026-07-11T13:23:16.810483+00:00,115,ja,
136,簡潔な文章を書く。,To write concise sentences.,2026-07-11T13:23:16.810483+00:00,2026-08-29T05:35:26.246638+00:00,113,ja,52
137,遠い国に旅行したい。,I want to travel to a distant country.,2026-07-11T13:23:16.810483+00:00,2026-08-29T05:35:26.246638+00:00,82,ja,39
138,温かいスープを飲んだ。,I drank warm soup.,2026-07-11T13:23:16.810483+00:00,2026-07-11T13:23:16.810483+00:00,199,ja,
139,この部屋は広い。,This room is spacious.,2026-07-11T13:23:16.810483+00:00,2026-07-11T13:23:16.810483+00:00,147,ja,
140,毎朝8時に出勤する。,I go to work at 8 a.m. every morning.,2026-07-11T13:23:16.810483+00:00,2026-08-29T05:35:26.246638+00:00,202,ja,48
141,父の遺産を受け継ぐ。,To inherit one's father's estate.,2026-07-11T13:23:16.810483+00:00,2026-08-29T05:35:26.246638+00:00,171,ja,28
142,与党が法案を可決した。,The ruling party passed the bill.,2026-07-11T13:23:16.810483+00:00,2026-08-29T05:35:26.246638+00:00,139,ja,81
143,オーケストラを指揮する。,To conduct the orchestra.,2026-07-11T13:23:16.810483+00:00,2026-07-11T13:23:16.810483+00:00,178,ja,
144,その答えは正しい。,That answer is correct.,2026-07-11T13:23:16.810483+00:00,2026-08-29T05:35:26.246638+00:00,177,ja,57
145,確実に成功する自信がある。,I have confidence that I will definitely succeed.,2026-07-11T13:23:16.810483+00:00,2026-07-11T13:23:16.810483+00:00,134,ja,
146,亡命者を受け入れる。,To accept exiles.,2026-07-11T13:23:16.810483+00:00,2026-08-29T05:35:26.246638+00:00,108,ja,81
147,この服は高い。,This clothing is expensive.,2026-07-11T13:23:16.810483+00:00,2026-08-29T05:35:26.246638+00:00,80,ja,74
148,この川は長い。,This river is long.,2026-07-11T13:23:16.810483+00:00,2026-08-29T05:35:26.246638+00:00,217,ja,34
149,遺族に補償金が支払われた。,Compensation was paid to the bereaved families.,2026-07-11T13:23:16.810483+00:00,2026-08-29T05:35:26.246638+00:00,172,ja,80
150,法的後見人を立てる。,To appoint a legal guardian.,2026-07-11T13:23:16.810483+00:00,2026-08-29T05:35:26.246638+00:00,214,ja,81
151,それは可能なことだ。,That is something possible.,2026-07-11T13:23:16.810483+00:00,2026-07-11T13:23:16.810483+00:00,92,ja,
152,貴重な体験をした。,I had a precious experience.,2026-07-11T13:23:16.810483+00:00,2026-07-11T13:23:16.810483+00:00,157,ja,
153,人前で話すのが苦手だ。,I'm not good at speaking in public.,2026-07-11T13:23:16.810483+00:00,2026-08-29T05:35:26.246638+00:00,183,ja,52
154,丁寧に説明してくれてありがとう。,Thank you for explaining it so carefully.,2026-07-11T13:23:16.810483+00:00,2026-08-29T05:35:26.246638+00:00,124,ja,52
155,この本は貴重な資料だ。,This book is a valuable resource.,2026-07-11T13:23:16.810483+00:00,2026-07-11T13:23:16.810483+00:00,157,ja,
156,この鉛筆は短い。,This pencil is short.,2026-07-11T13:23:16.810483+00:00,2026-08-29T05:35:26.246638+00:00,74,ja,63
157,新作映画が上映されている。,A new film is being screened.,2026-07-11T13:23:16.810483+00:00,2026-07-11T13:23:16.810483+00:00,100,ja,
158,この問題は難しい。,This problem is difficult.,2026-07-11T13:23:16.810483+00:00,2026-07-11T13:23:16.810483+00:00,123,ja,
159,内閣総理大臣が演説した。,The Prime Minister gave a speech.,2026-07-11T13:23:16.810483+00:00,2026-08-29T05:35:26.246638+00:00,122,ja,81
160,傷口を消毒する。,To disinfect the wound.,2026-07-11T13:23:16.810483+00:00,2026-08-29T05:35:26.246638+00:00,146,ja,79
161,夏休みが短いと感じる。,I feel that summer vacation is short.,2026-07-11T13:23:16.810483+00:00,2026-08-29T05:35:26.246638+00:00,74,ja,44
162,彼は最近暗い顔をしている。,He's been looking gloomy lately.,2026-07-11T13:23:16.810483+00:00,2026-08-29T05:35:26.246638+00:00,220,ja,55
163,朝の空気が爽快だ。,The morning air is refreshing.,2026-07-11T13:23:16.810483+00:00,2026-08-29T05:35:26.246638+00:00,106,ja,34
164,駅から家が近い。,My house is close to the station.,2026-07-11T13:23:16.810483+00:00,2026-08-29T05:35:26.246638+00:00,107,ja,82
165,秋になると葉が黄色くなる。,Leaves turn yellow in autumn.,2026-07-11T13:23:16.810483+00:00,2026-08-29T05:35:26.246638+00:00,190,ja,34
166,正確に測定する。,I measure precisely.,2026-07-11T13:23:16.810483+00:00,2026-08-29T05:35:26.246638+00:00,151,ja,63
167,彼はいつも丁寧な言葉を使う。,He always uses polite language.,2026-07-11T13:23:16.810483+00:00,2026-08-29T05:35:26.246638+00:00,124,ja,52
168,政治的な理由で亡命した。,He went into exile for political reasons.,2026-07-11T13:23:16.810483+00:00,2026-08-29T05:35:26.246638+00:00,108,ja,81
169,顔が青いですね。,Your face looks pale.,2026-07-11T13:23:16.810483+00:00,2026-08-29T05:35:26.246638+00:00,153,ja,17
170,風が強い日だ。,It is a day with strong wind.,2026-07-11T13:23:16.810483+00:00,2026-08-29T05:35:26.246638+00:00,185,ja,34
171,苦しい時期を乗り越えた。,I overcame a difficult period.,2026-07-11T13:23:16.810483+00:00,2026-08-29T05:35:26.246638+00:00,101,ja,55
172,旅行は楽しい。,Traveling is fun.,2026-07-11T13:23:16.810483+00:00,2026-08-29T05:35:26.246638+00:00,154,ja,39
173,楽しい時間を過ごした。,I had a pleasant time.,2026-07-11T13:23:16.810483+00:00,2026-08-29T05:35:26.246638+00:00,154,ja,55
174,日本語が上手になりたい。,I want to become skilled at Japanese.,2026-07-11T13:23:16.810483+00:00,2026-08-29T05:35:26.246638+00:00,167,ja,44
175,同じ学校に通っている。,We attend the same school.,2026-07-11T13:23:16.810483+00:00,2026-08-29T05:35:26.246638+00:00,109,ja,44
176,細かい説明をする。,Give a detailed explanation.,2026-07-11T13:23:16.810483+00:00,2026-08-29T05:35:26.246638+00:00,158,ja,52
177,優秀な成績を収めた。,I achieved excellent results.,2026-07-11T13:23:16.810483+00:00,2026-08-29T05:35:26.246638+00:00,142,ja,44
178,彼女は手が細い。,She has slender hands.,2026-07-11T13:23:16.810483+00:00,2026-08-29T05:35:26.246638+00:00,216,ja,17
179,仮面の裏に本当の顔がある。,Behind the mask is the real face.,2026-07-11T13:23:16.810483+00:00,2026-07-11T13:23:16.810483+00:00,77,ja,
180,元気ですか？,Are you well?,2026-07-11T13:23:16.810483+00:00,2026-07-11T13:23:16.810483+00:00,89,ja,
181,この建物は古い。,This building is old.,2026-07-11T13:23:16.810483+00:00,2026-07-11T13:23:16.810483+00:00,205,ja,
182,一人で夜道を歩くのは不安だ。,Walking alone at night makes me uneasy.,2026-07-11T13:23:16.810483+00:00,2026-07-11T13:23:16.810483+00:00,195,ja,
183,異国で暮らすのは難しい。,Living in a foreign land is difficult.,2026-07-11T13:23:16.810483+00:00,2026-08-29T05:35:26.246638+00:00,117,ja,39
184,軽い運動をした。,I did light exercise.,2026-07-11T13:23:16.810483+00:00,2026-08-29T05:35:26.246638+00:00,161,ja,69
185,彼は真面目な学生だ。,He is a serious student.,2026-07-11T13:23:16.810483+00:00,2026-08-29T05:35:26.246638+00:00,196,ja,44
186,白い雪が降っている。,White snow is falling.,2026-07-11T13:23:16.810483+00:00,2026-08-29T05:35:26.246638+00:00,197,ja,34
187,信号が赤いので止まった。,I stopped because the traffic light was red.,2026-07-11T13:23:16.810483+00:00,2026-08-29T05:35:26.246638+00:00,140,ja,59
188,太いロープで縛る。,Tie with a thick rope.,2026-07-11T13:23:16.810483+00:00,2026-07-11T13:23:16.810483+00:00,112,ja,
189,内閣が改造された。,The cabinet was reshuffled.,2026-07-11T13:23:16.810483+00:00,2026-08-29T05:35:26.246638+00:00,122,ja,81
190,需要と供給のバランス。,The balance between demand and supply.,2026-07-11T13:23:16.810483+00:00,2026-08-29T05:35:26.246638+00:00,87,ja,48
191,安易に諦めてはいけない。,You must not give up too easily.,2026-07-11T13:23:16.810483+00:00,2026-07-11T13:23:16.810483+00:00,97,ja,
192,数学が苦手だ。,I'm poor at mathematics.,2026-07-11T13:23:16.810483+00:00,2026-08-29T05:35:26.246638+00:00,183,ja,44
193,仁義なき戦い。,A war without mercy.,2026-07-11T13:23:16.810483+00:00,2026-07-11T13:23:16.810483+00:00,130,ja,
194,見事に成功した。,Succeeded brilliantly.,2026-07-11T13:23:16.810483+00:00,2026-07-11T13:23:16.810483+00:00,208,ja,
195,異国の文化を体験する。,To experience the culture of a foreign country.,2026-07-11T13:23:16.810483+00:00,2026-08-29T05:35:26.246638+00:00,117,ja,39
196,地球は丸い。,The earth is round.,2026-07-11T13:23:16.810483+00:00,2026-08-29T05:35:26.246638+00:00,206,ja,34
197,潔い態度で謝る。,I apologize with an upright attitude.,2026-07-11T13:23:16.810483+00:00,2026-07-11T13:23:16.810483+00:00,75,ja,
198,毎日元気に過ごしている。,I spend every day cheerfully.,2026-07-11T13:23:16.810483+00:00,2026-08-29T05:35:26.246638+00:00,89,ja,55
199,日本語は難しい言語だ。,Japanese is a difficult language.,2026-07-11T13:23:16.810483+00:00,2026-08-29T05:35:26.246638+00:00,123,ja,44
200,時間が少ないから急ぐ。,I hurry because there is little time.,2026-07-11T13:23:16.810483+00:00,2026-08-29T05:35:26.246638+00:00,207,ja,6
201,歌が下手で恥ずかしい。,I am embarrassed because I am bad at singing.,2026-07-11T13:23:16.810483+00:00,2026-08-29T05:35:26.246638+00:00,204,ja,55
202,家族は大切な存在だ。,Family is a precious presence.,2026-07-11T13:23:16.810483+00:00,2026-08-29T05:35:26.246638+00:00,211,ja,28
203,銀河系の中心にブラックホールがある。,There is a black hole at the center of the Milky Way.,2026-07-11T13:24:33.242779+00:00,2026-08-29T05:35:26.246638+00:00,291,ja,34
204,親への恩返しをしたい。,I want to repay my parents' kindness.,2026-07-11T13:24:33.242779+00:00,2026-08-29T05:35:26.246638+00:00,189,ja,28
205,許可証を取得する。,I obtain a permit.,2026-07-11T13:24:33.242779+00:00,2026-08-29T05:35:26.246638+00:00,226,ja,81
206,条件が合わない。,The conditions don't match.,2026-07-11T13:24:33.242779+00:00,2026-07-11T13:24:33.242779+00:00,132,ja,
207,医学の進歩は目覚ましい。,Advances in medical science are remarkable.,2026-07-11T13:24:33.242779+00:00,2026-07-11T13:24:33.242779+00:00,173,ja,
208,月刊で発行されている。,It is published monthly.,2026-07-11T13:24:33.242779+00:00,2026-08-29T05:35:26.246638+00:00,201,ja,6
209,慎重に検討した結果だ。,It is the result of careful consideration.,2026-07-11T13:24:33.242779+00:00,2026-08-29T05:35:26.246638+00:00,346,ja,57
210,衛星放送でスポーツを見る。,I watch sports on satellite broadcasting.,2026-07-11T13:24:33.242779+00:00,2026-08-29T05:35:26.246638+00:00,326,ja,69
211,引用する際は出典を書く。,Write the source when quoting.,2026-07-11T13:24:33.242779+00:00,2026-08-29T05:35:26.246638+00:00,186,ja,52
212,故郷の味が恋しい。,I miss the taste of home.,2026-07-11T13:24:33.242779+00:00,2026-08-29T05:35:26.246638+00:00,95,ja,55
213,伊勢神宮を参拝した。,I visited the Ise Grand Shrine.,2026-07-11T13:24:33.242779+00:00,2026-08-29T05:35:26.246638+00:00,290,ja,39
214,彼は文句ばかり言う。,He does nothing but complain.,2026-07-11T13:24:33.242779+00:00,2026-08-29T05:35:26.246638+00:00,175,ja,52
215,群衆の中で迷子になった。,I got lost in the crowd.,2026-07-11T13:24:33.242779+00:00,2026-07-11T13:24:33.242779+00:00,268,ja,
216,人工衛星が地球を周回している。,An artificial satellite orbits the Earth.,2026-07-11T13:24:33.242779+00:00,2026-08-29T05:35:26.246638+00:00,326,ja,34
217,清潔な環境が大切だ。,A clean environment is important.,2026-07-11T13:24:33.242779+00:00,2026-07-11T13:24:33.242779+00:00,353,ja,
218,諸国を旅して回った。,I traveled through various countries.,2026-07-11T13:24:33.242779+00:00,2026-08-29T05:35:26.246638+00:00,254,ja,39
219,速度制限を守る。,I obey the speed limit.,2026-07-11T13:24:33.242779+00:00,2026-08-29T05:35:26.246638+00:00,125,ja,59
220,サービスの運営コストが高い。,The operation cost of the service is high.,2026-07-11T13:24:33.242779+00:00,2026-08-29T05:35:26.246638+00:00,228,ja,48
221,異文化交流は大切だ。,Cross-cultural exchange is important.,2026-07-11T13:24:33.242779+00:00,2026-08-29T05:35:26.246638+00:00,261,ja,52
222,道の往来が激しい。,Traffic on the road is heavy.,2026-07-11T13:24:33.242779+00:00,2026-08-29T05:35:26.246638+00:00,127,ja,59
223,株式会社を設立する。,To establish a joint-stock company.,2026-07-11T13:24:33.242779+00:00,2026-08-29T05:35:26.246638+00:00,102,ja,48
224,契約の延長を申請した。,We applied for an extension of the contract.,2026-07-11T13:24:33.242779+00:00,2026-08-29T05:35:26.246638+00:00,165,ja,48
225,警戒レベルが上がった。,The alert level was raised.,2026-07-11T13:24:33.242779+00:00,2026-07-11T13:24:33.242779+00:00,300,ja,
226,高い山では気圧が低くなる。,Atmospheric pressure decreases at high altitudes.,2026-07-11T13:24:33.242779+00:00,2026-08-29T05:35:26.246638+00:00,224,ja,34
227,才能を発揮できる機会だ。,It is an opportunity to show one's talent.,2026-07-11T13:24:33.242779+00:00,2026-07-11T13:24:33.242779+00:00,304,ja,
228,自衛のための手段を学ぶ。,I learn means of self-defense.,2026-07-11T13:24:33.242779+00:00,2026-07-11T13:24:33.242779+00:00,288,ja,
229,野党が政策を批判した。,The opposition party criticized the policy.,2026-07-11T13:24:33.242779+00:00,2026-08-29T05:35:26.246638+00:00,289,ja,81
230,ネットワークの拡張が必要だ。,Network expansion is necessary.,2026-07-11T13:24:33.242779+00:00,2026-07-11T13:24:33.242779+00:00,135,ja,
231,女性の割合が増えた。,The proportion of women has increased.,2026-07-11T13:24:33.242779+00:00,2026-08-29T05:35:26.246638+00:00,156,ja,1
232,収入の格差が広がっている。,The income gap is widening.,2026-07-11T13:24:33.242779+00:00,2026-07-11T13:24:33.242779+00:00,337,ja,
233,社会が混乱している。,Society is in chaos.,2026-07-11T13:24:33.242779+00:00,2026-07-11T13:24:33.242779+00:00,303,ja,
234,いつか恩返しができると思う。,I think I can repay the favor someday.,2026-07-11T13:24:33.242779+00:00,2026-07-11T13:24:33.242779+00:00,189,ja,
235,羽根つきをして遊ぶ。,Play with a shuttlecock.,2026-07-11T13:24:33.242779+00:00,2026-08-29T05:35:26.246638+00:00,354,ja,69
236,母乳で育てる。,To raise (a baby) on breast milk.,2026-07-11T13:24:33.242779+00:00,2026-08-29T05:35:26.246638+00:00,316,ja,28
237,世界の諸国と協力する。,To cooperate with various countries of the world.,2026-07-11T13:24:33.242779+00:00,2026-08-29T05:35:26.246638+00:00,254,ja,81
238,停電が復旧した。,The power outage was restored.,2026-07-11T13:24:33.242779+00:00,2026-07-11T13:24:33.242779+00:00,176,ja,
239,この電車は禁煙です。,This train is non-smoking.,2026-07-11T13:24:33.242779+00:00,2026-08-29T05:35:26.246638+00:00,69,ja,82
240,水は液体の一種だ。,Water is a type of liquid.,2026-07-11T13:24:33.242779+00:00,2026-07-11T13:24:33.242779+00:00,284,ja,
241,業界全体の動向を調べた。,I researched trends across the entire industry.,2026-07-11T13:24:33.242779+00:00,2026-08-29T05:35:26.246638+00:00,322,ja,48
242,政党の支持率が下がった。,The political party's approval rating dropped.,2026-07-11T13:24:33.242779+00:00,2026-08-29T05:35:26.246638+00:00,126,ja,81
243,この遺跡は二千年前のものだ。,These ruins are from two thousand years ago.,2026-07-11T13:24:33.242779+00:00,2026-08-29T05:35:26.246638+00:00,348,ja,39
244,限度額を設定する。,I set a spending limit.,2026-07-11T13:24:33.242779+00:00,2026-08-29T05:35:26.246638+00:00,270,ja,80
245,電車が駅を通過した。,The train passed through the station.,2026-07-11T13:24:33.242779+00:00,2026-08-29T05:35:26.246638+00:00,320,ja,82
246,圧力をかけて相手を説得した。,I persuaded the other party by applying pressure.,2026-07-11T13:24:33.242779+00:00,2026-08-29T05:35:26.246638+00:00,144,ja,52
247,専門家の見解によると。,According to the expert's view.,2026-07-11T13:24:33.242779+00:00,2026-08-29T05:35:26.246638+00:00,331,ja,57
248,券売機で切符を買う。,I buy a ticket at the vending machine.,2026-07-11T13:24:33.242779+00:00,2026-08-29T05:35:26.246638+00:00,212,ja,82
249,被害からの復旧に時間がかかる。,Recovery from damage takes time.,2026-07-11T13:24:33.242779+00:00,2026-07-11T13:24:33.242779+00:00,176,ja,
250,大学院に進学することにした。,I decided to go on to graduate school.,2026-07-11T13:24:33.242779+00:00,2026-08-29T05:35:26.246638+00:00,160,ja,44
251,手を清潔に保つ。,I keep my hands clean.,2026-07-11T13:24:33.242779+00:00,2026-08-29T05:35:26.246638+00:00,353,ja,17
252,券売機の前に列ができた。,A line formed in front of the ticket machine.,2026-07-11T13:24:33.242779+00:00,2026-08-29T05:35:26.246638+00:00,212,ja,82
253,生きることの意義を考える。,I think about the significance of living.,2026-07-11T13:24:33.242779+00:00,2026-08-29T05:35:26.246638+00:00,78,ja,57
254,優勝の祝賀会が開かれた。,A celebration party for the championship was held.,2026-07-11T13:24:33.242779+00:00,2026-08-29T05:35:26.246638+00:00,244,ja,69
255,年賀状を送る。,I send New Year's cards.,2026-07-11T13:24:33.242779+00:00,2026-08-29T05:35:26.246638+00:00,203,ja,52
256,地域間の格差を縮める。,I reduce the disparity between regions.,2026-07-11T13:24:33.242779+00:00,2026-07-11T13:24:33.242779+00:00,337,ja,
257,実力を発揮する。,To demonstrate one's ability.,2026-07-11T13:24:33.242779+00:00,2026-07-11T13:24:33.242779+00:00,304,ja,
258,計画が実現した。,The plan came to fruition.,2026-07-11T13:24:33.242779+00:00,2026-07-11T13:24:33.242779+00:00,120,ja,
259,幹部会議で決定した。,It was decided at the executive meeting.,2026-07-11T13:24:33.242779+00:00,2026-08-29T05:35:26.246638+00:00,118,ja,48
260,我々は協力して働く。,We work together cooperatively.,2026-07-11T13:24:33.242779+00:00,2026-08-29T05:35:26.246638+00:00,219,ja,48
261,株価が急落した。,The stock price fell sharply.,2026-07-11T13:24:33.242779+00:00,2026-08-29T05:35:26.246638+00:00,83,ja,80
262,株価の動向を調べる。,To check the stock price trends.,2026-07-11T13:24:33.242779+00:00,2026-08-29T05:35:26.246638+00:00,83,ja,80
263,成功の割合は高い。,The success rate is high.,2026-07-11T13:24:33.242779+00:00,2026-08-29T05:35:26.246638+00:00,156,ja,1
264,彼は私の恩人だ。,He is my benefactor.,2026-07-11T13:24:33.242779+00:00,2026-07-11T13:24:33.242779+00:00,131,ja,
265,夜間勤務が続いている。,Night shifts are continuing.,2026-07-11T13:24:33.242779+00:00,2026-08-29T05:35:26.246638+00:00,209,ja,48
266,現状を把握する。,I grasp the current situation.,2026-07-11T13:24:33.242779+00:00,2026-08-29T05:35:26.246638+00:00,283,ja,57
267,仕事から解放された。,I was freed from work.,2026-07-11T13:24:33.242779+00:00,2026-08-29T05:35:26.246638+00:00,330,ja,48
268,成績の平均を計算する。,I calculate the average of grades.,2026-07-11T13:24:33.242779+00:00,2026-08-29T05:35:26.246638+00:00,119,ja,44
269,郷土の文化を守る。,To preserve the local culture.,2026-07-11T13:24:33.242779+00:00,2026-07-11T13:24:33.242779+00:00,267,ja,
270,多くの困難を乗り越えた。,I overcame many difficulties.,2026-07-11T13:24:33.242779+00:00,2026-07-11T13:24:33.242779+00:00,76,ja,
271,疑惑を晴らす。,To clear up suspicion.,2026-07-11T13:24:33.242779+00:00,2026-07-11T13:24:33.242779+00:00,223,ja,
272,河川の環境を守る。,I protect the river environment.,2026-07-11T13:24:33.242779+00:00,2026-08-29T05:35:26.246638+00:00,275,ja,34
273,台風に警戒する。,To be vigilant about the typhoon.,2026-07-11T13:24:33.242779+00:00,2026-08-29T05:35:26.246638+00:00,300,ja,34
274,明治神宮は東京にある。,The Meiji Shrine is in Tokyo.,2026-07-11T13:24:33.242779+00:00,2026-08-29T05:35:26.246638+00:00,290,ja,39
275,鳥の羽根が落ちていた。,A bird's feather had fallen.,2026-07-11T13:24:33.242779+00:00,2026-08-29T05:35:26.246638+00:00,354,ja,36
276,職業技能を磨く。,I hone my vocational skills.,2026-07-11T13:24:33.242779+00:00,2026-08-29T05:35:26.246638+00:00,141,ja,48
277,不正を排除する。,To eliminate corruption.,2026-07-11T13:24:33.242779+00:00,2026-08-29T05:35:26.246638+00:00,91,ja,81
278,採用の条件を確認する。,I confirm the hiring conditions.,2026-07-11T13:24:33.242779+00:00,2026-08-29T05:35:26.246638+00:00,132,ja,48
279,道路を拡張する工事が始まった。,Construction to expand the road has begun.,2026-07-11T13:24:33.242779+00:00,2026-07-11T13:24:33.242779+00:00,135,ja,
280,夢の実現に向けて努力する。,I work toward the realization of my dream.,2026-07-11T13:24:33.242779+00:00,2026-07-11T13:24:33.242779+00:00,120,ja,
281,弓道は日本の伝統的な武道だ。,Kyudo is a traditional Japanese martial art.,2026-07-11T13:24:33.242779+00:00,2026-08-29T05:35:26.246638+00:00,181,ja,69
282,会社の経営は難しい。,Managing a company is difficult.,2026-07-11T13:24:33.242779+00:00,2026-08-29T05:35:26.246638+00:00,229,ja,48
283,今日は勤務時間が長い。,Today's working hours are long.,2026-07-11T13:24:33.242779+00:00,2026-08-29T05:35:26.246638+00:00,209,ja,48
284,沿岸の漁業が盛んだ。,Fishing along the coast is thriving.,2026-07-11T13:24:33.242779+00:00,2026-08-29T05:35:26.246638+00:00,251,ja,48
285,月刊誌を定期購読している。,I subscribe to a monthly magazine.,2026-07-11T13:24:33.242779+00:00,2026-07-11T13:24:33.242779+00:00,201,ja,
286,郷土料理を食べた。,I ate local cuisine.,2026-07-11T13:24:33.242779+00:00,2026-08-29T05:35:26.246638+00:00,267,ja,71
287,液体が固体に変わった。,The liquid turned into a solid.,2026-07-11T13:24:33.242779+00:00,2026-07-11T13:24:33.242779+00:00,284,ja,
288,提案を検討する。,I consider the proposal.,2026-07-11T13:24:33.242779+00:00,2026-08-29T05:35:26.246638+00:00,346,ja,48
289,土地の境界を確認する。,I confirm the land boundary.,2026-07-11T13:24:33.242779+00:00,2026-08-29T05:35:26.246638+00:00,137,ja,84
290,困難な状況に置かれた。,I was placed in a difficult situation.,2026-07-11T13:24:33.242779+00:00,2026-07-11T13:24:33.242779+00:00,76,ja,
291,許可証なしには入れない。,You cannot enter without a permit.,2026-07-11T13:24:33.242779+00:00,2026-08-29T05:35:26.246638+00:00,226,ja,81
292,試合で逆転した。,We made a comeback in the game.,2026-07-11T13:24:33.242779+00:00,2026-08-29T05:35:26.246638+00:00,315,ja,69
293,異文化を理解することが必要だ。,It is necessary to understand different cultures.,2026-07-11T13:24:33.242779+00:00,2026-08-29T05:35:26.246638+00:00,261,ja,52
294,試合が雨で延期になった。,The game was postponed due to rain.,2026-07-11T13:24:33.242779+00:00,2026-08-29T05:35:26.246638+00:00,149,ja,69
295,禁煙区域に入ってはいけない。,You must not enter the no-smoking zone.,2026-07-11T13:24:33.242779+00:00,2026-07-11T13:24:33.242779+00:00,200,ja,
296,政治改革を推進する。,To promote political reform.,2026-07-11T13:24:33.242779+00:00,2026-08-29T05:35:26.246638+00:00,194,ja,81
297,台風が沿岸に近づいている。,The typhoon is approaching the coast.,2026-07-11T13:24:33.242779+00:00,2026-08-29T05:35:26.246638+00:00,251,ja,34
298,境界線を引く。,I draw a boundary line.,2026-07-11T13:24:33.242779+00:00,2026-08-29T05:35:26.246638+00:00,137,ja,41
299,弓道の練習で集中力が上がる。,Concentration improves with kyudo practice.,2026-07-11T13:24:33.242779+00:00,2026-08-29T05:35:26.246638+00:00,181,ja,69
300,社会的な圧力を感じる。,I feel social pressure.,2026-07-11T13:24:33.242779+00:00,2026-08-29T05:35:26.246638+00:00,144,ja,55
301,文句を言わないで。,Don't complain.,2026-07-11T13:24:33.242779+00:00,2026-08-29T05:35:26.246638+00:00,175,ja,52
302,IT業界で働いている。,I work in the IT industry.,2026-07-11T13:24:33.242779+00:00,2026-08-29T05:35:26.246638+00:00,322,ja,48
303,国境を越えて旅した。,I traveled across the national border.,2026-07-11T13:24:33.242779+00:00,2026-08-29T05:35:26.246638+00:00,182,ja,39
304,週刊で発行される雑誌だ。,It is a weekly magazine.,2026-07-11T13:24:33.242779+00:00,2026-08-29T05:35:26.246638+00:00,241,ja,6
305,野党は新しいリーダーを選んだ。,The opposition party chose a new leader.,2026-07-11T13:24:33.242779+00:00,2026-08-29T05:35:26.246638+00:00,289,ja,81
306,植物が栄養を吸収する。,Plants absorb nutrients.,2026-07-11T13:24:33.242779+00:00,2026-08-29T05:35:26.246638+00:00,213,ja,34
307,総額がいくらになるか計算する。,I calculate what the total amount will be.,2026-07-11T13:24:33.242779+00:00,2026-08-29T05:35:26.246638+00:00,339,ja,50
308,古代の遺跡を訪れた。,We visited ancient ruins.,2026-07-11T13:24:33.242779+00:00,2026-08-29T05:35:26.246638+00:00,348,ja,39
309,喫煙禁止の場所だ。,This is a no-smoking area.,2026-07-11T13:24:33.242779+00:00,2026-07-11T13:24:33.242779+00:00,308,ja,
310,古い宮殿が美術館になった。,The old palace became a museum.,2026-07-11T13:24:33.242779+00:00,2026-08-29T05:35:26.246638+00:00,73,ja,39
311,人の往来が多い場所だ。,It's a place with many people coming and going.,2026-07-11T13:24:33.242779+00:00,2026-08-29T05:35:26.246638+00:00,127,ja,59
312,恩人に感謝の気持ちを伝える。,I convey my gratitude to my benefactor.,2026-07-11T13:24:33.242779+00:00,2026-08-29T05:35:26.246638+00:00,131,ja,52
313,言葉の定義を確認する。,I confirm the definition of the word.,2026-07-11T13:24:33.242779+00:00,2026-08-29T05:35:26.246638+00:00,105,ja,57
314,技能検定を受ける。,I take a skills certification exam.,2026-07-11T13:24:33.242779+00:00,2026-08-29T05:35:26.246638+00:00,141,ja,48
315,逆転勝利を収めた。,We achieved a comeback victory.,2026-07-11T13:24:33.242779+00:00,2026-08-29T05:35:26.246638+00:00,315,ja,69
316,電車の沿線に住んでいる。,I live along the train line.,2026-07-11T13:24:33.242779+00:00,2026-08-29T05:35:26.246638+00:00,242,ja,82
317,本からの引用を示す。,Show a quotation from the book.,2026-07-11T13:24:33.242779+00:00,2026-08-29T05:35:26.246638+00:00,186,ja,52
318,複数の要因が絡み合っている。,Multiple factors are intertwined.,2026-07-11T13:24:33.242779+00:00,2026-08-29T05:35:26.246638+00:00,324,ja,57
319,句読点の使い方を学ぶ。,I learn how to use punctuation.,2026-07-11T13:24:33.242779+00:00,2026-08-29T05:35:26.246638+00:00,215,ja,44
320,事業を拡大する。,To expand the business.,2026-07-11T13:24:33.242779+00:00,2026-08-29T05:35:26.246638+00:00,184,ja,48
321,地方への移住が増えている。,Migration to rural areas is increasing.,2026-07-11T13:24:33.242779+00:00,2026-08-29T05:35:26.246638+00:00,317,ja,84
322,海外に移住した。,I emigrated abroad.,2026-07-11T13:24:33.242779+00:00,2026-08-29T05:35:26.246638+00:00,317,ja,39
323,疑惑の目で見られた。,I was looked at with suspicion.,2026-07-11T13:24:33.242779+00:00,2026-07-11T13:24:33.242779+00:00,223,ja,
324,英語の基礎を固める。,I solidify the basics of English.,2026-07-11T13:24:33.242779+00:00,2026-08-29T05:35:26.246638+00:00,218,ja,44
325,現状に満足している。,I am satisfied with the current state.,2026-07-11T13:24:33.242779+00:00,2026-08-29T05:35:26.246638+00:00,283,ja,55
326,危険を冒して挑戦する。,I take a risk and try.,2026-07-11T13:24:33.242779+00:00,2026-07-13T12:10:10.869826+00:00,169,ja,
327,警告を無視した。,I ignored the warning.,2026-07-11T13:24:33.242779+00:00,2026-07-11T13:24:33.242779+00:00,342,ja,
328,写真を拡大して見る。,To magnify a photo and look at it.,2026-07-11T13:24:33.242779+00:00,2026-08-29T05:35:26.246638+00:00,184,ja,63
329,事故で意識を失った。,He lost consciousness in the accident.,2026-07-11T13:24:33.242779+00:00,2026-08-29T05:35:26.246638+00:00,168,ja,79
330,危険因子を排除する。,To eliminate risk factors.,2026-07-11T13:24:33.242779+00:00,2026-07-11T13:24:33.242779+00:00,91,ja,
331,解放感を味わう。,I experience a sense of liberation.,2026-07-11T13:24:33.242779+00:00,2026-08-29T05:35:26.246638+00:00,330,ja,55
332,イベントの運営を担当する。,I am in charge of operating the event.,2026-07-11T13:24:33.242779+00:00,2026-08-29T05:35:26.246638+00:00,228,ja,48
333,試合は延長戦になった。,The game went into extra time.,2026-07-11T13:24:33.242779+00:00,2026-08-29T05:35:26.246638+00:00,165,ja,69
335,時間制限がある。,There is a time limit.,2026-07-11T13:24:33.242779+00:00,2026-08-29T05:35:26.246638+00:00,125,ja,6
336,明確な定義が必要だ。,A clear definition is necessary.,2026-07-11T13:24:33.242779+00:00,2026-08-29T05:35:26.246638+00:00,105,ja,57
337,大学で講演をした。,I gave a lecture at the university.,2026-07-11T13:24:33.242779+00:00,2026-08-29T05:35:26.246638+00:00,263,ja,44
338,彼は医学を専攻している。,He is majoring in medical science.,2026-07-11T13:24:33.242779+00:00,2026-08-29T05:35:26.246638+00:00,173,ja,44
339,教育改革が必要だ。,Educational reform is necessary.,2026-07-11T13:24:33.242779+00:00,2026-08-29T05:35:26.246638+00:00,194,ja,81
340,経済危機が起きた。,An economic crisis occurred.,2026-07-11T13:24:33.242779+00:00,2026-08-29T05:35:26.246638+00:00,148,ja,80
341,国境付近に検問所がある。,There is a checkpoint near the border.,2026-07-11T13:24:33.242779+00:00,2026-08-29T05:35:26.246638+00:00,182,ja,39
342,環境問題への意識が高まっている。,Awareness of environmental issues is growing.,2026-07-11T13:24:33.242779+00:00,2026-08-29T05:35:26.246638+00:00,168,ja,34
343,費用の総額は百万円だ。,The total cost is one million yen.,2026-07-11T13:24:33.242779+00:00,2026-08-29T05:35:26.246638+00:00,339,ja,50
344,台風が近づくと気圧が下がる。,Atmospheric pressure drops when a typhoon approaches.,2026-07-11T13:24:33.242779+00:00,2026-08-29T05:35:26.246638+00:00,224,ja,34
345,政府が新しい指針を発表した。,The government announced new guidelines.,2026-07-11T13:24:33.242779+00:00,2026-08-29T05:35:26.246638+00:00,145,ja,81
346,防衛予算が増加した。,The defense budget has increased.,2026-07-11T13:24:33.242779+00:00,2026-08-29T05:35:26.246638+00:00,256,ja,81
347,我々の目標は平和だ。,Our goal is peace.,2026-07-11T13:24:33.242779+00:00,2026-07-11T13:24:33.242779+00:00,219,ja,
348,予選を通過した。,I passed the preliminary round.,2026-07-11T13:24:33.242779+00:00,2026-08-29T05:35:26.246638+00:00,320,ja,69
349,立入りを禁止する。,Entry is prohibited.,2026-07-11T13:24:33.242779+00:00,2026-07-11T13:24:33.242779+00:00,308,ja,
350,問題解決の過程を記録した。,I recorded the process of solving the problem.,2026-07-11T13:24:33.242779+00:00,2026-08-29T05:35:26.246638+00:00,292,ja,57
351,目が痛くて眼科に行った。,My eyes hurt so I went to the eye clinic.,2026-07-11T13:24:33.242779+00:00,2026-08-29T05:35:26.246638+00:00,305,ja,79
352,年賀のご挨拶を申し上げます。,I offer my New Year's greetings.,2026-07-11T13:24:33.242779+00:00,2026-08-29T05:35:26.246638+00:00,203,ja,52
353,学習の過程で間違いをする。,I make mistakes in the learning process.,2026-07-11T13:24:33.242779+00:00,2026-08-29T05:35:26.246638+00:00,292,ja,44
354,週刊誌を買う。,I buy a weekly magazine.,2026-07-11T13:24:33.242779+00:00,2026-07-11T13:24:33.242779+00:00,241,ja,
355,禁煙に成功した。,I succeeded in quitting smoking.,2026-07-11T13:24:33.242779+00:00,2026-07-11T13:24:33.242779+00:00,69,ja,
356,会社の幹部が集まる。,The company executives gather.,2026-07-11T13:24:33.242779+00:00,2026-08-29T05:35:26.246638+00:00,118,ja,48
357,この場所は危険だ。,This place is dangerous.,2026-07-11T13:24:33.242779+00:00,2026-07-11T13:24:33.242779+00:00,169,ja,
358,経済的援助を受けている。,I am receiving financial assistance.,2026-07-11T13:24:33.242779+00:00,2026-08-29T05:35:26.246638+00:00,166,ja,80
359,成功の要因はチームワークだ。,The key factor of success is teamwork.,2026-07-11T13:24:33.242779+00:00,2026-07-11T13:24:33.242779+00:00,324,ja,
360,日本は群島からなる国だ。,Japan is a country made up of an archipelago.,2026-07-11T13:24:33.242779+00:00,2026-08-29T05:35:26.246638+00:00,314,ja,34
361,日本の経済は大きい。,Japan's economy is large.,2026-07-11T13:24:33.242779+00:00,2026-08-29T05:35:26.246638+00:00,272,ja,48
362,永久に変わらない真実がある。,There are truths that never change forever.,2026-07-11T13:24:33.242779+00:00,2026-07-11T13:24:33.242779+00:00,357,ja,
363,被災地に援助を送った。,Aid was sent to the disaster area.,2026-07-11T13:24:33.242779+00:00,2026-07-11T13:24:33.242779+00:00,166,ja,
364,太平洋の群島を探索した。,I explored the Pacific island chain.,2026-07-11T13:24:33.242779+00:00,2026-08-29T05:35:26.246638+00:00,314,ja,39
365,株式市場に投資する。,To invest in the stock market.,2026-07-11T13:24:33.242779+00:00,2026-08-29T05:35:26.246638+00:00,102,ja,80
366,春に故郷へ帰る。,I return to my hometown in spring.,2026-07-11T13:24:33.242779+00:00,2026-08-29T05:35:26.246638+00:00,95,ja,28
367,基礎から学び直す。,I relearn from the foundation.,2026-07-11T13:24:33.242779+00:00,2026-08-29T05:35:26.246638+00:00,218,ja,44
368,この区域は立入禁止だ。,This area is off-limits.,2026-07-11T13:24:33.242779+00:00,2026-07-11T13:24:33.242779+00:00,200,ja,
369,会議を来週に延期した。,We postponed the meeting to next week.,2026-07-11T13:24:33.242779+00:00,2026-08-29T05:35:26.246638+00:00,149,ja,48
370,群衆が広場に集まった。,A crowd gathered in the plaza.,2026-07-11T13:24:33.242779+00:00,2026-07-11T13:24:33.242779+00:00,268,ja,
371,母乳は赤ちゃんに最適だ。,Breast milk is ideal for babies.,2026-07-11T13:24:33.242779+00:00,2026-08-29T05:35:26.246638+00:00,316,ja,28
372,彼は大学院で研究している。,He is doing research at graduate school.,2026-07-11T13:24:33.242779+00:00,2026-08-29T05:35:26.246638+00:00,160,ja,44
373,危険を警告する看板がある。,There is a sign warning of danger.,2026-07-11T13:24:33.242779+00:00,2026-07-11T13:24:33.242779+00:00,342,ja,
374,貴族の家柄に生まれた。,Born into an aristocratic family.,2026-07-11T13:24:33.242779+00:00,2026-07-11T13:24:33.242779+00:00,306,ja,
375,沿線の駅で乗り換える。,To transfer at a station along the line.,2026-07-11T13:24:33.242779+00:00,2026-08-29T05:35:26.246638+00:00,242,ja,82
376,彼女は飲食店を経営している。,She runs a restaurant.,2026-07-11T13:24:33.242779+00:00,2026-08-29T05:35:26.246638+00:00,229,ja,71
377,経済的な問題を解決する。,I solve economic problems.,2026-07-11T13:24:33.242779+00:00,2026-08-29T05:35:26.246638+00:00,272,ja,48
378,有名人の講演を聴きに行く。,I go to listen to a famous person's lecture.,2026-07-11T13:24:33.242779+00:00,2026-07-11T13:24:33.242779+00:00,263,ja,
379,スポンサーが資金を提供した。,The sponsor provided funding.,2026-07-11T13:24:33.242779+00:00,2026-08-29T05:35:26.246638+00:00,159,ja,48
380,自衛隊が災害救助に当たった。,The Self-Defense Forces responded to disaster relief.,2026-07-11T13:24:33.242779+00:00,2026-08-29T05:35:26.246638+00:00,288,ja,81
381,河川の氾濫が心配だ。,I'm worried about river flooding.,2026-07-11T13:24:33.242779+00:00,2026-08-29T05:35:26.246638+00:00,275,ja,34
382,銀河は無数の星からできている。,A galaxy is made up of countless stars.,2026-07-11T13:24:33.242779+00:00,2026-08-29T05:35:26.246638+00:00,291,ja,34
383,永久歯が生えてきた。,My permanent teeth have grown in.,2026-07-11T13:24:33.242779+00:00,2026-08-29T05:35:26.246638+00:00,357,ja,17
384,眼科の検診を受ける。,I have an eye examination.,2026-07-11T13:24:33.242779+00:00,2026-08-29T05:35:26.246638+00:00,305,ja,79
385,クラスの平均点は70点だ。,The class average is 70 points.,2026-07-11T13:24:33.242779+00:00,2026-08-29T05:35:26.246638+00:00,119,ja,44
386,新しい政党が結成された。,A new political party was formed.,2026-07-11T13:24:33.242779+00:00,2026-08-29T05:35:26.246638+00:00,126,ja,81
387,我慢の限度を超えた。,It exceeded the limit of my patience.,2026-07-11T13:24:33.242779+00:00,2026-08-29T05:35:26.246638+00:00,270,ja,55
388,情報を提供する。,To provide information.,2026-07-11T13:24:33.242779+00:00,2026-08-29T05:35:26.246638+00:00,159,ja,52
389,血液型はB型だ。,My blood type is B.,2026-07-11T13:24:33.242779+00:00,2026-08-29T05:35:26.246638+00:00,325,ja,17
390,バッキンガム宮殿を見学した。,I visited Buckingham Palace.,2026-07-11T13:24:33.242779+00:00,2026-08-29T05:35:26.246638+00:00,73,ja,39
391,血液検査を受けた。,I had a blood test.,2026-07-11T13:24:33.242779+00:00,2026-08-29T05:35:26.246638+00:00,325,ja,79
392,祝賀パーティーを開く。,I hold a celebration party.,2026-07-11T13:24:33.242779+00:00,2026-07-11T13:24:33.242779+00:00,244,ja,
393,行動の指針を示す。,To indicate guidelines for action.,2026-07-11T13:24:33.242779+00:00,2026-07-11T13:24:33.242779+00:00,145,ja,
394,国の防衛は重要だ。,National defense is important.,2026-07-11T13:24:33.242779+00:00,2026-08-29T05:35:26.246638+00:00,256,ja,81
395,危機を乗り越える。,To overcome a crisis.,2026-07-11T13:24:33.242779+00:00,2026-07-11T13:24:33.242779+00:00,148,ja,
396,新幹線は幹線鉄道の一つだ。,The Shinkansen is a main line railway.,2026-07-11T13:24:33.242779+00:00,2026-08-29T05:35:26.246638+00:00,114,ja,39
397,情報が混乱を招いた。,The information caused confusion.,2026-07-11T13:24:33.242779+00:00,2026-07-11T13:24:33.242779+00:00,303,ja,
399,国道の幹線道路を走る。,I drive on the main national highway.,2026-07-11T13:24:33.242779+00:00,2026-08-29T05:35:26.246638+00:00,114,ja,59
400,この仕事には大きな意義がある。,This work has great significance.,2026-07-11T13:24:33.242779+00:00,2026-08-29T05:35:26.246638+00:00,78,ja,48
401,中世の貴族は豪華な生活をしていた。,Medieval nobles lived luxurious lives.,2026-07-11T13:24:33.242779+00:00,2026-07-11T13:24:33.242779+00:00,306,ja,
402,文章に句読点を打つ。,I add punctuation to the text.,2026-07-11T13:24:33.242779+00:00,2026-08-29T05:35:26.246638+00:00,215,ja,52
403,見解の相違がある。,There is a difference of opinion.,2026-07-11T13:24:33.242779+00:00,2026-08-29T05:35:26.246638+00:00,331,ja,57
404,子どもは知識を素早く吸収する。,Children quickly absorb knowledge.,2026-07-11T13:24:33.242779+00:00,2026-08-29T05:35:26.246638+00:00,213,ja,44
405,この領域は未開拓だ。,This field is unexplored.,2026-07-11T13:25:50.613745+00:00,2026-07-11T13:25:50.613745+00:00,355,ja,
406,二十一世紀が始まった。,The 21st century has begun.,2026-07-11T13:25:50.613745+00:00,2026-08-29T05:35:26.246638+00:00,321,ja,6
407,乗船手続きをする。,Complete boarding procedures.,2026-07-11T13:25:50.613745+00:00,2026-08-29T05:35:26.246638+00:00,243,ja,39
408,人員削減が行われた。,Personnel cutbacks were implemented.,2026-07-11T13:25:50.613745+00:00,2026-08-29T05:35:26.246638+00:00,298,ja,48
409,彼の顔が険しくなった。,His expression became severe.,2026-07-11T13:25:50.613745+00:00,2026-08-29T05:35:26.246638+00:00,253,ja,55
410,長さの単位はメートルだ。,The unit of length is the meter.,2026-07-11T13:25:50.613745+00:00,2026-08-29T05:35:26.246638+00:00,280,ja,63
411,木材加工の技術を学んだ。,I learned wood processing techniques.,2026-07-11T13:25:50.613745+00:00,2026-08-29T05:35:26.246638+00:00,313,ja,48
412,印刷の質が良い。,The print quality is good.,2026-07-11T13:25:50.613745+00:00,2026-07-11T13:25:50.613745+00:00,250,ja,
413,クラス全員が遠足に参加した。,All class members participated in the field trip.,2026-07-11T13:25:50.613745+00:00,2026-08-29T05:35:26.246638+00:00,295,ja,44
414,険しい山道を登る。,I climb a steep mountain path.,2026-07-11T13:25:50.613745+00:00,2026-08-29T05:35:26.246638+00:00,253,ja,34
415,価格を比較して買う。,I compare prices before buying.,2026-07-11T13:25:50.613745+00:00,2026-08-29T05:35:26.246638+00:00,266,ja,50
416,新宿で乗り換えが必要です。,You need to transfer at Shinjuku.,2026-07-11T13:25:50.613745+00:00,2026-08-29T05:35:26.246638+00:00,13,ja,82
417,古典の授業で百人一首を習う。,Learn Hyakunin Isshu in classical literature class.,2026-07-11T13:25:50.613745+00:00,2026-08-29T05:35:26.246638+00:00,222,ja,44
418,受験シーズンが始まった。,Exam season has begun.,2026-07-11T13:25:50.613745+00:00,2026-08-29T05:35:26.246638+00:00,294,ja,44
419,事故の件数が増えた。,The number of accidents increased.,2026-07-11T13:25:50.613745+00:00,2026-08-29T05:35:26.246638+00:00,309,ja,1
420,軽い化粧が好きだ。,I prefer light makeup.,2026-07-11T13:25:50.613745+00:00,2026-07-11T13:25:50.613745+00:00,341,ja,
421,この文の主語は何ですか。,What is the subject of this sentence?,2026-07-11T13:25:50.613745+00:00,2026-08-29T05:35:26.246638+00:00,334,ja,44
422,10年以前の話だ。,It's a story from more than 10 years ago.,2026-07-11T13:25:50.613745+00:00,2026-08-29T05:35:26.246638+00:00,240,ja,6
423,数学の公式を覚える。,Memorize math formulas.,2026-07-11T13:25:50.613745+00:00,2026-08-29T05:35:26.246638+00:00,297,ja,44
424,勝負の行方は最後まで分からなかった。,The outcome of the match was unknown until the end.,2026-07-11T13:25:50.613745+00:00,2026-08-29T05:35:26.246638+00:00,345,ja,69
425,海外留学を体験する。,Experience studying abroad.,2026-07-11T13:25:50.613745+00:00,2026-08-29T05:35:26.246638+00:00,347,ja,44
426,将棋で勝負した。,We played a game of shogi.,2026-07-11T13:25:50.613745+00:00,2026-08-29T05:35:26.246638+00:00,345,ja,69
427,両方の意見を聞いた。,I heard opinions from both sides.,2026-07-11T13:25:50.613745+00:00,2026-08-29T05:35:26.246638+00:00,364,ja,52
428,学校の制服を着る。,I wear the school uniform.,2026-07-11T13:25:50.613745+00:00,2026-08-29T05:35:26.246638+00:00,276,ja,44
429,今回は失敗した。,I failed this time.,2026-07-11T13:25:50.613745+00:00,2026-07-11T13:25:50.613745+00:00,265,ja,
430,周囲の反応が気になる。,I'm concerned about the reactions of those around me.,2026-07-11T13:25:50.613745+00:00,2026-08-29T05:35:26.246638+00:00,365,ja,55
431,自分の言動を反省した。,I reflected on my own words and actions.,2026-07-11T13:25:50.613745+00:00,2026-08-29T05:35:26.246638+00:00,225,ja,57
432,警察が事件を調査している。,The police are investigating the incident.,2026-07-11T13:25:50.613745+00:00,2026-08-29T05:35:26.246638+00:00,255,ja,81
433,努力には価値がある。,Effort is worthwhile.,2026-07-11T13:25:50.613745+00:00,2026-07-11T13:25:50.613745+00:00,285,ja,
434,疲れたから休息が必要だ。,"I'm tired, so I need to rest.",2026-07-11T13:25:50.613745+00:00,2026-07-11T13:25:50.613745+00:00,269,ja,
435,共同作業で完成させた。,We completed it through joint effort.,2026-07-11T13:25:50.613745+00:00,2026-08-29T05:35:26.246638+00:00,257,ja,48
436,列の先頭に並ぶ。,Line up at the front of the line.,2026-07-11T13:25:50.613745+00:00,2026-08-29T05:35:26.246638+00:00,246,ja,41
437,有名な俳優が映画に出演した。,A famous actor appeared in the film.,2026-07-11T13:25:50.613745+00:00,2026-07-11T13:25:50.613745+00:00,278,ja,
438,命を大切にしてください。,Please value life.,2026-07-11T13:25:50.613745+00:00,2026-07-11T13:25:50.613745+00:00,359,ja,
439,質問に回答する。,Answer the question.,2026-07-11T13:25:50.613745+00:00,2026-08-29T05:35:26.246638+00:00,231,ja,52
440,地図で位置を確認した。,I confirmed the location on the map.,2026-07-11T13:25:50.613745+00:00,2026-08-29T05:35:26.246638+00:00,301,ja,41
441,父から万年筆をもらった。,I received a fountain pen from my father.,2026-07-11T13:25:50.613745+00:00,2026-08-29T05:35:26.246638+00:00,323,ja,28
442,参考になる情報を集める。,Gather useful reference information.,2026-07-11T13:25:50.613745+00:00,2026-08-29T05:35:26.246638+00:00,327,ja,57
443,新しい商品が発売された。,A new product was released.,2026-07-11T13:25:50.613745+00:00,2026-08-29T05:35:26.246638+00:00,310,ja,50
444,日本の代表チームが優勝した。,Japan's representative team won the championship.,2026-07-11T13:25:50.613745+00:00,2026-08-29T05:35:26.246638+00:00,258,ja,69
445,去年の二倍売れた。,It sold twice as much as last year.,2026-07-11T13:25:50.613745+00:00,2026-08-29T05:35:26.246638+00:00,247,ja,1
446,コストを削減する。,I reduce costs.,2026-07-11T13:25:50.613745+00:00,2026-08-29T05:35:26.246638+00:00,298,ja,48
447,天皇陛下がご出席された。,His Majesty the Emperor attended.,2026-07-11T13:25:50.613745+00:00,2026-08-29T05:35:26.246638+00:00,259,ja,81
448,高い地位を得た。,I achieved a high position.,2026-07-11T13:25:50.613745+00:00,2026-08-29T05:35:26.246638+00:00,238,ja,48
449,事故で電車が遅れた。,The train was delayed due to an accident.,2026-07-11T13:25:50.613745+00:00,2026-08-29T05:35:26.246638+00:00,350,ja,82
450,会員だけが入れる場所だ。,It is a place only members can enter.,2026-07-11T13:25:50.613745+00:00,2026-07-11T13:25:50.613745+00:00,271,ja,
451,チームが勝利を収めた。,The team achieved victory.,2026-07-11T13:25:50.613745+00:00,2026-08-29T05:35:26.246638+00:00,367,ja,69
452,家族で商売をしている。,My family runs a business.,2026-07-11T13:25:50.613745+00:00,2026-08-29T05:35:26.246638+00:00,356,ja,48
453,係の人を呼んでください。,Please call the person in charge.,2026-07-11T13:25:50.613745+00:00,2026-07-11T13:25:50.613745+00:00,343,ja,
454,もう限界だと思った。,I thought I had reached my limit.,2026-07-11T13:25:50.613745+00:00,2026-08-29T05:35:26.246638+00:00,273,ja,55
455,午後三時に乗船する。,Board the ship at 3pm.,2026-07-11T13:25:50.613745+00:00,2026-08-29T05:35:26.246638+00:00,243,ja,39
456,予算内でおさめる。,Keep within the budget.,2026-07-11T13:25:50.613745+00:00,2026-08-29T05:35:26.246638+00:00,237,ja,48
457,名刺を交換する。,Exchange business cards.,2026-07-11T13:25:50.613745+00:00,2026-08-29T05:35:26.246638+00:00,358,ja,48
458,大学で単位を取得した。,I earned credits at university.,2026-07-11T13:25:50.613745+00:00,2026-08-29T05:35:26.246638+00:00,280,ja,44
459,体力の限界を感じた。,I felt the limit of my physical strength.,2026-07-11T13:25:50.613745+00:00,2026-08-29T05:35:26.246638+00:00,273,ja,69
460,勝利の喜びを全員で分かち合った。,Everyone shared the joy of victory.,2026-07-11T13:25:50.613745+00:00,2026-08-29T05:35:26.246638+00:00,367,ja,69
461,文化交流のイベントに参加した。,I participated in a cultural exchange event.,2026-07-11T13:25:50.613745+00:00,2026-08-29T05:35:26.246638+00:00,351,ja,52
462,頂上からの眺めは素晴らしい。,The view from the top is wonderful.,2026-07-11T13:25:50.613745+00:00,2026-08-29T05:35:26.246638+00:00,344,ja,34
463,太陽の光が眩しい。,The sunlight is dazzling.,2026-07-11T13:25:50.613745+00:00,2026-08-29T05:35:26.246638+00:00,336,ja,34
464,陛下にご挨拶申し上げた。,I offered my greetings to His Majesty.,2026-07-11T13:25:50.613745+00:00,2026-08-29T05:35:26.246638+00:00,259,ja,81
465,外国人との交流が楽しい。,Interacting with foreigners is enjoyable.,2026-07-11T13:25:50.613745+00:00,2026-08-29T05:35:26.246638+00:00,351,ja,52
466,転んで腕を骨折した。,I fell and broke my arm.,2026-07-11T13:25:50.613745+00:00,2026-08-29T05:35:26.246638+00:00,299,ja,79
467,バターの代わりにオリーブ油を使った。,I used olive oil instead of butter.,2026-07-11T13:25:50.613745+00:00,2026-07-11T13:25:50.613745+00:00,245,ja,
468,この値段は元の三倍だ。,This price is three times the original.,2026-07-11T13:25:50.613745+00:00,2026-08-29T05:35:26.246638+00:00,247,ja,50
469,転んで膝に傷ができた。,I fell and got a wound on my knee.,2026-07-11T13:25:50.613745+00:00,2026-08-29T05:35:26.246638+00:00,338,ja,17
470,費用を均等に分ける。,We split costs equally.,2026-07-11T13:25:50.613745+00:00,2026-08-29T05:35:26.246638+00:00,414,ja,50
471,有害物質を除去する。,To remove harmful substances.,2026-07-11T13:25:50.613745+00:00,2026-07-11T13:25:50.613745+00:00,318,ja,
472,交通事故が起きた。,A traffic accident occurred.,2026-07-11T13:25:50.613745+00:00,2026-07-11T13:25:50.613745+00:00,350,ja,
473,地域の住民が集まった。,Local residents gathered.,2026-07-11T13:25:50.613745+00:00,2026-07-11T13:25:50.613745+00:00,249,ja,
474,今回の旅行は楽しかった。,This trip was fun.,2026-07-11T13:25:50.613745+00:00,2026-08-29T05:35:26.246638+00:00,265,ja,39
475,善と悪の区別をする。,I distinguish between good and evil.,2026-07-11T13:25:50.613745+00:00,2026-08-29T05:35:26.246638+00:00,335,ja,57
476,革新的なアイデアが必要だ。,Innovative ideas are necessary.,2026-07-11T13:25:50.613745+00:00,2026-07-11T13:25:50.613745+00:00,287,ja,
477,公共交通機関を利用して通勤する。,Commute using public transportation.,2026-07-11T13:25:50.613745+00:00,2026-08-29T05:35:26.246638+00:00,366,ja,82
478,松尾芭蕉は有名な俳句の詩人だ。,Matsuo Basho is a famous haiku poet.,2026-07-11T13:25:50.613745+00:00,2026-07-11T13:25:50.613745+00:00,360,ja,
479,価格が上がった。,The price went up.,2026-07-11T13:25:50.613745+00:00,2026-08-29T05:35:26.246638+00:00,266,ja,50
480,制服を着た警察官が立っている。,A uniformed police officer is standing there.,2026-07-11T13:25:50.613745+00:00,2026-08-29T05:35:26.246638+00:00,276,ja,81
481,彼は命がけで戦った。,He fought with his life on the line.,2026-07-11T13:25:50.613745+00:00,2026-07-11T13:25:50.613745+00:00,359,ja,
482,毎朝化粧をする。,I put on makeup every morning.,2026-07-11T13:25:50.613745+00:00,2026-07-11T13:25:50.613745+00:00,341,ja,
483,事務所で書類を作成した。,I prepared documents at the office.,2026-07-11T13:25:50.613745+00:00,2026-08-29T05:35:26.246638+00:00,239,ja,48
484,同時通訳をする。,Do simultaneous interpretation.,2026-07-11T13:25:50.613745+00:00,2026-08-29T05:35:26.246638+00:00,236,ja,52
485,全員集合してください。,Everyone please assemble.,2026-07-11T13:25:50.613745+00:00,2026-07-11T13:25:50.613745+00:00,295,ja,
486,産業革命が社会を変えた。,The Industrial Revolution changed society.,2026-07-11T13:25:50.613745+00:00,2026-07-11T13:25:50.613745+00:00,230,ja,
487,山の頂上に登った。,I climbed to the summit of the mountain.,2026-07-11T13:25:50.613745+00:00,2026-08-29T05:35:26.246638+00:00,344,ja,39
488,さまざまな分野で研究する。,Research in various fields.,2026-07-11T13:25:50.613745+00:00,2026-07-11T13:25:50.613745+00:00,235,ja,
489,受付時間は九時から五時です。,Reception hours are from 9 to 5.,2026-07-11T13:25:50.613745+00:00,2026-07-11T13:25:50.613745+00:00,260,ja,
490,均等な機会を与える。,We give equal opportunities.,2026-07-11T13:25:50.613745+00:00,2026-07-11T13:25:50.613745+00:00,414,ja,
491,会議で新しい案を発表した。,I presented a new proposal at the meeting.,2026-07-11T13:25:50.613745+00:00,2026-08-29T05:35:26.246638+00:00,286,ja,48
492,会社の位置を教えてください。,Please tell me the location of the company.,2026-07-11T13:25:50.613745+00:00,2026-08-29T05:35:26.246638+00:00,301,ja,41
493,伊豆半島に旅行した。,I traveled to the Izu Peninsula.,2026-07-11T13:25:50.613745+00:00,2026-08-29T05:35:26.246638+00:00,232,ja,39
494,地元チームを応援する。,Support the local team.,2026-07-11T13:25:50.613745+00:00,2026-08-29T05:35:26.246638+00:00,363,ja,69
495,予算以内に収めた。,I kept it within budget.,2026-07-11T13:25:50.613745+00:00,2026-07-11T13:25:50.613745+00:00,361,ja,
496,この薬の使用方法を読んでください。,Please read the instructions for using this medicine.,2026-07-11T13:25:50.613745+00:00,2026-08-29T05:35:26.246638+00:00,279,ja,78
497,地元のスーパーで買い物する。,Shop at the local supermarket.,2026-07-11T13:25:50.613745+00:00,2026-08-29T05:35:26.246638+00:00,363,ja,72
498,このジムの会員になった。,I became a member of this gym.,2026-07-11T13:25:50.613745+00:00,2026-08-29T05:35:26.246638+00:00,271,ja,69
499,明日は小学校の入学式だ。,Tomorrow is the elementary school entrance ceremony.,2026-07-11T13:25:50.613745+00:00,2026-08-29T05:35:26.246638+00:00,264,ja,44
500,二つを区別するのは難しい。,It is difficult to distinguish between the two.,2026-07-11T13:25:50.613745+00:00,2026-08-29T05:35:26.246638+00:00,335,ja,65
501,あの医院は評判がいい。,That clinic has a good reputation.,2026-07-11T13:25:50.613745+00:00,2026-08-29T05:35:26.246638+00:00,296,ja,79
502,俳句を作るのが趣味だ。,My hobby is composing haiku.,2026-07-11T13:25:50.613745+00:00,2026-07-11T13:25:50.613745+00:00,360,ja,
503,申請件数を確認する。,I check the number of applications.,2026-07-11T13:25:50.613745+00:00,2026-07-11T13:25:50.613745+00:00,309,ja,
504,失敗を反省して次に生かす。,I reflect on my failure and use it for the future.,2026-07-11T13:25:50.613745+00:00,2026-08-29T05:35:26.246638+00:00,225,ja,57
505,来月九州に旅行する予定だ。,I plan to travel to Kyushu next month.,2026-07-11T13:25:50.613745+00:00,2026-08-29T05:35:26.246638+00:00,282,ja,39
506,プログラミング入門の本を読む。,Read an introduction to programming book.,2026-07-11T13:25:50.613745+00:00,2026-07-11T13:25:50.613745+00:00,233,ja,
507,万年筆で手紙を書く。,Write a letter with a fountain pen.,2026-07-11T13:25:50.613745+00:00,2026-08-29T05:35:26.246638+00:00,323,ja,52
508,列に並んでください。,Please get in line.,2026-07-11T13:25:50.613745+00:00,2026-07-11T13:25:50.613745+00:00,248,ja,
509,社会的地位が重要だと思う人もいる。,Some people think social status is important.,2026-07-11T13:25:50.613745+00:00,2026-07-11T13:25:50.613745+00:00,238,ja,
510,この地区は住みやすい。,This district is easy to live in.,2026-07-11T13:25:50.613745+00:00,2026-08-29T05:35:26.246638+00:00,328,ja,84
511,この地域は静かだ。,This area is quiet.,2026-07-11T13:25:50.613745+00:00,2026-08-29T05:35:26.246638+00:00,274,ja,84
512,共同研究を行っている。,We are conducting collaborative research.,2026-07-11T13:25:50.613745+00:00,2026-08-29T05:35:26.246638+00:00,257,ja,48
513,九州は温泉が有名だ。,Kyushu is famous for hot springs.,2026-07-11T13:25:50.613745+00:00,2026-08-29T05:35:26.246638+00:00,282,ja,39
514,彼は人気俳優になった。,He became a popular actor.,2026-07-11T13:25:50.613745+00:00,2026-07-11T13:25:50.613745+00:00,278,ja,
515,身体障害を持つ人を支援する。,To support people with physical disabilities.,2026-07-11T13:25:50.613745+00:00,2026-07-11T13:25:50.613745+00:00,221,ja,
516,両方とも好きです。,I like both of them.,2026-07-11T13:25:50.613745+00:00,2026-07-11T13:25:50.613745+00:00,364,ja,
517,不幸な出来事が起きた。,An unfortunate event occurred.,2026-07-11T13:25:50.613745+00:00,2026-08-29T05:35:26.246638+00:00,362,ja,55
518,深く呼吸する。,To breathe deeply.,2026-07-11T13:25:50.613745+00:00,2026-08-29T05:35:26.246638+00:00,262,ja,17
519,共通の話題で盛り上がった。,We got excited about a shared topic.,2026-07-11T13:25:50.613745+00:00,2026-08-29T05:35:26.246638+00:00,234,ja,52
520,国際交流をする。,Have international exchange.,2026-07-11T13:25:50.613745+00:00,2026-07-11T13:25:50.613745+00:00,319,ja,
521,専門の領域を広げる。,To expand one's area of expertise.,2026-07-11T13:25:50.613745+00:00,2026-08-29T05:35:26.246638+00:00,355,ja,48
522,この絵には価値がある。,This painting has value.,2026-07-11T13:25:50.613745+00:00,2026-07-11T13:25:50.613745+00:00,285,ja,
523,予算を決める。,Determine the budget.,2026-07-11T13:25:50.613745+00:00,2026-07-11T13:25:50.613745+00:00,237,ja,
524,この本を参考にする。,Use this book as a reference.,2026-07-11T13:25:50.613745+00:00,2026-07-11T13:25:50.613745+00:00,327,ja,
525,他人に頼りすぎないようにしている。,I try not to rely too much on others.,2026-07-11T13:25:50.613745+00:00,2026-07-11T13:25:50.613745+00:00,252,ja,
526,それ以来、会っていない。,I haven't seen them since then.,2026-07-11T13:25:50.613745+00:00,2026-08-29T05:35:26.246638+00:00,340,ja,6
527,図書館を利用する。,Use the library.,2026-07-11T13:25:50.613745+00:00,2026-07-11T13:25:50.613745+00:00,366,ja,
528,受付係に案内してもらった。,I was guided by the reception staff.,2026-07-11T13:25:50.613745+00:00,2026-07-11T13:25:50.613745+00:00,343,ja,
529,学生割引で映画を見る。,To watch a movie with a student discount.,2026-07-11T13:25:50.613745+00:00,2026-08-29T05:35:26.246638+00:00,3,ja,50
530,回答をまとめる。,Compile the answers.,2026-07-11T13:25:50.613745+00:00,2026-08-29T05:35:26.246638+00:00,231,ja,57
531,呼吸が苦しい。,My breathing is difficult.,2026-07-11T13:25:50.613745+00:00,2026-08-29T05:35:26.246638+00:00,262,ja,17
532,国内の市場が成長している。,The domestic market is growing.,2026-07-11T13:25:50.613745+00:00,2026-08-29T05:35:26.246638+00:00,352,ja,48
533,部屋に光が差し込む。,Light streams into the room.,2026-07-11T13:25:50.613745+00:00,2026-08-29T05:35:26.246638+00:00,336,ja,28
534,営業部に配属された。,I was assigned to the sales department.,2026-07-11T13:25:50.613745+00:00,2026-08-29T05:35:26.246638+00:00,227,ja,48
535,障害物の除去作業を行う。,To carry out obstacle removal work.,2026-07-11T13:25:50.613745+00:00,2026-08-29T05:35:26.246638+00:00,318,ja,48
536,彼女は不幸な人生を送った。,She lived an unhappy life.,2026-07-11T13:25:50.613745+00:00,2026-08-29T05:35:26.246638+00:00,362,ja,55
537,先頭に立つ。,Stand at the front.,2026-07-11T13:25:50.613745+00:00,2026-08-29T05:35:26.246638+00:00,246,ja,41
538,商品の品質を確認した。,I checked the quality of the product.,2026-07-11T13:25:50.613745+00:00,2026-08-29T05:35:26.246638+00:00,310,ja,48
539,化学は得意な科目です。,Chemistry is my strong subject.,2026-07-11T13:25:50.613745+00:00,2026-08-29T05:35:26.246638+00:00,277,ja,44
540,子供の笑顔が喜びだ。,My child's smile is my joy.,2026-07-11T13:25:50.613745+00:00,2026-08-29T05:35:26.246638+00:00,281,ja,28
541,この皿には傷がある。,This plate has a scratch.,2026-07-11T13:25:50.613745+00:00,2026-07-11T13:25:50.613745+00:00,338,ja,
542,原因が分からない。,I don't know the cause.,2026-07-11T13:25:50.613745+00:00,2026-08-29T05:35:26.246638+00:00,293,ja,57
543,食品を加工した。,I processed food.,2026-07-11T13:25:50.613745+00:00,2026-07-11T13:25:50.613745+00:00,313,ja,
544,戦争で難民が生まれた。,Refugees were created by the war.,2026-07-11T13:25:50.613745+00:00,2026-07-11T13:25:50.613745+00:00,302,ja,
545,以前ここに住んでいた。,I used to live here before.,2026-07-11T13:25:50.613745+00:00,2026-08-29T05:35:26.246638+00:00,240,ja,28
546,地域の人々と協力する。,To cooperate with people in the area.,2026-07-11T13:25:50.613745+00:00,2026-07-11T13:25:50.613745+00:00,274,ja,
547,合格の喜びを感じた。,I felt the joy of passing.,2026-07-11T13:25:50.613745+00:00,2026-08-29T05:35:26.246638+00:00,281,ja,55
548,午後に会議がある。,There is a meeting in the afternoon.,2026-07-11T13:25:50.613745+00:00,2026-08-29T05:35:26.246638+00:00,286,ja,48
549,古典文学を学ぶ。,Study classical literature.,2026-07-11T13:25:50.613745+00:00,2026-08-29T05:35:26.246638+00:00,222,ja,44
550,卒業以来初めて会った。,I met them for the first time since graduation.,2026-07-11T13:25:50.613745+00:00,2026-08-29T05:35:26.246638+00:00,340,ja,6
551,列車が定刻に到着した。,The train arrived on time.,2026-07-11T13:25:50.613745+00:00,2026-08-29T05:35:26.246638+00:00,312,ja,82
552,小さな商店を経営している。,I run a small shop.,2026-07-11T13:25:50.613745+00:00,2026-08-29T05:35:26.246638+00:00,332,ja,48
553,本日は営業しています。,We are open for business today.,2026-07-11T13:25:50.613745+00:00,2026-08-29T05:35:26.246638+00:00,227,ja,48
554,初対面の印象が大切だ。,First impressions are important.,2026-07-11T13:25:50.613745+00:00,2026-08-29T05:35:26.246638+00:00,307,ja,52
555,彼は有名な作家だ。,He is a famous author.,2026-07-11T13:25:50.613745+00:00,2026-07-11T13:25:50.613745+00:00,349,ja,
556,日本語では主語が省略されることがある。,"In Japanese, the subject can sometimes be omitted.",2026-07-11T13:25:50.613745+00:00,2026-07-11T13:25:50.613745+00:00,334,ja,
557,技術の革新が進んでいる。,Technological innovation is advancing.,2026-07-11T13:25:50.613745+00:00,2026-08-29T05:35:26.246638+00:00,287,ja,48
558,フランス革命は1789年に起きた。,The French Revolution occurred in 1789.,2026-07-11T13:25:50.613745+00:00,2026-07-11T13:25:50.613745+00:00,230,ja,
559,公式の発表を待つ。,Wait for the official announcement.,2026-07-11T13:25:50.613745+00:00,2026-08-29T05:35:26.246638+00:00,297,ja,52
560,乗り換えなしで行けますか。,Can I get there without transferring?,2026-07-11T13:25:50.613745+00:00,2026-08-29T05:35:26.246638+00:00,13,ja,82
561,日本語入門クラスに入った。,I joined a beginner Japanese class.,2026-07-11T13:25:50.613745+00:00,2026-08-29T05:35:26.246638+00:00,233,ja,44
562,書類を印刷した。,I printed the documents.,2026-07-11T13:25:50.613745+00:00,2026-08-29T05:35:26.246638+00:00,250,ja,48
563,作家になるのが夢だ。,My dream is to become a writer.,2026-07-11T13:25:50.613745+00:00,2026-07-11T13:25:50.613745+00:00,349,ja,
564,近所の商店街を歩いた。,I walked through the local shopping district.,2026-07-11T13:25:50.613745+00:00,2026-07-11T13:25:50.613745+00:00,332,ja,
565,渋谷地区の開発が進んでいる。,Development in the Shibuya area is progressing.,2026-07-11T13:25:50.613745+00:00,2026-08-29T05:35:26.246638+00:00,328,ja,84
566,他人のことに口を出さない。,I don't interfere in other people's business.,2026-07-11T13:25:50.613745+00:00,2026-07-11T13:25:50.613745+00:00,252,ja,
567,この商品は10%割引だ。,This product is 10% off.,2026-07-11T13:25:50.613745+00:00,2026-08-29T05:35:26.246638+00:00,3,ja,50
568,この半島は観光地として有名だ。,This peninsula is famous as a tourist destination.,2026-07-11T13:25:50.613745+00:00,2026-08-29T05:35:26.246638+00:00,232,ja,39
569,友人と同居することにした。,I decided to live together with my friend.,2026-07-11T13:25:50.613745+00:00,2026-08-29T05:35:26.246638+00:00,333,ja,28
570,到着時間は午後三時だ。,The arrival time is 3 PM.,2026-07-11T13:25:50.613745+00:00,2026-08-29T05:35:26.246638+00:00,329,ja,6
571,受付で名前を記入した。,I wrote my name at the reception desk.,2026-07-11T13:25:50.613745+00:00,2026-07-11T13:25:50.613745+00:00,260,ja,
572,問題解決の障害になる。,To become an obstacle to solving the problem.,2026-07-11T13:25:50.613745+00:00,2026-08-29T05:35:26.246638+00:00,221,ja,57
573,事故の原因を調べる。,Investigate the cause of the accident.,2026-07-11T13:25:50.613745+00:00,2026-08-29T05:35:26.246638+00:00,293,ja,57
574,電車が到着した。,The train arrived.,2026-07-11T13:25:50.613745+00:00,2026-08-29T05:35:26.246638+00:00,329,ja,82
575,不思議な事件が起きた。,A strange incident occurred.,2026-07-11T13:25:50.613745+00:00,2026-07-11T13:25:50.613745+00:00,255,ja,
576,壊れた部品を交換する。,Replace the broken part.,2026-07-11T13:25:50.613745+00:00,2026-07-11T13:25:50.613745+00:00,358,ja,
577,薬に反応した。,I reacted to the medicine.,2026-07-11T13:25:50.613745+00:00,2026-08-29T05:35:26.246638+00:00,365,ja,79
578,住民票を取りに行った。,I went to get my resident registration card.,2026-07-11T13:25:50.613745+00:00,2026-08-29T05:35:26.246638+00:00,249,ja,81
579,三日以内に返事をください。,Please reply within three days.,2026-07-11T13:25:50.613745+00:00,2026-08-29T05:35:26.246638+00:00,361,ja,6
580,骨折の治療に時間がかかる。,Treatment for a bone fracture takes time.,2026-07-11T13:25:50.613745+00:00,2026-08-29T05:35:26.246638+00:00,299,ja,79
581,専門の分野で活躍する。,Work actively in one's specialized field.,2026-07-11T13:25:50.613745+00:00,2026-08-29T05:35:26.246638+00:00,235,ja,48
582,難民を受け入れる国が増えた。,The number of countries accepting refugees has increased.,2026-07-11T13:25:50.613745+00:00,2026-07-11T13:25:50.613745+00:00,302,ja,
583,良い印象を与えた。,I made a good impression.,2026-07-11T13:25:50.613745+00:00,2026-08-29T05:35:26.246638+00:00,307,ja,52
584,この建物は十九世紀に建てられた。,This building was built in the 19th century.,2026-07-11T13:25:50.613745+00:00,2026-08-29T05:35:26.246638+00:00,321,ja,6
585,貴重な体験をした。,I had a valuable experience.,2026-07-11T13:25:50.613745+00:00,2026-07-11T13:25:50.613745+00:00,347,ja,
586,少し休息を取りましょう。,Let's take a short break.,2026-07-11T13:25:50.613745+00:00,2026-07-11T13:25:50.613745+00:00,269,ja,
587,入学式で校長先生が話した。,The principal spoke at the entrance ceremony.,2026-07-11T13:25:50.613745+00:00,2026-08-29T05:35:26.246638+00:00,264,ja,44
588,先生に世話になった。,I received a lot of help from my teacher.,2026-07-11T13:25:50.613745+00:00,2026-08-29T05:35:26.246638+00:00,311,ja,44
589,親と同居している。,I live with my parents.,2026-07-11T13:25:50.613745+00:00,2026-08-29T05:35:26.246638+00:00,333,ja,28
590,国際的な問題を話し合う。,Discuss international issues.,2026-07-11T13:25:50.613745+00:00,2026-08-29T05:35:26.246638+00:00,319,ja,52
591,近くの医院で風邪を診てもらった。,I had my cold treated at a nearby clinic.,2026-07-11T13:25:50.613745+00:00,2026-08-29T05:35:26.246638+00:00,296,ja,79
592,大学受験のために勉強している。,I am studying for university entrance exams.,2026-07-11T13:25:50.613745+00:00,2026-08-29T05:35:26.246638+00:00,294,ja,44
593,化学の実験が面白かった。,The chemistry experiment was interesting.,2026-07-11T13:25:50.613745+00:00,2026-08-29T05:35:26.246638+00:00,277,ja,44
594,学校の代表として発表した。,I presented as the school's representative.,2026-07-11T13:25:50.613745+00:00,2026-08-29T05:35:26.246638+00:00,258,ja,44
595,国内旅行を楽しむ。,Enjoy domestic travel.,2026-07-11T13:25:50.613745+00:00,2026-08-29T05:35:26.246638+00:00,352,ja,39
596,夜行列車で旅をした。,I traveled on a night train.,2026-07-11T13:25:50.613745+00:00,2026-08-29T05:35:26.246638+00:00,312,ja,39
597,事務所に電話した。,I called the office.,2026-07-11T13:25:50.613745+00:00,2026-08-29T05:35:26.246638+00:00,239,ja,48
598,彼の代わりに会議に出席した。,I attended the meeting in his place.,2026-07-11T13:25:50.613745+00:00,2026-08-29T05:35:26.246638+00:00,245,ja,48
599,二つの仕事を同時にする。,Do two jobs at the same time.,2026-07-11T13:25:50.613745+00:00,2026-08-29T05:35:26.246638+00:00,236,ja,48
600,許可なく使用してはいけない。,You must not use it without permission.,2026-07-11T13:25:50.613745+00:00,2026-07-11T13:25:50.613745+00:00,279,ja,
601,映画館の前に長い列ができた。,A long line formed in front of the cinema.,2026-07-11T13:25:50.613745+00:00,2026-07-11T13:25:50.613745+00:00,248,ja,
602,二人には共通の趣味がある。,The two have a common hobby.,2026-07-11T13:25:50.613745+00:00,2026-07-11T13:25:50.613745+00:00,234,ja,
603,子どもの世話をする。,I take care of the children.,2026-07-11T13:25:50.613745+00:00,2026-08-29T05:35:26.246638+00:00,311,ja,28
604,商売がうまくいっている。,Business is going well.,2026-07-11T13:25:50.613745+00:00,2026-08-29T05:35:26.246638+00:00,356,ja,48
605,選挙で投票した。,I voted in the election.,2026-07-11T13:28:54.148165+00:00,2026-08-29T05:35:26.246638+00:00,385,ja,81
606,故里が懐かしい。,I miss my hometown.,2026-07-11T13:28:54.148165+00:00,2026-08-29T05:35:26.246638+00:00,484,ja,55
607,車が故障した。,The car broke down.,2026-07-11T13:28:54.148165+00:00,2026-07-11T13:28:54.148165+00:00,478,ja,
608,庭園を散歩した。,I walked through the garden.,2026-07-11T13:28:54.148165+00:00,2026-07-11T13:28:54.148165+00:00,482,ja,
609,大声で話す。,Speak in a loud voice.,2026-07-11T13:28:54.148165+00:00,2026-08-29T05:35:26.246638+00:00,487,ja,52
610,人口が増加している。,The population is increasing.,2026-07-11T13:28:54.148165+00:00,2026-08-29T05:35:26.246638+00:00,491,ja,1
611,新しいアパートに家具を買った。,I bought furniture for my new apartment.,2026-07-11T13:28:54.148165+00:00,2026-08-29T05:35:26.246638+00:00,423,ja,77
612,委員会で話し合いが行われた。,A discussion was held at the committee.,2026-07-11T13:28:54.148165+00:00,2026-08-29T05:35:26.246638+00:00,495,ja,48
613,家具の配置を変えた。,I rearranged the furniture.,2026-07-11T13:28:54.148165+00:00,2026-08-29T05:35:26.246638+00:00,423,ja,28
614,この製品には欠点がある。,This product has a defect.,2026-07-11T13:28:54.148165+00:00,2026-07-11T13:28:54.148165+00:00,465,ja,
615,弱点を克服する。,Overcome one's weaknesses.,2026-07-11T13:28:54.148165+00:00,2026-08-29T05:35:26.246638+00:00,394,ja,57
616,平等に扱われるべきだ。,Everyone should be treated equally.,2026-07-11T13:28:54.148165+00:00,2026-07-11T13:28:54.148165+00:00,437,ja,
617,みんなの期待に応えたい。,I want to live up to everyone's expectations.,2026-07-11T13:28:54.148165+00:00,2026-08-29T05:35:26.246638+00:00,376,ja,55
618,宇宙飛行士が宇宙へ旅立った。,The astronaut departed for outer space.,2026-07-11T13:28:54.148165+00:00,2026-07-11T13:28:54.148165+00:00,480,ja,
619,結果は努力次第だ。,The result depends on your effort.,2026-07-11T13:28:54.148165+00:00,2026-07-11T13:28:54.148165+00:00,399,ja,
620,専門家に相談する。,Consult a specialist.,2026-07-11T13:28:54.148165+00:00,2026-07-11T13:28:54.148165+00:00,446,ja,
621,国際的な基準に従う。,I follow international standards.,2026-07-11T13:28:54.148165+00:00,2026-08-29T05:35:26.246638+00:00,512,ja,48
622,温泉旅館に行きたい。,I want to go to a hot spring inn.,2026-07-11T13:28:54.148165+00:00,2026-08-29T05:35:26.246638+00:00,485,ja,39
623,ホテルに宿泊した。,I stayed at a hotel.,2026-07-11T13:28:54.148165+00:00,2026-08-29T05:35:26.246638+00:00,381,ja,39
624,長い旅の後、故里に戻った。,"After a long journey, I returned to my hometown.",2026-07-11T13:28:54.148165+00:00,2026-08-29T05:35:26.246638+00:00,484,ja,39
625,エレベーターが故障中だ。,The elevator is out of order.,2026-07-11T13:28:54.148165+00:00,2026-07-11T13:28:54.148165+00:00,478,ja,
626,桜の時期が来た。,Cherry blossom season has come.,2026-07-11T13:28:54.148165+00:00,2026-08-29T05:35:26.246638+00:00,468,ja,34
627,太平洋は世界最大の海洋だ。,The Pacific Ocean is the world's largest ocean.,2026-07-11T13:28:54.148165+00:00,2026-08-29T05:35:26.246638+00:00,403,ja,34
628,宿泊費を会社が負担した。,The company covered the accommodation costs.,2026-07-11T13:28:54.148165+00:00,2026-08-29T05:35:26.246638+00:00,381,ja,48
629,試験の結果に期待している。,I have high expectations for the test results.,2026-07-11T13:28:54.148165+00:00,2026-08-29T05:35:26.246638+00:00,376,ja,44
630,私の専門は化学だ。,My specialty is chemistry.,2026-07-11T13:28:54.148165+00:00,2026-08-29T05:35:26.246638+00:00,446,ja,44
631,ラジオの放送が始まった。,The radio broadcast started.,2026-07-11T13:28:54.148165+00:00,2026-08-29T05:35:26.246638+00:00,439,ja,52
632,試験の期間は一週間だ。,The exam period is one week.,2026-07-11T13:28:54.148165+00:00,2026-08-29T05:35:26.246638+00:00,431,ja,44
633,自分の欠点を直したい。,I want to fix my own shortcomings.,2026-07-11T13:28:54.148165+00:00,2026-08-29T05:35:26.246638+00:00,465,ja,57
634,宇宙には無数の星がある。,There are countless stars in the universe.,2026-07-11T13:28:54.148165+00:00,2026-08-29T05:35:26.246638+00:00,480,ja,34
635,失敗から教訓を得た。,I learned a lesson from failure.,2026-07-11T13:28:54.148165+00:00,2026-08-29T05:35:26.246638+00:00,397,ja,57
636,応用問題が解けない。,I can't solve applied problems.,2026-07-11T13:28:54.148165+00:00,2026-08-29T05:35:26.246638+00:00,466,ja,44
637,この調査の対象は学生だ。,The target of this survey is students.,2026-07-11T13:28:54.148165+00:00,2026-07-11T13:28:54.148165+00:00,470,ja,
638,北の方向に進む。,I head in the direction of north.,2026-07-11T13:28:54.148165+00:00,2026-08-29T05:35:26.246638+00:00,445,ja,41
639,日本刀は日本の伝統工芸品だ。,The Japanese sword is a traditional Japanese craft.,2026-07-11T13:28:54.148165+00:00,2026-07-11T13:28:54.148165+00:00,472,ja,
640,将来への希望がある。,I have hope for the future.,2026-07-11T13:28:54.148165+00:00,2026-08-29T05:35:26.246638+00:00,425,ja,55
641,最高の思い出になった。,It became my best memory.,2026-07-11T13:28:54.148165+00:00,2026-08-29T05:35:26.246638+00:00,402,ja,55
642,平等な社会を目指している。,We are aiming for an equal society.,2026-07-11T13:28:54.148165+00:00,2026-07-11T13:28:54.148165+00:00,437,ja,
643,この期間に多くの仕事をした。,I did a lot of work during this period.,2026-07-11T13:28:54.148165+00:00,2026-08-29T05:35:26.246638+00:00,431,ja,48
644,工事中のため通行止め。,Closed due to construction.,2026-07-11T13:28:54.148165+00:00,2026-07-11T13:28:54.148165+00:00,457,ja,
645,春分を過ぎると昼が長くなる。,"After the spring equinox, the days get longer.",2026-07-11T13:28:54.148165+00:00,2026-08-29T05:35:26.246638+00:00,502,ja,34
646,家族の幸福を願っている。,I wish for my family's happiness.,2026-07-11T13:28:54.148165+00:00,2026-08-29T05:35:26.246638+00:00,396,ja,28
647,戸を開ける。,Open the door.,2026-07-11T13:28:54.148165+00:00,2026-07-11T13:28:54.148165+00:00,377,ja,
648,試験の結果が意外だった。,The exam result was unexpected.,2026-07-11T13:28:54.148165+00:00,2026-08-29T05:35:26.246638+00:00,392,ja,44
649,校長室に呼ばれた。,I was called to the principal's office.,2026-07-11T13:28:54.148165+00:00,2026-08-29T05:35:26.246638+00:00,390,ja,44
650,好きな季節は秋です。,My favorite season is autumn.,2026-07-11T13:28:54.148165+00:00,2026-08-29T05:35:26.246638+00:00,438,ja,34
651,有名な学者の講演を聞いた。,I attended a lecture by a famous scholar.,2026-07-11T13:28:54.148165+00:00,2026-08-29T05:35:26.246638+00:00,420,ja,44
652,市場の需要が増えている。,Market demand is increasing.,2026-07-11T13:28:54.148165+00:00,2026-08-29T05:35:26.246638+00:00,461,ja,48
653,夜空で星座を探す。,Look for constellations in the night sky.,2026-07-11T13:28:54.148165+00:00,2026-08-29T05:35:26.246638+00:00,395,ja,34
654,想像力が豊かだ。,He has a rich imagination.,2026-07-11T13:28:54.148165+00:00,2026-08-29T05:35:26.246638+00:00,421,ja,57
655,顧客への対応が大切だ。,Customer response is important.,2026-07-11T13:28:54.148165+00:00,2026-08-29T05:35:26.246638+00:00,40,ja,48
656,今は忙しい時期だ。,It's a busy period right now.,2026-07-11T13:28:54.148165+00:00,2026-08-29T05:35:26.246638+00:00,468,ja,6
657,室内プールで泳ぐ。,Swim in an indoor pool.,2026-07-11T13:28:54.148165+00:00,2026-08-29T05:35:26.246638+00:00,452,ja,69
658,往復切符を買う。,I buy a round-trip ticket.,2026-07-11T13:28:54.148165+00:00,2026-08-29T05:35:26.246638+00:00,453,ja,82
659,指示通りに作業した。,I worked according to the instructions.,2026-07-11T13:28:54.148165+00:00,2026-08-29T05:35:26.246638+00:00,413,ja,48
660,室内で運動する。,Exercise indoors.,2026-07-11T13:28:54.148165+00:00,2026-08-29T05:35:26.246638+00:00,452,ja,69
661,本を読んだ感想を書いた。,I wrote my impressions of the book.,2026-07-11T13:28:54.148165+00:00,2026-07-11T13:28:54.148165+00:00,386,ja,
662,希望通りの仕事に就いた。,I got the job I had hoped for.,2026-07-11T13:28:54.148165+00:00,2026-08-29T05:35:26.246638+00:00,425,ja,48
663,弓矢で狩りをした。,Hunted with bow and arrow.,2026-07-11T13:28:54.148165+00:00,2026-08-29T05:35:26.246638+00:00,454,ja,69
664,文章の構成を考えた。,I thought about the structure of the text.,2026-07-11T13:28:54.148165+00:00,2026-08-29T05:35:26.246638+00:00,410,ja,57
665,戸を閉めてください。,Please close the door.,2026-07-11T13:28:54.148165+00:00,2026-07-11T13:28:54.148165+00:00,377,ja,
666,機械が故障した。,The machine broke down.,2026-07-11T13:28:54.148165+00:00,2026-07-11T13:28:54.148165+00:00,515,ja,
667,机の上を整理した。,I tidied up my desk.,2026-07-11T13:28:54.148165+00:00,2026-07-11T13:28:54.148165+00:00,383,ja,
668,テレビで放送を見た。,I watched the broadcast on TV.,2026-07-11T13:28:54.148165+00:00,2026-08-29T05:35:26.246638+00:00,439,ja,52
669,日本の大使がスピーチをした。,The Japanese ambassador gave a speech.,2026-07-11T13:28:54.148165+00:00,2026-08-29T05:35:26.246638+00:00,370,ja,81
670,これは基本的な考え方だ。,This is a fundamental way of thinking.,2026-07-11T13:28:54.148165+00:00,2026-08-29T05:35:26.246638+00:00,506,ja,57
671,広場でイベントが開かれた。,An event was held in the square.,2026-07-11T13:28:54.148165+00:00,2026-07-11T13:28:54.148165+00:00,476,ja,
672,委員会で新しい規則が決まった。,A new rule was decided in the committee.,2026-07-11T13:28:54.148165+00:00,2026-08-29T05:35:26.246638+00:00,496,ja,48
673,現代は情報の時代だ。,The modern age is an era of information.,2026-07-11T13:28:54.148165+00:00,2026-07-11T13:28:54.148165+00:00,488,ja,
674,この話には大切な教訓がある。,This story has an important moral.,2026-07-11T13:28:54.148165+00:00,2026-08-29T05:35:26.246638+00:00,397,ja,57
675,数学の教科書を忘れた。,I forgot my math textbook.,2026-07-11T13:28:54.148165+00:00,2026-08-29T05:35:26.246638+00:00,436,ja,44
676,話と実際が違った。,The talk and the reality were different.,2026-07-11T13:28:54.148165+00:00,2026-08-29T05:35:26.246638+00:00,456,ja,65
677,書類を会社に提出した。,I submitted the documents to the company.,2026-07-11T13:28:54.148165+00:00,2026-08-29T05:35:26.246638+00:00,401,ja,48
678,川に大きな岩がある。,There is a big rock in the river.,2026-07-11T13:28:54.148165+00:00,2026-08-29T05:35:26.246638+00:00,400,ja,34
679,仕事の後に帰宅する。,Return home after work.,2026-07-11T13:28:54.148165+00:00,2026-08-29T05:35:26.246638+00:00,426,ja,28
680,今日は最高の天気だ。,Today is the best weather.,2026-07-11T13:28:54.148165+00:00,2026-08-29T05:35:26.246638+00:00,402,ja,34
681,江戸時代の文化を学んだ。,I studied the culture of the Edo era.,2026-07-11T13:28:54.148165+00:00,2026-08-29T05:35:26.246638+00:00,488,ja,44
682,評価の基準を設ける。,I set an evaluation standard.,2026-07-11T13:28:54.148165+00:00,2026-08-29T05:35:26.246638+00:00,512,ja,48
683,幸福な人生を送りたい。,I want to live a happy life.,2026-07-11T13:28:54.148165+00:00,2026-08-29T05:35:26.246638+00:00,396,ja,55
684,戸外で遊ぶ。,Play outdoors.,2026-07-11T13:28:54.148165+00:00,2026-07-11T13:28:54.148165+00:00,504,ja,
685,天気の変化が激しい。,The weather changes drastically.,2026-07-11T13:28:54.148165+00:00,2026-08-29T05:35:26.246638+00:00,442,ja,34
686,戸外の空気を吸う。,Breathe the outdoor air.,2026-07-11T13:28:54.148165+00:00,2026-08-29T05:35:26.246638+00:00,504,ja,34
687,バランスよく栄養を摂る。,I take in nutrition in a balanced way.,2026-07-11T13:28:54.148165+00:00,2026-08-29T05:35:26.246638+00:00,382,ja,17
688,季節によって気温が変わる。,The temperature changes with the seasons.,2026-07-11T13:28:54.148165+00:00,2026-08-29T05:35:26.246638+00:00,438,ja,34
689,よい機会を逃した。,I missed a good opportunity.,2026-07-11T13:28:54.148165+00:00,2026-07-11T13:28:54.148165+00:00,516,ja,
690,その演奏は感動的だった。,That performance was moving.,2026-07-11T13:28:54.148165+00:00,2026-08-29T05:35:26.246638+00:00,412,ja,55
691,最新の技術を使う。,I use the latest technology.,2026-07-11T13:28:54.148165+00:00,2026-07-11T13:28:54.148165+00:00,372,ja,
692,機械を操作する方法を学んだ。,I learned how to operate the machine.,2026-07-11T13:28:54.148165+00:00,2026-07-11T13:28:54.148165+00:00,515,ja,
693,日本の庭園はとても美しい。,Japanese gardens are very beautiful.,2026-07-11T13:28:54.148165+00:00,2026-08-29T05:35:26.246638+00:00,482,ja,39
694,船は太平洋を渡った。,The ship crossed the Pacific Ocean.,2026-07-11T13:28:54.148165+00:00,2026-08-29T05:35:26.246638+00:00,403,ja,39
695,そうするのは当然だ。,It is obvious to do so.,2026-07-11T13:28:54.148165+00:00,2026-07-11T13:28:54.148165+00:00,371,ja,
696,健康検査を受ける。,I undergo a health checkup.,2026-07-11T13:28:54.148165+00:00,2026-08-29T05:35:26.246638+00:00,511,ja,79
697,環境委員会に参加した。,I participated in the environmental committee.,2026-07-11T13:28:54.148165+00:00,2026-08-29T05:35:26.246638+00:00,496,ja,48
698,駅の東口から出てください。,Please exit from the east exit of the station.,2026-07-11T13:28:54.148165+00:00,2026-08-29T05:35:26.246638+00:00,388,ja,82
699,将来のために貯金する。,Save money for the future.,2026-07-11T13:28:54.148165+00:00,2026-08-29T05:35:26.246638+00:00,492,ja,80
700,自分の弱点を知る。,Know one's own weakness.,2026-07-11T13:28:54.148165+00:00,2026-08-29T05:35:26.246638+00:00,394,ja,57
701,幸運にも合格できた。,I was lucky enough to pass.,2026-07-11T13:28:54.148165+00:00,2026-08-29T05:35:26.246638+00:00,434,ja,44
702,道路の工事が行われている。,Road construction is underway.,2026-07-11T13:28:54.148165+00:00,2026-07-11T13:28:54.148165+00:00,457,ja,
703,窓から景色を眺める。,Look at the view from the window.,2026-07-11T13:28:54.148165+00:00,2026-07-11T13:28:54.148165+00:00,477,ja,
704,家族が居間に集まる。,The family gathers in the living room.,2026-07-11T13:28:54.148165+00:00,2026-08-29T05:35:26.246638+00:00,499,ja,28
705,自分の星座は何ですか？,What is your constellation?,2026-07-11T13:28:54.148165+00:00,2026-07-11T13:28:54.148165+00:00,395,ja,
706,東口で待ち合わせしよう。,Let's meet at the east exit.,2026-07-11T13:28:54.148165+00:00,2026-08-29T05:35:26.246638+00:00,388,ja,82
707,駅まで往復30分かかる。,It takes 30 minutes to go to the station and back.,2026-07-11T13:28:54.148165+00:00,2026-08-29T05:35:26.246638+00:00,453,ja,82
708,投票結果が発表された。,The voting results were announced.,2026-07-11T13:28:54.148165+00:00,2026-08-29T05:35:26.246638+00:00,385,ja,81
709,様子を見てから決める。,I'll decide after seeing how things go.,2026-07-11T13:28:54.148165+00:00,2026-07-11T13:28:54.148165+00:00,443,ja,
710,有効な方法を探している。,I'm looking for an effective method.,2026-07-11T13:28:54.148165+00:00,2026-07-11T13:28:54.148165+00:00,449,ja,
711,英単語を暗記する。,I memorize English vocabulary.,2026-07-11T13:28:54.148165+00:00,2026-08-29T05:35:26.246638+00:00,409,ja,44
712,日本酒は米から作る。,Japanese sake is made from rice.,2026-07-11T13:28:54.148165+00:00,2026-07-11T13:28:54.148165+00:00,455,ja,
713,準備ができ次第、出発しよう。,Let's depart as soon as we're ready.,2026-07-11T13:28:54.148165+00:00,2026-07-11T13:28:54.148165+00:00,399,ja,
714,博物館で日本刀を見た。,I saw a Japanese sword at the museum.,2026-07-11T13:28:54.148165+00:00,2026-07-11T13:28:54.148165+00:00,472,ja,
715,抹茶アイスを食べた。,I ate matcha ice cream.,2026-07-11T13:28:54.148165+00:00,2026-07-11T13:28:54.148165+00:00,404,ja,
716,後悔しないように生きる。,Live without regret.,2026-07-11T13:28:54.148165+00:00,2026-08-29T05:35:26.246638+00:00,508,ja,55
717,旅館に泊まった。,I stayed at a Japanese inn.,2026-07-11T13:28:54.148165+00:00,2026-08-29T05:35:26.246638+00:00,485,ja,39
718,大雪で電車が止まった。,The train stopped due to heavy snow.,2026-07-11T13:28:54.148165+00:00,2026-08-29T05:35:26.246638+00:00,430,ja,82
719,新幹線は速くて便利だ。,The bullet train is fast and convenient.,2026-07-11T13:28:54.148165+00:00,2026-08-29T05:35:26.246638+00:00,369,ja,39
720,朝市場で野菜を買う。,Buy vegetables at the morning market.,2026-07-11T13:28:54.148165+00:00,2026-08-29T05:35:26.246638+00:00,461,ja,72
721,あの選択を後悔している。,I regret that choice.,2026-07-11T13:28:54.148165+00:00,2026-08-29T05:35:26.246638+00:00,508,ja,55
722,新幹線で東京から大阪へ行く。,Go from Tokyo to Osaka by bullet train.,2026-07-11T13:28:54.148165+00:00,2026-08-29T05:35:26.246638+00:00,369,ja,39
723,家賃が高くて引っ越した。,The rent was high so I moved out.,2026-07-11T13:28:54.148165+00:00,2026-08-29T05:35:26.246638+00:00,474,ja,84
724,帰宅が遅くなった。,I got home late.,2026-07-11T13:28:54.148165+00:00,2026-08-29T05:35:26.246638+00:00,426,ja,28
725,寝室のカーテンを閉める。,Close the bedroom curtains.,2026-07-11T13:28:54.148165+00:00,2026-08-29T05:35:26.246638+00:00,450,ja,28
726,このチケットは一か月間有効です。,This ticket is valid for one month.,2026-07-11T13:28:54.148165+00:00,2026-08-29T05:35:26.246638+00:00,449,ja,6
727,音楽の才能がある。,I have a talent for music.,2026-07-11T13:28:54.148165+00:00,2026-07-11T13:28:54.148165+00:00,373,ja,
728,山の景色が美しい。,The mountain scenery is beautiful.,2026-07-11T13:28:54.148165+00:00,2026-08-29T05:35:26.246638+00:00,477,ja,34
729,想像もできなかったことが起きた。,Something happened that I couldn't even imagine.,2026-07-11T13:28:54.148165+00:00,2026-07-11T13:28:54.148165+00:00,421,ja,
730,映画を見て感動した。,I was moved by the movie.,2026-07-11T13:28:54.148165+00:00,2026-08-29T05:35:26.246638+00:00,412,ja,55
731,書類を整理する必要がある。,I need to organize the documents.,2026-07-11T13:28:54.148165+00:00,2026-08-29T05:35:26.246638+00:00,383,ja,48
732,弓矢の練習をする。,Practice with bow and arrow.,2026-07-11T13:28:54.148165+00:00,2026-08-29T05:35:26.246638+00:00,454,ja,69
733,売上の増加が見られた。,An increase in sales was observed.,2026-07-11T13:28:54.148165+00:00,2026-08-29T05:35:26.246638+00:00,491,ja,48
734,大雪警報が出た。,A heavy snow warning was issued.,2026-07-11T13:28:54.148165+00:00,2026-08-29T05:35:26.246638+00:00,430,ja,34
735,重要な書類にサインする。,Sign an important document.,2026-07-11T13:28:54.148165+00:00,2026-08-29T05:35:26.246638+00:00,401,ja,48
736,品質検査を行う。,I carry out a quality inspection.,2026-07-11T13:28:54.148165+00:00,2026-08-29T05:35:26.246638+00:00,511,ja,48
737,売買契約を結ぶ。,Sign a sales contract.,2026-07-11T13:28:54.148165+00:00,2026-08-29T05:35:26.246638+00:00,507,ja,48
738,彼は明るい性格だ。,He has a bright personality.,2026-07-11T13:28:54.148165+00:00,2026-07-11T13:28:54.148165+00:00,433,ja,
739,校長先生が話した。,The school principal spoke.,2026-07-11T13:28:54.148165+00:00,2026-08-29T05:35:26.246638+00:00,390,ja,44
740,基本をしっかり学ぶ。,I study the basics thoroughly.,2026-07-11T13:28:54.148165+00:00,2026-08-29T05:35:26.246638+00:00,506,ja,44
741,実際にやってみると難しかった。,"When I actually tried it, it was difficult.",2026-07-11T13:28:54.148165+00:00,2026-07-11T13:28:54.148165+00:00,456,ja,
742,抹茶は日本の伝統的な飲み物だ。,Matcha is a traditional Japanese drink.,2026-07-11T13:28:54.148165+00:00,2026-07-11T13:28:54.148165+00:00,404,ja,
743,昭和の時代の話を聞いた。,I heard stories about the Showa era.,2026-07-11T13:28:54.148165+00:00,2026-08-29T05:35:26.246638+00:00,501,ja,6
744,その建物は昭和初期に建てられた。,That building was built in the early Showa period.,2026-07-11T13:28:54.148165+00:00,2026-08-29T05:35:26.246638+00:00,501,ja,6
745,日本酒を冷やして飲む。,Drink Japanese sake chilled.,2026-07-11T13:28:54.148165+00:00,2026-07-11T13:28:54.148165+00:00,455,ja,
746,小麦の収穫が始まった。,The wheat harvest began.,2026-07-11T13:28:54.148165+00:00,2026-08-29T05:35:26.246638+00:00,497,ja,34
747,教科書を開いてください。,Please open your textbook.,2026-07-11T13:28:54.148165+00:00,2026-08-29T05:35:26.246638+00:00,436,ja,44
748,意外なところで旧友に会った。,I met an old friend in an unexpected place.,2026-07-11T13:28:54.148165+00:00,2026-07-11T13:28:54.148165+00:00,392,ja,
749,工業地帯に工場が多い。,There are many factories in the industrial zone.,2026-07-11T13:28:54.148165+00:00,2026-08-29T05:35:26.246638+00:00,483,ja,48
750,当然の結果だ。,It is a natural result.,2026-07-11T13:28:54.148165+00:00,2026-07-11T13:28:54.148165+00:00,371,ja,
751,彼は学級委員に選ばれた。,He was elected class committee member.,2026-07-11T13:28:54.148165+00:00,2026-08-29T05:35:26.246638+00:00,495,ja,44
752,もう我慢できない。,I can't take it anymore.,2026-07-11T13:28:54.148165+00:00,2026-08-29T05:35:26.246638+00:00,458,ja,55
753,担当者に連絡する。,Contact the person in charge.,2026-07-11T13:28:54.148165+00:00,2026-08-29T05:35:26.246638+00:00,374,ja,48
754,先生への感謝の気持ちを伝えた。,I conveyed my feelings of gratitude to the teacher.,2026-07-11T13:28:54.148165+00:00,2026-08-29T05:35:26.246638+00:00,467,ja,44
755,痛みを我慢する。,To endure the pain.,2026-07-11T13:28:54.148165+00:00,2026-08-29T05:35:26.246638+00:00,458,ja,17
756,静かな寝室で眠る。,Sleep in a quiet bedroom.,2026-07-11T13:28:54.148165+00:00,2026-08-29T05:35:26.246638+00:00,450,ja,28
757,最終的な決定をした。,I made the final decision.,2026-07-11T13:28:54.148165+00:00,2026-08-29T05:35:26.246638+00:00,368,ja,57
758,市役所前の広場で集まる。,Meet in the plaza in front of city hall.,2026-07-11T13:28:54.148165+00:00,2026-08-29T05:35:26.246638+00:00,476,ja,81
759,営業を担当する。,Be in charge of sales.,2026-07-11T13:28:54.148165+00:00,2026-08-29T05:35:26.246638+00:00,374,ja,48
760,性格が合わない。,Our personalities don't match.,2026-07-11T13:28:54.148165+00:00,2026-07-11T13:28:54.148165+00:00,433,ja,
761,救助隊が到着した。,The rescue team arrived.,2026-07-11T13:28:54.148165+00:00,2026-07-11T13:28:54.148165+00:00,490,ja,
762,将来の夢は医者になることだ。,My dream for the future is to become a doctor.,2026-07-11T13:28:54.148165+00:00,2026-07-11T13:28:54.148165+00:00,492,ja,
763,技術を身につける。,I acquire skills.,2026-07-11T13:28:54.148165+00:00,2026-08-29T05:35:26.246638+00:00,372,ja,57
764,募金に寄付する。,I donate to a fundraiser.,2026-07-11T13:28:54.148165+00:00,2026-08-29T05:35:26.246638+00:00,500,ja,50
765,放送局で働きたい。,I want to work at a broadcasting station.,2026-07-11T13:28:54.148165+00:00,2026-08-29T05:35:26.246638+00:00,513,ja,48
766,進む方向を決めた。,I decided which direction to proceed.,2026-07-11T13:28:54.148165+00:00,2026-08-29T05:35:26.246638+00:00,445,ja,41
767,彼は音楽の天才だ。,He is a musical genius.,2026-07-11T13:28:54.148165+00:00,2026-07-11T13:28:54.148165+00:00,407,ja,
768,その学者は新しい理論を発表した。,The scholar announced a new theory.,2026-07-11T13:28:54.148165+00:00,2026-08-29T05:35:26.246638+00:00,420,ja,44
769,工業の発展が続いている。,Industrial development continues.,2026-07-11T13:28:54.148165+00:00,2026-08-29T05:35:26.246638+00:00,483,ja,48
770,彼の様子が変だ。,His behavior is strange.,2026-07-11T13:28:54.148165+00:00,2026-07-11T13:28:54.148165+00:00,443,ja,
771,生活習慣に変化が生じた。,A change occurred in my lifestyle habits.,2026-07-11T13:28:54.148165+00:00,2026-07-11T13:28:54.148165+00:00,442,ja,
772,子どもへの教育は大切だ。,Education for children is important.,2026-07-11T13:28:54.148165+00:00,2026-08-29T05:35:26.246638+00:00,422,ja,44
773,幸運を祈ります。,I wish you good luck.,2026-07-11T13:28:54.148165+00:00,2026-08-29T05:35:26.246638+00:00,434,ja,55
774,寄付を受け付けている。,We are accepting donations.,2026-07-11T13:28:54.148165+00:00,2026-08-29T05:35:26.246638+00:00,500,ja,50
775,春分の日は祝日だ。,The spring equinox is a national holiday.,2026-07-11T13:28:54.148165+00:00,2026-08-29T05:35:26.246638+00:00,502,ja,6
776,映画の感想を教えてください。,Please tell me your thoughts on the movie.,2026-07-11T13:28:54.148165+00:00,2026-08-29T05:35:26.246638+00:00,386,ja,52
777,工夫して問題を解決する。,Solve the problem with ingenuity.,2026-07-11T13:28:54.148165+00:00,2026-08-29T05:35:26.246638+00:00,473,ja,57
778,書道は日本の伝統文化だ。,Calligraphy is a traditional Japanese culture.,2026-07-11T13:28:54.148165+00:00,2026-07-11T13:28:54.148165+00:00,432,ja,
779,毎週書道の練習をする。,I practice calligraphy every week.,2026-07-11T13:28:54.148165+00:00,2026-08-29T05:35:26.246638+00:00,432,ja,69
780,チームの役割を分担する。,To divide roles within the team.,2026-07-11T13:28:54.148165+00:00,2026-08-29T05:35:26.246638+00:00,486,ja,48
781,親の役割は大切だ。,The role of parents is important.,2026-07-11T13:28:54.148165+00:00,2026-08-29T05:35:26.246638+00:00,486,ja,28
782,彼女は教育に情熱を持っている。,She has a passion for education.,2026-07-11T13:28:54.148165+00:00,2026-07-11T13:28:54.148165+00:00,422,ja,
783,居間でテレビを見る。,I watch TV in the living room.,2026-07-11T13:28:54.148165+00:00,2026-08-29T05:35:26.246638+00:00,499,ja,28
784,子供を対象にしたイベントだ。,It's an event aimed at children.,2026-07-11T13:28:54.148165+00:00,2026-07-11T13:28:54.148165+00:00,470,ja,
785,分かりやすい文章を書いた。,I wrote easy-to-understand text.,2026-07-11T13:28:54.148165+00:00,2026-08-29T05:35:26.246638+00:00,410,ja,52
786,この詩を暗記してください。,Please memorize this poem.,2026-07-11T13:28:54.148165+00:00,2026-08-29T05:35:26.246638+00:00,409,ja,44
787,先生の指示に従った。,I followed the teacher's instructions.,2026-07-11T13:28:54.148165+00:00,2026-08-29T05:35:26.246638+00:00,413,ja,44
788,海で救助された。,I was rescued at sea.,2026-07-11T13:28:54.148165+00:00,2026-07-11T13:28:54.148165+00:00,490,ja,
789,最終電車に乗った。,I took the last train.,2026-07-11T13:28:54.148165+00:00,2026-08-29T05:35:26.246638+00:00,368,ja,82
790,栄養不足に注意してください。,Please be careful of nutritional deficiency.,2026-07-11T13:28:54.148165+00:00,2026-08-29T05:35:26.246638+00:00,382,ja,17
791,天才は努力もする。,Even geniuses work hard.,2026-07-11T13:28:54.148165+00:00,2026-07-11T13:28:54.148165+00:00,407,ja,
792,岩の上に座る。,Sit on the rock.,2026-07-11T13:28:54.148165+00:00,2026-08-29T05:35:26.246638+00:00,400,ja,34
793,才能を伸ばす。,Develop one's talents.,2026-07-11T13:28:54.148165+00:00,2026-07-11T13:28:54.148165+00:00,373,ja,
794,大声で笑う。,Laugh loudly.,2026-07-11T13:28:54.148165+00:00,2026-08-29T05:35:26.246638+00:00,487,ja,55
795,その放送局は有名なドラマを作った。,That broadcasting station made a famous drama.,2026-07-11T13:28:54.148165+00:00,2026-08-29T05:35:26.246638+00:00,513,ja,52
796,不動産の売買をする。,Buy and sell real estate.,2026-07-11T13:28:54.148165+00:00,2026-08-29T05:35:26.246638+00:00,507,ja,84
797,毎月家賃を払う。,I pay rent every month.,2026-07-11T13:28:54.148165+00:00,2026-08-29T05:35:26.246638+00:00,474,ja,84
798,知識を実際に応用する。,I apply knowledge in practice.,2026-07-11T13:28:54.148165+00:00,2026-08-29T05:35:26.246638+00:00,466,ja,57
799,機会があればぜひ行きたい。,I'd love to go if I get the chance.,2026-07-11T13:28:54.148165+00:00,2026-07-11T13:28:54.148165+00:00,516,ja,
800,小麦粉でパンを作る。,Make bread with wheat flour.,2026-07-11T13:28:54.148165+00:00,2026-07-11T13:28:54.148165+00:00,497,ja,
801,問題に対応する。,I deal with the problem.,2026-07-11T13:28:54.148165+00:00,2026-07-11T13:28:54.148165+00:00,40,ja,
802,助けてくれて感謝します。,I'm grateful that you helped me.,2026-07-11T13:28:54.148165+00:00,2026-08-29T05:35:26.246638+00:00,467,ja,55
803,料理に工夫を加える。,Add creative touches to cooking.,2026-07-11T13:28:54.148165+00:00,2026-07-11T13:28:54.148165+00:00,473,ja,
804,大使館に査証の申請をした。,I applied for a visa at the embassy.,2026-07-11T13:28:54.148165+00:00,2026-08-29T05:35:26.246638+00:00,370,ja,81
805,お祭りの行列を見た。,I watched the festival procession.,2026-07-11T13:30:12.036009+00:00,2026-07-11T13:30:12.036009+00:00,564,ja,
806,病人を看護する。,To nurse a sick person.,2026-07-11T13:30:12.036009+00:00,2026-08-29T05:35:26.246638+00:00,387,ja,79
807,石炭で暖房していた時代があった。,There was a time when people heated with coal.,2026-07-11T13:30:12.036009+00:00,2026-07-11T13:30:12.036009+00:00,661,ja,
808,暗算で計算する。,Calculate mentally.,2026-07-11T13:30:12.036009+00:00,2026-08-29T05:35:26.246638+00:00,662,ja,1
809,社長に直接話した。,I spoke directly to the president.,2026-07-11T13:30:12.036009+00:00,2026-08-29T05:35:26.246638+00:00,618,ja,48
810,笛を吹いた。,I played the flute.,2026-07-11T13:30:12.036009+00:00,2026-07-11T13:30:12.036009+00:00,557,ja,
811,新しい流行が来た。,A new trend has arrived.,2026-07-11T13:30:12.036009+00:00,2026-07-11T13:30:12.036009+00:00,378,ja,
812,計算が合わない。,The calculation doesn't add up.,2026-07-11T13:30:12.036009+00:00,2026-08-29T05:35:26.246638+00:00,662,ja,1
813,経験から学ぶことが多い。,There is much to learn from experience.,2026-07-11T13:30:12.036009+00:00,2026-08-29T05:35:26.246638+00:00,546,ja,57
814,美術の授業が好きだ。,I like art class.,2026-07-11T13:30:12.036009+00:00,2026-08-29T05:35:26.246638+00:00,621,ja,44
815,美容院で髪を切った。,I got a haircut at the beauty salon.,2026-07-11T13:30:12.036009+00:00,2026-08-29T05:35:26.246638+00:00,603,ja,87
816,この番組は面白い。,This program is interesting.,2026-07-11T13:30:12.036009+00:00,2026-08-29T05:35:26.246638+00:00,424,ja,52
817,自然の中で過ごす。,Spend time in nature.,2026-07-11T13:30:12.036009+00:00,2026-08-29T05:35:26.246638+00:00,602,ja,34
818,笛の音が聞こえた。,I heard the sound of a flute.,2026-07-11T13:30:12.036009+00:00,2026-07-11T13:30:12.036009+00:00,557,ja,
819,胸がドキドキする。,My heart is pounding.,2026-07-11T13:30:12.036009+00:00,2026-08-29T05:35:26.246638+00:00,520,ja,17
820,技術の発展が続いている。,Technological development continues.,2026-07-11T13:30:12.036009+00:00,2026-08-29T05:35:26.246638+00:00,416,ja,48
821,予約を確認する。,I confirm the reservation.,2026-07-11T13:30:12.036009+00:00,2026-07-11T13:30:12.036009+00:00,545,ja,
822,毎朝運動する習慣がある。,I have the habit of exercising every morning.,2026-07-11T13:30:12.036009+00:00,2026-08-29T05:35:26.246638+00:00,523,ja,69
823,米国に留学した。,I studied abroad in the US.,2026-07-11T13:30:12.036009+00:00,2026-08-29T05:35:26.246638+00:00,631,ja,44
824,大規模なイベントを開く。,We hold a large-scale event.,2026-07-11T13:30:12.036009+00:00,2026-07-11T13:30:12.036009+00:00,539,ja,
825,お祭りを見物する。,To watch the festival.,2026-07-11T13:30:12.036009+00:00,2026-07-11T13:30:12.036009+00:00,547,ja,
826,画家になるのが夢だ。,My dream is to become a painter.,2026-07-11T13:30:12.036009+00:00,2026-07-11T13:30:12.036009+00:00,391,ja,
827,石油の価格が上がった。,The price of oil went up.,2026-07-11T13:30:12.036009+00:00,2026-08-29T05:35:26.246638+00:00,469,ja,50
828,国民の英雄になった。,He became a national hero.,2026-07-11T13:30:12.036009+00:00,2026-07-11T13:30:12.036009+00:00,627,ja,
829,高い点数を取りたい。,I want to get a high score.,2026-07-11T13:30:12.036009+00:00,2026-08-29T05:35:26.246638+00:00,489,ja,44
830,美しい物語を読んだ。,I read a beautiful story.,2026-07-11T13:30:12.036009+00:00,2026-07-11T13:30:12.036009+00:00,419,ja,
831,海岸線が美しい。,The coastline is beautiful.,2026-07-11T13:30:12.036009+00:00,2026-08-29T05:35:26.246638+00:00,514,ja,34
832,灰皿はテーブルの上にある。,The ashtray is on the table.,2026-07-11T13:30:12.036009+00:00,2026-08-29T05:35:26.246638+00:00,475,ja,41
833,この地域の産業は農業が中心だ。,The main industry in this region is agriculture.,2026-07-11T13:30:12.036009+00:00,2026-08-29T05:35:26.246638+00:00,415,ja,48
834,試合の相手は強かった。,The opponent in the game was strong.,2026-07-11T13:30:12.036009+00:00,2026-08-29T05:35:26.246638+00:00,509,ja,69
835,看護師が患者の世話をする。,The nurse takes care of patients.,2026-07-11T13:30:12.036009+00:00,2026-08-29T05:35:26.246638+00:00,389,ja,79
836,世界の注目を集めた事件だ。,It was an incident that drew worldwide attention.,2026-07-11T13:30:12.036009+00:00,2026-07-11T13:30:12.036009+00:00,460,ja,
837,深夜まで仕事をした。,I worked until late at night.,2026-07-11T13:30:12.036009+00:00,2026-08-29T05:35:26.246638+00:00,451,ja,48
838,毛布を洗濯した。,I washed the blanket.,2026-07-11T13:30:12.036009+00:00,2026-08-29T05:35:26.246638+00:00,418,ja,28
839,テストで満点を取った。,I got a perfect score on the test.,2026-07-11T13:30:12.036009+00:00,2026-08-29T05:35:26.246638+00:00,405,ja,44
840,時間管理が大切だ。,Time management is important.,2026-07-11T13:30:12.036009+00:00,2026-08-29T05:35:26.246638+00:00,519,ja,6
841,多くの苦労を経験した。,I experienced many hardships.,2026-07-11T13:30:12.036009+00:00,2026-08-29T05:35:26.246638+00:00,567,ja,55
842,賃上げを要求した。,I demanded a pay raise.,2026-07-11T13:30:12.036009+00:00,2026-08-29T05:35:26.246638+00:00,589,ja,48
843,言語を学ぶことは大切だ。,Learning language is important.,2026-07-11T13:30:12.036009+00:00,2026-08-29T05:35:26.246638+00:00,605,ja,44
844,様々な民族が共存している国だ。,It is a country where various ethnic groups coexist.,2026-07-11T13:30:12.036009+00:00,2026-07-11T13:30:12.036009+00:00,447,ja,
845,寒いので毛布をかける。,I cover myself with a blanket because it's cold.,2026-07-11T13:30:12.036009+00:00,2026-08-29T05:35:26.246638+00:00,418,ja,28
846,西洋料理が好きだ。,I like Western cuisine.,2026-07-11T13:30:12.036009+00:00,2026-07-11T13:30:12.036009+00:00,571,ja,
847,京都を観光した。,I went sightseeing in Kyoto.,2026-07-11T13:30:12.036009+00:00,2026-08-29T05:35:26.246638+00:00,592,ja,39
848,現代社会は情報にあふれている。,Modern society is overflowing with information.,2026-07-11T13:30:12.036009+00:00,2026-07-11T13:30:12.036009+00:00,428,ja,
849,机の角にぶつかった。,I bumped into the corner of the desk.,2026-07-11T13:30:12.036009+00:00,2026-07-11T13:30:12.036009+00:00,517,ja,
850,海の波が高い。,The ocean waves are high.,2026-07-11T13:30:12.036009+00:00,2026-08-29T05:35:26.246638+00:00,393,ja,34
851,米国との貿易が盛んだ。,Trade with the US is active.,2026-07-11T13:30:12.036009+00:00,2026-08-29T05:35:26.246638+00:00,631,ja,48
852,矢を弓で射る。,Shoot an arrow with a bow.,2026-07-11T13:30:12.036009+00:00,2026-08-29T05:35:26.246638+00:00,427,ja,69
853,先生に相談した。,I consulted with the teacher.,2026-07-11T13:30:12.036009+00:00,2026-08-29T05:35:26.246638+00:00,398,ja,44
854,直接本人に聞いてください。,Please ask the person directly.,2026-07-11T13:30:12.036009+00:00,2026-08-29T05:35:26.246638+00:00,448,ja,52
855,友達の結婚式に出席した。,I attended my friend's wedding ceremony.,2026-07-11T13:30:12.036009+00:00,2026-07-11T13:30:12.036009+00:00,536,ja,
856,研究の結果を発表した。,I announced the research results.,2026-07-11T13:30:12.036009+00:00,2026-08-29T05:35:26.246638+00:00,600,ja,48
857,テストの点数が上がった。,My test score went up.,2026-07-11T13:30:12.036009+00:00,2026-08-29T05:35:26.246638+00:00,489,ja,44
858,禁止されているものを持ち込まない。,Don't bring in prohibited items.,2026-07-11T13:30:12.036009+00:00,2026-07-11T13:30:12.036009+00:00,308,ja,
859,赤い毛糸を買った。,I bought red wool yarn.,2026-07-11T13:30:12.036009+00:00,2026-07-11T13:30:12.036009+00:00,379,ja,
860,灰皿に煙草の灰を落とす。,To drop cigarette ash into the ashtray.,2026-07-11T13:30:12.036009+00:00,2026-07-11T13:30:12.036009+00:00,475,ja,
861,問題を解決する。,I solve the problem.,2026-07-11T13:30:12.036009+00:00,2026-08-29T05:35:26.246638+00:00,541,ja,57
862,気温が急に下がった。,The temperature dropped suddenly.,2026-07-11T13:30:12.036009+00:00,2026-08-29T05:35:26.246638+00:00,503,ja,34
863,毛糸でセーターを編む。,Knit a sweater with wool yarn.,2026-07-11T13:30:12.036009+00:00,2026-07-11T13:30:12.036009+00:00,379,ja,
864,人口が減少している。,The population is decreasing.,2026-07-11T13:30:12.036009+00:00,2026-08-29T05:35:26.246638+00:00,408,ja,1
865,炭酸水を飲んだ。,I drank sparkling water.,2026-07-11T13:30:12.036009+00:00,2026-07-11T13:30:12.036009+00:00,444,ja,
866,石油は大切な資源だ。,Oil is an important resource.,2026-07-11T13:30:12.036009+00:00,2026-07-11T13:30:12.036009+00:00,469,ja,
867,もう一度確認してください。,Please check again.,2026-07-11T13:30:12.036009+00:00,2026-07-11T13:30:12.036009+00:00,545,ja,
868,石炭の採掘が盛んだった。,Coal mining was active.,2026-07-11T13:30:12.036009+00:00,2026-08-29T05:35:26.246638+00:00,661,ja,48
869,事故件数が減少した。,The number of accidents declined.,2026-07-11T13:30:12.036009+00:00,2026-08-29T05:35:26.246638+00:00,408,ja,1
870,会議で最終決定が下された。,The final decision was made at the meeting.,2026-07-11T13:30:12.036009+00:00,2026-08-29T05:35:26.246638+00:00,384,ja,48
871,胸が痛い。,My chest hurts.,2026-07-11T13:30:12.036009+00:00,2026-08-29T05:35:26.246638+00:00,520,ja,17
872,秋分の日は祝日だ。,The autumn equinox is a national holiday.,2026-07-11T13:30:12.036009+00:00,2026-08-29T05:35:26.246638+00:00,607,ja,6
873,活動範囲を広げた。,I expanded my range of activities.,2026-07-11T13:30:12.036009+00:00,2026-07-11T13:30:12.036009+00:00,647,ja,
874,美術館に行った。,I went to the art museum.,2026-07-11T13:30:12.036009+00:00,2026-07-11T13:30:12.036009+00:00,621,ja,
875,演技力を磨く。,I polish my acting skills.,2026-07-11T13:30:12.036009+00:00,2026-07-11T13:30:12.036009+00:00,380,ja,
876,交通事故による死亡者が増えた。,Deaths from traffic accidents have increased.,2026-07-11T13:30:12.036009+00:00,2026-08-29T05:35:26.246638+00:00,459,ja,1
877,海岸を散歩した。,I walked along the seashore.,2026-07-11T13:30:12.036009+00:00,2026-08-29T05:35:26.246638+00:00,514,ja,34
878,有名な神社を参拝した。,I visited a famous shrine.,2026-07-11T13:30:12.036009+00:00,2026-08-29T05:35:26.246638+00:00,646,ja,39
879,水の表面が揺れている。,The surface of the water is rippling.,2026-07-11T13:30:12.036009+00:00,2026-08-29T05:35:26.246638+00:00,580,ja,34
880,合格者の発表があった。,The announcement of those who passed was made.,2026-07-11T13:30:12.036009+00:00,2026-08-29T05:35:26.246638+00:00,429,ja,44
881,研究の結果を発表した。,I presented the research results.,2026-07-11T13:30:12.036009+00:00,2026-08-29T05:35:26.246638+00:00,429,ja,48
882,次の角を左に曲がってください。,Please turn left at the next corner.,2026-07-11T13:30:12.036009+00:00,2026-08-29T05:35:26.246638+00:00,517,ja,41
883,友達と一緒に美容院へ行った。,I went to the beauty salon with a friend.,2026-07-11T13:30:12.036009+00:00,2026-08-29T05:35:26.246638+00:00,603,ja,87
884,礼儀をわきまえた人だ。,He is a person who knows his manners.,2026-07-11T13:30:12.036009+00:00,2026-07-11T13:30:12.036009+00:00,559,ja,
885,疑問を持つことは大切だ。,Having questions is important.,2026-07-11T13:30:12.036009+00:00,2026-08-29T05:35:26.246638+00:00,493,ja,57
886,お正月に神社へ初詣に行く。,Go to a Shinto shrine for the first visit of the New Year.,2026-07-11T13:30:12.036009+00:00,2026-08-29T05:35:26.246638+00:00,646,ja,39
887,地図に線を引く。,Draw a line on the map.,2026-07-11T13:30:12.036009+00:00,2026-07-11T13:30:12.036009+00:00,542,ja,
888,投票は国民の義務だ。,Voting is the duty of citizens.,2026-07-11T13:30:12.036009+00:00,2026-08-29T05:35:26.246638+00:00,656,ja,81
889,ピアノの演奏を聴く。,I listen to a piano performance.,2026-07-11T13:30:12.036009+00:00,2026-07-11T13:30:12.036009+00:00,510,ja,
890,毎日訓練を積んでいる。,I train every day.,2026-07-11T13:30:12.036009+00:00,2026-08-29T05:35:26.246638+00:00,543,ja,69
891,競馬場に行った。,I went to the horse racing track.,2026-07-11T13:30:12.036009+00:00,2026-08-29T05:35:26.246638+00:00,530,ja,69
892,顧客の要求に応えた。,I responded to the customer's requests.,2026-07-11T13:30:12.036009+00:00,2026-08-29T05:35:26.246638+00:00,589,ja,48
893,結婚式は教会で行われた。,The wedding ceremony was held at a church.,2026-07-11T13:30:12.036009+00:00,2026-07-11T13:30:12.036009+00:00,536,ja,
894,科学の授業が好きだ。,I like science class.,2026-07-11T13:30:12.036009+00:00,2026-08-29T05:35:26.246638+00:00,660,ja,44
895,人気店に行列ができた。,A queue formed at the popular restaurant.,2026-07-11T13:30:12.036009+00:00,2026-08-29T05:35:26.246638+00:00,564,ja,71
896,彼は英雄として称えられた。,He was praised as a hero.,2026-07-11T13:30:12.036009+00:00,2026-07-11T13:30:12.036009+00:00,627,ja,
897,話し相手がいなくて寂しい。,I'm lonely because I have no one to talk to.,2026-07-11T13:30:12.036009+00:00,2026-08-29T05:35:26.246638+00:00,509,ja,55
898,言葉より行動で示した。,I showed it through action rather than words.,2026-07-11T13:30:12.036009+00:00,2026-07-11T13:30:12.036009+00:00,635,ja,
899,ボランティア活動に参加する。,Participate in volunteer activities.,2026-07-11T13:30:12.036009+00:00,2026-08-29T05:35:26.246638+00:00,471,ja,69
900,電車で移動する。,I travel by train.,2026-07-11T13:30:12.036009+00:00,2026-08-29T05:35:26.246638+00:00,599,ja,82
901,日本語の知識を深める。,Deepen knowledge of Japanese.,2026-07-11T13:30:12.036009+00:00,2026-08-29T05:35:26.246638+00:00,463,ja,44
902,昔は汽船が主な交通手段だった。,Steamships were once the main mode of transportation.,2026-07-11T13:30:12.036009+00:00,2026-07-11T13:30:12.036009+00:00,462,ja,
903,看護の仕事は大変だ。,The work of nursing is demanding.,2026-07-11T13:30:12.036009+00:00,2026-08-29T05:35:26.246638+00:00,387,ja,79
904,専門的な知識が必要だ。,Specialized knowledge is required.,2026-07-11T13:30:12.036009+00:00,2026-07-11T13:30:12.036009+00:00,463,ja,
905,疑問に思うことがある。,There are things I wonder about.,2026-07-11T13:30:12.036009+00:00,2026-08-29T05:35:26.246638+00:00,493,ja,57
906,この組み合わせはよく合う。,This combination goes well together.,2026-07-11T13:30:12.036009+00:00,2026-08-29T05:35:26.246638+00:00,525,ja,65
907,血圧が高い。,The blood pressure is high.,2026-07-11T13:30:12.036009+00:00,2026-08-29T05:35:26.246638+00:00,630,ja,17
908,自分の短所を理解している。,I understand my own weaknesses.,2026-07-11T13:30:12.036009+00:00,2026-08-29T05:35:26.246638+00:00,435,ja,57
909,試験の結果が出た。,The exam results came out.,2026-07-11T13:30:12.036009+00:00,2026-08-29T05:35:26.246638+00:00,633,ja,44
910,消費税が上がった。,The consumption tax went up.,2026-07-11T13:30:12.036009+00:00,2026-08-29T05:35:26.246638+00:00,375,ja,50
911,筆で字を書いた。,I wrote characters with a brush.,2026-07-11T13:30:12.036009+00:00,2026-07-11T13:30:12.036009+00:00,649,ja,
912,現在は東京に住んでいる。,I currently live in Tokyo.,2026-07-11T13:30:12.036009+00:00,2026-08-29T05:35:26.246638+00:00,411,ja,28
913,社員全員が会議に出席した。,All company employees attended the meeting.,2026-07-11T13:30:12.036009+00:00,2026-08-29T05:35:26.246638+00:00,531,ja,48
914,夢と現実は違う。,Dreams and reality are different.,2026-07-11T13:30:12.036009+00:00,2026-08-29T05:35:26.246638+00:00,406,ja,65
915,競馬で勝った。,I won at horse racing.,2026-07-11T13:30:12.036009+00:00,2026-08-29T05:35:26.246638+00:00,530,ja,69
916,汽車の汽笛が聞こえる。,I can hear the steam whistle of the train.,2026-07-11T13:30:12.036009+00:00,2026-08-29T05:35:26.246638+00:00,441,ja,82
917,ここは撮影禁止です。,Photography is prohibited here.,2026-07-11T13:30:12.036009+00:00,2026-07-11T13:30:12.036009+00:00,308,ja,
918,プロジェクトの管理をする。,Manage the project.,2026-07-11T13:30:12.036009+00:00,2026-08-29T05:35:26.246638+00:00,519,ja,48
919,現代の技術は素晴らしい。,Modern technology is wonderful.,2026-07-11T13:30:12.036009+00:00,2026-07-11T13:30:12.036009+00:00,428,ja,
920,鳥の観察をした。,I observed birds.,2026-07-11T13:30:12.036009+00:00,2026-08-29T05:35:26.246638+00:00,612,ja,36
921,この町は急速に発展した。,This town developed rapidly.,2026-07-11T13:30:12.036009+00:00,2026-08-29T05:35:26.246638+00:00,416,ja,84
922,規則を守ることが大切だ。,Following rules is important.,2026-07-11T13:30:12.036009+00:00,2026-07-11T13:30:12.036009+00:00,578,ja,
923,炭酸飲料が好きだ。,I like carbonated drinks.,2026-07-11T13:30:12.036009+00:00,2026-07-11T13:30:12.036009+00:00,444,ja,
924,運動会で競走した。,I ran a race at the sports festival.,2026-07-11T13:30:12.036009+00:00,2026-08-29T05:35:26.246638+00:00,597,ja,69
925,ある程度の知識が必要だ。,A certain degree of knowledge is required.,2026-07-11T13:30:12.036009+00:00,2026-07-11T13:30:12.036009+00:00,582,ja,
926,短所を改善しようと努力した。,I made an effort to improve my shortcomings.,2026-07-11T13:30:12.036009+00:00,2026-08-29T05:35:26.246638+00:00,435,ja,57
927,電車の線路。,Train tracks.,2026-07-11T13:30:12.036009+00:00,2026-08-29T05:35:26.246638+00:00,542,ja,82
928,現実を直視しなければならない。,I must face reality.,2026-07-11T13:30:12.036009+00:00,2026-07-11T13:30:12.036009+00:00,406,ja,
929,表面上は仲良く見える。,"On the surface, they look friendly.",2026-07-11T13:30:12.036009+00:00,2026-07-11T13:30:12.036009+00:00,580,ja,
930,彼の演技は素晴らしかった。,His acting was wonderful.,2026-07-11T13:30:12.036009+00:00,2026-07-11T13:30:12.036009+00:00,380,ja,
931,部活活動が楽しい。,Club activities are fun.,2026-07-11T13:30:12.036009+00:00,2026-08-29T05:35:26.246638+00:00,471,ja,44
932,給料が上がった。,My salary increased.,2026-07-11T13:30:12.036009+00:00,2026-08-29T05:35:26.246638+00:00,614,ja,48
933,素早い行動が命を救った。,Quick action saved a life.,2026-07-11T13:30:12.036009+00:00,2026-07-11T13:30:12.036009+00:00,635,ja,
934,科学技術が発展している。,Science and technology are advancing.,2026-07-11T13:30:12.036009+00:00,2026-07-11T13:30:12.036009+00:00,660,ja,
935,特急電車で大阪に行った。,I went to Osaka by limited express train.,2026-07-11T13:30:12.036009+00:00,2026-08-29T05:35:26.246638+00:00,505,ja,39
936,彼は会社の社長だ。,He is the company president.,2026-07-11T13:30:12.036009+00:00,2026-08-29T05:35:26.246638+00:00,618,ja,48
937,大きな波が来た。,A big wave came.,2026-07-11T13:30:12.036009+00:00,2026-08-29T05:35:26.246638+00:00,393,ja,34
938,消防訓練に参加した。,I participated in a fire drill.,2026-07-11T13:30:12.036009+00:00,2026-07-11T13:30:12.036009+00:00,543,ja,
939,ご苦労さまでした。,Thank you for your hard work.,2026-07-11T13:30:12.036009+00:00,2026-08-29T05:35:26.246638+00:00,567,ja,48
940,彼は大手企業の社員だ。,He is an employee of a large company.,2026-07-11T13:30:12.036009+00:00,2026-08-29T05:35:26.246638+00:00,531,ja,48
941,死亡率が低下している。,The death rate is declining.,2026-07-11T13:30:12.036009+00:00,2026-08-29T05:35:26.246638+00:00,459,ja,1
942,深夜のバスに乗った。,I took a late-night bus.,2026-07-11T13:30:12.036009+00:00,2026-08-29T05:35:26.246638+00:00,451,ja,82
943,彼は有名な画家だ。,He is a famous painter.,2026-07-11T13:30:12.036009+00:00,2026-07-11T13:30:12.036009+00:00,391,ja,
944,話し合いで解決した。,We settled it through discussion.,2026-07-11T13:30:12.036009+00:00,2026-08-29T05:35:26.246638+00:00,541,ja,52
945,重要な発見があった。,There was an important discovery.,2026-07-11T13:30:12.036009+00:00,2026-08-29T05:35:26.246638+00:00,464,ja,57
946,新しい星を発見した。,Discovered a new star.,2026-07-11T13:30:12.036009+00:00,2026-08-29T05:35:26.246638+00:00,464,ja,34
947,礼儀は大切なことだ。,Manners are important.,2026-07-11T13:30:12.036009+00:00,2026-07-11T13:30:12.036009+00:00,559,ja,
948,知人を通じて仕事を見つけた。,I found a job through an acquaintance.,2026-07-11T13:30:12.036009+00:00,2026-08-29T05:35:26.246638+00:00,479,ja,48
949,会社の移動が決まった。,My transfer within the company was decided.,2026-07-11T13:30:12.036009+00:00,2026-08-29T05:35:26.246638+00:00,599,ja,48
950,習慣を変えるのは難しい。,It is difficult to change habits.,2026-07-11T13:30:12.036009+00:00,2026-07-11T13:30:12.036009+00:00,523,ja,
951,矢が的に当たった。,The arrow hit the target.,2026-07-11T13:30:12.036009+00:00,2026-08-29T05:35:26.246638+00:00,427,ja,69
952,満点の笑顔だ。,A perfect smile.,2026-07-11T13:30:12.036009+00:00,2026-08-29T05:35:26.246638+00:00,405,ja,55
953,見物人が集まった。,Spectators gathered.,2026-07-11T13:30:12.036009+00:00,2026-07-11T13:30:12.036009+00:00,547,ja,
954,直接話し合った。,We talked directly.,2026-07-11T13:30:12.036009+00:00,2026-08-29T05:35:26.246638+00:00,448,ja,52
955,問題について相談したい。,I want to consult about the problem.,2026-07-11T13:30:12.036009+00:00,2026-08-29T05:35:26.246638+00:00,398,ja,52
956,義務を果たす。,I fulfill my obligations.,2026-07-11T13:30:12.036009+00:00,2026-07-11T13:30:12.036009+00:00,656,ja,
957,汽船で太平洋を渡った。,Crossed the Pacific Ocean by steamship.,2026-07-11T13:30:12.036009+00:00,2026-08-29T05:35:26.246638+00:00,462,ja,39
958,努力の結果、成功した。,"As a result of effort, I succeeded.",2026-07-11T13:30:12.036009+00:00,2026-07-11T13:30:12.036009+00:00,633,ja,
959,プログラミング言語を勉強する。,Study programming languages.,2026-07-11T13:30:12.036009+00:00,2026-08-29T05:35:26.246638+00:00,605,ja,44
960,内容を理解する。,I understand the content.,2026-07-11T13:30:12.036009+00:00,2026-08-29T05:35:26.246638+00:00,417,ja,57
961,仕事の経験を積む。,I gain work experience.,2026-07-11T13:30:12.036009+00:00,2026-08-29T05:35:26.246638+00:00,546,ja,48
962,秋分を過ぎると夜が長くなる。,"After the autumn equinox, nights get longer.",2026-07-11T13:30:12.036009+00:00,2026-08-29T05:35:26.246638+00:00,607,ja,34
963,その研究所では新しい薬を開発している。,That research institute is developing a new medicine.,2026-07-11T13:30:12.036009+00:00,2026-08-29T05:35:26.246638+00:00,563,ja,48
964,歩道を歩く。,Walk on the sidewalk.,2026-07-11T13:30:12.036009+00:00,2026-08-29T05:35:26.246638+00:00,481,ja,59
965,好きな番組を毎週見る。,I watch my favorite program every week.,2026-07-11T13:30:12.036009+00:00,2026-07-11T13:30:12.036009+00:00,424,ja,
966,その選手は注目を集めている。,That athlete is attracting attention.,2026-07-11T13:30:12.036009+00:00,2026-08-29T05:35:26.246638+00:00,460,ja,69
967,歩道橋を渡る。,Cross the footbridge.,2026-07-11T13:30:12.036009+00:00,2026-08-29T05:35:26.246638+00:00,481,ja,59
968,血圧を測った。,I measured my blood pressure.,2026-07-11T13:30:12.036009+00:00,2026-08-29T05:35:26.246638+00:00,630,ja,79
969,注意深く観察した。,I observed carefully.,2026-07-11T13:30:12.036009+00:00,2026-08-29T05:35:26.246638+00:00,612,ja,57
970,決定を覆すことはできない。,The decision cannot be overturned.,2026-07-11T13:30:12.036009+00:00,2026-07-11T13:30:12.036009+00:00,384,ja,
971,色の組み合わせが美しい。,The color combination is beautiful.,2026-07-11T13:30:12.036009+00:00,2026-08-29T05:35:26.246638+00:00,525,ja,12
972,大学の研究所で働いている。,I work at a university research institute.,2026-07-11T13:30:12.036009+00:00,2026-08-29T05:35:26.246638+00:00,563,ja,48
973,現在の住所を書く。,I write my current address.,2026-07-11T13:30:12.036009+00:00,2026-08-29T05:35:26.246638+00:00,411,ja,81
974,観光スポットをまわった。,I visited tourist spots.,2026-07-11T13:30:12.036009+00:00,2026-08-29T05:35:26.246638+00:00,592,ja,39
975,グリムの童話は有名だ。,The Grimm's fairy tales are famous.,2026-07-11T13:30:12.036009+00:00,2026-07-11T13:30:12.036009+00:00,583,ja,
976,西洋の文化を学ぶ。,Study Western culture.,2026-07-11T13:30:12.036009+00:00,2026-07-11T13:30:12.036009+00:00,571,ja,
977,お互いの理解が大切だ。,Mutual understanding is important.,2026-07-11T13:30:12.036009+00:00,2026-07-11T13:30:12.036009+00:00,417,ja,
978,皮膚が乾燥している。,My skin is dry.,2026-07-11T13:30:12.036009+00:00,2026-08-29T05:35:26.246638+00:00,498,ja,17
979,店の看板を見た。,I saw the store's sign.,2026-07-11T13:30:12.036009+00:00,2026-07-11T13:30:12.036009+00:00,440,ja,
980,この物語は感動的だ。,This story is moving.,2026-07-11T13:30:12.036009+00:00,2026-08-29T05:35:26.246638+00:00,419,ja,55
981,科学の研究をしている。,I am doing scientific research.,2026-07-11T13:30:12.036009+00:00,2026-08-29T05:35:26.246638+00:00,600,ja,48
982,この程度なら問題ない。,This level is fine.,2026-07-11T13:30:12.036009+00:00,2026-08-29T05:35:26.246638+00:00,582,ja,65
983,試験の範囲を確認した。,I confirmed the scope of the exam.,2026-07-11T13:30:12.036009+00:00,2026-08-29T05:35:26.246638+00:00,647,ja,44
984,紅葉を見に山に行った。,I went to the mountain to see the autumn leaves.,2026-07-11T13:30:12.036009+00:00,2026-08-29T05:35:26.246638+00:00,659,ja,34
985,彼は私の知人だ。,He is my acquaintance.,2026-07-11T13:30:12.036009+00:00,2026-07-11T13:30:12.036009+00:00,479,ja,
986,エネルギーの消費を減らす。,I reduce energy consumption.,2026-07-11T13:30:12.036009+00:00,2026-07-11T13:30:12.036009+00:00,375,ja,
987,今日の気温は三十度だ。,Today's temperature is thirty degrees.,2026-07-11T13:30:12.036009+00:00,2026-08-29T05:35:26.246638+00:00,503,ja,34
988,紅葉の季節が来た。,The season for autumn foliage has come.,2026-07-11T13:30:12.036009+00:00,2026-08-29T05:35:26.246638+00:00,659,ja,34
989,昔は汽車で旅をした。,People used to travel by steam train.,2026-07-11T13:30:12.036009+00:00,2026-08-29T05:35:26.246638+00:00,441,ja,39
990,インフルエンザが流行している。,The flu is spreading.,2026-07-11T13:30:12.036009+00:00,2026-08-29T05:35:26.246638+00:00,378,ja,79
991,特急券を買った。,I bought a limited express ticket.,2026-07-11T13:30:12.036009+00:00,2026-08-29T05:35:26.246638+00:00,505,ja,82
992,産業の発展に貢献した。,I contributed to industrial development.,2026-07-11T13:30:12.036009+00:00,2026-08-29T05:35:26.246638+00:00,415,ja,48
993,民族文化を大切にしている。,They value their ethnic culture.,2026-07-11T13:30:12.036009+00:00,2026-07-11T13:30:12.036009+00:00,447,ja,
994,プロジェクトの規模を拡大する。,I expand the scale of the project.,2026-07-11T13:30:12.036009+00:00,2026-08-29T05:35:26.246638+00:00,539,ja,48
995,姉は看護師として働いている。,My older sister works as a nurse.,2026-07-11T13:30:12.036009+00:00,2026-08-29T05:35:26.246638+00:00,389,ja,48
996,自然に覚えた。,I learned it naturally.,2026-07-11T13:30:12.036009+00:00,2026-08-29T05:35:26.246638+00:00,602,ja,57
997,筆で絵を描いた。,I painted a picture with a brush.,2026-07-11T13:30:12.036009+00:00,2026-07-11T13:30:12.036009+00:00,649,ja,
998,競走に勝った。,I won the race.,2026-07-11T13:30:12.036009+00:00,2026-08-29T05:35:26.246638+00:00,597,ja,69
999,会社の規則に従う。,I follow the company rules.,2026-07-11T13:30:12.036009+00:00,2026-08-29T05:35:26.246638+00:00,578,ja,48
1000,彼女の演奏はとても上手だ。,Her performance is very skilled.,2026-07-11T13:30:12.036009+00:00,2026-07-11T13:30:12.036009+00:00,510,ja,
1001,子供に童話を読んであげた。,I read a fairy tale to the child.,2026-07-11T13:30:12.036009+00:00,2026-08-29T05:35:26.246638+00:00,583,ja,28
1002,皮膚科に行った。,I went to a dermatologist.,2026-07-11T13:30:12.036009+00:00,2026-08-29T05:35:26.246638+00:00,498,ja,79
1003,今月の給料が出た。,This month's salary came out.,2026-07-11T13:30:12.036009+00:00,2026-08-29T05:35:26.246638+00:00,614,ja,48
1004,看板に店名が書いてある。,The store name is written on the signboard.,2026-07-11T13:30:12.036009+00:00,2026-07-11T13:30:12.036009+00:00,440,ja,
1005,作曲家として有名だ。,He is famous as a composer.,2026-07-11T13:31:28.025661+00:00,2026-07-11T13:31:28.025661+00:00,532,ja,
1006,銀行の通帳を持っていますか。,Do you have a bank passbook?,2026-07-11T13:31:28.025661+00:00,2026-08-29T05:35:26.246638+00:00,558,ja,80
1007,料理道具を揃えた。,I assembled cooking utensils.,2026-07-11T13:31:28.025661+00:00,2026-07-11T13:31:28.025661+00:00,617,ja,
1008,私には兄弟が二人いる。,I have two siblings.,2026-07-11T13:31:28.025661+00:00,2026-08-29T05:35:26.246638+00:00,727,ja,28
1009,会議で意見を述べる。,State opinions at a meeting.,2026-07-11T13:31:28.025661+00:00,2026-08-29T05:35:26.246638+00:00,286,ja,48
1010,激しい議論になった。,It became a heated debate.,2026-07-11T13:31:28.025661+00:00,2026-08-29T05:35:26.246638+00:00,645,ja,52
1011,交通違反で罰金を払った。,I paid a fine for a traffic violation.,2026-07-11T13:31:28.025661+00:00,2026-08-29T05:35:26.246638+00:00,549,ja,81
1012,最低賃金が引き上げられた。,The minimum wage was raised.,2026-07-11T13:31:28.025661+00:00,2026-08-29T05:35:26.246638+00:00,620,ja,48
1013,家族に負担をかけたくない。,I don't want to burden my family.,2026-07-11T13:31:28.025661+00:00,2026-08-29T05:35:26.246638+00:00,572,ja,28
1014,陽気な人が好きだ。,I like cheerful people.,2026-07-11T13:31:28.025661+00:00,2026-08-29T05:35:26.246638+00:00,613,ja,55
1015,猫の鳴き声が聞こえる。,I can hear a cat's meow.,2026-07-11T13:31:28.025661+00:00,2026-08-29T05:35:26.246638+00:00,642,ja,36
1016,今朝のニュースを見た。,I watched this morning's news.,2026-07-11T13:31:28.025661+00:00,2026-08-29T05:35:26.246638+00:00,591,ja,52
1017,今週の予定を確認する。,Check this week's schedule.,2026-07-11T13:31:28.025661+00:00,2026-08-29T05:35:26.246638+00:00,576,ja,6
1018,体育館で練習する。,We practice in the gymnasium.,2026-07-11T13:31:28.025661+00:00,2026-08-29T05:35:26.246638+00:00,606,ja,69
1019,日本の貿易は盛んだ。,Japan's trade is active.,2026-07-11T13:31:28.025661+00:00,2026-08-29T05:35:26.246638+00:00,566,ja,48
1020,野鳥の観察が趣味だ。,Birdwatching is my hobby.,2026-07-11T13:31:28.025661+00:00,2026-08-29T05:35:26.246638+00:00,568,ja,36
1021,公園で野鳥を見た。,I saw wild birds in the park.,2026-07-11T13:31:28.025661+00:00,2026-08-29T05:35:26.246638+00:00,568,ja,36
1022,鼻血が出た。,I got a nosebleed.,2026-07-11T13:31:28.025661+00:00,2026-08-29T05:35:26.246638+00:00,616,ja,17
1023,夏に高原でハイキングする。,Hike in the highlands in summer.,2026-07-11T13:31:28.025661+00:00,2026-08-29T05:35:26.246638+00:00,644,ja,69
1024,両親と一緒に旅行した。,I traveled with my parents.,2026-07-11T13:31:28.025661+00:00,2026-08-29T05:35:26.246638+00:00,637,ja,39
1025,人間は社会的な動物だ。,Humans are social animals.,2026-07-11T13:31:28.025661+00:00,2026-07-11T13:31:28.025661+00:00,648,ja,
1026,引っ越して住所が変わった。,My address changed after moving.,2026-07-11T13:31:28.025661+00:00,2026-08-29T05:35:26.246638+00:00,623,ja,84
1027,金額を確認する。,I confirm the amount.,2026-07-11T13:31:28.025661+00:00,2026-08-29T05:35:26.246638+00:00,663,ja,50
1028,その詩人の作品は美しい。,That poet's works are beautiful.,2026-07-11T13:31:28.025661+00:00,2026-07-11T13:31:28.025661+00:00,619,ja,
1029,ホテルの予約を確認してください。,Please confirm the hotel reservation.,2026-07-11T13:31:28.025661+00:00,2026-08-29T05:35:26.246638+00:00,52,ja,39
1030,大きな金額の取引だ。,It's a transaction of a large amount.,2026-07-11T13:31:28.025661+00:00,2026-08-29T05:35:26.246638+00:00,663,ja,80
1031,谷底から空を見上げる。,Look up at the sky from the valley floor.,2026-07-11T13:31:28.025661+00:00,2026-08-29T05:35:26.246638+00:00,577,ja,34
1032,針と糸で縫う。,To sew with a needle and thread.,2026-07-11T13:31:28.025661+00:00,2026-07-11T13:31:28.025661+00:00,626,ja,
1033,信号が赤になった。,The traffic light turned red.,2026-07-11T13:31:28.025661+00:00,2026-07-11T13:31:28.025661+00:00,534,ja,
1034,カップラーメンにお湯を入れた。,I poured hot water into the cup noodles.,2026-07-11T13:31:28.025661+00:00,2026-08-29T05:35:26.246638+00:00,594,ja,28
1035,山の谷を歩く。,Walk through a mountain valley.,2026-07-11T13:31:28.025661+00:00,2026-08-29T05:35:26.246638+00:00,625,ja,34
1036,今週は忙しい。,I'm busy this week.,2026-07-11T13:31:28.025661+00:00,2026-08-29T05:35:26.246638+00:00,576,ja,6
1037,麦からパンを作る。,Make bread from wheat.,2026-07-11T13:31:28.025661+00:00,2026-07-11T13:31:28.025661+00:00,556,ja,
1038,仕方がない。,It can't be helped.,2026-07-11T13:31:28.025661+00:00,2026-07-11T13:31:28.025661+00:00,533,ja,
1039,頭痛薬を飲む。,Take headache medicine.,2026-07-11T13:31:28.025661+00:00,2026-08-29T05:35:26.246638+00:00,608,ja,78
1040,18歳以下は入場できません。,Those under 18 cannot enter.,2026-07-11T13:31:28.025661+00:00,2026-07-11T13:31:28.025661+00:00,596,ja,
1041,この地域は電波が届かない。,This area has no signal.,2026-07-11T13:31:28.025661+00:00,2026-08-29T05:35:26.246638+00:00,521,ja,86
1042,犬が主人を迎えに来た。,The dog came to greet its owner.,2026-07-11T13:31:28.025661+00:00,2026-08-29T05:35:26.246638+00:00,610,ja,36
1043,交通渋滞がひどい。,The traffic jam is terrible.,2026-07-11T13:31:28.025661+00:00,2026-07-11T13:31:28.025661+00:00,522,ja,
1044,地域の開発が進んでいる。,Regional development is advancing.,2026-07-11T13:31:28.025661+00:00,2026-07-11T13:31:28.025661+00:00,540,ja,
1045,これが私の運命だと思った。,I thought this was my fate.,2026-07-11T13:31:28.025661+00:00,2026-08-29T05:35:26.246638+00:00,636,ja,57
1046,お礼を言いたい。,I want to express my thanks.,2026-07-11T13:31:28.025661+00:00,2026-08-29T05:35:26.246638+00:00,555,ja,52
1047,以下の条件を満たしてください。,Please meet the following conditions.,2026-07-11T13:31:28.025661+00:00,2026-07-11T13:31:28.025661+00:00,596,ja,
1048,里の自然が懐かしい。,I miss the nature of my hometown.,2026-07-11T13:31:28.025661+00:00,2026-08-29T05:35:26.246638+00:00,632,ja,34
1049,バス停でバスを待った。,I waited for the bus at the bus stop.,2026-07-11T13:31:28.025661+00:00,2026-08-29T05:35:26.246638+00:00,585,ja,82
1050,紙を三角に折る。,Fold the paper into a triangle.,2026-07-11T13:31:28.025661+00:00,2026-07-11T13:31:28.025661+00:00,554,ja,
1051,遠足でお弁当を持っていく。,I bring a lunchbox on the field trip.,2026-07-11T13:31:28.025661+00:00,2026-08-29T05:35:26.246638+00:00,641,ja,44
1052,農家の人たちが野菜を育てている。,The farming families are growing vegetables.,2026-07-11T13:31:28.025661+00:00,2026-07-11T13:31:28.025661+00:00,652,ja,
1053,題名から内容を想像する。,Imagine the content from the title.,2026-07-11T13:31:28.025661+00:00,2026-08-29T05:35:26.246638+00:00,527,ja,57
1054,農家から新鮮な野菜を買った。,I bought fresh vegetables from a farm.,2026-07-11T13:31:28.025661+00:00,2026-08-29T05:35:26.246638+00:00,652,ja,72
1055,宿題の課題を終えた。,I finished the homework assignment.,2026-07-11T13:31:28.025661+00:00,2026-08-29T05:35:26.246638+00:00,574,ja,44
1056,日本の首相が演説した。,Japan's prime minister gave a speech.,2026-07-11T13:31:28.025661+00:00,2026-08-29T05:35:26.246638+00:00,629,ja,81
1057,首相の談話が発表された。,A statement by the Prime Minister was issued.,2026-07-11T13:31:28.025661+00:00,2026-08-29T05:35:26.246638+00:00,551,ja,81
1058,谷底に落ちた岩。,A rock that fell to the valley floor.,2026-07-11T13:31:28.025661+00:00,2026-08-29T05:35:26.246638+00:00,577,ja,34
1059,通学時間が長い。,The commute to school is long.,2026-07-11T13:31:28.025661+00:00,2026-08-29T05:35:26.246638+00:00,553,ja,44
1060,今日は調子がいい。,I feel good today.,2026-07-11T13:31:28.025661+00:00,2026-08-29T05:35:26.246638+00:00,609,ja,55
1061,面接の準備をする。,Prepare for an interview.,2026-07-11T13:31:28.025661+00:00,2026-08-29T05:35:26.246638+00:00,655,ja,48
1062,都合が悪くて行けない。,I can't go because it's inconvenient.,2026-07-11T13:31:28.025661+00:00,2026-07-11T13:31:28.025661+00:00,518,ja,
1063,世界中を旅したい。,I want to travel around the world.,2026-07-11T13:31:28.025661+00:00,2026-08-29T05:35:26.246638+00:00,643,ja,39
1064,追加注文をした。,I made an additional order.,2026-07-11T13:31:28.025661+00:00,2026-08-29T05:35:26.246638+00:00,615,ja,71
1065,里に帰る。,Return to one's hometown.,2026-07-11T13:31:28.025661+00:00,2026-08-29T05:35:26.246638+00:00,632,ja,28
1066,次のバス停で降ります。,I'll get off at the next bus stop.,2026-07-11T13:31:28.025661+00:00,2026-08-29T05:35:26.246638+00:00,585,ja,82
1067,麦畑が広がっている。,Wheat fields spread out.,2026-07-11T13:31:28.025661+00:00,2026-08-29T05:35:26.246638+00:00,556,ja,34
1068,好きな乗り物は新幹線です。,My favorite vehicle is the Shinkansen.,2026-07-11T13:31:28.025661+00:00,2026-08-29T05:35:26.246638+00:00,538,ja,39
1069,体重を測った。,I measured my body weight.,2026-07-11T13:31:28.025661+00:00,2026-08-29T05:35:26.246638+00:00,611,ja,17
1070,毎朝早く起床する。,Get up early every morning.,2026-07-11T13:31:28.025661+00:00,2026-08-29T05:35:26.246638+00:00,535,ja,6
1071,二人は友好的な関係を築いた。,The two built a friendly relationship.,2026-07-11T13:31:28.025661+00:00,2026-07-11T13:31:28.025661+00:00,552,ja,
1072,バスの路線図を確認する。,Check the bus route map.,2026-07-11T13:31:28.025661+00:00,2026-08-29T05:35:26.246638+00:00,526,ja,82
1073,記者が事件を取材した。,The journalist covered the incident.,2026-07-11T13:31:28.025661+00:00,2026-08-29T05:35:26.246638+00:00,657,ja,52
1074,この路線は便利だ。,This route is convenient.,2026-07-11T13:31:28.025661+00:00,2026-08-29T05:35:26.246638+00:00,526,ja,82
1075,日々進歩している。,I'm improving day by day.,2026-07-11T13:31:28.025661+00:00,2026-07-11T13:31:28.025661+00:00,550,ja,
1076,先生に評価してもらう。,I have the teacher evaluate me.,2026-07-11T13:31:28.025661+00:00,2026-08-29T05:35:26.246638+00:00,598,ja,44
1077,以上で説明を終わります。,That concludes the explanation.,2026-07-11T13:31:28.025661+00:00,2026-08-29T05:35:26.246638+00:00,537,ja,52
1078,明日の授業の予習をした。,I prepared for tomorrow's class.,2026-07-11T13:31:28.025661+00:00,2026-08-29T05:35:26.246638+00:00,628,ja,44
1079,電波が悪くて電話できない。,I can't make a call because the signal is bad.,2026-07-11T13:31:28.025661+00:00,2026-08-29T05:35:26.246638+00:00,521,ja,86
1080,頭痛がひどい。,I have a bad headache.,2026-07-11T13:31:28.025661+00:00,2026-08-29T05:35:26.246638+00:00,608,ja,17
1081,軍隊が国を守る。,The military protects the country.,2026-07-11T13:31:28.025661+00:00,2026-07-11T13:31:28.025661+00:00,624,ja,
1082,二人は運命的な出会いをした。,The two had a fateful encounter.,2026-07-11T13:31:28.025661+00:00,2026-07-11T13:31:28.025661+00:00,636,ja,
1083,階段から落ちた。,I fell down the stairs.,2026-07-11T13:31:28.025661+00:00,2026-08-29T05:35:26.246638+00:00,581,ja,59
1084,三丁目の交差点で右に曲がる。,Turn right at the intersection of 3-chome.,2026-07-11T13:31:28.025661+00:00,2026-08-29T05:35:26.246638+00:00,544,ja,41
1085,この曲を作曲したのは誰ですか。,Who composed this song?,2026-07-11T13:31:28.025661+00:00,2026-07-11T13:31:28.025661+00:00,532,ja,
1086,修学旅行で京都を訪れた。,I visited Kyoto on a school trip.,2026-07-11T13:31:28.025661+00:00,2026-08-29T05:35:26.246638+00:00,587,ja,39
1087,今日の体育の授業はサッカーだ。,Today's P.E. class is soccer.,2026-07-11T13:31:28.025661+00:00,2026-08-29T05:35:26.246638+00:00,606,ja,44
1088,毎日予習をしている。,I do advance study every day.,2026-07-11T13:31:28.025661+00:00,2026-08-29T05:35:26.246638+00:00,628,ja,44
1089,起床時間は六時だ。,Wake-up time is 6 o'clock.,2026-07-11T13:31:28.025661+00:00,2026-08-29T05:35:26.246638+00:00,535,ja,6
1090,道路を安全に渡る。,Cross the road safely.,2026-07-11T13:31:28.025661+00:00,2026-08-29T05:35:26.246638+00:00,639,ja,59
1091,彼はいい人間だ。,He is a good person.,2026-07-11T13:31:28.025661+00:00,2026-07-11T13:31:28.025661+00:00,648,ja,
1092,お湯を沸かした。,I boiled water.,2026-07-11T13:31:28.025661+00:00,2026-07-11T13:31:28.025661+00:00,594,ja,
1093,機械の調子が悪い。,The machine is not working well.,2026-07-11T13:31:28.025661+00:00,2026-07-11T13:31:28.025661+00:00,609,ja,
1094,農業で生計を立てている。,I make a living through farming.,2026-07-11T13:31:28.025661+00:00,2026-08-29T05:35:26.246638+00:00,640,ja,48
1095,顔色が悪い。,You look pale.,2026-07-11T13:31:28.025661+00:00,2026-08-29T05:35:26.246638+00:00,595,ja,17
1096,記者会見が開かれた。,A press conference was held.,2026-07-11T13:31:28.025661+00:00,2026-08-29T05:35:26.246638+00:00,657,ja,52
1097,田舎の風景が好きだ。,I like the countryside scenery.,2026-07-11T13:31:28.025661+00:00,2026-08-29T05:35:26.246638+00:00,634,ja,34
1098,今日は陽気な天気だ。,"Today is fine, warm weather.",2026-07-11T13:31:28.025661+00:00,2026-08-29T05:35:26.246638+00:00,613,ja,34
1099,許可なく入らないでください。,Please do not enter without permission.,2026-07-11T13:31:28.025661+00:00,2026-07-11T13:31:28.025661+00:00,548,ja,
1100,時計の針が12を指している。,The clock hand is pointing to 12.,2026-07-11T13:31:28.025661+00:00,2026-08-29T05:35:26.246638+00:00,626,ja,6
1101,住所は渋谷区神南一丁目です。,"The address is 1-chome, Jinnan, Shibuya-ku.",2026-07-11T13:31:28.025661+00:00,2026-08-29T05:35:26.246638+00:00,544,ja,81
1102,先生に許可をもらう。,I get permission from the teacher.,2026-07-11T13:31:28.025661+00:00,2026-08-29T05:35:26.246638+00:00,548,ja,44
1103,健康食品を買った。,I bought health food.,2026-07-11T13:31:28.025661+00:00,2026-08-29T05:35:26.246638+00:00,622,ja,78
1104,仕事の評価が高かった。,My work evaluation was high.,2026-07-11T13:31:28.025661+00:00,2026-08-29T05:35:26.246638+00:00,598,ja,48
1105,この仕事に必要な資格がある。,I have the qualifications required for this job.,2026-07-11T13:31:28.025661+00:00,2026-08-29T05:35:26.246638+00:00,561,ja,48
1106,明日の予定を教えてください。,Please tell me tomorrow's schedule.,2026-07-11T13:31:28.025661+00:00,2026-08-29T05:35:26.246638+00:00,575,ja,6
1107,高原の空気は新鮮だ。,The air in the highlands is fresh.,2026-07-11T13:31:28.025661+00:00,2026-08-29T05:35:26.246638+00:00,644,ja,34
1108,この服の値段はいくらですか？,How much does this clothing cost?,2026-07-11T13:31:28.025661+00:00,2026-08-29T05:35:26.246638+00:00,691,ja,74
1109,この映画が話題になっている。,This movie is becoming a hot topic.,2026-07-11T13:31:28.025661+00:00,2026-08-29T05:35:26.246638+00:00,601,ja,52
1110,電柱の間に電線が張ってある。,Electric wires are stretched between the poles.,2026-07-11T13:31:28.025661+00:00,2026-07-11T13:31:28.025661+00:00,569,ja,
1111,鳥の鳴き声で目が覚めた。,I woke up to the sound of birds chirping.,2026-07-11T13:31:28.025661+00:00,2026-08-29T05:35:26.246638+00:00,642,ja,36
1112,道路工事で渋滞している。,There is a traffic jam due to road construction.,2026-07-11T13:31:28.025661+00:00,2026-07-11T13:31:28.025661+00:00,639,ja,
1113,語学学校に通っている。,I attend a language school.,2026-07-11T13:31:28.025661+00:00,2026-08-29T05:35:26.246638+00:00,560,ja,44
1114,卒業の記念に写真を撮る。,Take a photo to commemorate graduation.,2026-07-11T13:31:28.025661+00:00,2026-08-29T05:35:26.246638+00:00,593,ja,44
1115,鉄道で旅行する。,Travel by railway.,2026-07-11T13:31:28.025661+00:00,2026-08-29T05:35:26.246638+00:00,653,ja,39
1116,谷に川が流れている。,A river flows through the valley.,2026-07-11T13:31:28.025661+00:00,2026-08-29T05:35:26.246638+00:00,625,ja,34
1117,この作品は美しい。,This work of art is beautiful.,2026-07-11T13:31:28.025661+00:00,2026-07-11T13:31:28.025661+00:00,529,ja,
1118,過去の失敗から学ぶ。,I learn from past failures.,2026-07-11T13:31:28.025661+00:00,2026-08-29T05:35:26.246638+00:00,658,ja,57
1119,就職面接を受けた。,I had a job interview.,2026-07-11T13:31:28.025661+00:00,2026-08-29T05:35:26.246638+00:00,655,ja,48
1120,最近の話題について話す。,Talk about recent topics.,2026-07-11T13:31:28.025661+00:00,2026-08-29T05:35:26.246638+00:00,601,ja,52
1121,体重が増えた。,My body weight increased.,2026-07-11T13:31:28.025661+00:00,2026-08-29T05:35:26.246638+00:00,611,ja,17
1122,賃金を上げるよう交渉した。,We negotiated to raise wages.,2026-07-11T13:31:28.025661+00:00,2026-08-29T05:35:26.246638+00:00,620,ja,48
1123,過去の例を参考にした。,I referred to past examples.,2026-07-11T13:31:28.025661+00:00,2026-08-29T05:35:26.246638+00:00,588,ja,57
1124,記念品をもらった。,I received a commemorative gift.,2026-07-11T13:31:28.025661+00:00,2026-07-11T13:31:28.025661+00:00,593,ja,
1125,辞書の使い方を練習する。,Practice how to use a dictionary.,2026-07-11T13:31:28.025661+00:00,2026-08-29T05:35:26.246638+00:00,586,ja,44
1126,美しい風景を写真に撮る。,Take a photo of beautiful scenery.,2026-07-11T13:31:28.025661+00:00,2026-08-29T05:35:26.246638+00:00,634,ja,34
1127,都市の生活は便利だ。,Life in the city is convenient.,2026-07-11T13:31:28.025661+00:00,2026-07-11T13:31:28.025661+00:00,562,ja,
1128,都合がいい日を教えてください。,Please tell me a convenient day.,2026-07-11T13:31:28.025661+00:00,2026-08-29T05:35:26.246638+00:00,518,ja,6
1129,重要な情報を伝える。,Convey important information.,2026-07-11T13:31:28.025661+00:00,2026-08-29T05:35:26.246638+00:00,654,ja,52
1130,信号を渡るとき注意してください。,Be careful when crossing at the signal.,2026-07-11T13:31:28.025661+00:00,2026-08-29T05:35:26.246638+00:00,534,ja,59
1131,車の速度を落とした。,I slowed down the speed of the car.,2026-07-11T13:31:28.025661+00:00,2026-08-29T05:35:26.246638+00:00,590,ja,59
1132,三角形を描く。,Draw a triangle.,2026-07-11T13:31:28.025661+00:00,2026-07-11T13:31:28.025661+00:00,554,ja,
1133,階段を上る。,Go up the stairs.,2026-07-11T13:31:28.025661+00:00,2026-08-29T05:35:26.246638+00:00,581,ja,59
1134,顔色を見て体調を確認する。,Check health by looking at complexion.,2026-07-11T13:31:28.025661+00:00,2026-08-29T05:35:26.246638+00:00,595,ja,17
1135,農業の技術が進歩した。,Agricultural technology has advanced.,2026-07-11T13:31:28.025661+00:00,2026-07-11T13:31:28.025661+00:00,640,ja,
1136,住所を教えてください。,Please tell me your address.,2026-07-11T13:31:28.025661+00:00,2026-08-29T05:35:26.246638+00:00,623,ja,81
1137,九時に駅前に集合する。,Gather in front of the station at 9.,2026-07-11T13:31:28.025661+00:00,2026-08-29T05:35:26.246638+00:00,638,ja,82
1138,今朝は早く起きた。,I woke up early this morning.,2026-07-11T13:31:28.025661+00:00,2026-08-29T05:35:26.246638+00:00,591,ja,6
1139,交通機関を利用する。,Use public transportation.,2026-07-11T13:31:28.025661+00:00,2026-08-29T05:35:26.246638+00:00,522,ja,39
1140,会議の内容を記録する。,Record the contents of the meeting.,2026-07-11T13:31:28.025661+00:00,2026-08-29T05:35:26.246638+00:00,573,ja,48
1141,詩を書くのが好きだ。,I like writing poetry.,2026-07-11T13:31:28.025661+00:00,2026-07-11T13:31:28.025661+00:00,584,ja,
1142,お礼の手紙を書いた。,I wrote a thank-you letter.,2026-07-11T13:31:28.025661+00:00,2026-08-29T05:35:26.246638+00:00,555,ja,52
1143,貿易赤字が拡大している。,The trade deficit is expanding.,2026-07-11T13:31:28.025661+00:00,2026-08-29T05:35:26.246638+00:00,566,ja,48
1144,骨が折れる仕事だ。,It is a painstaking job.,2026-07-11T13:31:28.025661+00:00,2026-08-29T05:35:26.246638+00:00,604,ja,48
1145,彼は世界で有名な科学者だ。,He is a world-famous scientist.,2026-07-11T13:31:28.025661+00:00,2026-07-11T13:31:28.025661+00:00,643,ja,
1146,過去を振り返る。,I look back on the past.,2026-07-11T13:31:28.025661+00:00,2026-08-29T05:35:26.246638+00:00,658,ja,57
1147,主人は出張中です。,My husband is on a business trip.,2026-07-11T13:31:28.025661+00:00,2026-08-29T05:35:26.246638+00:00,610,ja,48
1148,自転車で通学する。,Commute to school by bicycle.,2026-07-11T13:31:28.025661+00:00,2026-08-29T05:35:26.246638+00:00,553,ja,44
1149,配達員さんが来た。,The delivery person came.,2026-07-11T13:31:28.025661+00:00,2026-08-29T05:35:26.246638+00:00,650,ja,85
1150,18歳以上の方が対象です。,This is for people aged 18 and above.,2026-07-11T13:31:28.025661+00:00,2026-08-29T05:35:26.246638+00:00,537,ja,1
1151,京都には古いお寺が多い。,Kyoto has many old temples.,2026-07-11T13:31:28.025661+00:00,2026-08-29T05:35:26.246638+00:00,587,ja,39
1152,警察に通報した。,I reported it to the police.,2026-07-11T13:31:28.025661+00:00,2026-08-29T05:35:26.246638+00:00,579,ja,81
1153,子どもが乗り物に乗りたがっている。,The child wants to ride the vehicle.,2026-07-11T13:31:28.025661+00:00,2026-07-11T13:31:28.025661+00:00,538,ja,
1154,この機械の使い方を教えてください。,Please teach me how to use this machine.,2026-07-11T13:31:28.025661+00:00,2026-07-11T13:31:28.025661+00:00,586,ja,
1155,規則違反は許されない。,Rule violations are not permitted.,2026-07-11T13:31:28.025661+00:00,2026-07-11T13:31:28.025661+00:00,549,ja,
1156,午後から会議がある。,There is a meeting from the afternoon.,2026-07-11T13:31:28.025661+00:00,2026-08-29T05:35:26.246638+00:00,286,ja,48
1157,有名な詩を暗唱した。,I recited a famous poem.,2026-07-11T13:31:28.025661+00:00,2026-07-11T13:31:28.025661+00:00,584,ja,
1158,有名な作品を鑑賞する。,Appreciate a famous work.,2026-07-11T13:31:28.025661+00:00,2026-07-11T13:31:28.025661+00:00,529,ja,
1159,この場所では飲食禁止です。,Eating and drinking are prohibited in this area.,2026-07-11T13:31:28.025661+00:00,2026-07-11T13:31:28.025661+00:00,570,ja,
1160,有名な詩人の詩を読んだ。,I read poetry by a famous poet.,2026-07-11T13:31:28.025661+00:00,2026-07-11T13:31:28.025661+00:00,619,ja,
1161,語学の才能がある。,I have a talent for language.,2026-07-11T13:31:28.025661+00:00,2026-07-11T13:31:28.025661+00:00,560,ja,
1162,旅行の予定を立てた。,I made a travel plan.,2026-07-11T13:31:28.025661+00:00,2026-08-29T05:35:26.246638+00:00,575,ja,39
1163,骨が折れた。,The bone broke.,2026-07-11T13:31:28.025661+00:00,2026-08-29T05:35:26.246638+00:00,604,ja,17
1164,新しいアプリを開発した。,I developed a new application.,2026-07-11T13:31:28.025661+00:00,2026-08-29T05:35:26.246638+00:00,540,ja,54
1165,両親に感謝している。,I am grateful to my parents.,2026-07-11T13:31:28.025661+00:00,2026-08-29T05:35:26.246638+00:00,637,ja,28
1166,通帳の残高を確認した。,I checked the balance in my passbook.,2026-07-11T13:31:28.025661+00:00,2026-08-29T05:35:26.246638+00:00,558,ja,80
1167,メニューに新しい料理が追加された。,New dishes were added to the menu.,2026-07-11T13:31:28.025661+00:00,2026-08-29T05:35:26.246638+00:00,615,ja,71
1168,軍隊に入隊した。,I joined the military.,2026-07-11T13:31:28.025661+00:00,2026-07-11T13:31:28.025661+00:00,624,ja,
1169,鼻血を止める。,Stop a nosebleed.,2026-07-11T13:31:28.025661+00:00,2026-08-29T05:35:26.246638+00:00,616,ja,17
1170,費用の負担が大きい。,The financial burden is heavy.,2026-07-11T13:31:28.025661+00:00,2026-08-29T05:35:26.246638+00:00,572,ja,50
1171,それは私には関係ない。,That has nothing to do with me.,2026-07-11T13:31:28.025661+00:00,2026-07-11T13:31:28.025661+00:00,552,ja,
1172,先週テストがあった。,There was a test last week.,2026-07-11T13:31:28.025661+00:00,2026-08-29T05:35:26.246638+00:00,758,ja,44
1173,関西弁が好きだ。,I like the Kansai dialect.,2026-07-11T13:31:28.025661+00:00,2026-07-11T13:31:28.025661+00:00,565,ja,
1174,この映画の題名は何ですか？,What is the title of this movie?,2026-07-11T13:31:28.025661+00:00,2026-07-11T13:31:28.025661+00:00,527,ja,
1175,警察官がパトロールしている。,A police officer is on patrol.,2026-07-11T13:31:28.025661+00:00,2026-08-29T05:35:26.246638+00:00,579,ja,81
1176,門をくぐって中に入る。,Pass through the gate and enter inside.,2026-07-11T13:31:28.025661+00:00,2026-08-29T05:35:26.246638+00:00,524,ja,59
1177,この問題の仕方がわからない。,I don't know how to solve this problem.,2026-07-11T13:31:28.025661+00:00,2026-07-11T13:31:28.025661+00:00,533,ja,
1178,鉄道の歴史を学ぶ。,Learn the history of railways.,2026-07-11T13:31:28.025661+00:00,2026-07-11T13:31:28.025661+00:00,653,ja,
1179,世界記録を破る。,Break a world record.,2026-07-11T13:31:28.025661+00:00,2026-08-29T05:35:26.246638+00:00,573,ja,69
1180,身体を大切にしてください。,Please take care of your body.,2026-07-11T13:31:28.025661+00:00,2026-08-29T05:35:26.246638+00:00,651,ja,17
1181,学校の門が開いた。,The school gate opened.,2026-07-11T13:31:28.025661+00:00,2026-08-29T05:35:26.246638+00:00,524,ja,44
1182,技術が進歩した。,Technology has advanced.,2026-07-11T13:31:28.025661+00:00,2026-07-11T13:31:28.025661+00:00,550,ja,
1183,電柱に鳥が止まっている。,A bird is perched on the utility pole.,2026-07-11T13:31:28.025661+00:00,2026-08-29T05:35:26.246638+00:00,569,ja,36
1184,運転資格を取る。,I get a driving qualification.,2026-07-11T13:31:28.025661+00:00,2026-08-29T05:35:26.246638+00:00,561,ja,81
1185,食品の賞味期限を確認した。,I checked the expiration date of the food.,2026-07-11T13:31:28.025661+00:00,2026-08-29T05:35:26.246638+00:00,622,ja,72
1186,関西に旅行した。,I traveled to the Kansai region.,2026-07-11T13:31:28.025661+00:00,2026-08-29T05:35:26.246638+00:00,565,ja,39
1187,政策について議論した。,We discussed policies.,2026-07-11T13:31:28.025661+00:00,2026-08-29T05:35:26.246638+00:00,645,ja,81
1188,レストランを予約した。,I made a reservation at the restaurant.,2026-07-11T13:31:28.025661+00:00,2026-08-29T05:35:26.246638+00:00,52,ja,71
1189,大きな都市に住んでいる。,I live in a large city.,2026-07-11T13:31:28.025661+00:00,2026-08-29T05:35:26.246638+00:00,562,ja,84
1190,兄弟と仲がいい。,I get along well with my siblings.,2026-07-11T13:31:28.025661+00:00,2026-08-29T05:35:26.246638+00:00,727,ja,28
1191,新しい首相が選ばれた。,A new prime minister was selected.,2026-07-11T13:31:28.025661+00:00,2026-08-29T05:35:26.246638+00:00,629,ja,81
1192,例を挙げて説明した。,I explained by giving examples.,2026-07-11T13:31:28.025661+00:00,2026-08-29T05:35:26.246638+00:00,588,ja,52
1193,友人との談話を楽しんだ。,I enjoyed a conversation with my friend.,2026-07-11T13:31:28.025661+00:00,2026-08-29T05:35:26.246638+00:00,551,ja,52
1194,飲食業で働いている。,I work in the food and beverage industry.,2026-07-11T13:31:28.025661+00:00,2026-08-29T05:35:26.246638+00:00,570,ja,48
1195,値段が高すぎる。,The price is too high.,2026-07-11T13:31:28.025661+00:00,2026-08-29T05:35:26.246638+00:00,691,ja,50
1196,これは重要な問題だ。,This is an important problem.,2026-07-11T13:31:28.025661+00:00,2026-07-11T13:31:28.025661+00:00,654,ja,
1197,選挙の結果が発表された。,The election results were announced.,2026-07-11T13:31:28.025661+00:00,2026-08-29T05:35:26.246638+00:00,528,ja,81
1198,集合時間に遅れた。,I was late to the gathering time.,2026-07-11T13:31:28.025661+00:00,2026-08-29T05:35:26.246638+00:00,638,ja,6
1199,明日は学校の遠足がある。,There is a school excursion tomorrow.,2026-07-11T13:31:28.025661+00:00,2026-08-29T05:35:26.246638+00:00,641,ja,44
1200,速度制限は80キロだ。,The speed limit is 80 km/h.,2026-07-11T13:31:28.025661+00:00,2026-08-29T05:35:26.246638+00:00,590,ja,59
1201,選挙で投票した。,I voted in the election.,2026-07-11T13:31:28.025661+00:00,2026-08-29T05:35:26.246638+00:00,528,ja,81
1202,荷物の配達が来た。,The package delivery arrived.,2026-07-11T13:31:28.025661+00:00,2026-08-29T05:35:26.246638+00:00,650,ja,85
1203,身体検査を受けた。,I had a physical examination.,2026-07-11T13:31:28.025661+00:00,2026-08-29T05:35:26.246638+00:00,651,ja,79
1204,大工が道具を使って家を建てる。,A carpenter uses tools to build a house.,2026-07-11T13:31:28.025661+00:00,2026-08-29T05:35:26.246638+00:00,617,ja,84
1205,待ち合わせの場所を決める。,Decide the meeting place.,2026-07-11T13:32:45.911801+00:00,2026-07-11T13:32:45.911801+00:00,716,ja,
1206,失敗の味を知った。,I learned what failure tastes like.,2026-07-11T13:32:45.911801+00:00,2026-07-11T13:32:45.911801+00:00,685,ja,
1207,失礼します。,Excuse me. / I'll be leaving now.,2026-07-11T13:32:45.911801+00:00,2026-08-29T05:35:26.246638+00:00,697,ja,52
1208,宿題を全部やった。,I did all the homework.,2026-07-11T13:32:45.911801+00:00,2026-08-29T05:35:26.246638+00:00,801,ja,44
1209,昨年日本に来た。,I came to Japan last year.,2026-07-11T13:32:45.911801+00:00,2026-08-29T05:35:26.246638+00:00,735,ja,39
1210,母親は子供を大切にする。,A mother cherishes her children.,2026-07-11T13:32:45.911801+00:00,2026-08-29T05:35:26.246638+00:00,770,ja,28
1211,正直な人が好きだ。,I like honest people.,2026-07-11T13:32:45.911801+00:00,2026-07-11T13:32:45.911801+00:00,121,ja,
1212,屋根が雪の重みで壊れた。,The roof broke under the weight of snow.,2026-07-11T13:32:45.911801+00:00,2026-08-29T05:35:26.246638+00:00,799,ja,34
1213,この場所が好きだ。,I like this place.,2026-07-11T13:32:45.911801+00:00,2026-07-11T13:32:45.911801+00:00,716,ja,
1214,新聞紙を捨てる。,Throw away the newspaper.,2026-07-11T13:32:45.911801+00:00,2026-07-11T13:32:45.911801+00:00,701,ja,
1215,旅行前に天気予報を確認した。,I checked the weather forecast before the trip.,2026-07-11T13:32:45.911801+00:00,2026-08-29T05:35:26.246638+00:00,753,ja,39
1216,我が学級の目標を決めた。,We decided on our class goals.,2026-07-11T13:32:45.911801+00:00,2026-08-29T05:35:26.246638+00:00,767,ja,44
1217,市の図書館を利用する。,Use the city library.,2026-07-11T13:32:45.911801+00:00,2026-07-11T13:32:45.911801+00:00,751,ja,
1218,夕飯を作った。,I made dinner.,2026-07-11T13:32:45.911801+00:00,2026-08-29T05:35:26.246638+00:00,688,ja,28
1219,君の考えを聞かせて。,Tell me what you think.,2026-07-11T13:32:45.911801+00:00,2026-08-29T05:35:26.246638+00:00,760,ja,52
1220,この坂を下ると駅がある。,There is a station at the bottom of this hill.,2026-07-11T13:32:45.911801+00:00,2026-08-29T05:35:26.246638+00:00,690,ja,82
1221,植物に水をやった。,I watered the plants.,2026-07-11T13:32:45.911801+00:00,2026-08-29T05:35:26.246638+00:00,794,ja,28
1222,川の向こうに山が見える。,I can see a mountain on the other side of the river.,2026-07-11T13:32:45.911801+00:00,2026-08-29T05:35:26.246638+00:00,788,ja,34
1223,太陽は東から昇る。,The sun rises from the east.,2026-07-11T13:32:45.911801+00:00,2026-08-29T05:35:26.246638+00:00,696,ja,34
1224,その場合はどうしますか？,What do you do in that case?,2026-07-11T13:32:45.911801+00:00,2026-07-11T13:32:45.911801+00:00,694,ja,
1225,歯が痛くて歯医者に行った。,My tooth hurt so I went to the dentist.,2026-07-11T13:32:45.911801+00:00,2026-08-29T05:35:26.246638+00:00,721,ja,79
1226,奈良には有名な寺がある。,There are famous temples in Nara.,2026-07-11T13:32:45.911801+00:00,2026-08-29T05:35:26.246638+00:00,773,ja,39
1227,今日は客が来る予定だ。,A guest is scheduled to come today.,2026-07-11T13:32:45.911801+00:00,2026-08-29T05:35:26.246638+00:00,755,ja,28
1228,天気予報で明日は雨だと言っていた。,The weather forecast said it would rain tomorrow.,2026-07-11T13:32:45.911801+00:00,2026-08-29T05:35:26.246638+00:00,753,ja,34
1229,心配しないでください。,Please don't worry.,2026-07-11T13:32:45.911801+00:00,2026-08-29T05:35:26.246638+00:00,781,ja,55
1230,温かい家庭を築きたい。,I want to build a warm home.,2026-07-11T13:32:45.911801+00:00,2026-08-29T05:35:26.246638+00:00,774,ja,28
1231,心から感謝する。,I thank you from my heart.,2026-07-11T13:32:45.911801+00:00,2026-08-29T05:35:26.246638+00:00,803,ja,55
1232,急な坂を上った。,I climbed a steep slope.,2026-07-11T13:32:45.911801+00:00,2026-08-29T05:35:26.246638+00:00,690,ja,59
1233,あなたの意見は何ですか？,What is your opinion?,2026-07-11T13:32:45.911801+00:00,2026-08-29T05:35:26.246638+00:00,787,ja,52
1234,大阪出身です。,I'm from Osaka.,2026-07-11T13:32:45.911801+00:00,2026-07-11T13:32:45.911801+00:00,723,ja,
1235,春になると桜が咲く。,"When spring comes, the cherry blossoms bloom.",2026-07-11T13:32:45.911801+00:00,2026-08-29T05:35:26.246638+00:00,761,ja,34
1236,失敗から学んだ。,I learned from my failure.,2026-07-11T13:32:45.911801+00:00,2026-08-29T05:35:26.246638+00:00,749,ja,57
1237,太陽が東から昇る。,The sun rises from the east.,2026-07-11T13:32:45.911801+00:00,2026-08-29T05:35:26.246638+00:00,741,ja,34
1238,別の方法で試す。,Try a different way.,2026-07-11T13:32:45.911801+00:00,2026-07-11T13:32:45.911801+00:00,699,ja,
1239,最初は難しかった。,It was difficult at first.,2026-07-11T13:32:45.911801+00:00,2026-07-11T13:32:45.911801+00:00,714,ja,
1240,和室で客をもてなした。,I entertained guests in the Japanese-style room.,2026-07-11T13:32:45.911801+00:00,2026-08-29T05:35:26.246638+00:00,782,ja,28
1241,入場料金はいくらですか？,How much is the admission fee?,2026-07-11T13:32:45.911801+00:00,2026-08-29T05:35:26.246638+00:00,667,ja,50
1242,机の上に本がある。,There is a book on the desk.,2026-07-11T13:32:45.911801+00:00,2026-08-29T05:35:26.246638+00:00,700,ja,41
1243,友達と喫茶店で話す。,Talk with friends at a coffee shop.,2026-07-11T13:32:45.911801+00:00,2026-08-29T05:35:26.246638+00:00,783,ja,71
1244,居酒屋で食べながら話した。,We talked while eating at the izakaya.,2026-07-11T13:32:45.911801+00:00,2026-08-29T05:35:26.246638+00:00,675,ja,71
1245,全国的に人気のある商品だ。,It is a nationally popular product.,2026-07-11T13:32:45.911801+00:00,2026-07-11T13:32:45.911801+00:00,800,ja,
1246,家族が無事で安心しました。,I was relieved that my family was safe.,2026-07-11T13:32:45.911801+00:00,2026-08-29T05:35:26.246638+00:00,778,ja,55
1247,緊急の場合は電話してください。,Please call in case of emergency.,2026-07-11T13:32:45.911801+00:00,2026-08-29T05:35:26.246638+00:00,694,ja,52
1248,数学が得意だ。,I am good at math.,2026-07-11T13:32:45.911801+00:00,2026-08-29T05:35:26.246638+00:00,793,ja,44
1249,最近、忙しい。,I've been busy lately.,2026-07-11T13:32:45.911801+00:00,2026-08-29T05:35:26.246638+00:00,806,ja,6
1250,この二つの都市は姉妹都市だ。,These two cities are sister cities.,2026-07-11T13:32:45.911801+00:00,2026-07-11T13:32:45.911801+00:00,670,ja,
1251,平和な毎日を過ごしている。,I am spending peaceful days.,2026-07-11T13:32:45.911801+00:00,2026-08-29T05:35:26.246638+00:00,789,ja,55
1252,一階の売り場を見る。,Look around the first-floor sales section.,2026-07-11T13:32:45.911801+00:00,2026-07-11T13:32:45.911801+00:00,715,ja,
1253,放課後に友達と遊んだ。,I played with friends after school.,2026-07-11T13:32:45.911801+00:00,2026-08-29T05:35:26.246638+00:00,693,ja,44
1254,春になると桜が咲く。,Cherry blossoms bloom in spring.,2026-07-11T13:32:45.911801+00:00,2026-08-29T05:35:26.246638+00:00,742,ja,34
1255,工場で製品を生産する。,Produce products at a factory.,2026-07-11T13:32:45.911801+00:00,2026-08-29T05:35:26.246638+00:00,775,ja,48
1256,毎日10個の単語を勉強する。,I study 10 words every day.,2026-07-11T13:32:45.911801+00:00,2026-08-29T05:35:26.246638+00:00,757,ja,44
1257,日記に今日の出来事を書く。,Write today's events in the diary.,2026-07-11T13:32:45.911801+00:00,2026-07-11T13:32:45.911801+00:00,746,ja,
1258,歯医者で虫歯を治してもらった。,I had my cavity treated at the dentist.,2026-07-11T13:32:45.911801+00:00,2026-08-29T05:35:26.246638+00:00,721,ja,79
1259,その橋は100年前に建てられた。,That bridge was built 100 years ago.,2026-07-11T13:32:45.911801+00:00,2026-07-11T13:32:45.911801+00:00,678,ja,
1260,台所で料理する。,Cook in the kitchen.,2026-07-11T13:32:45.911801+00:00,2026-08-29T05:35:26.246638+00:00,686,ja,28
1261,春休みに旅行した。,I traveled during spring break.,2026-07-11T13:32:45.911801+00:00,2026-08-29T05:35:26.246638+00:00,743,ja,39
1262,台所を掃除する。,Clean the kitchen.,2026-07-11T13:32:45.911801+00:00,2026-08-29T05:35:26.246638+00:00,686,ja,28
1263,横断歩道を渡るときは左右を確認しましょう。,"When crossing the crosswalk, check left and right.",2026-07-11T13:32:45.911801+00:00,2026-08-29T05:35:26.246638+00:00,756,ja,59
1264,台風が近づいている。,A typhoon is approaching.,2026-07-11T13:32:45.911801+00:00,2026-08-29T05:35:26.246638+00:00,750,ja,34
1265,料理に塩を入れた。,I added salt to the dish.,2026-07-11T13:32:45.911801+00:00,2026-08-29T05:35:26.246638+00:00,779,ja,28
1266,電車の切符を買う。,Buy a train ticket.,2026-07-11T13:32:45.911801+00:00,2026-08-29T05:35:26.246638+00:00,671,ja,82
1267,台風で学校が休みになった。,School was closed due to the typhoon.,2026-07-11T13:32:45.911801+00:00,2026-08-29T05:35:26.246638+00:00,750,ja,34
1268,世界の平和を願う。,I wish for world peace.,2026-07-11T13:32:45.911801+00:00,2026-07-11T13:32:45.911801+00:00,789,ja,
1269,外国の文化を学ぶ。,Learn about foreign culture.,2026-07-11T13:32:45.911801+00:00,2026-07-11T13:32:45.911801+00:00,703,ja,
1270,日本の旅館は畳の部屋がある。,Japanese ryokan have tatami rooms.,2026-07-11T13:32:45.911801+00:00,2026-08-29T05:35:26.246638+00:00,485,ja,39
1271,仲のいい夫婦だ。,They are a happily married couple.,2026-07-11T13:32:45.911801+00:00,2026-08-29T05:35:26.246638+00:00,763,ja,28
1272,珍しい植物を発見した。,I discovered a rare plant.,2026-07-11T13:32:45.911801+00:00,2026-08-29T05:35:26.246638+00:00,794,ja,34
1273,向こうに見える建物が目的地です。,The building visible over there is the destination.,2026-07-11T13:32:45.911801+00:00,2026-08-29T05:35:26.246638+00:00,788,ja,41
1274,毎日日記をつける。,I keep a diary every day.,2026-07-11T13:32:45.911801+00:00,2026-07-11T13:32:45.911801+00:00,746,ja,
1275,東京大学出身の先生だ。,The teacher is a University of Tokyo graduate.,2026-07-11T13:32:45.911801+00:00,2026-08-29T05:35:26.246638+00:00,723,ja,44
1276,大事なことは手帳に記録する。,I record important things in my notebook.,2026-07-11T13:32:45.911801+00:00,2026-07-11T13:32:45.911801+00:00,677,ja,
1277,来週テストがある。,There is a test next week.,2026-07-11T13:32:45.911801+00:00,2026-08-29T05:35:26.246638+00:00,702,ja,44
1278,来週また会いましょう。,Let's meet again next week.,2026-07-11T13:32:45.911801+00:00,2026-08-29T05:35:26.246638+00:00,702,ja,6
1279,意見を言う。,To express an opinion.,2026-07-11T13:32:45.911801+00:00,2026-08-29T05:35:26.246638+00:00,787,ja,52
1280,数学のテストが難しかった。,The math test was difficult.,2026-07-11T13:32:45.911801+00:00,2026-08-29T05:35:26.246638+00:00,793,ja,44
1281,太陽の光が強い。,The sunlight is strong.,2026-07-11T13:32:45.911801+00:00,2026-08-29T05:35:26.246638+00:00,741,ja,34
1282,寺で静かに祈る。,Pray quietly at the temple.,2026-07-11T13:32:45.911801+00:00,2026-08-29T05:35:26.246638+00:00,773,ja,39
1283,指輪をなくしてしまった。,I lost my ring.,2026-07-11T13:32:45.911801+00:00,2026-07-11T13:32:45.911801+00:00,720,ja,
1284,努力した結果、合格した。,"As a result of my efforts, I passed.",2026-07-11T13:32:45.911801+00:00,2026-08-29T05:35:26.246638+00:00,731,ja,44
1285,バスの料金を払った。,I paid the bus fare.,2026-07-11T13:32:45.911801+00:00,2026-08-29T05:35:26.246638+00:00,667,ja,82
1286,この言葉の意味は何ですか。,What is the meaning of this word?,2026-07-11T13:32:45.911801+00:00,2026-07-11T13:32:45.911801+00:00,722,ja,
1287,毎日和食を食べている。,I eat Japanese food every day.,2026-07-11T13:32:45.911801+00:00,2026-07-11T13:32:45.911801+00:00,673,ja,
1288,彼の行動には深い意味がある。,His actions have a deep meaning.,2026-07-11T13:32:45.911801+00:00,2026-07-11T13:32:45.911801+00:00,722,ja,
1289,家族で動物園に行った。,We went to the zoo as a family.,2026-07-11T13:32:45.911801+00:00,2026-08-29T05:35:26.246638+00:00,728,ja,36
1290,友人の結婚式に出席する。,Attend a friend's wedding.,2026-07-11T13:32:45.911801+00:00,2026-07-11T13:32:45.911801+00:00,784,ja,
1291,家庭の事情で仕事を休んだ。,I took a day off work for family reasons.,2026-07-11T13:32:45.911801+00:00,2026-08-29T05:35:26.246638+00:00,774,ja,28
1292,地球は丸い。,The Earth is round.,2026-07-11T13:32:45.911801+00:00,2026-07-11T13:32:45.911801+00:00,708,ja,
1293,子供の頃の思い出が好きだ。,I like memories from childhood.,2026-07-11T13:32:45.911801+00:00,2026-07-11T13:32:45.911801+00:00,797,ja,
1294,桜の下でお花見をした。,I had a hanami party under the cherry trees.,2026-07-11T13:32:45.911801+00:00,2026-08-29T05:35:26.246638+00:00,742,ja,34
1295,外国に行ったことがある。,I have been to a foreign country.,2026-07-11T13:32:45.911801+00:00,2026-08-29T05:35:26.246638+00:00,703,ja,39
1296,この建物は100年前に建てられた。,This building was built 100 years ago.,2026-07-11T13:32:45.911801+00:00,2026-07-11T13:32:45.911801+00:00,687,ja,
1297,店員に商品の場所を聞いた。,I asked the store clerk where the product was.,2026-07-11T13:32:45.911801+00:00,2026-07-11T13:32:45.911801+00:00,8,ja,
1298,残りの仕事を片付けた。,I finished the remaining work.,2026-07-11T13:32:45.911801+00:00,2026-08-29T05:35:26.246638+00:00,768,ja,48
1299,祖父から昔話を聞いた。,I heard old stories from my grandfather.,2026-07-11T13:32:45.911801+00:00,2026-08-29T05:35:26.246638+00:00,795,ja,28
1300,野菜を冷蔵庫に入れた。,I put the vegetables in the refrigerator.,2026-07-11T13:32:45.911801+00:00,2026-08-29T05:35:26.246638+00:00,710,ja,28
1301,計画に反対する。,I oppose the plan.,2026-07-11T13:32:45.911801+00:00,2026-07-11T13:32:45.911801+00:00,665,ja,
1302,和室には畳が敷いてある。,The Japanese-style room has tatami mats.,2026-07-11T13:32:45.911801+00:00,2026-08-29T05:35:26.246638+00:00,782,ja,28
1303,昼間はにぎやかな街だ。,It's a lively town during the day.,2026-07-11T13:32:45.911801+00:00,2026-07-11T13:32:45.911801+00:00,777,ja,
1304,映画館で映画を見た。,I watched a movie at the cinema.,2026-07-11T13:32:45.911801+00:00,2026-07-11T13:32:45.911801+00:00,744,ja,
1305,試験のことが心配だ。,I'm worried about the exam.,2026-07-11T13:32:45.911801+00:00,2026-08-29T05:35:26.246638+00:00,781,ja,55
1306,多分、彼は来ない。,He probably won't come.,2026-07-11T13:32:45.911801+00:00,2026-07-11T13:32:45.911801+00:00,668,ja,
1307,横断歩道で車が止まってくれた。,The car stopped at the crosswalk for me.,2026-07-11T13:32:45.911801+00:00,2026-08-29T05:35:26.246638+00:00,756,ja,59
1308,横になって休む。,I lie down horizontally to rest.,2026-07-11T13:32:45.911801+00:00,2026-08-29T05:35:26.246638+00:00,754,ja,59
1309,勉強するときは机に向かう。,I sit at my desk when studying.,2026-07-11T13:32:45.911801+00:00,2026-08-29T05:35:26.246638+00:00,700,ja,44
1310,地下鉄で会社へ行く。,Go to the office by subway.,2026-07-11T13:32:45.911801+00:00,2026-08-29T05:35:26.246638+00:00,695,ja,82
1311,役所は月曜日から金曜日まで開いている。,The government office is open Monday through Friday.,2026-07-11T13:32:45.911801+00:00,2026-08-29T05:35:26.246638+00:00,669,ja,81
1312,小鳥が巣にいる。,A small bird is in its nest.,2026-07-11T13:32:45.911801+00:00,2026-08-29T05:35:26.246638+00:00,769,ja,36
1313,文化の違いを理解することが大切だ。,It is important to understand cultural differences.,2026-07-11T13:32:45.911801+00:00,2026-07-11T13:32:45.911801+00:00,664,ja,
1314,和食は健康にいいと言われている。,Japanese food is said to be healthy.,2026-07-11T13:32:45.911801+00:00,2026-07-11T13:32:45.911801+00:00,673,ja,
1315,大きな建物が並んでいる。,Large buildings are lined up.,2026-07-11T13:32:45.911801+00:00,2026-07-11T13:32:45.911801+00:00,687,ja,
1316,温泉旅館に泊まった。,I stayed at a hot spring inn.,2026-07-11T13:32:45.911801+00:00,2026-08-29T05:35:26.246638+00:00,485,ja,39
1317,仕事が半分終わった。,Half the work is done.,2026-07-11T13:32:45.911801+00:00,2026-08-29T05:35:26.246638+00:00,707,ja,48
1318,息子と野球を見に行った。,I went to watch baseball with my son.,2026-07-11T13:32:45.911801+00:00,2026-08-29T05:35:26.246638+00:00,736,ja,69
1319,いい方法が見つかった。,I found a good method.,2026-07-11T13:32:45.911801+00:00,2026-07-11T13:32:45.911801+00:00,699,ja,
1320,地下鉄で移動する。,Get around by subway.,2026-07-11T13:32:45.911801+00:00,2026-08-29T05:35:26.246638+00:00,679,ja,82
1321,半年ぶりに友達に会う。,Meet a friend for the first time in six months.,2026-07-11T13:32:45.911801+00:00,2026-08-29T05:35:26.246638+00:00,780,ja,6
1322,桃太郎は有名な昔話だ。,Momotaro is a famous folktale.,2026-07-11T13:32:45.911801+00:00,2026-07-11T13:32:45.911801+00:00,795,ja,
1323,本の売り場はどこですか？,Where is the book section?,2026-07-11T13:32:45.911801+00:00,2026-07-11T13:32:45.911801+00:00,715,ja,
1324,北海道は冬に雪が多い。,Hokkaido has a lot of snow in winter.,2026-07-11T13:32:45.911801+00:00,2026-08-29T05:35:26.246638+00:00,791,ja,34
1325,料理に失敗した。,I failed at cooking.,2026-07-11T13:32:45.911801+00:00,2026-08-29T05:35:26.246638+00:00,749,ja,28
1326,家族で夕飯を食べた。,I ate dinner with my family.,2026-07-11T13:32:45.911801+00:00,2026-08-29T05:35:26.246638+00:00,688,ja,28
1327,この料理は味がいい。,This dish tastes good.,2026-07-11T13:32:45.911801+00:00,2026-07-11T13:32:45.911801+00:00,685,ja,
1328,日本の歴史を勉強した。,I studied Japanese history.,2026-07-11T13:32:45.911801+00:00,2026-08-29T05:35:26.246638+00:00,738,ja,44
1329,夏休みに旅行した。,I traveled during summer vacation.,2026-07-11T13:32:45.911801+00:00,2026-08-29T05:35:26.246638+00:00,745,ja,39
1330,最後まで諦めなかった。,I didn't give up until the end.,2026-07-11T13:32:45.911801+00:00,2026-07-11T13:32:45.911801+00:00,717,ja,
1331,犬と散歩する。,Take a walk with a dog.,2026-07-11T13:32:45.911801+00:00,2026-08-29T05:35:26.246638+00:00,680,ja,36
1332,全部食べてください。,Please eat everything.,2026-07-11T13:32:45.911801+00:00,2026-07-11T13:32:45.911801+00:00,801,ja,
1333,市の役所に手続きをしに行った。,I went to the city office to do some paperwork.,2026-07-11T13:32:45.911801+00:00,2026-08-29T05:35:26.246638+00:00,669,ja,81
1334,海外旅行が夢だ。,My dream is to travel abroad.,2026-07-11T13:32:45.911801+00:00,2026-08-29T05:35:26.246638+00:00,745,ja,39
1335,最初から説明してください。,Please explain from the beginning.,2026-07-11T13:32:45.911801+00:00,2026-07-11T13:32:45.911801+00:00,714,ja,
1336,駅の東側に公園がある。,There is a park on the east side of the station.,2026-07-11T13:32:45.911801+00:00,2026-08-29T05:35:26.246638+00:00,696,ja,82
1337,昨年と比べると成長した。,I have grown compared to last year.,2026-07-11T13:32:45.911801+00:00,2026-08-29T05:35:26.246638+00:00,735,ja,65
1338,数学の問題を解いた。,I solved a math problem.,2026-07-11T13:32:45.911801+00:00,2026-08-29T05:35:26.246638+00:00,689,ja,44
1339,幼稚園の先生になりたい。,I want to become a kindergarten teacher.,2026-07-11T13:32:45.911801+00:00,2026-08-29T05:35:26.246638+00:00,711,ja,44
1340,多分、明日は雨だ。,It will probably rain tomorrow.,2026-07-11T13:32:45.911801+00:00,2026-08-29T05:35:26.246638+00:00,668,ja,34
1341,君はどこに住んでいるの？,Where do you live?,2026-07-11T13:32:45.911801+00:00,2026-07-11T13:32:45.911801+00:00,760,ja,
1342,地下鉄が便利だ。,The subway is convenient.,2026-07-11T13:32:45.911801+00:00,2026-08-29T05:35:26.246638+00:00,695,ja,82
1343,友達と居酒屋に行った。,I went to an izakaya with friends.,2026-07-11T13:32:45.911801+00:00,2026-08-29T05:35:26.246638+00:00,675,ja,71
1344,私たちは姉妹だ。,We are sisters.,2026-07-11T13:32:45.911801+00:00,2026-08-29T05:35:26.246638+00:00,670,ja,28
1345,大阪市に住んでいる。,I live in Osaka City.,2026-07-11T13:32:45.911801+00:00,2026-08-29T05:35:26.246638+00:00,751,ja,84
1346,心が温かい人だ。,He is a warm-hearted person.,2026-07-11T13:32:45.911801+00:00,2026-08-29T05:35:26.246638+00:00,803,ja,55
1347,北海道のラーメンが有名だ。,Hokkaido ramen is famous.,2026-07-11T13:32:45.911801+00:00,2026-08-29T05:35:26.246638+00:00,791,ja,71
1348,彼女はコンビニの店員だ。,She is a convenience store clerk.,2026-07-11T13:32:45.911801+00:00,2026-08-29T05:35:26.246638+00:00,8,ja,73
1349,日本の文化に興味がある。,I am interested in Japanese culture.,2026-07-11T13:32:45.911801+00:00,2026-07-11T13:32:45.911801+00:00,664,ja,
1350,冷蔵庫が壊れた。,The refrigerator broke.,2026-07-11T13:32:45.911801+00:00,2026-08-29T05:35:26.246638+00:00,710,ja,28
1351,試験に合格して安心した。,I felt relieved after passing the exam.,2026-07-11T13:32:45.911801+00:00,2026-08-29T05:35:26.246638+00:00,778,ja,44
1352,新しい単語を覚えた。,I memorized a new word.,2026-07-11T13:32:45.911801+00:00,2026-08-29T05:35:26.246638+00:00,757,ja,44
1353,息子は今年大学に入った。,My son entered university this year.,2026-07-11T13:32:45.911801+00:00,2026-08-29T05:35:26.246638+00:00,736,ja,44
1354,星を数える。,Count stars.,2026-07-11T13:32:45.911801+00:00,2026-08-29T05:35:26.246638+00:00,724,ja,34
1355,観光案内所に行った。,I went to the tourist information center.,2026-07-11T13:32:45.911801+00:00,2026-08-29T05:35:26.246638+00:00,762,ja,39
1356,小鳥の声が聞こえる。,I can hear the sound of a small bird.,2026-07-11T13:32:45.911801+00:00,2026-08-29T05:35:26.246638+00:00,769,ja,36
1357,先週映画を見た。,I watched a movie last week.,2026-07-11T13:32:45.911801+00:00,2026-07-11T13:32:45.911801+00:00,758,ja,
1358,切符を改札に通す。,Pass the ticket through the gate.,2026-07-11T13:32:45.911801+00:00,2026-08-29T05:35:26.246638+00:00,671,ja,82
1359,古い友人に会う。,Meet an old friend.,2026-07-11T13:32:45.911801+00:00,2026-07-11T13:32:45.911801+00:00,784,ja,
1360,声が大きい。,The voice is loud.,2026-07-11T13:32:45.911801+00:00,2026-08-29T05:35:26.246638+00:00,805,ja,17
1361,塩辛い食べ物が好きだ。,I like salty food.,2026-07-11T13:32:45.911801+00:00,2026-07-11T13:32:45.911801+00:00,779,ja,
1362,学級委員に選ばれた。,I was elected as class representative.,2026-07-11T13:32:45.911801+00:00,2026-08-29T05:35:26.246638+00:00,767,ja,44
1363,残りのご飯を食べた。,I ate the leftover rice.,2026-07-11T13:32:45.911801+00:00,2026-08-29T05:35:26.246638+00:00,768,ja,28
1364,ケーキを半分食べた。,I ate half the cake.,2026-07-11T13:32:45.911801+00:00,2026-08-29T05:35:26.246638+00:00,707,ja,1
1365,朝の散歩が習慣だ。,Morning walks are a habit.,2026-07-11T13:32:45.911801+00:00,2026-07-11T13:32:45.911801+00:00,680,ja,
1366,現代は便利な時代だ。,The present era is a convenient one.,2026-07-11T13:32:45.911801+00:00,2026-08-29T05:35:26.246638+00:00,488,ja,6
1367,机の横に椅子がある。,There is a chair beside the desk.,2026-07-11T13:32:45.911801+00:00,2026-08-29T05:35:26.246638+00:00,754,ja,41
1368,動物園でパンダを見た。,I saw a panda at the zoo.,2026-07-11T13:32:45.911801+00:00,2026-08-29T05:35:26.246638+00:00,728,ja,36
1369,歴史は繰り返すと言われる。,It is said that history repeats itself.,2026-07-11T13:32:45.911801+00:00,2026-07-11T13:32:45.911801+00:00,738,ja,
1370,夜空に星が輝く。,Stars shine in the night sky.,2026-07-11T13:32:45.911801+00:00,2026-08-29T05:35:26.246638+00:00,724,ja,34
1371,デパートの地下に食品売り場がある。,There is a food section in the department store basement.,2026-07-11T13:32:45.911801+00:00,2026-08-29T05:35:26.246638+00:00,679,ja,72
1372,夫婦で旅行する。,We travel as a couple.,2026-07-11T13:32:45.911801+00:00,2026-08-29T05:35:26.246638+00:00,763,ja,39
1373,春休みは三月末から始まる。,Spring break starts at the end of March.,2026-07-11T13:32:45.911801+00:00,2026-08-29T05:35:26.246638+00:00,743,ja,6
1374,喫茶店でコーヒーを飲む。,Drink coffee at a café.,2026-07-11T13:32:45.911801+00:00,2026-08-29T05:35:26.246638+00:00,783,ja,71
1375,お客さんに丁寧に対応した。,I responded politely to the customer.,2026-07-11T13:32:45.911801+00:00,2026-08-29T05:35:26.246638+00:00,755,ja,48
1376,映画館が近くにある。,There is a movie theater nearby.,2026-07-11T13:32:45.911801+00:00,2026-07-11T13:32:45.911801+00:00,744,ja,
1377,彼の意見はまったく反対だ。,His opinion is completely the opposite.,2026-07-11T13:32:45.911801+00:00,2026-08-29T05:35:26.246638+00:00,665,ja,65
1378,夫は会社員です。,My husband is an office worker.,2026-07-11T13:32:45.911801+00:00,2026-08-29T05:35:26.246638+00:00,796,ja,48
1379,地球環境を守る。,Protect the Earth's environment.,2026-07-11T13:32:45.911801+00:00,2026-08-29T05:35:26.246638+00:00,708,ja,34
1380,手帳にスケジュールを書く。,I write my schedule in my planner.,2026-07-11T13:32:45.911801+00:00,2026-08-29T05:35:26.246638+00:00,677,ja,6
1381,最近の映画は面白い。,Recent movies are interesting.,2026-07-11T13:32:45.911801+00:00,2026-07-11T13:32:45.911801+00:00,806,ja,
1382,今年の春は暖かい。,This spring is warm.,2026-07-11T13:32:45.911801+00:00,2026-08-29T05:35:26.246638+00:00,761,ja,34
1383,夫と一緒に旅行した。,I traveled with my husband.,2026-07-11T13:32:45.911801+00:00,2026-08-29T05:35:26.246638+00:00,796,ja,39
1384,正直に話してください。,Please speak honestly.,2026-07-11T13:32:45.911801+00:00,2026-08-29T05:35:26.246638+00:00,121,ja,52
1385,全国から選手が集まった。,Players gathered from all over the country.,2026-07-11T13:32:45.911801+00:00,2026-08-29T05:35:26.246638+00:00,800,ja,69
1386,失礼なことを言ってしまった。,I said something rude.,2026-07-11T13:32:45.911801+00:00,2026-08-29T05:35:26.246638+00:00,697,ja,52
1387,息子は幼稚園に通っている。,My son attends kindergarten.,2026-07-11T13:32:45.911801+00:00,2026-08-29T05:35:26.246638+00:00,711,ja,44
1388,川に橋がかかっている。,A bridge spans the river.,2026-07-11T13:32:45.911801+00:00,2026-08-29T05:35:26.246638+00:00,678,ja,34
1389,楽しい思い出を作る。,Make happy memories.,2026-07-11T13:32:45.911801+00:00,2026-08-29T05:35:26.246638+00:00,797,ja,55
1390,結婚指輪を交換した。,We exchanged wedding rings.,2026-07-11T13:32:45.911801+00:00,2026-07-11T13:32:45.911801+00:00,720,ja,
1391,自動車工場で働く。,Work at a car factory.,2026-07-11T13:32:45.911801+00:00,2026-08-29T05:35:26.246638+00:00,775,ja,48
1392,新聞紙で包む。,Wrap with newspaper.,2026-07-11T13:32:45.911801+00:00,2026-07-11T13:32:45.911801+00:00,701,ja,
1393,努力を続けることが大切だ。,It is important to continue making effort.,2026-07-11T13:32:45.911801+00:00,2026-07-11T13:32:45.911801+00:00,731,ja,
1394,最後の問題が難しかった。,The last question was difficult.,2026-07-11T13:32:45.911801+00:00,2026-08-29T05:35:26.246638+00:00,717,ja,44
1395,新幹線は速い。,The Shinkansen is fast.,2026-07-11T13:32:45.911801+00:00,2026-08-29T05:35:26.246638+00:00,369,ja,39
1396,駅の案内板を見た。,I looked at the station guide board.,2026-07-11T13:32:45.911801+00:00,2026-08-29T05:35:26.246638+00:00,762,ja,82
1397,昼間は仕事をしている。,I work during the day.,2026-07-11T13:32:45.911801+00:00,2026-08-29T05:35:26.246638+00:00,777,ja,48
1398,半年で日本語が上手になった。,My Japanese improved in half a year.,2026-07-11T13:32:45.911801+00:00,2026-08-29T05:35:26.246638+00:00,780,ja,44
1399,きれいな声で歌う。,Sing with a beautiful voice.,2026-07-11T13:32:45.911801+00:00,2026-07-11T13:32:45.911801+00:00,805,ja,
1400,放課後は図書館で勉強した。,I studied in the library after school.,2026-07-11T13:32:45.911801+00:00,2026-08-29T05:35:26.246638+00:00,693,ja,44
1401,環境問題は深刻だ。,Environmental problems are serious.,2026-07-11T13:32:45.911801+00:00,2026-08-29T05:35:26.246638+00:00,689,ja,34
1402,猫が屋根の上にいる。,There is a cat on the roof.,2026-07-11T13:32:45.911801+00:00,2026-08-29T05:35:26.246638+00:00,799,ja,36
1403,この木は茶色だ。,This tree is brown.,2026-07-11T13:34:02.001551+00:00,2026-08-29T05:35:26.246638+00:00,811,ja,12
1404,結婚おめでとうございます！,Congratulations on your marriage!,2026-07-11T13:34:02.001551+00:00,2026-07-11T13:34:02.001551+00:00,792,ja,
1405,来年結婚する予定だ。,I plan to get married next year.,2026-07-11T13:34:02.001551+00:00,2026-07-11T13:34:02.001551+00:00,792,ja,
1406,洋服を買いに行った。,I went to buy clothes.,2026-07-11T13:34:02.001551+00:00,2026-08-29T05:35:26.246638+00:00,712,ja,74
1407,電話番号を教えてください。,Please tell me your phone number.,2026-07-11T13:34:02.001551+00:00,2026-08-29T05:35:26.246638+00:00,771,ja,86
1408,今年の秋は早く来た。,Autumn came early this year.,2026-07-11T13:34:02.001551+00:00,2026-08-29T05:35:26.246638+00:00,764,ja,34
1409,料理を注文した。,I ordered food.,2026-07-11T13:34:02.001551+00:00,2026-08-29T05:35:26.246638+00:00,61,ja,71
1410,茶色の犬が走っている。,A brown dog is running.,2026-07-11T13:34:02.001551+00:00,2026-08-29T05:35:26.246638+00:00,811,ja,36
1411,大きな船が港に入った。,A large ship entered the harbor.,2026-07-11T13:34:02.001551+00:00,2026-08-29T05:35:26.246638+00:00,944,ja,39
1412,船が港に入った。,The ship entered the harbor.,2026-07-11T13:34:02.001551+00:00,2026-08-29T05:35:26.246638+00:00,739,ja,39
1413,米を炊く。,Cook rice.,2026-07-11T13:34:02.001551+00:00,2026-08-29T05:35:26.246638+00:00,719,ja,28
1414,音楽の授業でピアノを弾く。,I play piano in music class.,2026-07-11T13:34:02.001551+00:00,2026-08-29T05:35:26.246638+00:00,881,ja,44
1415,コップに氷を入れた。,I put ice in the cup.,2026-07-11T13:34:02.001551+00:00,2026-08-29T05:35:26.246638+00:00,804,ja,28
1416,週末に友達と会った。,I met friends on the weekend.,2026-07-11T13:34:02.001551+00:00,2026-08-29T05:35:26.246638+00:00,826,ja,6
1417,いい考えがある。,I have a good idea.,2026-07-11T13:34:02.001551+00:00,2026-08-29T05:35:26.246638+00:00,798,ja,57
1418,毎週水泳の授業がある。,There is a swimming class every week.,2026-07-11T13:34:02.001551+00:00,2026-08-29T05:35:26.246638+00:00,740,ja,44
1419,豆ご飯を作った。,I made rice cooked with beans.,2026-07-11T13:34:02.001551+00:00,2026-08-29T05:35:26.246638+00:00,907,ja,28
1420,旅行のために貯金している。,I am saving money for a trip.,2026-07-11T13:34:02.001551+00:00,2026-08-29T05:35:26.246638+00:00,829,ja,80
1421,温度を確認してください。,Please check the temperature.,2026-07-11T13:34:02.001551+00:00,2026-08-29T05:35:26.246638+00:00,752,ja,63
1422,毎朝牛乳を飲む。,I drink milk every morning.,2026-07-11T13:34:02.001551+00:00,2026-08-29T05:35:26.246638+00:00,747,ja,6
1423,観光地を巡る。,Tour tourist spots.,2026-07-11T13:34:02.001551+00:00,2026-08-29T05:35:26.246638+00:00,592,ja,39
1424,メールの返事をした。,I replied to the email.,2026-07-11T13:34:02.001551+00:00,2026-08-29T05:35:26.246638+00:00,865,ja,52
1425,絵本の絵がきれいだ。,The illustrations in the picture book are beautiful.,2026-07-11T13:34:02.001551+00:00,2026-07-11T13:34:02.001551+00:00,725,ja,
1426,毎朝運動している。,I exercise every morning.,2026-07-11T13:34:02.001551+00:00,2026-08-29T05:35:26.246638+00:00,883,ja,69
1427,読書の習慣をつける。,Develop a reading habit.,2026-07-11T13:34:02.001551+00:00,2026-07-11T13:34:02.001551+00:00,827,ja,
1428,毎日車を運転する。,I drive a car every day.,2026-07-11T13:34:02.001551+00:00,2026-08-29T05:35:26.246638+00:00,855,ja,59
1429,祭りで金魚すくいをした。,I played goldfish scooping at the festival.,2026-07-11T13:34:02.001551+00:00,2026-07-11T13:34:02.001551+00:00,884,ja,
1430,この機械には油が必要だ。,This machine needs oil.,2026-07-11T13:34:02.001551+00:00,2026-07-11T13:34:02.001551+00:00,666,ja,
1431,水泳が得意だ。,I am good at swimming.,2026-07-11T13:34:02.001551+00:00,2026-08-29T05:35:26.246638+00:00,740,ja,69
1432,理科の実験が楽しい。,Science experiments are fun.,2026-07-11T13:34:02.001551+00:00,2026-08-29T05:35:26.246638+00:00,718,ja,44
1433,海外で働く。,I work overseas.,2026-07-11T13:34:02.001551+00:00,2026-08-29T05:35:26.246638+00:00,729,ja,48
1434,近所に古い肉屋がある。,There is an old butcher shop in the neighborhood.,2026-07-11T13:34:02.001551+00:00,2026-08-29T05:35:26.246638+00:00,732,ja,72
1435,親の言うことを聞く。,Listen to what one's parents say.,2026-07-11T13:34:02.001551+00:00,2026-08-29T05:35:26.246638+00:00,936,ja,28
1436,皿を洗った。,I washed the dishes.,2026-07-11T13:34:02.001551+00:00,2026-08-29T05:35:26.246638+00:00,672,ja,28
1437,豆腐を使って料理を作った。,I made a dish using tofu.,2026-07-11T13:34:02.001551+00:00,2026-08-29T05:35:26.246638+00:00,50,ja,28
1438,木の葉が落ちた。,The leaves of the tree fell.,2026-07-11T13:34:02.001551+00:00,2026-08-29T05:35:26.246638+00:00,947,ja,34
1439,親に感謝する。,Be grateful to one's parents.,2026-07-11T13:34:02.001551+00:00,2026-08-29T05:35:26.246638+00:00,936,ja,28
1440,牛肉は豚肉より高い。,Beef is more expensive than pork.,2026-07-11T13:34:02.001551+00:00,2026-08-29T05:35:26.246638+00:00,706,ja,72
1441,視力が悪いので眼鏡が必要だ。,My eyesight is poor so I need glasses.,2026-07-11T13:34:02.001551+00:00,2026-08-29T05:35:26.246638+00:00,713,ja,17
1442,紙に名前を書く。,Write your name on paper.,2026-07-11T13:34:02.001551+00:00,2026-07-11T13:34:02.001551+00:00,766,ja,
1443,計画通りに進んでいる。,Things are going according to plan.,2026-07-11T13:34:02.001551+00:00,2026-07-11T13:34:02.001551+00:00,810,ja,
1444,彼の母親はやさしい人だ。,His mother is a kind person.,2026-07-11T13:34:02.001551+00:00,2026-08-29T05:35:26.246638+00:00,770,ja,28
1445,眼鏡をかけている。,I wear eyeglasses.,2026-07-11T13:34:02.001551+00:00,2026-08-29T05:35:26.246638+00:00,713,ja,17
1446,傷から血が出た。,Blood came from the wound.,2026-07-11T13:34:02.001551+00:00,2026-08-29T05:35:26.246638+00:00,943,ja,17
1447,番号を呼ばれたら来てください。,Please come when your number is called.,2026-07-11T13:34:02.001551+00:00,2026-07-11T13:34:02.001551+00:00,771,ja,
1448,皿に料理を盛った。,I served food on the plate.,2026-07-11T13:34:02.001551+00:00,2026-08-29T05:35:26.246638+00:00,672,ja,28
1449,秋になると葉が赤くなる。,"In autumn, the leaves turn red.",2026-07-11T13:34:02.001551+00:00,2026-08-29T05:35:26.246638+00:00,947,ja,34
1450,毎日ピアノの練習をしている。,I practice piano every day.,2026-07-11T13:34:02.001551+00:00,2026-07-11T13:34:02.001551+00:00,709,ja,
1451,自転車で学校に行く。,Go to school by bicycle.,2026-07-11T13:34:02.001551+00:00,2026-08-29T05:35:26.246638+00:00,858,ja,44
1452,秋になると葉が赤くなる。,"In autumn, leaves turn red.",2026-07-11T13:34:02.001551+00:00,2026-08-29T05:35:26.246638+00:00,764,ja,34
1453,自転車を駐輪場に止める。,Park the bicycle at the bike parking.,2026-07-11T13:34:02.001551+00:00,2026-08-29T05:35:26.246638+00:00,858,ja,82
1454,お酒を飲んだら運転しないでください。,Please don't drive after drinking alcohol.,2026-07-11T13:34:02.001551+00:00,2026-07-11T13:34:02.001551+00:00,855,ja,
1455,今日は洋食のレストランに行った。,I went to a Western-style restaurant today.,2026-07-11T13:34:02.001551+00:00,2026-08-29T05:35:26.246638+00:00,683,ja,71
1456,理科の授業で植物を育てる。,We grow plants in science class.,2026-07-11T13:34:02.001551+00:00,2026-08-29T05:35:26.246638+00:00,718,ja,44
1457,健康的な生活を送る。,Lead a healthy life.,2026-07-11T13:34:02.001551+00:00,2026-07-11T13:34:02.001551+00:00,730,ja,
1458,銀行でお金を下ろす。,Withdraw money from the bank.,2026-07-11T13:34:02.001551+00:00,2026-08-29T05:35:26.246638+00:00,932,ja,80
1459,お菓子を箱に入れた。,I put the sweets in the box.,2026-07-11T13:34:02.001551+00:00,2026-07-11T13:34:02.001551+00:00,786,ja,
1460,三組のクラスに入った。,I joined class 3.,2026-07-11T13:34:02.001551+00:00,2026-08-29T05:35:26.246638+00:00,776,ja,44
1461,欠席の理由を教えてください。,Please tell me the reason for your absence.,2026-07-11T13:34:02.001551+00:00,2026-08-29T05:35:26.246638+00:00,674,ja,44
1462,自分でやってみる。,Try to do it by oneself.,2026-07-11T13:34:02.001551+00:00,2026-07-11T13:34:02.001551+00:00,939,ja,
1463,用事が終わったら連絡する。,I'll contact you when I'm done with my errands.,2026-07-11T13:34:02.001551+00:00,2026-07-11T13:34:02.001551+00:00,704,ja,
1464,趣味は読書です。,My hobby is reading.,2026-07-11T13:34:02.001551+00:00,2026-07-11T13:34:02.001551+00:00,863,ja,
1465,毎年お正月に家族が集まる。,"Every year, the family gathers at New Year's.",2026-07-11T13:34:02.001551+00:00,2026-08-29T05:35:26.246638+00:00,790,ja,28
1466,先生に注意された。,I was warned by the teacher.,2026-07-11T13:34:02.001551+00:00,2026-08-29T05:35:26.246638+00:00,772,ja,44
1467,選手が入場してきた。,The players entered.,2026-07-11T13:34:02.001551+00:00,2026-08-29T05:35:26.246638+00:00,833,ja,69
1468,神様にお祈りをした。,I prayed to God.,2026-07-11T13:34:02.001551+00:00,2026-07-11T13:34:02.001551+00:00,692,ja,
1469,先生に質問した。,I asked the teacher a question.,2026-07-11T13:34:02.001551+00:00,2026-08-29T05:35:26.246638+00:00,825,ja,44
1470,郵便局で荷物を送る。,I send a package at the post office.,2026-07-11T13:34:02.001551+00:00,2026-08-29T05:35:26.246638+00:00,852,ja,81
1471,身長は何センチですか？,What is your height?,2026-07-11T13:34:02.001551+00:00,2026-08-29T05:35:26.246638+00:00,874,ja,63
1472,牛肉を使ってカレーを作る。,Make curry using beef.,2026-07-11T13:34:02.001551+00:00,2026-08-29T05:35:26.246638+00:00,706,ja,28
1473,西の空が赤くなった。,The western sky turned red.,2026-07-11T13:34:02.001551+00:00,2026-08-29T05:35:26.246638+00:00,924,ja,34
1474,室内の温度が高すぎる。,The indoor temperature is too high.,2026-07-11T13:34:02.001551+00:00,2026-07-11T13:34:02.001551+00:00,752,ja,
1475,箱の中に何が入っている？,What's inside the box?,2026-07-11T13:34:02.001551+00:00,2026-07-11T13:34:02.001551+00:00,786,ja,
1476,新鮮な野菜を買った。,I bought fresh vegetables.,2026-07-11T13:34:02.001551+00:00,2026-08-29T05:35:26.246638+00:00,41,ja,72
1477,荷物を宅配便で送った。,I sent the package by courier.,2026-07-11T13:34:02.001551+00:00,2026-08-29T05:35:26.246638+00:00,847,ja,85
1478,貯金が増えた。,My savings increased.,2026-07-11T13:34:02.001551+00:00,2026-08-29T05:35:26.246638+00:00,829,ja,80
1479,明日は祝日なので会社は休みだ。,Tomorrow is a national holiday so the company is closed.,2026-07-11T13:34:02.001551+00:00,2026-08-29T05:35:26.246638+00:00,765,ja,6
1480,野菜を毎日食べている。,I eat vegetables every day.,2026-07-11T13:34:02.001551+00:00,2026-07-11T13:34:02.001551+00:00,41,ja,
1481,オリンピック選手になりたい。,I want to become an Olympic athlete.,2026-07-11T13:34:02.001551+00:00,2026-08-29T05:35:26.246638+00:00,833,ja,69
1482,近所にスーパーがある。,There is a supermarket nearby.,2026-07-11T13:34:02.001551+00:00,2026-08-29T05:35:26.246638+00:00,926,ja,72
1483,血が止まった。,The blood stopped.,2026-07-11T13:34:02.001551+00:00,2026-08-29T05:35:26.246638+00:00,943,ja,17
1484,算数の問題を解く。,Solve arithmetic problems.,2026-07-11T13:34:02.001551+00:00,2026-08-29T05:35:26.246638+00:00,676,ja,44
1485,日本での生活に慣れた。,I got used to life in Japan.,2026-07-11T13:34:02.001551+00:00,2026-07-11T13:34:02.001551+00:00,730,ja,
1486,神様が守ってくださいますように。,May God protect us.,2026-07-11T13:34:02.001551+00:00,2026-07-11T13:34:02.001551+00:00,692,ja,
1487,親切な人に助けてもらった。,A kind person helped me.,2026-07-11T13:34:02.001551+00:00,2026-07-11T13:34:02.001551+00:00,912,ja,
1488,箱根で温泉に入った。,I bathed in a hot spring in Hakone.,2026-07-11T13:34:02.001551+00:00,2026-08-29T05:35:26.246638+00:00,733,ja,39
1489,旅行の荷物を準備した。,I prepared my luggage for the trip.,2026-07-11T13:34:02.001551+00:00,2026-08-29T05:35:26.246638+00:00,847,ja,39
1490,野原に花が咲いている。,Flowers are blooming in the meadow.,2026-07-11T13:34:02.001551+00:00,2026-08-29T05:35:26.246638+00:00,870,ja,34
1491,彼の父親は医者だ。,His father is a doctor.,2026-07-11T13:34:02.001551+00:00,2026-07-11T13:34:02.001551+00:00,785,ja,
1492,算数が好きな子供だ。,A child who likes arithmetic.,2026-07-11T13:34:02.001551+00:00,2026-08-29T05:35:26.246638+00:00,676,ja,44
1493,海外旅行が好きだ。,I like traveling abroad.,2026-07-11T13:34:02.001551+00:00,2026-08-29T05:35:26.246638+00:00,729,ja,39
1494,注文が届いた。,My order arrived.,2026-07-11T13:34:02.001551+00:00,2026-08-29T05:35:26.246638+00:00,61,ja,85
1495,やさしい言葉をかける。,Give kind words.,2026-07-11T13:34:02.001551+00:00,2026-08-29T05:35:26.246638+00:00,856,ja,52
1496,旅行の計画を立てる。,Make a travel plan.,2026-07-11T13:34:02.001551+00:00,2026-08-29T05:35:26.246638+00:00,810,ja,39
1497,社会科の授業を受ける。,I attend social studies class.,2026-07-11T13:34:02.001551+00:00,2026-08-29T05:35:26.246638+00:00,802,ja,44
1498,音楽を聞くのが好きだ。,I like listening to music.,2026-07-11T13:34:02.001551+00:00,2026-07-11T13:34:02.001551+00:00,881,ja,
1499,野球の部活に入った。,I joined the baseball club.,2026-07-11T13:34:02.001551+00:00,2026-08-29T05:35:26.246638+00:00,935,ja,44
1500,今日は運がいい。,I'm lucky today.,2026-07-11T13:34:02.001551+00:00,2026-07-11T13:34:02.001551+00:00,916,ja,
1501,湖の水はきれいだ。,The lake water is clean.,2026-07-11T13:34:02.001551+00:00,2026-08-29T05:35:26.246638+00:00,759,ja,34
1502,100メートルを10秒で走った。,I ran 100 meters in 10 seconds.,2026-07-11T13:34:02.001551+00:00,2026-08-29T05:35:26.246638+00:00,684,ja,69
1503,銀色のアクセサリー。,Silver accessories.,2026-07-11T13:34:02.001551+00:00,2026-08-29T05:35:26.246638+00:00,817,ja,12
1504,牛乳はカルシウムが豊富だ。,Milk is rich in calcium.,2026-07-11T13:34:02.001551+00:00,2026-07-11T13:34:02.001551+00:00,747,ja,
1505,日本酒が好きだ。,I like Japanese sake.,2026-07-11T13:34:02.001551+00:00,2026-07-11T13:34:02.001551+00:00,859,ja,
1506,社会のルールを守る。,Follow the rules of society.,2026-07-11T13:34:02.001551+00:00,2026-07-11T13:34:02.001551+00:00,802,ja,
1507,大豆からみそを作る。,Miso is made from soybeans.,2026-07-11T13:34:02.001551+00:00,2026-07-11T13:34:02.001551+00:00,907,ja,
1508,明日試験がある。,I have an exam tomorrow.,2026-07-11T13:34:02.001551+00:00,2026-08-29T05:35:26.246638+00:00,814,ja,44
1509,雲の間から太陽が見える。,The sun is visible between the clouds.,2026-07-11T13:34:02.001551+00:00,2026-08-29T05:35:26.246638+00:00,839,ja,34
1510,自分の意見を言う。,Express one's own opinion.,2026-07-11T13:34:02.001551+00:00,2026-08-29T05:35:26.246638+00:00,939,ja,52
1511,温泉旅行に行きたい。,I want to go on a hot spring trip.,2026-07-11T13:34:02.001551+00:00,2026-08-29T05:35:26.246638+00:00,733,ja,39
1512,氷が溶けた。,The ice melted.,2026-07-11T13:34:02.001551+00:00,2026-08-29T05:35:26.246638+00:00,804,ja,34
1513,時間表を作った。,I made a timetable.,2026-07-11T13:34:02.001551+00:00,2026-08-29T05:35:26.246638+00:00,821,ja,6
1514,後で連絡します。,I'll contact you later.,2026-07-11T13:34:02.001551+00:00,2026-08-29T05:35:26.246638+00:00,860,ja,52
1515,酒を飲みすぎた。,I drank too much alcohol.,2026-07-11T13:34:02.001551+00:00,2026-07-11T13:34:02.001551+00:00,859,ja,
1516,毎週日曜日に家族で外食する。,"Every Sunday, I eat out with my family.",2026-07-11T13:34:02.001551+00:00,2026-08-29T05:35:26.246638+00:00,726,ja,71
1517,太陽は西に沈む。,The sun sets in the west.,2026-07-11T13:34:02.001551+00:00,2026-08-29T05:35:26.246638+00:00,924,ja,34
1518,運動不足で体が重い。,My body feels heavy due to lack of exercise.,2026-07-11T13:34:02.001551+00:00,2026-08-29T05:35:26.246638+00:00,883,ja,17
1519,毎月の予算を管理する。,Manage the monthly budget.,2026-07-11T13:34:02.001551+00:00,2026-08-29T05:35:26.246638+00:00,682,ja,80
1520,肉屋で牛肉を買った。,I bought beef at the butcher shop.,2026-07-11T13:34:02.001551+00:00,2026-08-29T05:35:26.246638+00:00,732,ja,72
1521,呼んでも返事がなかった。,There was no answer even when I called.,2026-07-11T13:34:02.001551+00:00,2026-07-11T13:34:02.001551+00:00,865,ja,
1522,日本語の言葉を覚える。,Learn Japanese words.,2026-07-11T13:34:02.001551+00:00,2026-08-29T05:35:26.246638+00:00,856,ja,57
1523,湖のそばに宿がある。,There is an inn by the lake.,2026-07-11T13:34:02.001551+00:00,2026-08-29T05:35:26.246638+00:00,759,ja,39
1524,親切にしてくれてありがとう。,Thank you for being kind.,2026-07-11T13:34:02.001551+00:00,2026-07-11T13:34:02.001551+00:00,912,ja,
1525,祭りで神輿を担いだ。,I carried a portable shrine at the festival.,2026-07-11T13:34:02.001551+00:00,2026-07-11T13:34:02.001551+00:00,734,ja,
1526,船で島へ渡る。,Cross to the island by boat.,2026-07-11T13:34:02.001551+00:00,2026-08-29T05:35:26.246638+00:00,944,ja,39
1527,この紙を折ってください。,Please fold this paper.,2026-07-11T13:34:02.001551+00:00,2026-07-11T13:34:02.001551+00:00,766,ja,
1528,羊の毛は温かい。,Sheep's wool is warm.,2026-07-11T13:34:02.001551+00:00,2026-08-29T05:35:26.246638+00:00,748,ja,36
1529,日本では米をよく食べる。,"In Japan, rice is eaten a lot.",2026-07-11T13:34:02.001551+00:00,2026-07-11T13:34:02.001551+00:00,719,ja,
1530,近くの郵便局はどこですか？,Where is the nearest post office?,2026-07-11T13:34:02.001551+00:00,2026-08-29T05:35:26.246638+00:00,852,ja,81
1531,今日は用事がある。,I have errands today.,2026-07-11T13:34:02.001551+00:00,2026-07-11T13:34:02.001551+00:00,704,ja,
1532,頭が痛い。,I have a headache.,2026-07-11T13:34:02.001551+00:00,2026-08-29T05:35:26.246638+00:00,920,ja,17
1533,道に迷った。,I got lost on the road.,2026-07-11T13:34:02.001551+00:00,2026-08-29T05:35:26.246638+00:00,886,ja,41
1534,答えが分からない。,I don't know the answer.,2026-07-11T13:34:02.001551+00:00,2026-08-29T05:35:26.246638+00:00,681,ja,57
1535,色々考えた。,I thought about many things.,2026-07-11T13:34:02.001551+00:00,2026-08-29T05:35:26.246638+00:00,948,ja,57
1536,雪で道が滑りやすい。,The road is slippery from snow.,2026-07-11T13:34:02.001551+00:00,2026-08-29T05:35:26.246638+00:00,888,ja,34
1537,近くの薬局を探した。,I looked for a nearby pharmacy.,2026-07-11T13:34:02.001551+00:00,2026-08-29T05:35:26.246638+00:00,872,ja,78
1538,自由に発言できる国だ。,It's a country where one can speak freely.,2026-07-11T13:34:02.001551+00:00,2026-07-11T13:34:02.001551+00:00,917,ja,
1539,運を信じますか。,Do you believe in luck?,2026-07-11T13:34:02.001551+00:00,2026-07-11T13:34:02.001551+00:00,916,ja,
1540,趣味が合う友人と過ごした。,I spent time with a friend who shares my interests.,2026-07-11T13:34:02.001551+00:00,2026-07-11T13:34:02.001551+00:00,863,ja,
1541,道路が混んでいる。,The road is congested.,2026-07-11T13:34:02.001551+00:00,2026-08-29T05:35:26.246638+00:00,639,ja,59
1542,週末は何をしますか？,What do you do on weekends?,2026-07-11T13:34:02.001551+00:00,2026-07-11T13:34:02.001551+00:00,826,ja,
1543,雪が降っている。,It is snowing.,2026-07-11T13:34:02.001551+00:00,2026-08-29T05:35:26.246638+00:00,888,ja,34
1544,試験に合格した。,I passed the exam.,2026-07-11T13:34:02.001551+00:00,2026-08-29T05:35:26.246638+00:00,814,ja,44
1545,公園に池がある。,There is a pond in the park.,2026-07-11T13:34:02.001551+00:00,2026-08-29T05:35:26.246638+00:00,807,ja,34
1546,表に整理した。,I organized it into a table.,2026-07-11T13:34:02.001551+00:00,2026-07-11T13:34:02.001551+00:00,821,ja,
1547,子供に絵本を読んであげる。,I read a picture book to my child.,2026-07-11T13:34:02.001551+00:00,2026-08-29T05:35:26.246638+00:00,725,ja,28
1548,薬局で薬を買った。,I bought medicine at the pharmacy.,2026-07-11T13:34:02.001551+00:00,2026-08-29T05:35:26.246638+00:00,872,ja,78
1549,質問があれば遠慮なくどうぞ。,Please feel free to ask if you have questions.,2026-07-11T13:34:02.001551+00:00,2026-07-11T13:34:02.001551+00:00,825,ja,
1550,交差点では注意してください。,Please be careful at intersections.,2026-07-11T13:34:02.001551+00:00,2026-07-11T13:34:02.001551+00:00,772,ja,
1551,池に魚がいる。,There are fish in the pond.,2026-07-11T13:34:02.001551+00:00,2026-08-29T05:35:26.246638+00:00,807,ja,36
1552,街を散歩した。,I took a walk around town.,2026-07-11T13:34:02.001551+00:00,2026-08-29T05:35:26.246638+00:00,812,ja,59
1553,金魚を水槽で育てる。,Raise goldfish in an aquarium.,2026-07-11T13:34:02.001551+00:00,2026-08-29T05:35:26.246638+00:00,884,ja,36
1554,色々な料理を食べた。,I ate various dishes.,2026-07-11T13:34:02.001551+00:00,2026-07-11T13:34:02.001551+00:00,948,ja,
1555,自由な時間を楽しんだ。,I enjoyed my free time.,2026-07-11T13:34:02.001551+00:00,2026-07-11T13:34:02.001551+00:00,917,ja,
1556,連絡が取れなくなった。,I lost contact.,2026-07-11T13:34:02.001551+00:00,2026-08-29T05:35:26.246638+00:00,860,ja,52
1557,毎月家賃を払う。,Pay rent every month.,2026-07-11T13:34:02.001551+00:00,2026-08-29T05:35:26.246638+00:00,682,ja,84
1558,一部分だけ読んだ。,I only read part of it.,2026-07-11T13:34:02.001551+00:00,2026-07-11T13:34:02.001551+00:00,911,ja,
1559,野球チームに入りたい。,I want to join a baseball team.,2026-07-11T13:34:02.001551+00:00,2026-08-29T05:35:26.246638+00:00,880,ja,69
1560,フライパンに油をひく。,I put oil in the frying pan.,2026-07-11T13:34:02.001551+00:00,2026-08-29T05:35:26.246638+00:00,666,ja,28
1561,京都を観光する。,Go sightseeing in Kyoto.,2026-07-11T13:34:02.001551+00:00,2026-08-29T05:35:26.246638+00:00,592,ja,39
1562,郵便で手紙を送った。,I sent a letter by mail.,2026-07-11T13:34:02.001551+00:00,2026-08-29T05:35:26.246638+00:00,815,ja,81
1563,自分の考えを伝える。,Express one's own thoughts.,2026-07-11T13:34:02.001551+00:00,2026-08-29T05:35:26.246638+00:00,798,ja,52
1564,この部分が難しい。,This part is difficult.,2026-07-11T13:34:02.001551+00:00,2026-07-11T13:34:02.001551+00:00,911,ja,
1565,身長が高い。,Tall in height.,2026-07-11T13:34:02.001551+00:00,2026-08-29T05:35:26.246638+00:00,874,ja,63
1566,10秒待ってください。,Please wait 10 seconds.,2026-07-11T13:34:02.001551+00:00,2026-08-29T05:35:26.246638+00:00,684,ja,6
1567,冷ややっこは冷たい豆腐だ。,Hiyayakko is cold tofu.,2026-07-11T13:34:02.001551+00:00,2026-07-11T13:34:02.001551+00:00,50,ja,
1568,サッカーの練習に参加した。,I participated in soccer practice.,2026-07-11T13:34:02.001551+00:00,2026-08-29T05:35:26.246638+00:00,709,ja,69
1569,農家が畑を耕している。,The farmer is plowing the field.,2026-07-11T13:34:02.001551+00:00,2026-07-11T13:34:02.001551+00:00,698,ja,
1570,生徒たちは熱心に勉強している。,The students are studying enthusiastically.,2026-07-11T13:34:02.001551+00:00,2026-08-29T05:35:26.246638+00:00,705,ja,44
1571,毎週レポートを提出する。,Submit a report every week.,2026-07-11T13:34:02.001551+00:00,2026-08-29T05:35:26.246638+00:00,726,ja,44
1572,道路工事中だ。,Road construction is underway.,2026-07-11T13:34:02.001551+00:00,2026-07-11T13:34:02.001551+00:00,639,ja,
1573,銀行に口座を開いた。,I opened a bank account.,2026-07-11T13:34:02.001551+00:00,2026-08-29T05:35:26.246638+00:00,932,ja,80
1574,広い野原で遊ぶ。,Play in a wide open field.,2026-07-11T13:34:02.001551+00:00,2026-08-29T05:35:26.246638+00:00,870,ja,34
1575,父親として子供を育てる。,Raise children as a father.,2026-07-11T13:34:02.001551+00:00,2026-08-29T05:35:26.246638+00:00,785,ja,28
1576,夏の祭りに行った。,I went to the summer festival.,2026-07-11T13:34:02.001551+00:00,2026-07-11T13:34:02.001551+00:00,734,ja,
1577,港から出発した。,I departed from the port.,2026-07-11T13:34:02.001551+00:00,2026-08-29T05:35:26.246638+00:00,739,ja,39
1578,この県の人口は多い。,This prefecture has a large population.,2026-07-11T13:34:02.001551+00:00,2026-08-29T05:35:26.246638+00:00,737,ja,1
1579,二人組でゲームをする。,Play a game in pairs.,2026-07-11T13:34:02.001551+00:00,2026-08-29T05:35:26.246638+00:00,776,ja,1
1580,細い道を歩く。,Walk on a narrow road.,2026-07-11T13:34:02.001551+00:00,2026-08-29T05:35:26.246638+00:00,886,ja,63
1581,牧場に羊がいる。,There are sheep at the ranch.,2026-07-11T13:34:02.001551+00:00,2026-08-29T05:35:26.246638+00:00,748,ja,36
1582,洋服ダンスに服をかけた。,I hung the clothes in the wardrobe.,2026-07-11T13:34:02.001551+00:00,2026-08-29T05:35:26.246638+00:00,712,ja,28
1583,日本には多くの祝日がある。,Japan has many national holidays.,2026-07-11T13:34:02.001551+00:00,2026-08-29T05:35:26.246638+00:00,765,ja,6
1584,畑でトマトを育てた。,I grew tomatoes in the field.,2026-07-11T13:34:02.001551+00:00,2026-07-11T13:34:02.001551+00:00,698,ja,
1585,何か理由があるはずだ。,There must be some reason.,2026-07-11T13:34:02.001551+00:00,2026-08-29T05:35:26.246638+00:00,674,ja,57
1586,先生が生徒を指導した。,The teacher guided the students.,2026-07-11T13:34:02.001551+00:00,2026-08-29T05:35:26.246638+00:00,705,ja,44
1587,読書が趣味だ。,Reading is my hobby.,2026-07-11T13:34:02.001551+00:00,2026-07-11T13:34:02.001551+00:00,827,ja,
1588,にぎやかな街に住んでいる。,I live in a lively city.,2026-07-11T13:34:02.001551+00:00,2026-07-11T13:34:02.001551+00:00,812,ja,
1589,軽食コーナーで食べた。,I ate at the snack corner.,2026-07-11T13:34:02.001551+00:00,2026-08-29T05:35:26.246638+00:00,905,ja,73
1590,洋食と和食、どちらが好きですか。,Do you prefer Western food or Japanese food?,2026-07-11T13:34:02.001551+00:00,2026-08-29T05:35:26.246638+00:00,683,ja,71
1591,放課後は部活がある。,I have club activities after school.,2026-07-11T13:34:02.001551+00:00,2026-08-29T05:35:26.246638+00:00,935,ja,44
1592,正しい答えを書く。,Write the correct answer.,2026-07-11T13:34:02.001551+00:00,2026-08-29T05:35:26.246638+00:00,681,ja,44
1593,神奈川県に住んでいる。,I live in Kanagawa Prefecture.,2026-07-11T13:34:02.001551+00:00,2026-07-11T13:34:02.001551+00:00,737,ja,
1594,月が銀色に輝く。,The moon shines in silver.,2026-07-11T13:34:02.001551+00:00,2026-08-29T05:35:26.246638+00:00,817,ja,34
1595,放課後に野球をした。,I played baseball after school.,2026-07-11T13:34:02.001551+00:00,2026-08-29T05:35:26.246638+00:00,880,ja,44
1596,郵便番号を書いてください。,Please write your postal code.,2026-07-11T13:34:02.001551+00:00,2026-08-29T05:35:26.246638+00:00,815,ja,81
1597,近所の人に挨拶する。,Greet the neighbors.,2026-07-11T13:34:02.001551+00:00,2026-08-29T05:35:26.246638+00:00,926,ja,52
1598,子供の遊びは大切だ。,Play is important for children.,2026-07-11T13:34:02.001551+00:00,2026-07-11T13:34:02.001551+00:00,823,ja,
1599,毎年成長している。,I am growing every year.,2026-07-11T13:34:02.001551+00:00,2026-07-11T13:34:02.001551+00:00,790,ja,
1600,遊びに来てください。,Please come to visit.,2026-07-11T13:34:02.001551+00:00,2026-07-11T13:34:02.001551+00:00,823,ja,
1601,会議の前に軽食をとった。,I had a light meal before the meeting.,2026-07-11T13:34:02.001551+00:00,2026-08-29T05:35:26.246638+00:00,905,ja,48
1602,空に雲が多い。,There are many clouds in the sky.,2026-07-11T13:34:02.001551+00:00,2026-08-29T05:35:26.246638+00:00,839,ja,34
1603,先月に新しい仕事を始めた。,I started a new job last month.,2026-07-11T13:35:15.832798+00:00,2026-08-29T05:35:26.246638+00:00,914,ja,48
1604,妹は小学生だ。,My younger sister is an elementary student.,2026-07-11T13:35:15.832798+00:00,2026-08-29T05:35:26.246638+00:00,904,ja,44
1605,外は寒い。,It is cold outside.,2026-07-11T13:35:15.832798+00:00,2026-08-29T05:35:26.246638+00:00,862,ja,34
1606,学校の食堂で昼ご飯を食べる。,Eat lunch in the school cafeteria.,2026-07-11T13:35:15.832798+00:00,2026-08-29T05:35:26.246638+00:00,908,ja,44
1607,一人で旅行した。,I traveled alone.,2026-07-11T13:35:15.832798+00:00,2026-08-29T05:35:26.246638+00:00,828,ja,39
1608,家の近くにスーパーがある。,There is a supermarket near my house.,2026-07-11T13:35:15.832798+00:00,2026-08-29T05:35:26.246638+00:00,809,ja,72
1609,馬が草を食べている。,The horse is eating grass.,2026-07-11T13:35:15.832798+00:00,2026-08-29T05:35:26.246638+00:00,894,ja,36
1610,六月は梅雨の季節だ。,June is the rainy season.,2026-07-11T13:35:15.832798+00:00,2026-08-29T05:35:26.246638+00:00,931,ja,34
1611,今年の夏は暑かった。,This year's summer was hot.,2026-07-11T13:35:15.832798+00:00,2026-08-29T05:35:26.246638+00:00,891,ja,34
1612,毎日学校へ行く。,I go to school every day.,2026-07-11T13:35:15.832798+00:00,2026-08-29T05:35:26.246638+00:00,841,ja,44
1613,会社に入社する。,I join a company.,2026-07-11T13:35:15.832798+00:00,2026-08-29T05:35:26.246638+00:00,834,ja,48
1614,二階から見える。,You can see from the second floor.,2026-07-11T13:35:15.832798+00:00,2026-08-29T05:35:26.246638+00:00,831,ja,41
1615,兄は大学生だ。,My older brother is a university student.,2026-07-11T13:35:15.832798+00:00,2026-08-29T05:35:26.246638+00:00,930,ja,44
1616,二階に部屋がある。,There is a room on the second floor.,2026-07-11T13:35:15.832798+00:00,2026-08-29T05:35:26.246638+00:00,831,ja,41
1617,姉は大学で勉強している。,My older sister is studying at university.,2026-07-11T13:35:15.832798+00:00,2026-08-29T05:35:26.246638+00:00,950,ja,44
1618,七月に海へ行く。,I go to the beach in July.,2026-07-11T13:35:15.832798+00:00,2026-08-29T05:35:26.246638+00:00,915,ja,39
1619,友達に手紙を書く。,Write a letter to a friend.,2026-07-11T13:35:15.832798+00:00,2026-08-29T05:35:26.246638+00:00,897,ja,52
1620,バランスのよい食事をとる。,Have a well-balanced meal.,2026-07-11T13:35:15.832798+00:00,2026-07-11T13:35:15.832798+00:00,890,ja,
1621,中学校は三年間だ。,Middle school is three years.,2026-07-11T13:35:15.832798+00:00,2026-08-29T05:35:26.246638+00:00,889,ja,44
1622,十二月の終わりに大晦日がある。,At the end of December there is New Year's Eve.,2026-07-11T13:35:15.832798+00:00,2026-08-29T05:35:26.246638+00:00,813,ja,6
1623,駅員に道を聞いた。,I asked the station staff for directions.,2026-07-11T13:35:15.832798+00:00,2026-08-29T05:35:26.246638+00:00,945,ja,82
1624,学校の帰りに友達と遊んだ。,I played with friends on the way home from school.,2026-07-11T13:35:15.832798+00:00,2026-08-29T05:35:26.246638+00:00,841,ja,44
1625,午前十時に起きる。,I wake up at 10 AM.,2026-07-11T13:35:15.832798+00:00,2026-08-29T05:35:26.246638+00:00,934,ja,6
1626,一人っ子です。,I am an only child.,2026-07-11T13:35:15.832798+00:00,2026-08-29T05:35:26.246638+00:00,828,ja,28
1627,小学校は六年間だ。,Elementary school is six years.,2026-07-11T13:35:15.832798+00:00,2026-08-29T05:35:26.246638+00:00,1057,ja,44
1628,旅行の出発前に準備をした。,I prepared before the trip departure.,2026-07-11T13:35:15.832798+00:00,2026-08-29T05:35:26.246638+00:00,903,ja,39
1629,図書館で本を借りる。,Borrow books from the library.,2026-07-11T13:35:15.832798+00:00,2026-07-11T13:35:15.832798+00:00,820,ja,
1630,体の調子がいい。,I feel well.,2026-07-11T13:35:15.832798+00:00,2026-08-29T05:35:26.246638+00:00,861,ja,17
1631,嬉しそうな顔をしている。,She has a happy expression.,2026-07-11T13:35:15.832798+00:00,2026-08-29T05:35:26.246638+00:00,895,ja,55
1632,八月にお盆がある。,Obon (a Buddhist holiday) is in August.,2026-07-11T13:35:15.832798+00:00,2026-08-29T05:35:26.246638+00:00,898,ja,6
1633,天気予報を見た。,I watched the weather forecast.,2026-07-11T13:35:15.832798+00:00,2026-08-29T05:35:26.246638+00:00,896,ja,34
1634,先月は忙しかった。,Last month was busy.,2026-07-11T13:35:15.832798+00:00,2026-08-29T05:35:26.246638+00:00,914,ja,6
1635,家族と夕食を食べる。,I eat dinner with my family.,2026-07-11T13:35:15.832798+00:00,2026-08-29T05:35:26.246638+00:00,849,ja,28
1636,父は会社で働いている。,My father works at a company.,2026-07-11T13:35:15.832798+00:00,2026-08-29T05:35:26.246638+00:00,834,ja,48
1637,六月に結婚式を挙げた。,I held a wedding ceremony in June.,2026-07-11T13:35:15.832798+00:00,2026-08-29T05:35:26.246638+00:00,931,ja,28
1638,どの国から来ましたか？,Which country are you from?,2026-07-11T13:35:15.832798+00:00,2026-07-11T13:35:15.832798+00:00,940,ja,
1639,お金を貯めている。,I am saving money.,2026-07-11T13:35:15.832798+00:00,2026-08-29T05:35:26.246638+00:00,819,ja,80
1640,中学校では部活動に参加した。,I participated in club activities in middle school.,2026-07-11T13:35:15.832798+00:00,2026-08-29T05:35:26.246638+00:00,889,ja,44
1641,大学で心理学を勉強している。,I am studying psychology at university.,2026-07-11T13:35:15.832798+00:00,2026-08-29T05:35:26.246638+00:00,901,ja,44
1642,馬に乗る。,Ride a horse.,2026-07-11T13:35:15.832798+00:00,2026-08-29T05:35:26.246638+00:00,894,ja,36
1643,一つだけ質問があります。,I have just one question.,2026-07-11T13:35:15.832798+00:00,2026-07-11T13:35:15.832798+00:00,937,ja,
1644,土曜日は休みです。,Saturday is a day off.,2026-07-11T13:35:15.832798+00:00,2026-08-29T05:35:26.246638+00:00,900,ja,6
1645,数学の勉強が難しい。,Studying math is difficult.,2026-07-11T13:35:15.832798+00:00,2026-08-29T05:35:26.246638+00:00,840,ja,44
1646,かわいい女の子が生まれた。,A cute girl was born.,2026-07-11T13:35:15.832798+00:00,2026-08-29T05:35:26.246638+00:00,868,ja,28
1647,首が痛い。,My neck hurts.,2026-07-11T13:35:15.832798+00:00,2026-08-29T05:35:26.246638+00:00,913,ja,17
1648,静かな図書館で勉強する。,Study in the quiet library.,2026-07-11T13:35:15.832798+00:00,2026-07-11T13:35:15.832798+00:00,820,ja,
1649,お米を洗う。,Wash the rice.,2026-07-11T13:35:15.832798+00:00,2026-08-29T05:35:26.246638+00:00,875,ja,28
1650,子供の頃、よく山に行った。,"When I was a child, I often went to the mountains.",2026-07-11T13:35:15.832798+00:00,2026-08-29T05:35:26.246638+00:00,843,ja,39
1651,四月は入学式がある。,There are entrance ceremonies in April.,2026-07-11T13:35:15.832798+00:00,2026-08-29T05:35:26.246638+00:00,838,ja,44
1652,夕方に家に帰る。,I return home in the evening.,2026-07-11T13:35:15.832798+00:00,2026-08-29T05:35:26.246638+00:00,808,ja,28
1653,好きな食べ物は何ですか？,What is your favorite food?,2026-07-11T13:35:15.832798+00:00,2026-07-11T13:35:15.832798+00:00,925,ja,
1654,南の島で泳ぐ。,Swim on a southern island.,2026-07-11T13:35:15.832798+00:00,2026-08-29T05:35:26.246638+00:00,851,ja,39
1655,体を動かす。,Move one's body.,2026-07-11T13:35:15.832798+00:00,2026-08-29T05:35:26.246638+00:00,861,ja,59
1656,四月から新しい学校に通う。,I start attending a new school from April.,2026-07-11T13:35:15.832798+00:00,2026-08-29T05:35:26.246638+00:00,838,ja,44
1657,二人で映画を見た。,We two watched a movie.,2026-07-11T13:35:15.832798+00:00,2026-07-11T13:35:15.832798+00:00,922,ja,
1658,毎日勉強する。,I study every day.,2026-07-11T13:35:15.832798+00:00,2026-08-29T05:35:26.246638+00:00,840,ja,44
1659,鼻をかむ。,Blow one's nose.,2026-07-11T13:35:15.832798+00:00,2026-08-29T05:35:26.246638+00:00,824,ja,17
1660,夏休みは七月から始まる。,Summer vacation starts in July.,2026-07-11T13:35:15.832798+00:00,2026-08-29T05:35:26.246638+00:00,946,ja,6
1661,新鮮な食べ物を選ぶ。,Choose fresh food.,2026-07-11T13:35:15.832798+00:00,2026-08-29T05:35:26.246638+00:00,925,ja,72
1662,家族の写真を見せる。,I show a photo of my family.,2026-07-11T13:35:15.832798+00:00,2026-08-29T05:35:26.246638+00:00,849,ja,28
1663,今日の授業は楽しかった。,Today's class was fun.,2026-07-11T13:35:15.832798+00:00,2026-08-29T05:35:26.246638+00:00,919,ja,44
1664,毎朝公園で散歩する。,I take a walk in the park every morning.,2026-07-11T13:35:15.832798+00:00,2026-08-29T05:35:26.246638+00:00,836,ja,59
1665,十二月はクリスマスがある。,December has Christmas.,2026-07-11T13:35:15.832798+00:00,2026-08-29T05:35:26.246638+00:00,813,ja,6
1666,コーヒーは千円です。,The coffee is 1000 yen.,2026-07-11T13:35:15.832798+00:00,2026-08-29T05:35:26.246638+00:00,910,ja,71
1667,入口の前で待っている。,I am waiting in front of the entrance.,2026-07-11T13:35:15.832798+00:00,2026-08-29T05:35:26.246638+00:00,12,ja,41
1668,何時ですか？,What time is it?,2026-07-11T13:35:15.832798+00:00,2026-08-29T05:35:26.246638+00:00,850,ja,6
1669,三人でランチを食べた。,Three of us had lunch.,2026-07-11T13:35:15.832798+00:00,2026-08-29T05:35:26.246638+00:00,871,ja,71
1670,宿題をやった。,I did my homework.,2026-07-11T13:35:15.832798+00:00,2026-08-29T05:35:26.246638+00:00,1021,ja,44
1671,この道は安全です。,This road is safe.,2026-07-11T13:35:15.832798+00:00,2026-07-11T13:35:15.832798+00:00,893,ja,
1672,百円の切手を買う。,Buy a 100-yen stamp.,2026-07-11T13:35:15.832798+00:00,2026-08-29T05:35:26.246638+00:00,864,ja,81
1673,一日に三回歯を磨く。,I brush my teeth three times a day.,2026-07-11T13:35:15.832798+00:00,2026-08-29T05:35:26.246638+00:00,845,ja,17
1674,手紙に切手を貼る。,Affix a stamp to a letter.,2026-07-11T13:35:15.832798+00:00,2026-08-29T05:35:26.246638+00:00,864,ja,81
1675,北の空に星が光る。,Stars shine in the northern sky.,2026-07-11T13:35:15.832798+00:00,2026-08-29T05:35:26.246638+00:00,923,ja,34
1676,十一月は秋の終わりだ。,November is the end of autumn.,2026-07-11T13:35:15.832798+00:00,2026-08-29T05:35:26.246638+00:00,902,ja,34
1677,鳥のさえずりが聞こえる。,I can hear birds chirping.,2026-07-11T13:35:15.832798+00:00,2026-08-29T05:35:26.246638+00:00,942,ja,36
1678,黒板消しで消した。,I erased it with the blackboard eraser.,2026-07-11T13:35:15.832798+00:00,2026-08-29T05:35:26.246638+00:00,832,ja,44
1679,三月は卒業式の季節だ。,March is the season of graduation ceremonies.,2026-07-11T13:35:15.832798+00:00,2026-08-29T05:35:26.246638+00:00,921,ja,44
1680,姉と買い物に行く。,Go shopping with my older sister.,2026-07-11T13:35:15.832798+00:00,2026-08-29T05:35:26.246638+00:00,950,ja,50
1681,出発の時間は九時です。,The departure time is 9 o'clock.,2026-07-11T13:35:15.832798+00:00,2026-08-29T05:35:26.246638+00:00,903,ja,6
1682,お母さんは今どこにいますか？,Where is your mom now?,2026-07-11T13:35:15.832798+00:00,2026-08-29T05:35:26.246638+00:00,879,ja,28
1683,地図で目的地を探す。,Find the destination on a map.,2026-07-11T13:35:15.832798+00:00,2026-08-29T05:35:26.246638+00:00,869,ja,39
1684,動物園に行った。,I went to the zoo.,2026-07-11T13:35:15.832798+00:00,2026-08-29T05:35:26.246638+00:00,949,ja,36
1685,夜に星が見える。,Stars are visible at night.,2026-07-11T13:35:15.832798+00:00,2026-08-29T05:35:26.246638+00:00,866,ja,34
1686,七月は夏休みが始まる。,Summer vacation begins in July.,2026-07-11T13:35:15.832798+00:00,2026-08-29T05:35:26.246638+00:00,915,ja,6
1687,去年の夏に海外旅行した。,I traveled abroad last summer.,2026-07-11T13:35:15.832798+00:00,2026-08-29T05:35:26.246638+00:00,928,ja,39
1688,友達と一緒に映画を見た。,I watched a movie together with a friend.,2026-07-11T13:35:15.832798+00:00,2026-07-11T13:35:15.832798+00:00,933,ja,
1689,今年の目標は何ですか？,What is your goal for this year?,2026-07-11T13:35:15.832798+00:00,2026-07-11T13:35:15.832798+00:00,891,ja,
1690,お米を買ってきた。,I bought some rice.,2026-07-11T13:35:15.832798+00:00,2026-08-29T05:35:26.246638+00:00,875,ja,72
1691,お名前は何ですか？,What is your name?,2026-07-11T13:35:15.832798+00:00,2026-07-11T13:35:15.832798+00:00,848,ja,
1692,猫に名前をつけた。,I gave the cat a name.,2026-07-11T13:35:15.832798+00:00,2026-08-29T05:35:26.246638+00:00,848,ja,36
1693,お父さんは今どこにいますか？,Where is your dad now?,2026-07-11T13:35:15.832798+00:00,2026-08-29T05:35:26.246638+00:00,882,ja,28
1694,千円札を持っている。,I have a 1000 yen bill.,2026-07-11T13:35:15.832798+00:00,2026-08-29T05:35:26.246638+00:00,910,ja,50
1695,国のために働く。,Work for one's country.,2026-07-11T13:35:15.832798+00:00,2026-08-29T05:35:26.246638+00:00,940,ja,48
1696,今月の予定を教えてください。,Please tell me your plans for this month.,2026-07-11T13:35:15.832798+00:00,2026-08-29T05:35:26.246638+00:00,938,ja,6
1697,彼女は医者になりたい。,She wants to become a doctor.,2026-07-11T13:35:15.832798+00:00,2026-07-11T13:35:15.832798+00:00,818,ja,
1698,小学校の先生に会った。,I met my elementary school teacher.,2026-07-11T13:35:15.832798+00:00,2026-08-29T05:35:26.246638+00:00,1057,ja,44
1699,九月は台風が多い。,There are many typhoons in September.,2026-07-11T13:35:15.832798+00:00,2026-08-29T05:35:26.246638+00:00,835,ja,34
1700,八月は一番暑い月だ。,August is the hottest month.,2026-07-11T13:35:15.832798+00:00,2026-08-29T05:35:26.246638+00:00,898,ja,34
1701,夏に海へ行く。,I go to the sea in summer.,2026-07-11T13:35:15.832798+00:00,2026-08-29T05:35:26.246638+00:00,842,ja,39
1702,医者に診てもらった。,I had the doctor examine me.,2026-07-11T13:35:15.832798+00:00,2026-08-29T05:35:26.246638+00:00,818,ja,79
1703,北へ向かう。,Head north.,2026-07-11T13:35:15.832798+00:00,2026-08-29T05:35:26.246638+00:00,923,ja,41
1704,食堂が混んでいる。,The cafeteria is crowded.,2026-07-11T13:35:15.832798+00:00,2026-08-29T05:35:26.246638+00:00,908,ja,71
1705,頭がいい人だ。,He is a smart person.,2026-07-11T13:35:15.832798+00:00,2026-08-29T05:35:26.246638+00:00,920,ja,57
1706,左側に座ってください。,Please sit on the left side.,2026-07-11T13:35:15.832798+00:00,2026-08-29T05:35:26.246638+00:00,1074,ja,41
1707,今夜は月がきれいだ。,The moon is beautiful tonight.,2026-07-11T13:35:15.832798+00:00,2026-08-29T05:35:26.246638+00:00,816,ja,34
1708,彼は学校で一番背が高い。,He is the tallest in school.,2026-07-11T13:35:15.832798+00:00,2026-08-29T05:35:26.246638+00:00,857,ja,63
1709,先生に質問した。,I asked the teacher a question.,2026-07-11T13:35:15.832798+00:00,2026-08-29T05:35:26.246638+00:00,878,ja,44
1710,外で遊ぶ。,Play outside.,2026-07-11T13:35:15.832798+00:00,2026-07-11T13:35:15.832798+00:00,862,ja,
1711,今夜、映画を見よう。,Let's watch a movie tonight.,2026-07-11T13:35:15.832798+00:00,2026-07-11T13:35:15.832798+00:00,816,ja,
1712,今日の宿題は作文だ。,Today's homework is a composition.,2026-07-11T13:35:15.832798+00:00,2026-08-29T05:35:26.246638+00:00,1021,ja,44
1713,顔を洗う。,Wash one's face.,2026-07-11T13:35:15.832798+00:00,2026-08-29T05:35:26.246638+00:00,895,ja,17
1714,右手に荷物を持っている。,I am holding luggage in my right hand.,2026-07-11T13:35:15.832798+00:00,2026-08-29T05:35:26.246638+00:00,844,ja,41
1715,お金が足りない。,I don't have enough money.,2026-07-11T13:35:15.832798+00:00,2026-08-29T05:35:26.246638+00:00,819,ja,50
1716,夜遅くまで仕事する。,Work until late at night.,2026-07-11T13:35:15.832798+00:00,2026-08-29T05:35:26.246638+00:00,866,ja,48
1717,南の方角に進む。,Head in the southern direction.,2026-07-11T13:35:15.832798+00:00,2026-08-29T05:35:26.246638+00:00,851,ja,41
1718,学生の頃は貧乏だった。,I was poor during my student days.,2026-07-11T13:35:15.832798+00:00,2026-08-29T05:35:26.246638+00:00,918,ja,50
1719,首をかしげる。,Tilt one's head.,2026-07-11T13:35:15.832798+00:00,2026-08-29T05:35:26.246638+00:00,913,ja,17
1720,子供たちが公園で遊んでいる。,Children are playing in the park.,2026-07-11T13:35:15.832798+00:00,2026-07-11T13:35:15.832798+00:00,843,ja,
1721,今月は出費が多かった。,I had a lot of expenses this month.,2026-07-11T13:35:15.832798+00:00,2026-08-29T05:35:26.246638+00:00,938,ja,50
1722,仕事が終わってから食事をした。,I had a meal after work.,2026-07-11T13:35:15.832798+00:00,2026-08-29T05:35:26.246638+00:00,887,ja,48
1723,右手でペンを持つ。,I hold a pen in my right hand.,2026-07-11T13:35:15.832798+00:00,2026-08-29T05:35:26.246638+00:00,844,ja,41
1724,先生が黒板に書いた。,The teacher wrote on the blackboard.,2026-07-11T13:35:15.832798+00:00,2026-08-29T05:35:26.246638+00:00,832,ja,44
1725,妹と一緒に遊ぶ。,Play together with my younger sister.,2026-07-11T13:35:15.832798+00:00,2026-08-29T05:35:26.246638+00:00,904,ja,28
1726,写真を撮りましょう。,Let's take a photo.,2026-07-11T13:35:15.832798+00:00,2026-07-11T13:35:15.832798+00:00,892,ja,
1727,駅の前で待つ。,Wait in front of the station.,2026-07-11T13:35:15.832798+00:00,2026-08-29T05:35:26.246638+00:00,941,ja,82
1728,友達と遊ぶ。,Play with friends.,2026-07-11T13:35:15.832798+00:00,2026-07-11T13:35:15.832798+00:00,897,ja,
1729,家族と食事する。,Dine with family.,2026-07-11T13:35:15.832798+00:00,2026-08-29T05:35:26.246638+00:00,890,ja,28
1730,風をひいた。,I caught a cold.,2026-07-11T13:35:15.832798+00:00,2026-08-29T05:35:26.246638+00:00,867,ja,17
1731,毎日仕事に行く。,I go to work every day.,2026-07-11T13:35:15.832798+00:00,2026-08-29T05:35:26.246638+00:00,887,ja,48
1732,三人家族です。,We are a family of three.,2026-07-11T13:35:15.832798+00:00,2026-08-29T05:35:26.246638+00:00,871,ja,28
1733,兄と一緒に遊ぶ。,Play with my older brother.,2026-07-11T13:35:15.832798+00:00,2026-08-29T05:35:26.246638+00:00,930,ja,28
1734,二人の意見は同じだ。,The two of them have the same opinion.,2026-07-11T13:35:15.832798+00:00,2026-08-29T05:35:26.246638+00:00,922,ja,65
1735,鶏肉を炒める。,Stir-fry chicken.,2026-07-11T13:35:15.832798+00:00,2026-08-29T05:35:26.246638+00:00,929,ja,28
1736,何が一番好きですか？,What do you like the most?,2026-07-11T13:35:15.832798+00:00,2026-08-29T05:35:26.246638+00:00,857,ja,65
1737,家族の写真を飾った。,I displayed a family photo.,2026-07-11T13:35:15.832798+00:00,2026-08-29T05:35:26.246638+00:00,892,ja,28
1738,三年前に日本に来た。,I came to Japan three years ago.,2026-07-11T13:35:15.832798+00:00,2026-08-29T05:35:26.246638+00:00,941,ja,6
1739,入口はどこですか？,Where is the entrance?,2026-07-11T13:35:15.832798+00:00,2026-08-29T05:35:26.246638+00:00,12,ja,41
1740,十月にハロウィンがある。,Halloween is in October.,2026-07-11T13:35:15.832798+00:00,2026-08-29T05:35:26.246638+00:00,830,ja,6
1741,出口はあちらです。,The exit is over there.,2026-07-11T13:35:15.832798+00:00,2026-08-29T05:35:26.246638+00:00,11,ja,41
1742,九月から新学期が始まる。,The new semester starts in September.,2026-07-11T13:35:15.832798+00:00,2026-08-29T05:35:26.246638+00:00,835,ja,44
1743,どんな動物が好きですか。,What kind of animals do you like?,2026-07-11T13:35:15.832798+00:00,2026-08-29T05:35:26.246638+00:00,949,ja,36
1744,五月の空は青くてきれいだ。,The May sky is blue and beautiful.,2026-07-11T13:35:15.832798+00:00,2026-08-29T05:35:26.246638+00:00,885,ja,34
1745,冬休みに家族で旅行する。,I travel with my family during winter vacation.,2026-07-11T13:35:15.832798+00:00,2026-08-29T05:35:26.246638+00:00,899,ja,39
1746,二月は一年で一番寒い月だ。,February is the coldest month of the year.,2026-07-11T13:35:15.832798+00:00,2026-08-29T05:35:26.246638+00:00,906,ja,34
1747,先週の月曜日に映画を見た。,I watched a movie last Monday.,2026-07-11T13:35:15.832798+00:00,2026-08-29T05:35:26.246638+00:00,758,ja,6
1748,駅員さんが切符を確認した。,The station worker checked the ticket.,2026-07-11T13:35:15.832798+00:00,2026-08-29T05:35:26.246638+00:00,945,ja,82
1749,高校に入学した。,I entered high school.,2026-07-11T13:35:15.832798+00:00,2026-08-29T05:35:26.246638+00:00,822,ja,44
1750,お茶を入れましょうか？,Shall I make some tea?,2026-07-11T13:35:15.832798+00:00,2026-08-29T05:35:26.246638+00:00,846,ja,28
1751,今日の天気はいいです。,Today's weather is fine.,2026-07-11T13:35:15.832798+00:00,2026-08-29T05:35:26.246638+00:00,896,ja,34
1752,家に帰る。,I go home.,2026-07-11T13:35:15.832798+00:00,2026-08-29T05:35:26.246638+00:00,809,ja,28
1753,夏休みに旅行する。,I travel during summer vacation.,2026-07-11T13:35:15.832798+00:00,2026-08-29T05:35:26.246638+00:00,946,ja,39
1754,非常出口を確認してください。,Please check the emergency exit.,2026-07-11T13:35:15.832798+00:00,2026-08-29T05:35:26.246638+00:00,11,ja,41
1755,鶏肉は豚肉より安い。,Chicken is cheaper than pork.,2026-07-11T13:35:15.832798+00:00,2026-08-29T05:35:26.246638+00:00,929,ja,65
1756,道の右側を歩く。,I walk on the right side of the road.,2026-07-11T13:35:15.832798+00:00,2026-08-29T05:35:26.246638+00:00,873,ja,41
1757,何が好きですか？,What do you like?,2026-07-11T13:35:15.832798+00:00,2026-07-11T13:35:15.832798+00:00,850,ja,
1758,冬休みは十二月から始まる。,Winter vacation starts in December.,2026-07-11T13:35:15.832798+00:00,2026-08-29T05:35:26.246638+00:00,899,ja,6
1759,私は学生です。,I am a student.,2026-07-11T13:35:15.832798+00:00,2026-08-29T05:35:26.246638+00:00,918,ja,44
1760,夕方の空がきれいだ。,The evening sky is beautiful.,2026-07-11T13:35:15.832798+00:00,2026-08-29T05:35:26.246638+00:00,808,ja,34
1761,十月は紅葉が美しい。,Autumn foliage is beautiful in October.,2026-07-11T13:35:15.832798+00:00,2026-08-29T05:35:26.246638+00:00,830,ja,34
1762,三月に桜が咲く。,Cherry blossoms bloom in March.,2026-07-11T13:35:15.832798+00:00,2026-08-29T05:35:26.246638+00:00,921,ja,34
1763,りんごを一つください。,Please give me one apple.,2026-07-11T13:35:15.832798+00:00,2026-08-29T05:35:26.246638+00:00,937,ja,72
1764,一緒に行きましょう。,Let's go together.,2026-07-11T13:35:15.832798+00:00,2026-07-11T13:35:15.832798+00:00,933,ja,
1765,冬は寒い。,Winter is cold.,2026-07-11T13:35:15.832798+00:00,2026-08-29T05:35:26.246638+00:00,927,ja,34
1766,午後三時に会議がある。,There is a meeting at 3 PM.,2026-07-11T13:35:15.832798+00:00,2026-08-29T05:35:26.246638+00:00,876,ja,48
1767,今日は晴れている。,Today is sunny.,2026-07-11T13:35:15.832798+00:00,2026-08-29T05:35:26.246638+00:00,919,ja,34
1768,お父さん、おかえり！,"Welcome home, dad!",2026-07-11T13:35:15.832798+00:00,2026-08-29T05:35:26.246638+00:00,882,ja,28
1769,一月は一年の最初の月だ。,January is the first month of the year.,2026-07-11T13:35:15.832798+00:00,2026-08-29T05:35:26.246638+00:00,853,ja,6
1770,十一月に文化祭がある。,There is a school festival in November.,2026-07-11T13:35:15.832798+00:00,2026-08-29T05:35:26.246638+00:00,902,ja,44
1771,来年大学に入学する。,I will enter university next year.,2026-07-11T13:35:15.832798+00:00,2026-08-29T05:35:26.246638+00:00,901,ja,44
1772,お母さん、ただいま！,"Mom, I'm home!",2026-07-11T13:35:15.832798+00:00,2026-08-29T05:35:26.246638+00:00,879,ja,28
1773,二月はバレンタインデーがある。,February has Valentine's Day.,2026-07-11T13:35:15.832798+00:00,2026-08-29T05:35:26.246638+00:00,906,ja,6
1774,強い風が吹いている。,A strong wind is blowing.,2026-07-11T13:35:15.832798+00:00,2026-08-29T05:35:26.246638+00:00,867,ja,34
1775,五月はゴールデンウィークがある。,May has Golden Week.,2026-07-11T13:35:15.832798+00:00,2026-08-29T05:35:26.246638+00:00,885,ja,6
1776,安全に気をつけてください。,Please be careful about safety.,2026-07-11T13:35:15.832798+00:00,2026-07-11T13:35:15.832798+00:00,893,ja,
1777,午後はゆっくり休む。,I rest in the afternoon.,2026-07-11T13:35:15.832798+00:00,2026-08-29T05:35:26.246638+00:00,876,ja,6
1778,ご飯を食べましょう。,Let's eat a meal.,2026-07-11T13:35:15.832798+00:00,2026-07-11T13:35:15.832798+00:00,909,ja,
1779,お酒が好きですか？,Do you like alcohol?,2026-07-11T13:35:15.832798+00:00,2026-07-11T13:35:15.832798+00:00,877,ja,
1780,冷たい麦茶が美味しい。,Cold barley tea is delicious.,2026-07-11T13:35:15.832798+00:00,2026-07-11T13:35:15.832798+00:00,837,ja,
1781,大人になったら医者になりたい。,I want to become a doctor when I grow up.,2026-07-11T13:35:15.832798+00:00,2026-07-11T13:35:15.832798+00:00,854,ja,
1782,朝ご飯を作った。,I made breakfast.,2026-07-11T13:35:15.832798+00:00,2026-08-29T05:35:26.246638+00:00,909,ja,28
1783,お茶を一杯飲む。,Drink a cup of tea.,2026-07-11T13:35:15.832798+00:00,2026-07-11T13:35:15.832798+00:00,846,ja,
1784,地図を見て道を確認する。,Check the route by looking at the map.,2026-07-11T13:35:15.832798+00:00,2026-08-29T05:35:26.246638+00:00,869,ja,39
1785,夏は暑い。,Summer is hot.,2026-07-11T13:35:15.832798+00:00,2026-08-29T05:35:26.246638+00:00,842,ja,34
1786,高校生のころが懐かしい。,I miss the days when I was a high school student.,2026-07-11T13:35:15.832798+00:00,2026-08-29T05:35:26.246638+00:00,822,ja,44
1787,去年より今年の方が忙しい。,This year is busier than last year.,2026-07-11T13:35:15.832798+00:00,2026-08-29T05:35:26.246638+00:00,928,ja,65
1788,先週から雨が続いている。,Rain has continued since last week.,2026-07-11T13:35:15.832798+00:00,2026-08-29T05:35:26.246638+00:00,758,ja,34
1789,右側の窓から見える。,It can be seen from the right-side window.,2026-07-11T13:35:15.832798+00:00,2026-08-29T05:35:26.246638+00:00,873,ja,41
1790,冬にスキーをする。,I ski in winter.,2026-07-11T13:35:15.832798+00:00,2026-08-29T05:35:26.246638+00:00,927,ja,69
1791,もう大人なのだから自分で決めなさい。,"You are already an adult, so make your own decisions.",2026-07-11T13:35:15.832798+00:00,2026-08-29T05:35:26.246638+00:00,854,ja,57
1792,夏に麦茶をよく飲む。,I often drink barley tea in summer.,2026-07-11T13:35:15.832798+00:00,2026-07-11T13:35:15.832798+00:00,837,ja,
1793,午前中に仕事を終える。,Finish work in the morning.,2026-07-11T13:35:15.832798+00:00,2026-08-29T05:35:26.246638+00:00,934,ja,48
1794,土曜日に買い物へ行く。,I go shopping on Saturday.,2026-07-11T13:35:15.832798+00:00,2026-08-29T05:35:26.246638+00:00,900,ja,50
1795,一日中家にいた。,I was at home all day long.,2026-07-11T13:35:15.832798+00:00,2026-08-29T05:35:26.246638+00:00,845,ja,28
1796,お酒を飲む。,Drink alcohol.,2026-07-11T13:35:15.832798+00:00,2026-07-11T13:35:15.832798+00:00,877,ja,
1797,子供たちが公園で遊んでいる。,The children are playing in the park.,2026-07-11T13:35:15.832798+00:00,2026-07-11T13:35:15.832798+00:00,836,ja,
1798,一月に初詣に行く。,I go to a New Year's shrine visit in January.,2026-07-11T13:35:15.832798+00:00,2026-08-29T05:35:26.246638+00:00,853,ja,6
1799,女の子が歌を歌っている。,A girl is singing a song.,2026-07-11T13:35:15.832798+00:00,2026-07-11T13:35:15.832798+00:00,868,ja,
1800,鼻が高い人だ。,A person with a high nose.,2026-07-11T13:35:15.832798+00:00,2026-08-29T05:35:26.246638+00:00,824,ja,17
1801,鳥が空を飛んでいる。,Birds are flying in the sky.,2026-07-11T13:35:15.832798+00:00,2026-08-29T05:35:26.246638+00:00,942,ja,36
1802,田中先生は数学を教えている。,Teacher Tanaka teaches math.,2026-07-11T13:35:15.832798+00:00,2026-08-29T05:35:26.246638+00:00,878,ja,44
1803,何か飲み物を持ってきてください。,Please bring something to drink.,2026-07-11T13:36:29.270935+00:00,2026-07-11T13:36:29.270935+00:00,9,ja,
1804,店に入る。,Enter a store.,2026-07-11T13:36:29.270935+00:00,2026-07-11T13:36:29.270935+00:00,997,ja,
1805,肉を焼く。,Grill meat.,2026-07-11T13:36:29.270935+00:00,2026-08-29T05:35:26.246638+00:00,43,ja,28
1806,夕食に魚を食べた。,I ate fish for dinner.,2026-07-11T13:36:29.270935+00:00,2026-08-29T05:35:26.246638+00:00,44,ja,28
1807,母からプレゼントをもらった。,I received a gift from my mother.,2026-07-11T13:36:29.270935+00:00,2026-08-29T05:35:26.246638+00:00,966,ja,28
1808,優れた技術を持つ。,To have superior skills.,2026-07-11T13:36:29.270935+00:00,2026-07-11T13:36:29.270935+00:00,1069,ja,
1809,気分が悪い。,I feel unwell.,2026-07-11T13:36:29.270935+00:00,2026-08-29T05:35:26.246638+00:00,984,ja,17
1810,大金を旅行に費やした。,I spent a lot of money on travel.,2026-07-11T13:36:29.270935+00:00,2026-08-29T05:35:26.246638+00:00,974,ja,39
1811,日本の食べ物が大好きです。,I love Japanese food.,2026-07-11T13:36:29.270935+00:00,2026-07-11T13:36:29.270935+00:00,1035,ja,
1812,彼の言葉を疑う。,To doubt his words.,2026-07-11T13:36:29.270935+00:00,2026-08-29T05:35:26.246638+00:00,1054,ja,57
1813,態度を改めてほしい。,I want you to correct your attitude.,2026-07-11T13:36:29.270935+00:00,2026-07-11T13:36:29.270935+00:00,1020,ja,
1814,赤ちゃんはよく泣く。,Babies cry a lot.,2026-07-11T13:36:29.270935+00:00,2026-08-29T05:35:26.246638+00:00,987,ja,28
1815,飲み物はジュースとお茶があります。,We have juice and tea as beverages.,2026-07-11T13:36:29.270935+00:00,2026-08-29T05:35:26.246638+00:00,9,ja,71
1816,この病院は評判がいい。,This hospital has a good reputation.,2026-07-11T13:36:29.270935+00:00,2026-08-29T05:35:26.246638+00:00,1029,ja,79
1817,空港まで車で送ってもらった。,I was driven to the airport by car.,2026-07-11T13:36:29.270935+00:00,2026-08-29T05:35:26.246638+00:00,1079,ja,39
1818,日本料理が好きです。,I like Japanese cuisine.,2026-07-11T13:36:29.270935+00:00,2026-07-11T13:36:29.270935+00:00,1044,ja,
1819,正月はお餅を食べる。,We eat mochi rice cakes during New Year.,2026-07-11T13:36:29.270935+00:00,2026-08-29T05:35:26.246638+00:00,1031,ja,6
1820,毎朝散歩するのが習慣です。,My habit is to take a walk every morning.,2026-07-11T13:36:29.270935+00:00,2026-08-29T05:35:26.246638+00:00,680,ja,59
1821,水曜日は授業が少ない。,Wednesday has fewer classes.,2026-07-11T13:36:29.270935+00:00,2026-08-29T05:35:26.246638+00:00,999,ja,44
1822,自分の目を疑った。,I doubted my own eyes.,2026-07-11T13:36:29.270935+00:00,2026-08-29T05:35:26.246638+00:00,1054,ja,57
1823,壁に時計がかかっている。,There is a clock on the wall.,2026-07-11T13:36:29.270935+00:00,2026-08-29T05:35:26.246638+00:00,1042,ja,28
1824,絵を描くのが好きだ。,I like drawing pictures.,2026-07-11T13:36:29.270935+00:00,2026-07-11T13:36:29.270935+00:00,1025,ja,
1825,川に沿って歩く。,To walk along the river.,2026-07-11T13:36:29.270935+00:00,2026-08-29T05:35:26.246638+00:00,1003,ja,34
1826,時間がない。,I don't have time.,2026-07-11T13:36:29.270935+00:00,2026-08-29T05:35:26.246638+00:00,1078,ja,6
1827,別れを告げた。,I said goodbye.,2026-07-11T13:36:29.270935+00:00,2026-08-29T05:35:26.246638+00:00,1062,ja,52
1828,明日は学校がある。,There is school tomorrow.,2026-07-11T13:36:29.270935+00:00,2026-08-29T05:35:26.246638+00:00,1036,ja,44
1829,野菜をたくさん食べる。,Eat a lot of vegetables.,2026-07-11T13:36:29.270935+00:00,2026-08-29T05:35:26.246638+00:00,41,ja,1
1830,音楽を聴くのが好きだ。,I like listening to music.,2026-07-11T13:36:29.270935+00:00,2026-07-11T13:36:29.270935+00:00,881,ja,
1831,彼は数学に優れている。,He excels in mathematics.,2026-07-11T13:36:29.270935+00:00,2026-08-29T05:35:26.246638+00:00,1069,ja,44
1832,薬局で買った。,I bought it at the pharmacy.,2026-07-11T13:36:29.270935+00:00,2026-08-29T05:35:26.246638+00:00,988,ja,78
1833,市場を拡大する。,To expand the market.,2026-07-11T13:36:29.270935+00:00,2026-08-29T05:35:26.246638+00:00,1058,ja,48
1834,間もなく電車が来る。,The train will arrive soon.,2026-07-11T13:36:29.270935+00:00,2026-08-29T05:35:26.246638+00:00,991,ja,82
1835,秩序が乱れた。,Order was disrupted.,2026-07-11T13:36:29.270935+00:00,2026-07-11T13:36:29.270935+00:00,1076,ja,
1836,左手で字を書く。,I write characters with my left hand.,2026-07-11T13:36:29.270935+00:00,2026-08-29T05:35:26.246638+00:00,1050,ja,41
1837,左手に本を持っている。,I am holding a book in my left hand.,2026-07-11T13:36:29.270935+00:00,2026-08-29T05:35:26.246638+00:00,1050,ja,41
1838,教室で授業を受ける。,Attend class in the classroom.,2026-07-11T13:36:29.270935+00:00,2026-08-29T05:35:26.246638+00:00,990,ja,44
1839,電車で会社に通う。,I commute to work by train.,2026-07-11T13:36:29.270935+00:00,2026-08-29T05:35:26.246638+00:00,1064,ja,48
1840,脱出を試みたが失敗した。,I attempted to escape but failed.,2026-07-11T13:36:29.270935+00:00,2026-07-11T13:36:29.270935+00:00,995,ja,
1841,本を千部刷った。,We printed 1000 copies of the book.,2026-07-11T13:36:29.270935+00:00,2026-08-29T05:35:26.246638+00:00,981,ja,1
1842,水曜日はサッカーの練習がある。,I have soccer practice on Wednesday.,2026-07-11T13:36:29.270935+00:00,2026-08-29T05:35:26.246638+00:00,999,ja,69
1843,もう一度説明してください。,Please explain once more.,2026-07-11T13:36:29.270935+00:00,2026-08-29T05:35:26.246638+00:00,1056,ja,52
1844,高校を卒業したら大学へ行く。,"After graduating high school, I will go to university.",2026-07-11T13:36:29.270935+00:00,2026-08-29T05:35:26.246638+00:00,822,ja,44
1845,木曜日は忙しい日だ。,Thursday is a busy day.,2026-07-11T13:36:29.270935+00:00,2026-08-29T05:35:26.246638+00:00,1086,ja,6
1846,公園は緑が多い。,The park has a lot of greenery.,2026-07-11T13:36:29.270935+00:00,2026-08-29T05:35:26.246638+00:00,1011,ja,34
1847,薬を飲んだ。,I took medicine.,2026-07-11T13:36:29.270935+00:00,2026-08-29T05:35:26.246638+00:00,988,ja,79
1848,英語で話してください。,Please speak in English.,2026-07-11T13:36:29.270935+00:00,2026-08-29T05:35:26.246638+00:00,1059,ja,52
1849,週末に映画を見た。,I watched a movie on the weekend.,2026-07-11T13:36:29.270935+00:00,2026-08-29T05:35:26.246638+00:00,1022,ja,6
1850,東京に引っ越した。,I moved to Tokyo.,2026-07-11T13:36:29.270935+00:00,2026-08-29T05:35:26.246638+00:00,1008,ja,84
1851,嵐が静まった。,The storm calmed down.,2026-07-11T13:36:29.270935+00:00,2026-08-29T05:35:26.246638+00:00,961,ja,34
1852,木曜日に友達と映画を見る。,I watch a movie with friends on Thursday.,2026-07-11T13:36:29.270935+00:00,2026-08-29T05:35:26.246638+00:00,1086,ja,6
1853,晴れの日に散歩した。,I took a walk on a sunny day.,2026-07-11T13:36:29.270935+00:00,2026-08-29T05:35:26.246638+00:00,977,ja,34
1854,本屋で新しい本を買った。,I bought a new book at the bookstore.,2026-07-11T13:36:29.270935+00:00,2026-07-11T13:36:29.270935+00:00,1053,ja,
1855,テーブルを人が囲んでいる。,People are surrounding the table.,2026-07-11T13:36:29.270935+00:00,2026-07-11T13:36:29.270935+00:00,1019,ja,
1856,飛行機で東京に行った。,I went to Tokyo by airplane.,2026-07-11T13:36:29.270935+00:00,2026-08-29T05:35:26.246638+00:00,1026,ja,39
1857,ライトが舞台を照らした。,The lights illuminated the stage.,2026-07-11T13:36:29.270935+00:00,2026-07-11T13:36:29.270935+00:00,960,ja,
1858,緑の木が好きだ。,I like green trees.,2026-07-11T13:36:29.270935+00:00,2026-08-29T05:35:26.246638+00:00,1011,ja,34
1859,毎日同じ時間に起きる。,I wake up at the same time every day.,2026-07-11T13:36:29.270935+00:00,2026-08-29T05:35:26.246638+00:00,965,ja,6
1860,電話をかける。,Make a phone call.,2026-07-11T13:36:29.270935+00:00,2026-08-29T05:35:26.246638+00:00,1004,ja,52
1861,買い物リストを作る。,Make a shopping list.,2026-07-11T13:36:29.270935+00:00,2026-08-29T05:35:26.246638+00:00,1066,ja,50
1862,参加者が優勝を競っている。,Participants are competing for the championship.,2026-07-11T13:36:29.270935+00:00,2026-08-29T05:35:26.246638+00:00,1034,ja,69
1863,信号が黄色になった。,The traffic light turned yellow.,2026-07-11T13:36:29.270935+00:00,2026-08-29T05:35:26.246638+00:00,1015,ja,12
1864,毎年花見に行く。,I go cherry blossom viewing every year.,2026-07-11T13:36:29.270935+00:00,2026-08-29T05:35:26.246638+00:00,790,ja,34
1865,時間を費やした。,I spent time on it.,2026-07-11T13:36:29.270935+00:00,2026-08-29T05:35:26.246638+00:00,974,ja,6
1866,結果を告げられた。,I was informed of the result.,2026-07-11T13:36:29.270935+00:00,2026-08-29T05:35:26.246638+00:00,1062,ja,52
1867,週末を除く毎日働く。,I work every day except weekends.,2026-07-11T13:36:29.270935+00:00,2026-08-29T05:35:26.246638+00:00,978,ja,48
1868,太陽が照っている。,The sun is shining.,2026-07-11T13:36:29.270935+00:00,2026-08-29T05:35:26.246638+00:00,1088,ja,34
1869,昨日何をしましたか？,What did you do yesterday?,2026-07-11T13:36:29.270935+00:00,2026-08-29T05:35:26.246638+00:00,972,ja,6
1870,駅前に大きな本屋がある。,There is a large bookstore in front of the station.,2026-07-11T13:36:29.270935+00:00,2026-08-29T05:35:26.246638+00:00,1053,ja,82
1871,海の水は塩辛い。,Seawater is salty.,2026-07-11T13:36:29.270935+00:00,2026-08-29T05:35:26.246638+00:00,985,ja,34
1872,金曜日の夜は楽しい。,Friday nights are fun.,2026-07-11T13:36:29.270935+00:00,2026-08-29T05:35:26.246638+00:00,963,ja,6
1873,日本語を勉強している。,I am studying Japanese.,2026-07-11T13:36:29.270935+00:00,2026-08-29T05:35:26.246638+00:00,1038,ja,44
1874,牛乳は体にいい。,Milk is good for the body.,2026-07-11T13:36:29.270935+00:00,2026-08-29T05:35:26.246638+00:00,747,ja,17
1875,この漢字の読み方がわからない。,I don't know how to read this kanji.,2026-07-11T13:36:29.270935+00:00,2026-08-29T05:35:26.246638+00:00,1001,ja,57
1876,時計を見て時間を確認する。,I check the time by looking at my watch.,2026-07-11T13:36:29.270935+00:00,2026-08-29T05:35:26.246638+00:00,1042,ja,6
1877,秋になると葉の色が変わる。,"In autumn, the color of leaves changes.",2026-07-11T13:36:29.270935+00:00,2026-08-29T05:35:26.246638+00:00,1071,ja,34
1878,後でまた話しましょう。,Let's talk again later.,2026-07-11T13:36:29.270935+00:00,2026-08-29T05:35:26.246638+00:00,1000,ja,52
1879,果物が好きです。,I like fruit.,2026-07-11T13:36:29.270935+00:00,2026-07-11T13:36:29.270935+00:00,42,ja,
1880,友達に手紙を書いた。,I wrote a letter to a friend.,2026-07-11T13:36:29.270935+00:00,2026-08-29T05:35:26.246638+00:00,1060,ja,52
1881,チラシを刷った。,I printed flyers.,2026-07-11T13:36:29.270935+00:00,2026-08-29T05:35:26.246638+00:00,981,ja,48
1882,手紙より電話の方が早い。,A phone call is faster than a letter.,2026-07-11T13:36:29.270935+00:00,2026-08-29T05:35:26.246638+00:00,1060,ja,65
1883,今日は晴れだ。,Today is sunny.,2026-07-11T13:36:29.270935+00:00,2026-08-29T05:35:26.246638+00:00,977,ja,34
1884,棚に本を並べた。,I arranged books on the shelf.,2026-07-11T13:36:29.270935+00:00,2026-07-11T13:36:29.270935+00:00,1075,ja,
1885,今日は何曜日ですか？,What day of the week is today?,2026-07-11T13:36:29.270935+00:00,2026-08-29T05:35:26.246638+00:00,952,ja,6
1886,新聞でニュースを知る。,Learn news from the newspaper.,2026-07-11T13:36:29.270935+00:00,2026-08-29T05:35:26.246638+00:00,1070,ja,52
1887,店は道の左側にある。,The shop is on the left side of the road.,2026-07-11T13:36:29.270935+00:00,2026-08-29T05:35:26.246638+00:00,1074,ja,41
1888,今日は火曜日です。,Today is Tuesday.,2026-07-11T13:36:29.270935+00:00,2026-08-29T05:35:26.246638+00:00,959,ja,6
1889,黄色い花が咲いている。,Yellow flowers are blooming.,2026-07-11T13:36:29.270935+00:00,2026-08-29T05:35:26.246638+00:00,1015,ja,34
1890,授業は一時間だ。,Class is one hour.,2026-07-11T13:36:29.270935+00:00,2026-08-29T05:35:26.246638+00:00,1078,ja,6
1891,江戸時代に商業が栄えた。,Commerce flourished in the Edo period.,2026-07-11T13:36:29.270935+00:00,2026-08-29T05:35:26.246638+00:00,1045,ja,48
1892,日本は東アジアにある島国だ。,Japan is an island nation in East Asia.,2026-07-11T13:36:29.270935+00:00,2026-07-11T13:36:29.270935+00:00,1035,ja,
1893,肉が好きです。,I like meat.,2026-07-11T13:36:29.270935+00:00,2026-07-11T13:36:29.270935+00:00,43,ja,
1894,電気代が高い。,The electricity bill is high.,2026-07-11T13:36:29.270935+00:00,2026-08-29T05:35:26.246638+00:00,1013,ja,84
1895,飛行機が空を飛んでいる。,An airplane is flying in the sky.,2026-07-11T13:36:29.270935+00:00,2026-08-29T05:35:26.246638+00:00,1026,ja,59
1896,母の料理はおいしい。,My mother's cooking is delicious.,2026-07-11T13:36:29.270935+00:00,2026-08-29T05:35:26.246638+00:00,1044,ja,28
1897,私の部屋は二階にある。,My room is on the second floor.,2026-07-11T13:36:29.270935+00:00,2026-08-29T05:35:26.246638+00:00,1037,ja,41
1898,毎日漢字を練習する。,I practice kanji every day.,2026-07-11T13:36:29.270935+00:00,2026-08-29T05:35:26.246638+00:00,1001,ja,44
1899,日曜日は家族と過ごす。,I spend Sundays with my family.,2026-07-11T13:36:29.270935+00:00,2026-08-29T05:35:26.246638+00:00,1055,ja,28
1900,毎年誕生日にケーキを食べる。,I eat cake on my birthday every year.,2026-07-11T13:36:29.270935+00:00,2026-08-29T05:35:26.246638+00:00,790,ja,28
1901,日曜日は学校がない。,There is no school on Sunday.,2026-07-11T13:36:29.270935+00:00,2026-08-29T05:35:26.246638+00:00,1055,ja,44
1902,風で髪が乱れた。,My hair was disheveled by the wind.,2026-07-11T13:36:29.270935+00:00,2026-08-29T05:35:26.246638+00:00,1076,ja,34
1903,悪い習慣を改めた。,I reformed my bad habit.,2026-07-11T13:36:29.270935+00:00,2026-07-11T13:36:29.270935+00:00,1020,ja,
1904,スローガンを唱えた。,I recited the slogan.,2026-07-11T13:36:29.270935+00:00,2026-08-29T05:35:26.246638+00:00,1043,ja,52
1905,昼ご飯は何を食べますか？,What do you eat for lunch?,2026-07-11T13:36:29.270935+00:00,2026-07-11T13:36:29.270935+00:00,1082,ja,
1906,電気をつける。,Turn on the light.,2026-07-11T13:36:29.270935+00:00,2026-08-29T05:35:26.246638+00:00,1013,ja,28
1907,父からもらったプレゼント。,A present I received from my father.,2026-07-11T13:36:29.270935+00:00,2026-08-29T05:35:26.246638+00:00,1083,ja,28
1908,番号を確認してください。,Please check the number.,2026-07-11T13:36:29.270935+00:00,2026-07-11T13:36:29.270935+00:00,771,ja,
1909,毎日日本語を勉強する。,I study Japanese every day.,2026-07-11T13:36:29.270935+00:00,2026-08-29T05:35:26.246638+00:00,965,ja,44
1910,来年の計画を立てた。,I made plans for next year.,2026-07-11T13:36:29.270935+00:00,2026-08-29T05:35:26.246638+00:00,986,ja,6
1911,嬉しい気持ちになった。,I felt happy.,2026-07-11T13:36:29.270935+00:00,2026-08-29T05:35:26.246638+00:00,969,ja,55
1912,二つの建物の間に公園がある。,There is a park between the two buildings.,2026-07-11T13:36:29.270935+00:00,2026-08-29T05:35:26.246638+00:00,991,ja,41
1913,皿を並べる。,To arrange the plates.,2026-07-11T13:36:29.270935+00:00,2026-08-29T05:35:26.246638+00:00,1075,ja,28
1914,父は会社員だ。,My father is a company employee.,2026-07-11T13:36:29.270935+00:00,2026-08-29T05:35:26.246638+00:00,1083,ja,48
1915,自転車で学校へ行く。,I go to school by bicycle.,2026-07-11T13:36:29.270935+00:00,2026-08-29T05:35:26.246638+00:00,858,ja,44
1916,男の子たちがサッカーをしている。,Boys are playing soccer.,2026-07-11T13:36:29.270935+00:00,2026-08-29T05:35:26.246638+00:00,1061,ja,69
1917,電車が遅れている。,The train is running late.,2026-07-11T13:36:29.270935+00:00,2026-08-29T05:35:26.246638+00:00,1064,ja,82
1918,好きな映画は何ですか？,What is your favorite movie?,2026-07-11T13:36:29.270935+00:00,2026-07-11T13:36:29.270935+00:00,1022,ja,
1919,食事の後に休む。,Rest after the meal.,2026-07-11T13:36:29.270935+00:00,2026-07-11T13:36:29.270935+00:00,1000,ja,
1920,晴れて日が照った。,It cleared up and the sun shone.,2026-07-11T13:36:29.270935+00:00,2026-08-29T05:35:26.246638+00:00,1088,ja,34
1921,朝の空気が気持ちいい。,The morning air feels good.,2026-07-11T13:36:29.270935+00:00,2026-08-29T05:35:26.246638+00:00,957,ja,34
1922,金曜日に仕事が終わる。,Work ends on Friday.,2026-07-11T13:36:29.270935+00:00,2026-08-29T05:35:26.246638+00:00,963,ja,48
1923,計画に沿って進める。,To proceed in line with the plan.,2026-07-11T13:36:29.270935+00:00,2026-07-11T13:36:29.270935+00:00,1003,ja,
1924,弟と一緒に遊ぶ。,Play together with my younger brother.,2026-07-11T13:36:29.270935+00:00,2026-08-29T05:35:26.246638+00:00,1072,ja,28
1925,月曜日は学校がある。,I have school on Monday.,2026-07-11T13:36:29.270935+00:00,2026-08-29T05:35:26.246638+00:00,994,ja,44
1926,毎朝六時に起きる。,I wake up at 6 every morning.,2026-07-11T13:36:29.270935+00:00,2026-07-11T13:36:29.270935+00:00,957,ja,
1927,今日は朝ご飯を食べなかった。,I didn't eat breakfast today.,2026-07-11T13:36:29.270935+00:00,2026-08-29T05:35:26.246638+00:00,1018,ja,28
1928,これに限った話ではない。,This is not limited to this case.,2026-07-11T13:36:29.270935+00:00,2026-07-11T13:36:29.270935+00:00,973,ja,
1929,自転車に乗るのが好きだ。,I like riding bicycles.,2026-07-11T13:36:29.270935+00:00,2026-08-29T05:35:26.246638+00:00,858,ja,59
1930,会議が一時間延びた。,The meeting was extended by one hour.,2026-07-11T13:36:29.270935+00:00,2026-08-29T05:35:26.246638+00:00,964,ja,48
1931,面白い話をしてください。,Please tell an interesting story.,2026-07-11T13:36:29.270935+00:00,2026-08-29T05:35:26.246638+00:00,975,ja,52
1932,首位を争っている。,They are competing for first place.,2026-07-11T13:36:29.270935+00:00,2026-08-29T05:35:26.246638+00:00,993,ja,69
1933,その話は知っている。,I know that story.,2026-07-11T13:36:29.270935+00:00,2026-07-11T13:36:29.270935+00:00,975,ja,
1934,電話番号を教えてください。,Please tell me your phone number.,2026-07-11T13:36:29.270935+00:00,2026-08-29T05:35:26.246638+00:00,1004,ja,52
1935,速さを競った。,We competed for speed.,2026-07-11T13:36:29.270935+00:00,2026-08-29T05:35:26.246638+00:00,1034,ja,69
1936,主役を演じる。,I play the lead role.,2026-07-11T13:36:29.270935+00:00,2026-07-11T13:36:29.270935+00:00,967,ja,
1937,赤ちゃんが生まれた。,A baby was born.,2026-07-11T13:36:29.270935+00:00,2026-08-29T05:35:26.246638+00:00,987,ja,28
1938,店の前に人が並んでいる。,People are lined up in front of the store.,2026-07-11T13:36:29.270935+00:00,2026-07-11T13:36:29.270935+00:00,970,ja,
1939,買い物に行く。,Go shopping.,2026-07-11T13:36:29.270935+00:00,2026-08-29T05:35:26.246638+00:00,1066,ja,50
1940,正月に実家へ帰った。,I went back to my parents' home for New Year.,2026-07-11T13:36:29.270935+00:00,2026-08-29T05:35:26.246638+00:00,1031,ja,28
1941,敵が城を囲んだ。,The enemy surrounded the castle.,2026-07-11T13:36:29.270935+00:00,2026-07-11T13:36:29.270935+00:00,1019,ja,
1942,英語を勉強している。,I am studying English.,2026-07-11T13:36:29.270935+00:00,2026-08-29T05:35:26.246638+00:00,1059,ja,44
1943,世界で並ぶ者がいない。,There is no one in the world equal to him.,2026-07-11T13:36:29.270935+00:00,2026-08-29T05:35:26.246638+00:00,970,ja,65
1944,病気が治った。,The illness was cured.,2026-07-11T13:36:29.270935+00:00,2026-08-29T05:35:26.246638+00:00,1023,ja,79
1945,音楽の授業でピアノを弾いた。,I played the piano in the music class.,2026-07-11T13:36:29.270935+00:00,2026-08-29T05:35:26.246638+00:00,881,ja,44
1946,朝ご飯を食べてから学校に行く。,I go to school after eating breakfast.,2026-07-11T13:36:29.270935+00:00,2026-08-29T05:35:26.246638+00:00,1018,ja,44
1947,次の駅で降りてください。,Please get off at the next station.,2026-07-11T13:36:29.270935+00:00,2026-08-29T05:35:26.246638+00:00,951,ja,82
1948,昼ご飯をコンビニで買った。,I bought lunch at a convenience store.,2026-07-11T13:36:29.270935+00:00,2026-08-29T05:35:26.246638+00:00,1082,ja,73
1949,日本語が話せますか？,Can you speak Japanese?,2026-07-11T13:36:29.270935+00:00,2026-08-29T05:35:26.246638+00:00,1038,ja,52
1950,先生が問題を説明する。,The teacher explains the problem.,2026-07-11T13:36:29.270935+00:00,2026-08-29T05:35:26.246638+00:00,1056,ja,44
1951,カレーに玉ねぎを入れた。,I put onion in the curry.,2026-07-11T13:36:29.270935+00:00,2026-08-29T05:35:26.246638+00:00,998,ja,28
1952,工事の期間が延びた。,The construction period was prolonged.,2026-07-11T13:36:29.270935+00:00,2026-08-29T05:35:26.246638+00:00,964,ja,6
1953,部屋を掃除した。,I cleaned my room.,2026-07-11T13:36:29.270935+00:00,2026-08-29T05:35:26.246638+00:00,1037,ja,28
1954,明日また会いましょう。,Let's meet again tomorrow.,2026-07-11T13:36:29.270935+00:00,2026-08-29T05:35:26.246638+00:00,1036,ja,52
1955,魚を日光で干す。,To dry fish in the sunlight.,2026-07-11T13:36:29.270935+00:00,2026-07-11T13:36:29.270935+00:00,1002,ja,
1956,太陽が大地を照らしている。,The sun is illuminating the earth.,2026-07-11T13:36:29.270935+00:00,2026-08-29T05:35:26.246638+00:00,960,ja,34
1957,夏に海へ行く。,I go to the sea in summer.,2026-07-11T13:36:29.270935+00:00,2026-08-29T05:35:26.246638+00:00,985,ja,39
1958,この店は安い。,This store is cheap.,2026-07-11T13:36:29.270935+00:00,2026-08-29T05:35:26.246638+00:00,997,ja,50
1959,昨日は雨が降った。,It rained yesterday.,2026-07-11T13:36:29.270935+00:00,2026-08-29T05:35:26.246638+00:00,972,ja,34
1960,昼に友達と食べた。,I ate with a friend at noon.,2026-07-11T13:36:29.270935+00:00,2026-07-11T13:36:29.270935+00:00,980,ja,
1961,問題が拡大した。,The problem expanded.,2026-07-11T13:36:29.270935+00:00,2026-07-11T13:36:29.270935+00:00,1058,ja,
1962,教室に戻る。,Go back to the classroom.,2026-07-11T13:36:29.270935+00:00,2026-08-29T05:35:26.246638+00:00,990,ja,44
1963,二つの意見が異なる。,The two opinions differ.,2026-07-11T13:36:29.270935+00:00,2026-08-29T05:35:26.246638+00:00,1073,ja,65
1964,熱があるので病院に行った。,I went to the hospital because I had a fever.,2026-07-11T13:36:29.270935+00:00,2026-08-29T05:35:26.246638+00:00,1029,ja,79
1965,例を挙げてください。,Please give an example.,2026-07-11T13:36:29.270935+00:00,2026-08-29T05:35:26.246638+00:00,1010,ja,52
1966,駅で友達と待ち合わせた。,I met my friend at the station.,2026-07-11T13:36:29.270935+00:00,2026-08-29T05:35:26.246638+00:00,951,ja,82
1967,電子辞書を使っている。,I use an electronic dictionary.,2026-07-11T13:36:29.270935+00:00,2026-08-29T05:35:26.246638+00:00,992,ja,44
1968,国が栄えることを願っている。,I hope the country will prosper.,2026-07-11T13:36:29.270935+00:00,2026-07-11T13:36:29.270935+00:00,1045,ja,
1969,火曜日に図書館へ行く。,I go to the library on Tuesday.,2026-07-11T13:36:29.270935+00:00,2026-07-11T13:36:29.270935+00:00,959,ja,
1970,昼は暖かいが夜は寒い。,Daytime is warm but nights are cold.,2026-07-11T13:36:29.270935+00:00,2026-08-29T05:35:26.246638+00:00,980,ja,34
1971,朝に牛乳を飲む。,I drink milk in the morning.,2026-07-11T13:36:29.270935+00:00,2026-08-29T05:35:26.246638+00:00,747,ja,28
1972,騒ぎが静まった。,The commotion quieted down.,2026-07-11T13:36:29.270935+00:00,2026-07-11T13:36:29.270935+00:00,961,ja,
1973,高校で友達がたくさんできた。,I made many friends in high school.,2026-07-11T13:36:29.270935+00:00,2026-08-29T05:35:26.246638+00:00,822,ja,44
1974,洗濯物を干す。,To hang up the laundry.,2026-07-11T13:36:29.270935+00:00,2026-08-29T05:35:26.246638+00:00,1002,ja,28
1975,東京は日本の首都だ。,Tokyo is the capital of Japan.,2026-07-11T13:36:29.270935+00:00,2026-07-11T13:36:29.270935+00:00,1008,ja,
1976,魚を釣る。,Catch fish.,2026-07-11T13:36:29.270935+00:00,2026-08-29T05:35:26.246638+00:00,44,ja,69
1977,文化によって習慣が異なる。,Customs differ depending on the culture.,2026-07-11T13:36:29.270935+00:00,2026-08-29T05:35:26.246638+00:00,1073,ja,65
1978,来年大学を卒業する。,I will graduate from university next year.,2026-07-11T13:36:29.270935+00:00,2026-08-29T05:35:26.246638+00:00,986,ja,44
1979,新しい方法を試みた。,I tried a new method.,2026-07-11T13:36:29.270935+00:00,2026-07-11T13:36:29.270935+00:00,995,ja,
1980,母は料理が上手だ。,My mother is good at cooking.,2026-07-11T13:36:29.270935+00:00,2026-08-29T05:35:26.246638+00:00,966,ja,28
1981,好きな色は青だ。,My favorite color is blue.,2026-07-11T13:36:29.270935+00:00,2026-08-29T05:35:26.246638+00:00,1071,ja,12
1982,問題を除くために対策を立てる。,To formulate measures to remove the problem.,2026-07-11T13:36:29.270935+00:00,2026-07-11T13:36:29.270935+00:00,978,ja,
1983,空港で友達を待った。,I waited for my friend at the airport.,2026-07-11T13:36:29.270935+00:00,2026-08-29T05:35:26.246638+00:00,1079,ja,39
1984,月曜日から金曜日まで働く。,I work from Monday to Friday.,2026-07-11T13:36:29.270935+00:00,2026-08-29T05:35:26.246638+00:00,952,ja,48
1985,玉ねぎを切ると目が痛い。,My eyes hurt when I cut onions.,2026-07-11T13:36:29.270935+00:00,2026-08-29T05:35:26.246638+00:00,998,ja,28
1986,月曜日の朝は眠い。,Monday mornings are sleepy.,2026-07-11T13:36:29.270935+00:00,2026-08-29T05:35:26.246638+00:00,994,ja,55
1987,参加者を限る。,I limit the participants.,2026-07-11T13:36:29.270935+00:00,2026-08-29T05:35:26.246638+00:00,973,ja,1
1988,野菜が体にいい。,Vegetables are good for your body.,2026-07-11T13:36:29.270935+00:00,2026-08-29T05:35:26.246638+00:00,41,ja,17
1989,朝に新聞を読む。,Read the newspaper in the morning.,2026-07-11T13:36:29.270935+00:00,2026-07-11T13:36:29.270935+00:00,1070,ja,
1990,あなたの気持ちがわかります。,I understand your feelings.,2026-07-11T13:36:29.270935+00:00,2026-08-29T05:35:26.246638+00:00,969,ja,55
1991,壁に絵を飾る。,Decorate the wall with a painting.,2026-07-11T13:36:29.270935+00:00,2026-08-29T05:35:26.246638+00:00,1025,ja,28
1992,お経を唱えた。,I chanted a sutra.,2026-07-11T13:36:29.270935+00:00,2026-07-11T13:36:29.270935+00:00,1043,ja,
1993,弟は中学生だ。,My younger brother is a junior high student.,2026-07-11T13:36:29.270935+00:00,2026-08-29T05:35:26.246638+00:00,1072,ja,44
1994,手を挙げた。,I raised my hand.,2026-07-11T13:36:29.270935+00:00,2026-07-11T13:36:29.270935+00:00,1010,ja,
1995,気分転換に散歩した。,I went for a walk to change my mood.,2026-07-11T13:36:29.270935+00:00,2026-08-29T05:35:26.246638+00:00,984,ja,55
1996,病気になった。,I got sick.,2026-07-11T13:36:29.270935+00:00,2026-07-11T13:36:29.270935+00:00,1023,ja,
1997,彼は悪役を演じた。,He played the villain.,2026-07-11T13:36:29.270935+00:00,2026-07-11T13:36:29.270935+00:00,967,ja,
1998,その男の子は背が高い。,That boy is tall.,2026-07-11T13:36:29.270935+00:00,2026-08-29T05:35:26.246638+00:00,1061,ja,63
1999,毎朝果物を食べる。,I eat fruit every morning.,2026-07-11T13:36:29.270935+00:00,2026-07-11T13:36:29.270935+00:00,42,ja,
2000,辞書で言葉を調べた。,I looked up a word in the dictionary.,2026-07-11T13:36:29.270935+00:00,2026-08-29T05:35:26.246638+00:00,992,ja,44
2001,公園で散歩した。,I took a walk in the park.,2026-07-11T13:36:29.270935+00:00,2026-07-11T13:36:29.270935+00:00,680,ja,
2002,車を止めてください。,Please stop the car.,2026-07-11T13:37:41.16734+00:00,2026-08-29T05:35:26.246638+00:00,1199,ja,59
2003,傷が治るまで安静にしてください。,Please rest until your wound heals.,2026-07-11T13:37:41.16734+00:00,2026-08-29T05:35:26.246638+00:00,968,ja,79
2004,石を川に投げた。,I threw a stone into the river.,2026-07-11T13:37:41.16734+00:00,2026-08-29T05:35:26.246638+00:00,1024,ja,34
2005,雨が一週間続いた。,The rain continued for a week.,2026-07-11T13:37:41.16734+00:00,2026-08-29T05:35:26.246638+00:00,1096,ja,34
2006,彼女はテレビに映った。,She appeared on TV.,2026-07-11T13:37:41.16734+00:00,2026-07-11T13:37:41.16734+00:00,982,ja,
2007,この件に関して、意見はありますか？,"Regarding this matter, do you have an opinion?",2026-07-11T13:37:41.16734+00:00,2026-08-29T05:35:26.246638+00:00,1103,ja,52
2008,自信を失わないでください。,Please don't lose confidence.,2026-07-11T13:37:41.16734+00:00,2026-08-29T05:35:26.246638+00:00,1017,ja,55
2009,彼の言葉を信じた。,I believed his words.,2026-07-11T13:37:41.16734+00:00,2026-08-29T05:35:26.246638+00:00,1007,ja,57
2010,電気を付けてください。,Please turn on the light.,2026-07-11T13:37:41.16734+00:00,2026-08-29T05:35:26.246638+00:00,1222,ja,28
2011,大会に申し込む期間は今週だ。,The period to apply for the tournament is this week.,2026-07-11T13:37:41.16734+00:00,2026-08-29T05:35:26.246638+00:00,1039,ja,69
2012,百歳まで生きたい。,I want to live to be 100 years old.,2026-07-11T13:37:41.16734+00:00,2026-07-11T13:37:41.16734+00:00,1084,ja,
2013,環境問題に関する本を読んだ。,I read a book about environmental issues.,2026-07-11T13:37:41.16734+00:00,2026-07-11T13:37:41.16734+00:00,1103,ja,
2014,紙を半分に折った。,I folded the paper in half.,2026-07-11T13:37:41.16734+00:00,2026-08-29T05:35:26.246638+00:00,979,ja,63
2015,数を二で割る。,To divide a number by two.,2026-07-11T13:37:41.16734+00:00,2026-08-29T05:35:26.246638+00:00,983,ja,1
2016,彼女と別れた。,I broke up with my girlfriend.,2026-07-11T13:37:41.16734+00:00,2026-08-29T05:35:26.246638+00:00,1173,ja,55
2017,バスが止まった。,The bus stopped.,2026-07-11T13:37:41.16734+00:00,2026-08-29T05:35:26.246638+00:00,1089,ja,59
2018,音楽を止める。,Stop the music.,2026-07-11T13:37:41.16734+00:00,2026-07-11T13:37:41.16734+00:00,1199,ja,
2019,材料を正確に量る。,Measure the ingredients accurately.,2026-07-11T13:37:41.16734+00:00,2026-08-29T05:35:26.246638+00:00,1178,ja,63
2020,桜の花びらが散った。,The cherry blossom petals fell.,2026-07-11T13:37:41.16734+00:00,2026-08-29T05:35:26.246638+00:00,1033,ja,34
2021,新しい仕事を始めた。,I started a new job.,2026-07-11T13:37:41.16734+00:00,2026-08-29T05:35:26.246638+00:00,1147,ja,48
2022,自分の力を信じてください。,Please believe in your own strength.,2026-07-11T13:37:41.16734+00:00,2026-08-29T05:35:26.246638+00:00,1007,ja,55
2023,問題に正面から向かう。,I confront the problem head-on.,2026-07-11T13:37:41.16734+00:00,2026-08-29T05:35:26.246638+00:00,1091,ja,41
2024,祖父が昨年死んだ。,My grandfather died last year.,2026-07-11T13:37:41.16734+00:00,2026-08-29T05:35:26.246638+00:00,1129,ja,28
2025,ボールを打つ。,I hit the ball.,2026-07-11T13:37:41.16734+00:00,2026-08-29T05:35:26.246638+00:00,954,ja,69
2026,子供たちが喜んでいる。,The children are happy.,2026-07-11T13:37:41.16734+00:00,2026-08-29T05:35:26.246638+00:00,955,ja,55
2027,品質向上に努めた。,I endeavored to improve quality.,2026-07-11T13:37:41.16734+00:00,2026-08-29T05:35:26.246638+00:00,1077,ja,48
2028,駅まで急いだ。,I hurried to the station.,2026-07-11T13:37:41.16734+00:00,2026-08-29T05:35:26.246638+00:00,1131,ja,82
2029,荷物を受け取った。,I received the package.,2026-07-11T13:37:41.16734+00:00,2026-08-29T05:35:26.246638+00:00,1006,ja,85
2030,伝統が子孫に伝わった。,The tradition was passed down to descendants.,2026-07-11T13:37:41.16734+00:00,2026-07-11T13:37:41.16734+00:00,1041,ja,
2031,無駄な手順を省いた。,I omitted unnecessary steps.,2026-07-11T13:37:41.16734+00:00,2026-07-11T13:37:41.16734+00:00,1125,ja,
2032,疲れを感じた。,I felt tired.,2026-07-11T13:37:41.16734+00:00,2026-08-29T05:35:26.246638+00:00,1156,ja,55
2033,包帯を足に巻く。,To wrap a bandage around one's foot.,2026-07-11T13:37:41.16734+00:00,2026-08-29T05:35:26.246638+00:00,1065,ja,79
2034,店の周りを回った。,I went around the store.,2026-07-11T13:37:41.16734+00:00,2026-07-11T13:37:41.16734+00:00,1189,ja,
2035,会場は熱気に満ちていた。,The venue was filled with excitement.,2026-07-11T13:37:41.16734+00:00,2026-08-29T05:35:26.246638+00:00,956,ja,55
2036,荷物を部屋まで運んでください。,Please carry the luggage to the room.,2026-07-11T13:37:41.16734+00:00,2026-07-11T13:37:41.16734+00:00,1185,ja,
2037,合格を願った。,I prayed for passing.,2026-07-11T13:37:41.16734+00:00,2026-08-29T05:35:26.246638+00:00,1215,ja,44
2038,田中と申します。,My name is Tanaka. (lit. I humbly say my name is Tanaka),2026-07-11T13:37:41.16734+00:00,2026-08-29T05:35:26.246638+00:00,1114,ja,52
2039,友人が病気で亡くなった。,My friend passed away from illness.,2026-07-11T13:37:41.16734+00:00,2026-07-11T13:37:41.16734+00:00,1048,ja,
2040,愛を花に例えた詩を読んだ。,I read a poem that likened love to flowers.,2026-07-11T13:37:41.16734+00:00,2026-07-11T13:37:41.16734+00:00,1085,ja,
2041,困難と戦った。,I fought against difficulties.,2026-07-11T13:37:41.16734+00:00,2026-07-11T13:37:41.16734+00:00,1030,ja,
2042,遺産をめぐって争った。,They fought over an inheritance.,2026-07-11T13:37:41.16734+00:00,2026-08-29T05:35:26.246638+00:00,993,ja,28
2043,塩を少し加えた。,I added a little salt.,2026-07-11T13:37:41.16734+00:00,2026-08-29T05:35:26.246638+00:00,1052,ja,28
2044,卵を割る。,To crack an egg.,2026-07-11T13:37:41.16734+00:00,2026-08-29T05:35:26.246638+00:00,983,ja,28
2045,毎月お金を貯めている。,I save money every month.,2026-07-11T13:37:41.16734+00:00,2026-08-29T05:35:26.246638+00:00,1177,ja,80
2046,風景を写真に写した。,I photographed the scenery.,2026-07-11T13:37:41.16734+00:00,2026-07-11T13:37:41.16734+00:00,1174,ja,
2047,自分らしく生きることが大切だ。,It is important to live true to oneself.,2026-07-11T13:37:41.16734+00:00,2026-07-11T13:37:41.16734+00:00,1084,ja,
2048,目標に達した。,I reached my goal.,2026-07-11T13:37:41.16734+00:00,2026-07-11T13:37:41.16734+00:00,1200,ja,
2049,プレゼントをもらって喜んだ。,I was delighted to receive a gift.,2026-07-11T13:37:41.16734+00:00,2026-08-29T05:35:26.246638+00:00,955,ja,55
2050,電気が付いている。,The light is on.,2026-07-11T13:37:41.16734+00:00,2026-08-29T05:35:26.246638+00:00,1119,ja,28
2051,命を救った。,I saved a life.,2026-07-11T13:37:41.16734+00:00,2026-08-29T05:35:26.246638+00:00,996,ja,79
2052,キーボードで文字を打つ。,I type characters on the keyboard.,2026-07-11T13:37:41.16734+00:00,2026-08-29T05:35:26.246638+00:00,954,ja,48
2053,メンバーを加えてください。,Please add a member.,2026-07-11T13:37:41.16734+00:00,2026-08-29T05:35:26.246638+00:00,1052,ja,48
2054,ラベルを箱に付けた。,I attached a label to the box.,2026-07-11T13:37:41.16734+00:00,2026-08-29T05:35:26.246638+00:00,1222,ja,85
2055,彼は危険から私を救ってくれた。,He rescued me from danger.,2026-07-11T13:37:41.16734+00:00,2026-07-11T13:37:41.16734+00:00,996,ja,
2056,彼は動かずに立っていた。,He stood without moving.,2026-07-11T13:37:41.16734+00:00,2026-08-29T05:35:26.246638+00:00,1210,ja,59
2057,コンサートが三時に始まる。,The concert starts at three o'clock.,2026-07-11T13:37:41.16734+00:00,2026-08-29T05:35:26.246638+00:00,1182,ja,6
2058,体重を量った。,I measured my weight.,2026-07-11T13:37:41.16734+00:00,2026-08-29T05:35:26.246638+00:00,1178,ja,63
2059,先生が外出を許した。,The teacher allowed us to go out.,2026-07-11T13:37:41.16734+00:00,2026-08-29T05:35:26.246638+00:00,1179,ja,44
2060,ノートに板書を写す。,I copy the blackboard writing into my notebook.,2026-07-11T13:37:41.16734+00:00,2026-08-29T05:35:26.246638+00:00,1174,ja,44
2061,財布を忘れたことに気付いた。,I realized I had forgotten my wallet.,2026-07-11T13:37:41.16734+00:00,2026-08-29T05:35:26.246638+00:00,1014,ja,57
2062,魚を焼いた。,I grilled fish.,2026-07-11T13:37:41.16734+00:00,2026-08-29T05:35:26.246638+00:00,1009,ja,28
2063,困難に勝つことができた。,I was able to overcome the difficulty.,2026-07-11T13:37:41.16734+00:00,2026-07-11T13:37:41.16734+00:00,1197,ja,
2064,危ないところで助かった。,I was saved from a dangerous situation.,2026-07-11T13:37:41.16734+00:00,2026-07-11T13:37:41.16734+00:00,1132,ja,
2065,毎日改善に努めている。,I strive to improve every day.,2026-07-11T13:37:41.16734+00:00,2026-08-29T05:35:26.246638+00:00,1077,ja,48
2066,物価が下がると嬉しい。,I'm happy when prices go down.,2026-07-11T13:37:41.16734+00:00,2026-08-29T05:35:26.246638+00:00,1108,ja,50
2067,お金が少し残っている。,A little money remains.,2026-07-11T13:37:41.16734+00:00,2026-08-29T05:35:26.246638+00:00,1223,ja,50
2068,授業が始まった。,The class started.,2026-07-11T13:37:41.16734+00:00,2026-08-29T05:35:26.246638+00:00,1182,ja,44
2069,新鮮な空気を吸う。,To breathe in fresh air.,2026-07-11T13:37:41.16734+00:00,2026-08-29T05:35:26.246638+00:00,1028,ja,34
2070,諦めずに続けてください。,Please keep going without giving up.,2026-07-11T13:37:41.16734+00:00,2026-07-11T13:37:41.16734+00:00,1122,ja,
2071,休日を楽しんでいる。,I am enjoying my day off.,2026-07-11T13:37:41.16734+00:00,2026-08-29T05:35:26.246638+00:00,1092,ja,55
2072,冬が去り、春が来た。,Winter left and spring came.,2026-07-11T13:37:41.16734+00:00,2026-08-29T05:35:26.246638+00:00,1087,ja,34
2073,クラスに教科書を配る。,I hand out textbooks to the class.,2026-07-11T13:37:41.16734+00:00,2026-08-29T05:35:26.246638+00:00,1157,ja,44
2074,財布を拾った。,I picked up a wallet.,2026-07-11T13:37:41.16734+00:00,2026-07-11T13:37:41.16734+00:00,1104,ja,
2075,彼女は医者になることを望んでいた。,She hoped to become a doctor.,2026-07-11T13:37:41.16734+00:00,2026-07-11T13:37:41.16734+00:00,1005,ja,
2076,急いでください。,Please hurry.,2026-07-11T13:37:41.16734+00:00,2026-08-29T05:35:26.246638+00:00,1131,ja,59
2077,先生に申した。,I said to the teacher (humbly).,2026-07-11T13:37:41.16734+00:00,2026-08-29T05:35:26.246638+00:00,1114,ja,44
2078,ルールを守る。,I obey the rules.,2026-07-11T13:37:41.16734+00:00,2026-07-11T13:37:41.16734+00:00,1106,ja,
2079,来月、東京に引っ越す。,I'm moving to Tokyo next month.,2026-07-11T13:37:41.16734+00:00,2026-08-29T05:35:26.246638+00:00,1068,ja,84
2080,事故で足を傷つけた。,I injured my leg in an accident.,2026-07-11T13:37:41.16734+00:00,2026-08-29T05:35:26.246638+00:00,1080,ja,79
2081,機械が動く。,The machine is running.,2026-07-11T13:37:41.16734+00:00,2026-08-29T05:35:26.246638+00:00,1210,ja,59
2082,人生を旅に例えた。,I compared life to a journey.,2026-07-11T13:37:41.16734+00:00,2026-07-11T13:37:41.16734+00:00,1085,ja,
2083,糸をボビンに巻く。,To wind thread onto a bobbin.,2026-07-11T13:37:41.16734+00:00,2026-07-11T13:37:41.16734+00:00,1065,ja,
2084,仕事を残して帰った。,I went home leaving work undone.,2026-07-11T13:37:41.16734+00:00,2026-08-29T05:35:26.246638+00:00,962,ja,48
2085,天気が急に変わった。,The weather changed suddenly.,2026-07-11T13:37:41.16734+00:00,2026-08-29T05:35:26.246638+00:00,1135,ja,34
2086,気温が30度に達した。,The temperature reached 30 degrees.,2026-07-11T13:37:41.16734+00:00,2026-08-29T05:35:26.246638+00:00,1200,ja,34
2087,チームが決勝で戦った。,The team fought in the finals.,2026-07-11T13:37:41.16734+00:00,2026-08-29T05:35:26.246638+00:00,1030,ja,69
2088,腕を折ってしまった。,I broke my arm.,2026-07-11T13:37:41.16734+00:00,2026-08-29T05:35:26.246638+00:00,979,ja,79
2089,落とし物を拾って届けた。,I picked up a lost item and turned it in.,2026-07-11T13:37:41.16734+00:00,2026-08-29T05:35:26.246638+00:00,1104,ja,81
2090,新しいアパートに引っ越した。,I moved to a new apartment.,2026-07-11T13:37:41.16734+00:00,2026-08-29T05:35:26.246638+00:00,1068,ja,84
2091,時間を省くためにタクシーを使った。,I used a taxi to save time.,2026-07-11T13:37:41.16734+00:00,2026-08-29T05:35:26.246638+00:00,1125,ja,39
2092,寒さを感じる。,I feel the cold.,2026-07-11T13:37:41.16734+00:00,2026-08-29T05:35:26.246638+00:00,1156,ja,34
2093,駅に向かった。,I headed toward the station.,2026-07-11T13:37:41.16734+00:00,2026-08-29T05:35:26.246638+00:00,1091,ja,82
2094,日本語を学んでいる。,I am learning Japanese.,2026-07-11T13:37:41.16734+00:00,2026-08-29T05:35:26.246638+00:00,1102,ja,44
2095,パンがよく焼けた。,The bread baked well.,2026-07-11T13:37:41.16734+00:00,2026-08-29T05:35:26.246638+00:00,1067,ja,28
2096,困っている人を助ける。,I help people in need.,2026-07-11T13:37:41.16734+00:00,2026-07-11T13:37:41.16734+00:00,1093,ja,
2097,ボールが壁に当たる。,The ball hits the wall.,2026-07-11T13:37:41.16734+00:00,2026-08-29T05:35:26.246638+00:00,1046,ja,69
2098,歴史から学ぶことは多い。,There is much to learn from history.,2026-07-11T13:37:41.16734+00:00,2026-07-11T13:37:41.16734+00:00,1102,ja,
2099,犬が鳴いている。,The dog is barking.,2026-07-11T13:37:41.16734+00:00,2026-08-29T05:35:26.246638+00:00,1186,ja,36
2100,南を向いて立つ。,I stand facing south.,2026-07-11T13:37:41.16734+00:00,2026-08-29T05:35:26.246638+00:00,1116,ja,41
2101,この町に五年間住んだ。,I lived in this town for five years.,2026-07-11T13:37:41.16734+00:00,2026-08-29T05:35:26.246638+00:00,1169,ja,84
2102,ボールを投げる。,I throw the ball.,2026-07-11T13:37:41.16734+00:00,2026-08-29T05:35:26.246638+00:00,1024,ja,69
2103,チラシを配った。,I distributed flyers.,2026-07-11T13:37:41.16734+00:00,2026-08-29T05:35:26.246638+00:00,1157,ja,48
2104,寒さに慣れるまで時間がかかる。,It takes time to get used to the cold.,2026-07-11T13:37:41.16734+00:00,2026-08-29T05:35:26.246638+00:00,1051,ja,34
2105,環境を整えた。,I arranged the environment.,2026-07-11T13:37:41.16734+00:00,2026-07-11T13:37:41.16734+00:00,1047,ja,
2106,彼が来たことに気付かなかった。,I didn't notice that he had come.,2026-07-11T13:37:41.16734+00:00,2026-08-29T05:35:26.246638+00:00,1014,ja,57
2107,プレゼントを紙で包んだ。,I wrapped the present in paper.,2026-07-11T13:37:41.16734+00:00,2026-07-11T13:37:41.16734+00:00,953,ja,
2108,鳥が鳴く。,Birds chirp.,2026-07-11T13:37:41.16734+00:00,2026-08-29T05:35:26.246638+00:00,1186,ja,36
2109,助けを求めた。,I sought help.,2026-07-11T13:37:41.16734+00:00,2026-07-11T13:37:41.16734+00:00,1016,ja,
2110,意見が合わない。,Our opinions don't match.,2026-07-11T13:37:41.16734+00:00,2026-08-29T05:35:26.246638+00:00,1163,ja,65
2111,スクリーンに映像を映す。,To project an image onto a screen.,2026-07-11T13:37:41.16734+00:00,2026-07-11T13:37:41.16734+00:00,958,ja,
2112,海が水で満ちている。,The sea is full of water.,2026-07-11T13:37:41.16734+00:00,2026-07-11T13:37:41.16734+00:00,956,ja,
2113,意見を寄せてください。,Please send in your opinions.,2026-07-11T13:37:41.16734+00:00,2026-08-29T05:35:26.246638+00:00,989,ja,52
2114,勉強を始める時間だ。,It's time to start studying.,2026-07-11T13:37:41.16734+00:00,2026-08-29T05:35:26.246638+00:00,1147,ja,44
2115,この服は私に合う。,This clothes suit me.,2026-07-11T13:37:41.16734+00:00,2026-08-29T05:35:26.246638+00:00,1163,ja,74
2116,注意を引く。,To attract attention.,2026-07-11T13:37:41.16734+00:00,2026-07-11T13:37:41.16734+00:00,1152,ja,
2117,椅子を机に寄せる。,I bring the chair close to the desk.,2026-07-11T13:37:41.16734+00:00,2026-08-29T05:35:26.246638+00:00,989,ja,41
2118,古い木が死んだ。,The old tree died.,2026-07-11T13:37:41.16734+00:00,2026-08-29T05:35:26.246638+00:00,1129,ja,34
2119,医者が病気を治した。,The doctor cured the illness.,2026-07-11T13:37:41.16734+00:00,2026-08-29T05:35:26.246638+00:00,1049,ja,79
2120,彼にメッセージを伝えてください。,Please tell him the message.,2026-07-11T13:37:41.16734+00:00,2026-08-29T05:35:26.246638+00:00,976,ja,52
2121,富士山に登山した。,I climbed Mt. Fuji.,2026-07-11T13:37:41.16734+00:00,2026-08-29T05:35:26.246638+00:00,1149,ja,39
2122,人が散っていった。,People dispersed.,2026-07-11T13:37:41.16734+00:00,2026-07-11T13:37:41.16734+00:00,1033,ja,
2123,友達の成功を祝いたい。,I want to congratulate my friend's success.,2026-07-11T13:37:41.16734+00:00,2026-08-29T05:35:26.246638+00:00,1145,ja,55
2124,手伝ってくれて助かった。,Your help was a great relief.,2026-07-11T13:37:41.16734+00:00,2026-08-29T05:35:26.246638+00:00,1132,ja,55
2125,風邪が治った。,My cold got better.,2026-07-11T13:37:41.16734+00:00,2026-08-29T05:35:26.246638+00:00,968,ja,79
2126,溺れている子どもを助けた。,I rescued a drowning child.,2026-07-11T13:37:41.16734+00:00,2026-07-11T13:37:41.16734+00:00,1093,ja,
2127,彼は黙って去った。,He left without a word.,2026-07-11T13:37:41.16734+00:00,2026-07-11T13:37:41.16734+00:00,1087,ja,
2128,友達の家に寄る。,I drop by a friend's house.,2026-07-11T13:37:41.16734+00:00,2026-08-29T05:35:26.246638+00:00,1012,ja,28
2129,メモを取る。,I take notes.,2026-07-11T13:37:41.16734+00:00,2026-07-11T13:37:41.16734+00:00,1155,ja,
2130,木を植えることにした。,I decided to plant a tree.,2026-07-11T13:37:41.16734+00:00,2026-07-11T13:37:41.16734+00:00,1090,ja,
2131,川が流れている。,The river is flowing.,2026-07-11T13:37:41.16734+00:00,2026-08-29T05:35:26.246638+00:00,971,ja,34
2132,手術を受けた。,I underwent surgery.,2026-07-11T13:37:41.16734+00:00,2026-08-29T05:35:26.246638+00:00,1134,ja,79
2133,友達を許した。,I forgave my friend.,2026-07-11T13:37:41.16734+00:00,2026-08-29T05:35:26.246638+00:00,1179,ja,55
2134,新しい学校が建てられた。,A new school was built.,2026-07-11T13:37:41.16734+00:00,2026-08-29T05:35:26.246638+00:00,1184,ja,44
2135,霧が山を包んでいる。,Fog envelops the mountain.,2026-07-11T13:37:41.16734+00:00,2026-08-29T05:35:26.246638+00:00,953,ja,34
2136,宝くじが当たった。,I won the lottery.,2026-07-11T13:37:41.16734+00:00,2026-08-29T05:35:26.246638+00:00,1046,ja,50
2137,家を建てる計画がある。,I have a plan to build a house.,2026-07-11T13:37:41.16734+00:00,2026-08-29T05:35:26.246638+00:00,1184,ja,84
2138,試合で敗れた。,We were defeated in the match.,2026-07-11T13:37:41.16734+00:00,2026-08-29T05:35:26.246638+00:00,1081,ja,69
2139,家族を養うために働く。,I work to support my family.,2026-07-11T13:37:41.16734+00:00,2026-08-29T05:35:26.246638+00:00,1224,ja,48
2140,新しい仕事に慣れた。,I got used to the new job.,2026-07-11T13:37:41.16734+00:00,2026-08-29T05:35:26.246638+00:00,1051,ja,48
2141,犯人を追った。,I chased the criminal.,2026-07-11T13:37:41.16734+00:00,2026-08-29T05:35:26.246638+00:00,1133,ja,81
2142,人の心を傷つける言葉を言わない。,Don't say words that hurt people's feelings.,2026-07-11T13:37:41.16734+00:00,2026-08-29T05:35:26.246638+00:00,1080,ja,52
2143,時間が流れた。,Time passed.,2026-07-11T13:37:41.16734+00:00,2026-08-29T05:35:26.246638+00:00,971,ja,6
2144,授業に申し込んだ。,I applied for the class.,2026-07-11T13:37:41.16734+00:00,2026-08-29T05:35:26.246638+00:00,1039,ja,44
2145,熱意が伝わった。,The enthusiasm was conveyed.,2026-07-11T13:37:41.16734+00:00,2026-08-29T05:35:26.246638+00:00,1041,ja,52
2146,帰り道にコンビニに寄った。,I stopped by a convenience store on the way home.,2026-07-11T13:37:41.16734+00:00,2026-08-29T05:35:26.246638+00:00,1012,ja,73
2147,平和を望む。,I wish for peace.,2026-07-11T13:37:41.16734+00:00,2026-07-11T13:37:41.16734+00:00,1005,ja,
2148,給料を受け取る日だ。,It's the day to receive my salary.,2026-07-11T13:37:41.16734+00:00,2026-08-29T05:35:26.246638+00:00,1006,ja,48
2149,この言葉は何を指すのですか。,What does this word refer to?,2026-07-11T13:37:41.16734+00:00,2026-08-29T05:35:26.246638+00:00,1063,ja,57
2150,歴史に名を残した。,He left his name in history.,2026-07-11T13:37:41.16734+00:00,2026-07-11T13:37:41.16734+00:00,962,ja,
2151,20年間会社に勤めた。,I worked at the company for 20 years.,2026-07-11T13:37:41.16734+00:00,2026-08-29T05:35:26.246638+00:00,1027,ja,48
2152,庭に花を植えた。,I planted flowers in the garden.,2026-07-11T13:37:41.16734+00:00,2026-08-29T05:35:26.246638+00:00,1090,ja,28
2153,旅行のために貯めた。,I saved up for a trip.,2026-07-11T13:37:41.16734+00:00,2026-08-29T05:35:26.246638+00:00,1177,ja,80
2154,試合に勝った。,I won the game.,2026-07-11T13:37:41.16734+00:00,2026-08-29T05:35:26.246638+00:00,1197,ja,69
2155,パンを焼いています。,I am baking bread.,2026-07-11T13:37:41.16734+00:00,2026-08-29T05:35:26.246638+00:00,1009,ja,28
2156,汚れが服に付いた。,Dirt got on my clothes.,2026-07-11T13:37:41.16734+00:00,2026-07-11T13:37:41.16734+00:00,1119,ja,
2157,音楽を楽しむ。,Enjoy music.,2026-07-11T13:37:41.16734+00:00,2026-07-11T13:37:41.16734+00:00,1092,ja,
2158,テーブルの上の本を取ってください。,Please take the book on the table.,2026-07-11T13:37:41.16734+00:00,2026-07-11T13:37:41.16734+00:00,1155,ja,
2159,目が光っている。,His eyes are shining.,2026-07-11T13:37:41.16734+00:00,2026-08-29T05:35:26.246638+00:00,1032,ja,17
2160,毎年夏に登山する。,I go mountain climbing every summer.,2026-07-11T13:37:41.16734+00:00,2026-08-29T05:35:26.246638+00:00,1149,ja,69
2161,彼の態度が変わった。,His attitude changed.,2026-07-11T13:37:41.16734+00:00,2026-08-29T05:35:26.246638+00:00,1135,ja,55
2162,鏡に顔を映す。,To reflect one's face in a mirror.,2026-07-11T13:37:41.16734+00:00,2026-07-11T13:37:41.16734+00:00,958,ja,
2164,強い相手に敗れてしまった。,We lost to a strong opponent.,2026-07-11T13:37:41.16734+00:00,2026-08-29T05:35:26.246638+00:00,1081,ja,69
2165,そう思う。,I think so.,2026-07-11T13:37:41.16734+00:00,2026-08-29T05:35:26.246638+00:00,1218,ja,57
2166,祖父が昨年亡くなった。,My grandfather passed away last year.,2026-07-11T13:37:41.16734+00:00,2026-08-29T05:35:26.246638+00:00,1048,ja,28
2167,事故で仕事を失った。,I lost my job due to an accident.,2026-07-11T13:37:41.16734+00:00,2026-08-29T05:35:26.246638+00:00,1017,ja,48
2168,東京に住んでいます。,I live in Tokyo.,2026-07-11T13:37:41.16734+00:00,2026-08-29T05:35:26.246638+00:00,1169,ja,84
2169,建物が火事で焼けた。,The building burned down in a fire.,2026-07-11T13:37:41.16734+00:00,2026-07-11T13:37:41.16734+00:00,1067,ja,
2170,夢を果たした。,I fulfilled my dream.,2026-07-11T13:37:41.16734+00:00,2026-07-11T13:37:41.16734+00:00,1040,ja,
2171,高校を卒業した後、就職した。,"After graduating from high school, I got a job.",2026-07-11T13:37:41.16734+00:00,2026-08-29T05:35:26.246638+00:00,1123,ja,48
2172,彼は親切だと思う。,I think he is kind.,2026-07-11T13:37:41.16734+00:00,2026-08-29T05:35:26.246638+00:00,1218,ja,57
2173,駅で友達と別れた。,I parted with my friend at the station.,2026-07-11T13:37:41.16734+00:00,2026-08-29T05:35:26.246638+00:00,1173,ja,82
2174,この仕事は彼に向いている。,This job suits him.,2026-07-11T13:37:41.16734+00:00,2026-08-29T05:35:26.246638+00:00,1116,ja,48
2175,家族を守るために戦った。,I fought to protect my family.,2026-07-11T13:37:41.16734+00:00,2026-08-29T05:35:26.246638+00:00,1106,ja,28
2176,銀行に勤めている。,I work at a bank.,2026-07-11T13:37:41.16734+00:00,2026-08-29T05:35:26.246638+00:00,1027,ja,80
2177,地図で場所を指す。,I point to the location on the map.,2026-07-11T13:37:41.16734+00:00,2026-08-29T05:35:26.246638+00:00,1063,ja,41
2178,練習を続けた。,I continued practicing.,2026-07-11T13:37:41.16734+00:00,2026-07-11T13:37:41.16734+00:00,1122,ja,
2179,試験を受ける。,I take the exam.,2026-07-11T13:37:41.16734+00:00,2026-08-29T05:35:26.246638+00:00,1134,ja,44
2180,夢を追い続ける。,I continue to pursue my dream.,2026-07-11T13:37:41.16734+00:00,2026-07-11T13:37:41.16734+00:00,1133,ja,
2181,計画を変えることにした。,I decided to change the plan.,2026-07-11T13:37:41.16734+00:00,2026-07-11T13:37:41.16734+00:00,1195,ja,
2182,病気を治すために薬を飲んだ。,I took medicine to cure the illness.,2026-07-11T13:37:41.16734+00:00,2026-08-29T05:35:26.246638+00:00,1049,ja,79
2183,タバコを吸うのは体に悪い。,Smoking cigarettes is bad for your health.,2026-07-11T13:37:41.16734+00:00,2026-08-29T05:35:26.246638+00:00,1028,ja,17
2184,ドアを引く。,Pull the door.,2026-07-11T13:37:41.16734+00:00,2026-07-11T13:37:41.16734+00:00,1152,ja,
2185,トラックで荷物を運ぶ。,I transport goods by truck.,2026-07-11T13:37:41.16734+00:00,2026-08-29T05:35:26.246638+00:00,1185,ja,48
2186,時計が止まっている。,The clock has stopped.,2026-07-11T13:37:41.16734+00:00,2026-08-29T05:35:26.246638+00:00,1089,ja,6
2187,山が湖に映っている。,The mountain is reflected in the lake.,2026-07-11T13:37:41.16734+00:00,2026-08-29T05:35:26.246638+00:00,982,ja,34
2188,健康な体を養うことが大切だ。,It is important to nourish a healthy body.,2026-07-11T13:37:41.16734+00:00,2026-08-29T05:35:26.246638+00:00,1224,ja,17
2189,役割を果たす。,To fulfill one's role.,2026-07-11T13:37:41.16734+00:00,2026-07-11T13:37:41.16734+00:00,1040,ja,
2190,髪型を変えた。,I changed my hairstyle.,2026-07-11T13:37:41.16734+00:00,2026-08-29T05:35:26.246638+00:00,1195,ja,87
2191,気持ちを伝えた。,I conveyed my feelings.,2026-07-11T13:37:41.16734+00:00,2026-08-29T05:35:26.246638+00:00,976,ja,52
2192,体調を整えることが大事だ。,It's important to maintain your health.,2026-07-11T13:37:41.16734+00:00,2026-08-29T05:35:26.246638+00:00,1047,ja,17
2193,誕生日を祝った。,I celebrated a birthday.,2026-07-11T13:37:41.16734+00:00,2026-08-29T05:35:26.246638+00:00,1145,ja,28
2194,この道は駅まで続いている。,This road continues to the station.,2026-07-11T13:37:41.16734+00:00,2026-08-29T05:35:26.246638+00:00,1096,ja,82
2195,気温が下がった。,The temperature dropped.,2026-07-11T13:37:41.16734+00:00,2026-08-29T05:35:26.246638+00:00,1108,ja,34
2196,よろしくお願いします。,I kindly ask for your help.,2026-07-11T13:37:41.16734+00:00,2026-08-29T05:35:26.246638+00:00,1215,ja,52
2198,地球が太陽の周りを回る。,The earth revolves around the sun.,2026-07-11T13:37:41.16734+00:00,2026-08-29T05:35:26.246638+00:00,1189,ja,34
2199,羊を数える。,Count sheep.,2026-07-11T13:37:41.16734+00:00,2026-08-29T05:35:26.246638+00:00,1225,ja,1
2200,お金を数える。,Count money.,2026-07-11T13:37:41.16734+00:00,2026-08-29T05:35:26.246638+00:00,1225,ja,1
2201,星が夜空に光る。,Stars shine in the night sky.,2026-07-11T13:37:41.16734+00:00,2026-08-29T05:35:26.246638+00:00,1032,ja,34
2202,来年、大学を卒業する。,I will graduate from university next year.,2026-07-11T13:37:41.16734+00:00,2026-08-29T05:35:26.246638+00:00,1123,ja,44
2203,会社は人材を求めている。,The company is looking for talent.,2026-07-11T13:37:41.16734+00:00,2026-08-29T05:35:26.246638+00:00,1016,ja,48
2204,名前を書いてください。,Please write your name.,2026-07-11T13:38:48.704568+00:00,2026-07-11T13:38:48.704568+00:00,1208,ja,
2205,石につまずいて転んだ。,I tripped on a stone and fell.,2026-07-11T13:38:48.704568+00:00,2026-08-29T05:35:26.246638+00:00,1188,ja,59
2206,バスが走っている。,The bus is running.,2026-07-11T13:38:48.704568+00:00,2026-08-29T05:35:26.246638+00:00,1140,ja,59
2207,彼のことをよく知らない。,I don't know him well.,2026-07-11T13:38:48.704568+00:00,2026-07-11T13:38:48.704568+00:00,1204,ja,
2208,階段を登った。,I climbed the stairs.,2026-07-11T13:38:48.704568+00:00,2026-08-29T05:35:26.246638+00:00,1097,ja,59
2209,子供を起こす。,Wake up the child.,2026-07-11T13:38:48.704568+00:00,2026-08-29T05:35:26.246638+00:00,1105,ja,28
2210,店で商品を売る。,Sell products at a store.,2026-07-11T13:38:48.704568+00:00,2026-08-29T05:35:26.246638+00:00,1146,ja,50
2211,音楽を聞く。,Listen to music.,2026-07-11T13:38:48.704568+00:00,2026-07-11T13:38:48.704568+00:00,1160,ja,
2212,紙を切る。,Cut paper.,2026-07-11T13:38:48.704568+00:00,2026-07-11T13:38:48.704568+00:00,1206,ja,
2213,何を言いましたか？,What did you say?,2026-07-11T13:38:48.704568+00:00,2026-08-29T05:35:26.246638+00:00,1216,ja,52
2214,夢が消えた。,The dream disappeared.,2026-07-11T13:38:48.704568+00:00,2026-07-11T13:38:48.704568+00:00,1143,ja,
2215,質問に答える。,Answer a question.,2026-07-11T13:38:48.704568+00:00,2026-08-29T05:35:26.246638+00:00,1166,ja,52
2216,東京で生まれた。,I was born in Tokyo.,2026-07-11T13:38:48.704568+00:00,2026-07-11T13:38:48.704568+00:00,1176,ja,
2217,本を読む。,Read a book.,2026-07-11T13:38:48.704568+00:00,2026-07-11T13:38:48.704568+00:00,1213,ja,
2218,駅の前に立っている。,I am standing in front of the station.,2026-07-11T13:38:48.704568+00:00,2026-08-29T05:35:26.246638+00:00,1207,ja,82
2219,鍵をどこに置いたか忘れた。,I forgot where I put the key.,2026-07-11T13:38:48.704568+00:00,2026-08-29T05:35:26.246638+00:00,1170,ja,57
2220,映画を見る。,I watch a movie.,2026-07-11T13:38:48.704568+00:00,2026-07-11T13:38:48.704568+00:00,1175,ja,
2221,彼は銀行で働いている。,He works at a bank.,2026-07-11T13:38:48.704568+00:00,2026-08-29T05:35:26.246638+00:00,1203,ja,80
2222,音楽が聞こえる。,I can hear music.,2026-07-11T13:38:48.704568+00:00,2026-07-11T13:38:48.704568+00:00,1180,ja,
2223,楽しい時間を過ごした。,I spent a pleasant time.,2026-07-11T13:38:48.704568+00:00,2026-08-29T05:35:26.246638+00:00,1099,ja,55
2224,部屋に入る。,To enter the room.,2026-07-11T13:38:48.704568+00:00,2026-07-11T13:38:48.704568+00:00,1194,ja,
2225,このプロジェクトは時間が要る。,This project needs time.,2026-07-11T13:38:48.704568+00:00,2026-08-29T05:35:26.246638+00:00,1220,ja,48
2226,階段を降りる。,To go down the stairs.,2026-07-11T13:38:48.704568+00:00,2026-08-29T05:35:26.246638+00:00,1098,ja,59
2227,箱を開けた。,I opened the box.,2026-07-11T13:38:48.704568+00:00,2026-07-11T13:38:48.704568+00:00,1228,ja,
2228,鳥が空を飛んでいる。,A bird is flying in the sky.,2026-07-11T13:38:48.704568+00:00,2026-08-29T05:35:26.246638+00:00,1192,ja,36
2229,毎日新聞を読む。,Read the newspaper every day.,2026-07-11T13:38:48.704568+00:00,2026-07-11T13:38:48.704568+00:00,1213,ja,
2230,ピアノを習っている。,I am taking piano lessons.,2026-07-11T13:38:48.704568+00:00,2026-08-29T05:35:26.246638+00:00,1094,ja,44
2231,雨が降っている。,It is raining.,2026-07-11T13:38:48.704568+00:00,2026-08-29T05:35:26.246638+00:00,1187,ja,34
2232,木からりんごが落ちた。,An apple fell from the tree.,2026-07-11T13:38:48.704568+00:00,2026-08-29T05:35:26.246638+00:00,1167,ja,34
2233,問題を起こした。,Caused a problem.,2026-07-11T13:38:48.704568+00:00,2026-07-11T13:38:48.704568+00:00,1105,ja,
2234,学校から帰る。,Return home from school.,2026-07-11T13:38:48.704568+00:00,2026-08-29T05:35:26.246638+00:00,1101,ja,44
2235,電車を降りる。,To get off the train.,2026-07-11T13:38:48.704568+00:00,2026-08-29T05:35:26.246638+00:00,1098,ja,82
2236,家を出るのは八時です。,I leave home at eight o'clock.,2026-07-11T13:38:48.704568+00:00,2026-08-29T05:35:26.246638+00:00,1209,ja,6
2237,山に登る。,I climb a mountain.,2026-07-11T13:38:48.704568+00:00,2026-08-29T05:35:26.246638+00:00,1097,ja,69
2238,その話を知っている。,I know that story.,2026-07-11T13:38:48.704568+00:00,2026-07-11T13:38:48.704568+00:00,1204,ja,
2239,野菜を売っている。,Selling vegetables.,2026-07-11T13:38:48.704568+00:00,2026-08-29T05:35:26.246638+00:00,1146,ja,72
2240,プレゼントを頂いた。,I received a gift.,2026-07-11T13:38:48.704568+00:00,2026-08-29T05:35:26.246638+00:00,1193,ja,55
2241,プールで泳ぐのが好きです。,I like swimming in the pool.,2026-07-11T13:38:48.704568+00:00,2026-08-29T05:35:26.246638+00:00,1109,ja,69
2242,電話が鳴る。,The phone rings.,2026-07-11T13:38:48.704568+00:00,2026-08-29T05:35:26.246638+00:00,1202,ja,52
2243,ドアが自動で閉まった。,The door closed automatically.,2026-07-11T13:38:48.704568+00:00,2026-07-11T13:38:48.704568+00:00,1183,ja,
2244,プリントを配る。,Distribute handouts.,2026-07-11T13:38:48.704568+00:00,2026-08-29T05:35:26.246638+00:00,1157,ja,44
2245,猫が庭にいる。,A cat is in the garden.,2026-07-11T13:38:48.704568+00:00,2026-08-29T05:35:26.246638+00:00,1211,ja,36
2246,何が起こったのか分からない。,I don't know what happened.,2026-07-11T13:38:48.704568+00:00,2026-08-29T05:35:26.246638+00:00,1137,ja,57
2247,電車に乗って学校へ行く。,I go to school by train.,2026-07-11T13:38:48.704568+00:00,2026-08-29T05:35:26.246638+00:00,1095,ja,44
2248,朝六時に起きる。,Wake up at 6 in the morning.,2026-07-11T13:38:48.704568+00:00,2026-07-11T13:38:48.704568+00:00,1118,ja,
2249,単語を覚えるのが得意だ。,I am good at memorizing vocabulary.,2026-07-11T13:38:48.704568+00:00,2026-08-29T05:35:26.246638+00:00,1113,ja,44
2250,遠くから声が聞こえた。,I could hear a voice from far away.,2026-07-11T13:38:48.704568+00:00,2026-07-11T13:38:48.704568+00:00,1180,ja,
2251,ありがとうと言う。,Say thank you.,2026-07-11T13:38:48.704568+00:00,2026-08-29T05:35:26.246638+00:00,1216,ja,52
2252,友達に会う。,I meet my friend.,2026-07-11T13:38:48.704568+00:00,2026-07-11T13:38:48.704568+00:00,1107,ja,
2253,宿題を出した。,I submitted my homework.,2026-07-11T13:38:48.704568+00:00,2026-08-29T05:35:26.246638+00:00,1148,ja,44
2254,目標を決めた。,I decided on a goal.,2026-07-11T13:38:48.704568+00:00,2026-07-11T13:38:48.704568+00:00,1141,ja,
2255,まっすぐ進む。,I advance straight ahead.,2026-07-11T13:38:48.704568+00:00,2026-08-29T05:35:26.246638+00:00,1154,ja,41
2256,会議を開く。,I hold a meeting.,2026-07-11T13:38:48.704568+00:00,2026-08-29T05:35:26.246638+00:00,1196,ja,48
2257,成績が上がるように勉強する。,I study so my grades will improve.,2026-07-11T13:38:48.704568+00:00,2026-08-29T05:35:26.246638+00:00,1190,ja,44
2258,雪が降った。,It snowed.,2026-07-11T13:38:48.704568+00:00,2026-08-29T05:35:26.246638+00:00,1187,ja,34
2259,友達を一時間待った。,I waited for my friend for an hour.,2026-07-11T13:38:48.704568+00:00,2026-08-29T05:35:26.246638+00:00,1229,ja,6
2260,椅子から立った。,I stood up from the chair.,2026-07-11T13:38:48.704568+00:00,2026-08-29T05:35:26.246638+00:00,1207,ja,59
2261,彼は若く見える。,He looks young.,2026-07-11T13:38:48.704568+00:00,2026-07-11T13:38:48.704568+00:00,1136,ja,
2262,友達に傘を借りた。,I borrowed an umbrella from my friend.,2026-07-11T13:38:48.704568+00:00,2026-07-11T13:38:48.704568+00:00,1230,ja,
2263,気温が上がった。,The temperature rose.,2026-07-11T13:38:48.704568+00:00,2026-08-29T05:35:26.246638+00:00,1190,ja,34
2264,友達のジョークに笑った。,I laughed at my friend's joke.,2026-07-11T13:38:48.704568+00:00,2026-08-29T05:35:26.246638+00:00,1214,ja,55
2265,走っていて転んだ。,I fell while running.,2026-07-11T13:38:48.704568+00:00,2026-08-29T05:35:26.246638+00:00,1188,ja,59
2266,子供を公園に連れていく。,I take the children to the park.,2026-07-11T13:38:48.704568+00:00,2026-07-11T13:38:48.704568+00:00,1142,ja,
2267,仕事が終わるまで待った。,I waited until work finished.,2026-07-11T13:38:48.704568+00:00,2026-08-29T05:35:26.246638+00:00,1128,ja,48
2268,先生から剣道を習った。,I learned kendo from the teacher.,2026-07-11T13:38:48.704568+00:00,2026-08-29T05:35:26.246638+00:00,1094,ja,69
2269,彼女を代表に選んだ。,I selected her as the representative.,2026-07-11T13:38:48.704568+00:00,2026-07-11T13:38:48.704568+00:00,1144,ja,
2270,事故が起きた。,An accident occurred.,2026-07-11T13:38:48.704568+00:00,2026-07-11T13:38:48.704568+00:00,1118,ja,
2271,この道を通る。,Pass through this road.,2026-07-11T13:38:48.704568+00:00,2026-08-29T05:35:26.246638+00:00,1126,ja,59
2272,飛行機で海外へ飛んだ。,I flew overseas by airplane.,2026-07-11T13:38:48.704568+00:00,2026-08-29T05:35:26.246638+00:00,1192,ja,39
2273,彼女はいつも笑っている。,She is always smiling.,2026-07-11T13:38:48.704568+00:00,2026-08-29T05:35:26.246638+00:00,1214,ja,55
2274,ベルが鳴った。,The bell rang.,2026-07-11T13:38:48.704568+00:00,2026-07-11T13:38:48.704568+00:00,1202,ja,
2275,仕事が進んだ。,Work progressed.,2026-07-11T13:38:48.704568+00:00,2026-08-29T05:35:26.246638+00:00,1154,ja,48
2276,医者になるのが夢です。,My dream is to become a doctor.,2026-07-11T13:38:48.704568+00:00,2026-07-11T13:38:48.704568+00:00,1120,ja,
2277,彼は先月仕事を辞めた。,He quit his job last month.,2026-07-11T13:38:48.704568+00:00,2026-08-29T05:35:26.246638+00:00,1110,ja,48
2278,1キロ泳ぐことができる。,I can swim one kilometer.,2026-07-11T13:38:48.704568+00:00,2026-08-29T05:35:26.246638+00:00,1109,ja,69
2279,大学に入った。,I entered university.,2026-07-11T13:38:48.704568+00:00,2026-08-29T05:35:26.246638+00:00,1194,ja,44
2280,試験に通った。,I passed the exam.,2026-07-11T13:38:48.704568+00:00,2026-08-29T05:35:26.246638+00:00,1126,ja,44
2281,意味が分からない。,I don't understand the meaning.,2026-07-11T13:38:48.704568+00:00,2026-08-29T05:35:26.246638+00:00,1111,ja,57
2282,薬を飲んでください。,Please take the medicine.,2026-07-11T13:38:48.704568+00:00,2026-08-29T05:35:26.246638+00:00,1162,ja,79
2283,試験に落ちた。,I failed the exam.,2026-07-11T13:38:48.704568+00:00,2026-08-29T05:35:26.246638+00:00,1167,ja,44
2284,週末を家族と過ごす。,I spend the weekend with my family.,2026-07-11T13:38:48.704568+00:00,2026-08-29T05:35:26.246638+00:00,1099,ja,28
2285,友達が家に来た。,A friend came to my house.,2026-07-11T13:38:48.704568+00:00,2026-08-29T05:35:26.246638+00:00,1153,ja,28
2286,財布を出す。,To take out one's wallet.,2026-07-11T13:38:48.704568+00:00,2026-08-29T05:35:26.246638+00:00,1148,ja,50
2287,バスに乗る。,I get on the bus.,2026-07-11T13:38:48.704568+00:00,2026-08-29T05:35:26.246638+00:00,1095,ja,59
2288,評価を落とすことになった。,The evaluation ended up being lowered.,2026-07-11T13:38:48.704568+00:00,2026-08-29T05:35:26.246638+00:00,1205,ja,48
2289,授業が終わった。,Class ended.,2026-07-11T13:38:48.704568+00:00,2026-08-29T05:35:26.246638+00:00,1128,ja,44
2290,この道を覚えた。,I learned this road.,2026-07-11T13:38:48.704568+00:00,2026-08-29T05:35:26.246638+00:00,1113,ja,57
2291,友達が集まった。,Friends gathered together.,2026-07-11T13:38:48.704568+00:00,2026-07-11T13:38:48.704568+00:00,1100,ja,
2292,公園で遊んだ。,I played in the park.,2026-07-11T13:38:48.704568+00:00,2026-07-11T13:38:48.704568+00:00,1219,ja,
2293,子供が泣いている。,The child is crying.,2026-07-11T13:38:48.704568+00:00,2026-08-29T05:35:26.246638+00:00,1127,ja,55
2294,お金が要らないなら断ります。,"If money isn't needed, I'll decline.",2026-07-11T13:38:48.704568+00:00,2026-08-29T05:35:26.246638+00:00,1220,ja,50
2295,学校へ行く。,Go to school.,2026-07-11T13:38:48.704568+00:00,2026-08-29T05:35:26.246638+00:00,1161,ja,44
2296,家にいる。,I am at home.,2026-07-11T13:38:48.704568+00:00,2026-08-29T05:35:26.246638+00:00,1211,ja,28
2297,試合に負けた。,I lost the game.,2026-07-11T13:38:48.704568+00:00,2026-08-29T05:35:26.246638+00:00,1124,ja,69
2298,友達と遊ぶのが好きだ。,I like playing with friends.,2026-07-11T13:38:48.704568+00:00,2026-07-11T13:38:48.704568+00:00,1219,ja,
2299,午後になって空が晴れた。,The sky cleared up in the afternoon.,2026-07-11T13:38:48.704568+00:00,2026-08-29T05:35:26.246638+00:00,1159,ja,34
2300,映画を見て泣いた。,I cried watching the movie.,2026-07-11T13:38:48.704568+00:00,2026-08-29T05:35:26.246638+00:00,1127,ja,55
2301,夢を持つことが大切だ。,It is important to have a dream.,2026-07-11T13:38:48.704568+00:00,2026-07-11T13:38:48.704568+00:00,1172,ja,
2302,実力を見せる。,To show one's true ability.,2026-07-11T13:38:48.704568+00:00,2026-07-11T13:38:48.704568+00:00,1151,ja,
2303,会社を辞めることにした。,I decided to quit the company.,2026-07-11T13:38:48.704568+00:00,2026-08-29T05:35:26.246638+00:00,1110,ja,48
2304,朝ご飯を食べる。,Eat breakfast.,2026-07-11T13:38:48.704568+00:00,2026-08-29T05:35:26.246638+00:00,1138,ja,28
2305,日本語が分かる。,I understand Japanese.,2026-07-11T13:38:48.704568+00:00,2026-08-29T05:35:26.246638+00:00,1111,ja,57
2306,ドアを閉めてください。,Please close the door.,2026-07-11T13:38:48.704568+00:00,2026-07-11T13:38:48.704568+00:00,1191,ja,
2307,友達を作る。,Make friends.,2026-07-11T13:38:48.704568+00:00,2026-07-11T13:38:48.704568+00:00,1226,ja,
2308,窓を閉める。,To shut the window.,2026-07-11T13:38:48.704568+00:00,2026-07-11T13:38:48.704568+00:00,1191,ja,
2309,先生の問いに答えた。,I answered the teacher's question.,2026-07-11T13:38:48.704568+00:00,2026-08-29T05:35:26.246638+00:00,1166,ja,44
2310,新しいアイデアが生まれた。,A new idea was born.,2026-07-11T13:38:48.704568+00:00,2026-08-29T05:35:26.246638+00:00,1176,ja,57
2311,お金を返す約束をした。,I made a promise to repay the money.,2026-07-11T13:38:48.704568+00:00,2026-08-29T05:35:26.246638+00:00,1212,ja,80
2312,日光を浴びた。,I was exposed to sunlight.,2026-07-11T13:38:48.704568+00:00,2026-08-29T05:35:26.246638+00:00,1217,ja,34
2313,先生に質問を聞く。,Ask the teacher a question.,2026-07-11T13:38:48.704568+00:00,2026-08-29T05:35:26.246638+00:00,1160,ja,44
2314,駅まで歩いた。,I walked to the station.,2026-07-11T13:38:48.704568+00:00,2026-08-29T05:35:26.246638+00:00,1165,ja,82
2315,春になった。,It became spring.,2026-07-11T13:38:48.704568+00:00,2026-08-29T05:35:26.246638+00:00,1120,ja,34
2316,日本語で話す。,Speak in Japanese.,2026-07-11T13:38:48.704568+00:00,2026-08-29T05:35:26.246638+00:00,1130,ja,52
2317,手紙を書く。,Write a letter.,2026-07-11T13:38:48.704568+00:00,2026-08-29T05:35:26.246638+00:00,1208,ja,52
2318,道を教えてください。,Please tell me the way.,2026-07-11T13:38:48.704568+00:00,2026-08-29T05:35:26.246638+00:00,1201,ja,41
2319,毎日働く。,I work every day.,2026-07-11T13:38:48.704568+00:00,2026-08-29T05:35:26.246638+00:00,1203,ja,48
2320,店が閉まっている。,The store is closed.,2026-07-11T13:38:48.704568+00:00,2026-07-11T13:38:48.704568+00:00,1183,ja,
2321,コートを着た。,I put on a coat.,2026-07-11T13:38:48.704568+00:00,2026-08-29T05:35:26.246638+00:00,1168,ja,74
2322,ドアを開けてください。,Please open the door.,2026-07-11T13:38:48.704568+00:00,2026-07-11T13:38:48.704568+00:00,1228,ja,
2323,公園を歩くのが好きだ。,I like walking in the park.,2026-07-11T13:38:48.704568+00:00,2026-07-11T13:38:48.704568+00:00,1165,ja,
2324,公園に人が集まっている。,People are gathering in the park.,2026-07-11T13:38:48.704568+00:00,2026-07-11T13:38:48.704568+00:00,1100,ja,
2325,毎日パソコンを使う。,I use a computer every day.,2026-07-11T13:38:48.704568+00:00,2026-07-11T13:38:48.704568+00:00,1164,ja,
2326,間違いを直してください。,Please correct the mistake.,2026-07-11T13:38:48.704568+00:00,2026-07-11T13:38:48.704568+00:00,1139,ja,
2327,会議に出た。,I attended the meeting.,2026-07-11T13:38:48.704568+00:00,2026-08-29T05:35:26.246638+00:00,1209,ja,48
2328,英語を教える。,I teach English.,2026-07-11T13:38:48.704568+00:00,2026-08-29T05:35:26.246638+00:00,1201,ja,44
2329,学校にいつ着く？,When will you arrive at school?,2026-07-11T13:38:48.704568+00:00,2026-08-29T05:35:26.246638+00:00,1150,ja,44
2330,辞書で言葉を調べた。,I looked up the word in a dictionary.,2026-07-11T13:38:48.704568+00:00,2026-08-29T05:35:26.246638+00:00,1181,ja,44
2331,お金が足りない。,There's not enough money.,2026-07-11T13:38:48.704568+00:00,2026-08-29T05:35:26.246638+00:00,1112,ja,50
2332,好きな色を選んでください。,Please choose your favorite color.,2026-07-11T13:38:48.704568+00:00,2026-08-29T05:35:26.246638+00:00,1144,ja,12
2333,早く帰りたい。,I want to go home early.,2026-07-11T13:38:48.704568+00:00,2026-07-11T13:38:48.704568+00:00,1101,ja,
2334,問題が起こった。,A problem occurred.,2026-07-11T13:38:48.704568+00:00,2026-07-11T13:38:48.704568+00:00,1137,ja,
2335,明日どこへ行きますか？,Where are you going tomorrow?,2026-07-11T13:38:48.704568+00:00,2026-07-11T13:38:48.704568+00:00,1161,ja,
2336,壊れた自転車を直す。,Fix the broken bicycle.,2026-07-11T13:38:48.704568+00:00,2026-07-11T13:38:48.704568+00:00,1139,ja,
2338,本を買う。,Buy a book.,2026-07-11T13:38:48.704568+00:00,2026-08-29T05:35:26.246638+00:00,1115,ja,50
2339,借りた本を返した。,I returned the book I borrowed.,2026-07-11T13:38:48.704568+00:00,2026-07-11T13:38:48.704568+00:00,1212,ja,
2340,テーブルに本を置いた。,I placed a book on the table.,2026-07-11T13:38:48.704568+00:00,2026-07-11T13:38:48.704568+00:00,1170,ja,
2341,よく考えてから答える。,Think carefully before answering.,2026-07-11T13:38:48.704568+00:00,2026-08-29T05:35:26.246638+00:00,1171,ja,57
2342,バスが来るまで待つ。,Wait until the bus comes.,2026-07-11T13:38:48.704568+00:00,2026-08-29T05:35:26.246638+00:00,1153,ja,59
2343,駅に着いた。,I arrived at the station.,2026-07-11T13:38:48.704568+00:00,2026-08-29T05:35:26.246638+00:00,1150,ja,82
2344,黒板を消した。,I erased the blackboard.,2026-07-11T13:38:48.704568+00:00,2026-08-29T05:35:26.246638+00:00,1227,ja,44
2345,スーパーで食べ物を買った。,I bought food at the supermarket.,2026-07-11T13:38:48.704568+00:00,2026-08-29T05:35:26.246638+00:00,1115,ja,72
2346,切手を集めている。,I am collecting stamps.,2026-07-11T13:38:48.704568+00:00,2026-07-11T13:38:48.704568+00:00,1121,ja,
2347,明日は晴れるでしょう。,It will probably be sunny tomorrow.,2026-07-11T13:38:48.704568+00:00,2026-08-29T05:35:26.246638+00:00,1159,ja,34
2348,電気が消えた。,The light went out.,2026-07-11T13:38:48.704568+00:00,2026-08-29T05:35:26.246638+00:00,1143,ja,28
2349,この道具をどう使うのですか。,How do you use this tool?,2026-07-11T13:38:48.704568+00:00,2026-07-11T13:38:48.704568+00:00,1164,ja,
2350,子どもを大切に育てる。,I raise my child with care.,2026-07-11T13:38:48.704568+00:00,2026-08-29T05:35:26.246638+00:00,1198,ja,28
2351,水を飲む。,I drink water.,2026-07-11T13:38:48.704568+00:00,2026-07-11T13:38:48.704568+00:00,1162,ja,
2352,友達を駅まで送った。,I saw my friend off to the station.,2026-07-11T13:38:48.704568+00:00,2026-08-29T05:35:26.246638+00:00,1221,ja,82
2353,風邪で学校を休んだ。,I was absent from school due to a cold.,2026-07-11T13:38:48.704568+00:00,2026-08-29T05:35:26.246638+00:00,1117,ja,44
2354,事件の原因を調べる。,I investigate the cause of the incident.,2026-07-11T13:38:48.704568+00:00,2026-08-29T05:35:26.246638+00:00,1181,ja,81
2355,仕事が残った。,Work was left over.,2026-07-11T13:38:48.704568+00:00,2026-08-29T05:35:26.246638+00:00,1223,ja,48
2356,友達を連れてきた。,I brought a friend along.,2026-07-11T13:38:48.704568+00:00,2026-07-11T13:38:48.704568+00:00,1142,ja,
2357,駅で先生に会った。,I met my teacher at the station.,2026-07-11T13:38:48.704568+00:00,2026-08-29T05:35:26.246638+00:00,1107,ja,82
2358,料理を作る。,Cook a meal.,2026-07-11T13:38:48.704568+00:00,2026-08-29T05:35:26.246638+00:00,1226,ja,28
2359,友達と話すのが好きだ。,I like talking with friends.,2026-07-11T13:38:48.704568+00:00,2026-08-29T05:35:26.246638+00:00,1130,ja,52
2360,時間が足りるか心配だ。,I'm worried whether there will be enough time.,2026-07-11T13:38:48.704568+00:00,2026-08-29T05:35:26.246638+00:00,1112,ja,55
2361,制服を着ている。,I'm wearing a uniform.,2026-07-11T13:38:48.704568+00:00,2026-08-29T05:35:26.246638+00:00,1168,ja,44
2362,今日は疲れたので休む。,I will rest today because I am tired.,2026-07-11T13:38:48.704568+00:00,2026-08-29T05:35:26.246638+00:00,1117,ja,55
2363,誘惑に負けた。,I gave in to temptation.,2026-07-11T13:38:48.704568+00:00,2026-07-11T13:38:48.704568+00:00,1124,ja,
2364,財布を落とした。,I dropped my wallet.,2026-07-11T13:38:48.704568+00:00,2026-07-11T13:38:48.704568+00:00,1205,ja,
2365,何を食べるか決めるのが難しい。,It's hard to decide what to eat.,2026-07-11T13:38:48.704568+00:00,2026-08-29T05:35:26.246638+00:00,1141,ja,57
2366,パスポートを見せてください。,Please show me your passport.,2026-07-11T13:38:48.704568+00:00,2026-08-29T05:35:26.246638+00:00,1151,ja,39
2367,荷物を持つ。,I carry the luggage.,2026-07-11T13:38:48.704568+00:00,2026-08-29T05:35:26.246638+00:00,1172,ja,39
2368,山が見える。,The mountain is visible.,2026-07-11T13:38:48.704568+00:00,2026-08-29T05:35:26.246638+00:00,1136,ja,34
2369,バスを待つ。,I wait for the bus.,2026-07-11T13:38:48.704568+00:00,2026-08-29T05:35:26.246638+00:00,1229,ja,59
2370,才能を育てることが大切だ。,It is important to nurture talent.,2026-07-11T13:38:48.704568+00:00,2026-07-11T13:38:48.704568+00:00,1198,ja,
2371,電気を消す。,I turn off the light.,2026-07-11T13:38:48.704568+00:00,2026-08-29T05:35:26.246638+00:00,1227,ja,28
2372,公園を走る。,Run in the park.,2026-07-11T13:38:48.704568+00:00,2026-07-11T13:38:48.704568+00:00,1140,ja,
2373,将来のことを考えている。,I am thinking about the future.,2026-07-11T13:38:48.704568+00:00,2026-08-29T05:35:26.246638+00:00,1171,ja,57
2374,資料を見てください。,Please look at the document.,2026-07-11T13:38:48.704568+00:00,2026-08-29T05:35:26.246638+00:00,1175,ja,48
2375,窓が開いた。,The window opened.,2026-07-11T13:38:48.704568+00:00,2026-07-11T13:38:48.704568+00:00,1196,ja,
2376,荷物を送った。,I sent a package.,2026-07-11T13:38:48.704568+00:00,2026-08-29T05:35:26.246638+00:00,1221,ja,85
2377,野菜を切って料理する。,Cut vegetables and cook.,2026-07-11T13:38:48.704568+00:00,2026-08-29T05:35:26.246638+00:00,1206,ja,28
2378,何を食べたいですか？,What do you want to eat?,2026-07-11T13:38:48.704568+00:00,2026-07-11T13:38:48.704568+00:00,1138,ja,
2379,お茶を頂きます。,I will have some tea (humble).,2026-07-11T13:38:48.704568+00:00,2026-07-11T13:38:48.704568+00:00,1193,ja,
2380,図書館で本を借りる。,I borrow a book from the library.,2026-07-11T13:38:48.704568+00:00,2026-07-11T13:38:48.704568+00:00,1230,ja,
2381,情報を集める。,Collect information.,2026-07-11T13:38:48.704568+00:00,2026-07-11T13:38:48.704568+00:00,1121,ja,
2382,朝シャワーを浴びる。,I shower in the morning.,2026-07-11T13:38:48.704568+00:00,2026-08-29T05:35:26.246638+00:00,1217,ja,28
2383,コンビニでおにぎりを買った。,I bought a rice ball at the convenience store.,2026-07-12T12:57:23.906577+00:00,2026-08-29T05:35:26.246638+00:00,1,ja,73
2384,レジで並んだ。,I lined up at the checkout.,2026-07-12T12:57:23.906577+00:00,2026-08-29T05:35:26.246638+00:00,2,ja,73
2385,駅で弁当を買った。,I bought a bento box at the station.,2026-07-12T12:57:23.906577+00:00,2026-08-29T05:35:26.246638+00:00,4,ja,73
2386,弁当を電子レンジで温めた。,I heated up the bento in the microwave.,2026-07-12T12:57:23.906577+00:00,2026-08-29T05:35:26.246638+00:00,5,ja,73
2387,袋はいりますか。,Do you need a bag?,2026-07-12T12:57:23.906577+00:00,2026-08-29T05:35:26.246638+00:00,6,ja,73
2388,レシートを受け取った。,I received the receipt.,2026-07-12T12:57:23.906577+00:00,2026-08-29T05:35:26.246638+00:00,7,ja,73
2389,この書類をコピーした。,I photocopied this document.,2026-07-12T12:57:23.906577+00:00,2026-08-29T05:35:26.246638+00:00,10,ja,73
2390,改札を通った。,I passed through the ticket gate.,2026-07-12T12:57:23.906577+00:00,2026-08-29T05:35:26.246638+00:00,14,ja,82
2391,ホームで電車を待った。,I waited for the train on the platform.,2026-07-12T12:57:23.906577+00:00,2026-08-29T05:35:26.246638+00:00,15,ja,82
2392,定期券をなくした。,I lost my commuter pass.,2026-07-12T12:57:23.906577+00:00,2026-08-29T05:35:26.246638+00:00,16,ja,82
2393,電車に遅延が発生した。,There was a delay on the train.,2026-07-12T12:57:23.906577+00:00,2026-08-29T05:35:26.246638+00:00,17,ja,82
2394,終電に間に合った。,I made it in time for the last train.,2026-07-12T12:57:23.906577+00:00,2026-08-29T05:35:26.246638+00:00,18,ja,82
2395,運賃が値上がりした。,The fare went up.,2026-07-12T12:57:23.906577+00:00,2026-08-29T05:35:26.246638+00:00,19,ja,82
2396,自由席に座った。,I sat in an unreserved seat.,2026-07-12T12:57:23.906577+00:00,2026-08-29T05:35:26.246638+00:00,20,ja,82
2397,服を試着した。,I tried on the clothes.,2026-07-12T12:57:23.906577+00:00,2026-08-29T05:35:26.246638+00:00,21,ja,74
2398,このサイズは小さすぎる。,This size is too small.,2026-07-12T12:57:23.906577+00:00,2026-08-29T05:35:26.246638+00:00,22,ja,74
2399,在庫を確認した。,I checked the stock.,2026-07-12T12:57:23.906577+00:00,2026-08-29T05:35:26.246638+00:00,23,ja,74
2400,商品を返品した。,I returned the product.,2026-07-12T12:57:23.906577+00:00,2026-08-29T05:35:26.246638+00:00,24,ja,74
2401,今セール中だ。,It's on sale right now.,2026-07-12T12:57:23.906577+00:00,2026-08-29T05:35:26.246638+00:00,25,ja,74
2402,送料がかかる。,Shipping fee is charged.,2026-07-12T12:57:23.906577+00:00,2026-08-29T05:35:26.246638+00:00,26,ja,74
2403,このシャツは綿でできている。,This shirt is made of cotton.,2026-07-12T12:57:23.906577+00:00,2026-08-29T05:35:26.246638+00:00,27,ja,74
2404,色違いを買った。,I bought a different color version.,2026-07-12T12:57:23.906577+00:00,2026-08-29T05:35:26.246638+00:00,28,ja,74
2405,会計を済ませた。,I finished paying.,2026-07-12T12:57:23.906577+00:00,2026-08-29T05:35:26.246638+00:00,29,ja,74
2406,ポイントがたまった。,Points have accumulated.,2026-07-12T12:57:23.906577+00:00,2026-08-29T05:35:26.246638+00:00,30,ja,74
2407,充電器を忘れた。,I forgot my charger.,2026-07-12T12:57:23.906577+00:00,2026-08-29T05:35:26.246638+00:00,31,ja,75
2408,この製品には保証がある。,This product has a warranty.,2026-07-12T12:57:23.906577+00:00,2026-08-29T05:35:26.246638+00:00,32,ja,75
2409,これは展示品だ。,This is a display item.,2026-07-12T12:57:23.906577+00:00,2026-08-29T05:35:26.246638+00:00,33,ja,75
2410,その商品は在庫切れだ。,That product is out of stock.,2026-07-12T12:57:23.906577+00:00,2026-08-29T05:35:26.246638+00:00,34,ja,75
2411,スマホを修理に出した。,I took my phone in for repair.,2026-07-12T12:57:23.906577+00:00,2026-08-29T05:35:26.246638+00:00,35,ja,75
2412,新品を買った。,I bought a brand-new one.,2026-07-12T12:57:23.906577+00:00,2026-08-29T05:35:26.246638+00:00,36,ja,75
2413,中古の車を買った。,I bought a used car.,2026-07-12T12:57:23.906577+00:00,2026-08-29T05:35:26.246638+00:00,37,ja,75
2414,取扱説明書を読んだ。,I read the instruction manual.,2026-07-12T12:57:23.906577+00:00,2026-08-29T05:35:26.246638+00:00,38,ja,75
2415,電池が切れた。,The battery died.,2026-07-12T12:57:23.906577+00:00,2026-08-29T05:35:26.246638+00:00,39,ja,75
2416,この肉は冷凍だ。,This meat is frozen.,2026-07-12T12:57:23.906577+00:00,2026-08-29T05:35:26.246638+00:00,45,ja,72
2417,賞味期限を確認した。,I checked the best-before date.,2026-07-12T12:57:23.906577+00:00,2026-08-29T05:35:26.246638+00:00,46,ja,72
2418,今日は特売だ。,Today there's a special sale.,2026-07-12T12:57:23.906577+00:00,2026-08-29T05:35:26.246638+00:00,47,ja,72
2419,これは国産の米だ。,This is domestically produced rice.,2026-07-12T12:57:23.906577+00:00,2026-08-29T05:35:26.246638+00:00,48,ja,72
2420,有機野菜を買った。,I bought organic vegetables.,2026-07-12T12:57:23.906577+00:00,2026-08-29T05:35:26.246638+00:00,49,ja,72
2421,散髪に行った。,I went to get a haircut.,2026-07-12T12:57:23.906577+00:00,2026-08-29T05:35:26.246638+00:00,51,ja,87
2422,整髪料をつけた。,I put on hair styling product.,2026-07-12T12:57:23.906577+00:00,2026-08-29T05:35:26.246638+00:00,53,ja,87
2423,毎朝髭剃りをする。,I shave every morning.,2026-07-12T12:57:23.906577+00:00,2026-08-29T05:35:26.246638+00:00,54,ja,87
2424,前髪を切った。,I cut my bangs.,2026-07-12T12:57:23.906577+00:00,2026-08-29T05:35:26.246638+00:00,55,ja,87
2425,短めにしてください。,Please make it a bit shorter.,2026-07-12T12:57:23.906577+00:00,2026-08-29T05:35:26.246638+00:00,56,ja,87
2426,仕上げにワックスをつけた。,I applied wax as a finishing touch.,2026-07-12T12:57:23.906577+00:00,2026-08-29T05:35:26.246638+00:00,57,ja,87
2427,美容院で洗髪してもらった。,I had my hair washed at the salon.,2026-07-12T12:57:23.906577+00:00,2026-08-29T05:35:26.246638+00:00,58,ja,87
2428,眉毛を整えた。,I trimmed my eyebrows.,2026-07-12T12:57:23.906577+00:00,2026-08-29T05:35:26.246638+00:00,59,ja,87
2429,髪をカットしてもらった。,I got my hair cut.,2026-07-12T12:57:23.906577+00:00,2026-08-29T05:35:26.246638+00:00,60,ja,87
2430,今日は定食を頼んだ。,Today I ordered a set meal.,2026-07-12T12:57:23.906577+00:00,2026-08-29T05:35:26.246638+00:00,62,ja,71
2431,店員のおすすめを聞いた。,I asked the staff for their recommendation.,2026-07-12T12:57:23.906577+00:00,2026-08-29T05:35:26.246638+00:00,63,ja,71
2432,メニューを見せてください。,Please show me the menu.,2026-07-12T12:57:23.906577+00:00,2026-08-29T05:35:26.246638+00:00,64,ja,71
2433,お会計をお願いします。,"Check, please.",2026-07-12T12:57:23.906577+00:00,2026-08-29T05:35:26.246638+00:00,65,ja,71
2434,店は満席だった。,The restaurant was fully booked.,2026-07-12T12:57:23.906577+00:00,2026-08-29T05:35:26.246638+00:00,66,ja,71
2435,持ち帰りでお願いします。,"Takeout, please.",2026-07-12T12:57:23.906577+00:00,2026-08-29T05:35:26.246638+00:00,67,ja,71
2436,辛さを選べる。,You can choose the spiciness level.,2026-07-12T12:57:23.906577+00:00,2026-08-29T05:35:26.246638+00:00,68,ja,71
2437,食べ放題の店に行った。,I went to an all-you-can-eat restaurant.,2026-07-12T12:57:23.906577+00:00,2026-08-29T05:35:26.246638+00:00,70,ja,71
2438,サービスが改善された。,The service was improved.,2026-07-12T12:57:23.906577+00:00,2026-08-29T05:35:26.246638+00:00,494,ja,48
2439,チキンを注文した。,I ordered chicken.,2026-07-12T12:57:23.906577+00:00,2026-08-29T05:35:26.246638+00:00,1231,ja,71
2440,きのこを炒めた。,I stir-fried mushrooms.,2026-07-12T12:57:23.906577+00:00,2026-08-29T05:35:26.246638+00:00,1232,ja,71
2441,ガーリックの香りがする。,It smells of garlic.,2026-07-12T12:57:23.906577+00:00,2026-08-29T05:35:26.246638+00:00,1233,ja,71
2442,夕食にワインを飲んだ。,I drank wine with dinner.,2026-07-12T12:57:23.906577+00:00,2026-08-29T05:35:26.246638+00:00,1234,ja,71
2443,カルボナーラを注文した。,I ordered carbonara.,2026-07-12T12:57:23.906577+00:00,2026-08-29T05:35:26.246638+00:00,1235,ja,71
2444,温かいスープを飲んだ。,I drank warm soup.,2026-07-12T12:57:23.906577+00:00,2026-08-29T05:35:26.246638+00:00,1236,ja,71
2445,ハンバーグを食べた。,I ate a hamburg steak.,2026-07-12T12:57:23.906577+00:00,2026-08-29T05:35:26.246638+00:00,1237,ja,71
2446,サラダを注文した。,I ordered a salad.,2026-07-12T12:57:23.906577+00:00,2026-08-29T05:35:26.246638+00:00,1238,ja,71
2447,ピザを半分食べた。,I ate half of the pizza.,2026-07-12T12:57:23.906577+00:00,2026-08-29T05:35:26.246638+00:00,1239,ja,71
2448,サイドにポテトを頼んだ。,I ordered fries as a side.,2026-07-12T12:57:23.906577+00:00,2026-08-29T05:35:26.246638+00:00,1240,ja,71
2449,トリプルサイズを頼んだ。,I ordered the triple size.,2026-07-12T12:57:23.906577+00:00,2026-08-29T05:35:26.246638+00:00,1241,ja,71
2450,牛肉の丼を食べた。,I ate a beef rice bowl.,2026-07-12T12:57:23.906577+00:00,2026-08-29T05:35:26.246638+00:00,1242,ja,71
2451,お持ち帰りにした。,I made it takeout.,2026-07-12T12:57:23.906577+00:00,2026-08-29T05:35:26.246638+00:00,1243,ja,71
2452,単品で注文した。,I ordered à la carte.,2026-07-12T12:57:23.906577+00:00,2026-08-29T05:35:26.246638+00:00,1244,ja,71
2453,小鉢がついてきた。,A small side dish came with it.,2026-07-12T12:57:23.906577+00:00,2026-08-29T05:35:26.246638+00:00,1245,ja,71
2454,モーニングを食べた。,I had the morning set.,2026-07-12T12:57:23.906577+00:00,2026-08-29T05:35:26.246638+00:00,1246,ja,71
2455,牛めしを注文した。,I ordered the beef rice bowl.,2026-07-12T12:57:23.906577+00:00,2026-08-29T05:35:26.246638+00:00,1247,ja,71
2456,カレーを作った。,I made curry.,2026-07-12T12:57:23.906577+00:00,2026-08-29T05:35:26.246638+00:00,1248,ja,71
2457,チーズをのせた。,I put cheese on top.,2026-07-12T12:57:23.906577+00:00,2026-08-29T05:35:26.246638+00:00,1249,ja,71
2458,たまごを割った。,I cracked an egg.,2026-07-12T12:57:23.906577+00:00,2026-08-29T05:35:26.246638+00:00,1250,ja,71
2459,朝は納豆を食べる。,I eat natto in the morning.,2026-07-12T12:57:23.906577+00:00,2026-08-29T05:35:26.246638+00:00,1251,ja,71
2460,にんにくを刻んだ。,I minced garlic.,2026-07-12T12:57:23.906577+00:00,2026-08-29T05:35:26.246638+00:00,1252,ja,71
2461,うなぎを食べた。,I ate eel.,2026-07-12T12:57:23.906577+00:00,2026-08-29T05:35:26.246638+00:00,1253,ja,71
2462,牛丼を注文した。,I ordered a beef bowl.,2026-07-12T12:57:23.906577+00:00,2026-08-29T05:35:26.246638+00:00,1254,ja,71
2463,飲み放題をつけた。,I added the all-you-can-drink option.,2026-07-12T12:57:23.906577+00:00,2026-08-29T05:35:26.246638+00:00,1255,ja,71
2464,冬は鍋を食べる。,I eat hot pot in winter.,2026-07-12T12:57:23.906577+00:00,2026-08-29T05:35:26.246638+00:00,1256,ja,71
2465,パスタを茹でた。,I boiled the pasta.,2026-07-12T12:57:23.906577+00:00,2026-08-29T05:35:26.246638+00:00,1257,ja,71
2466,天ぷらを揚げた。,I fried tempura.,2026-07-12T12:57:23.906577+00:00,2026-08-29T05:35:26.246638+00:00,1258,ja,71
2467,昼にそばを食べた。,I ate soba for lunch.,2026-07-12T12:57:23.906577+00:00,2026-08-29T05:35:26.246638+00:00,1259,ja,71
2468,うどんを注文した。,I ordered udon.,2026-07-12T12:57:23.906577+00:00,2026-08-29T05:35:26.246638+00:00,1260,ja,71
2469,ラーメンを食べに行った。,I went to eat ramen.,2026-07-12T12:57:23.906577+00:00,2026-08-29T05:35:26.246638+00:00,1261,ja,71
2470,週末に焼肉を食べた。,I ate yakiniku on the weekend.,2026-07-12T12:57:23.906577+00:00,2026-08-29T05:35:26.246638+00:00,1262,ja,71
2471,直火焼きのステーキを頼んだ。,I ordered an open-flame grilled steak.,2026-07-12T12:57:23.906577+00:00,2026-08-29T05:35:26.246638+00:00,1263,ja,71
2472,アルコールは飲まない。,I don't drink alcohol.,2026-07-12T12:57:23.906577+00:00,2026-08-29T05:35:26.246638+00:00,1264,ja,71
2473,厚切りのパンを買った。,I bought thick-cut bread.,2026-07-12T12:57:23.906577+00:00,2026-08-29T05:35:26.246638+00:00,1265,ja,71
2474,トッピングを追加した。,I added a topping.,2026-07-12T12:57:23.906577+00:00,2026-08-29T05:35:26.246638+00:00,1266,ja,71
2475,テイクアウトで頼んだ。,I ordered it to take out.,2026-07-12T12:57:23.906577+00:00,2026-08-29T05:35:26.246638+00:00,1267,ja,71
2476,デザートも注文した。,I also ordered dessert.,2026-07-12T12:57:23.906577+00:00,2026-08-29T05:35:26.246638+00:00,1268,ja,71
2477,通知をミュートにした。,I muted the notifications.,2026-07-12T12:57:23.906577+00:00,2026-08-29T05:35:26.246638+00:00,1269,ja,54
2478,このページをブックマークした。,I bookmarked this page.,2026-07-12T12:57:23.906577+00:00,2026-08-29T05:35:26.246638+00:00,1270,ja,54
2479,アプリを購入した。,I purchased the app.,2026-07-12T12:57:23.906577+00:00,2026-08-29T05:35:26.246638+00:00,1271,ja,54
2480,通知が来た。,A notification came in.,2026-07-12T12:57:23.906577+00:00,2026-08-29T05:35:26.246638+00:00,1272,ja,54
2481,プロフィールを更新した。,I updated my profile.,2026-07-12T12:57:23.906577+00:00,2026-08-29T05:35:26.246638+00:00,1273,ja,54
2482,その人をブロックした。,I blocked that person.,2026-07-12T12:57:23.906577+00:00,2026-08-29T05:35:26.246638+00:00,1274,ja,54
2483,友達をフォローした。,I followed my friend.,2026-07-12T12:57:23.906577+00:00,2026-08-29T05:35:26.246638+00:00,1275,ja,54
2484,ブロックを解除した。,I unblocked them.,2026-07-12T12:57:23.906577+00:00,2026-08-29T05:35:26.246638+00:00,1276,ja,54
2485,問題を報告した。,I reported the issue.,2026-07-12T12:57:23.906577+00:00,2026-08-29T05:35:26.246638+00:00,1277,ja,54
2486,写真を削除した。,I deleted the photo.,2026-07-12T12:57:23.906577+00:00,2026-08-29T05:35:26.246638+00:00,1278,ja,54
2487,ニュースを見た。,I watched the news.,2026-07-12T12:57:23.906577+00:00,2026-08-29T05:35:26.246638+00:00,1279,ja,54
2488,漫画を読んだ。,I read manga.,2026-07-12T12:57:23.906577+00:00,2026-08-29T05:35:26.246638+00:00,1280,ja,54
2489,彼は有名人だ。,He's a celebrity.,2026-07-12T12:57:23.906577+00:00,2026-08-29T05:35:26.246638+00:00,1281,ja,54
2490,政治に興味がある。,I'm interested in politics.,2026-07-12T12:57:23.906577+00:00,2026-08-29T05:35:26.246638+00:00,1282,ja,54
2491,会議の文字起こしをした。,I transcribed the meeting.,2026-07-12T12:57:23.906577+00:00,2026-08-29T05:35:26.246638+00:00,1283,ja,54
2492,動画を投稿した。,I posted a video.,2026-07-12T12:57:23.906577+00:00,2026-08-29T05:35:26.246638+00:00,1284,ja,54
2493,新しいチャンネルを登録した。,I subscribed to a new channel.,2026-07-12T12:57:23.906577+00:00,2026-08-29T05:35:26.246638+00:00,1285,ja,54
2494,コメントを書いた。,I wrote a comment.,2026-07-12T12:57:23.906577+00:00,2026-08-29T05:35:26.246638+00:00,1286,ja,54
2495,概要を読んだ。,I read the overview.,2026-07-12T12:57:23.906577+00:00,2026-08-29T05:35:26.246638+00:00,1287,ja,54
2496,動画の視聴時間が長い。,My video viewing time is long.,2026-07-12T12:57:23.906577+00:00,2026-08-29T05:35:26.246638+00:00,1288,ja,54
2497,メッセージに返信した。,I replied to the message.,2026-07-12T12:57:23.906577+00:00,2026-08-29T05:35:26.246638+00:00,1289,ja,54
2498,リンクを共有した。,I shared the link.,2026-07-12T12:57:23.906577+00:00,2026-08-29T05:35:26.246638+00:00,1290,ja,54
2499,動画を再生した。,I played the video.,2026-07-12T12:57:23.906577+00:00,2026-08-29T05:35:26.246638+00:00,1291,ja,54
2500,検索履歴を消した。,I cleared my search history.,2026-07-12T12:57:23.906577+00:00,2026-08-29T05:35:26.246638+00:00,1292,ja,54
2501,新しいアカウントを作成した。,I created a new account.,2026-07-12T12:57:23.906577+00:00,2026-08-29T05:35:26.246638+00:00,1293,ja,54
2502,新着メッセージがある。,There's a new message.,2026-07-12T12:57:23.906577+00:00,2026-08-29T05:35:26.246638+00:00,1294,ja,54
2503,番組が配信された。,The show was streamed.,2026-07-12T12:57:23.906577+00:00,2026-08-29T05:35:26.246638+00:00,1295,ja,54
2504,メールをゴミ箱に移動した。,I moved the email to the trash.,2026-07-12T12:57:23.906577+00:00,2026-08-29T05:35:26.246638+00:00,1296,ja,54
2505,迷惑メールが多い。,There's a lot of spam mail.,2026-07-12T12:57:23.906577+00:00,2026-08-29T05:35:26.246638+00:00,1297,ja,54
2506,メールを下書きに保存した。,I saved the email as a draft.,2026-07-12T12:57:23.906577+00:00,2026-08-29T05:35:26.246638+00:00,1298,ja,54
2507,メールを送信した。,I sent the email.,2026-07-12T12:57:23.906577+00:00,2026-08-29T05:35:26.246638+00:00,1299,ja,54
2508,メールを受信した。,I received an email.,2026-07-12T12:57:23.906577+00:00,2026-08-29T05:35:26.246638+00:00,1300,ja,54
2509,いい物件を見つけた。,I found a good property.,2026-07-12T12:57:23.906577+00:00,2026-08-29T05:35:26.246638+00:00,1301,ja,84
2510,契約にサインした。,I signed the contract.,2026-07-12T12:57:23.906577+00:00,2026-08-29T05:35:26.246638+00:00,1302,ja,84
2511,部屋の内覧をした。,I viewed the room.,2026-07-12T12:57:23.906577+00:00,2026-08-29T05:35:26.246638+00:00,1303,ja,84
2512,来月入居する。,I'll move in next month.,2026-07-12T12:57:23.906577+00:00,2026-08-29T05:35:26.246638+00:00,1304,ja,84
2513,設備が整っている。,The facilities are well equipped.,2026-07-12T12:57:23.906577+00:00,2026-08-29T05:35:26.246638+00:00,1305,ja,84
2514,間取りを確認した。,I checked the floor plan.,2026-07-12T12:57:23.906577+00:00,2026-08-29T05:35:26.246638+00:00,1306,ja,84
2515,築年数が古い。,The building is old.,2026-07-12T12:57:23.906577+00:00,2026-08-29T05:35:26.246638+00:00,1307,ja,84
2516,敷金を払った。,I paid the security deposit.,2026-07-12T12:57:23.906577+00:00,2026-08-29T05:35:26.246638+00:00,1308,ja,84
2517,保証人が必要だ。,A guarantor is required.,2026-07-12T12:57:23.906577+00:00,2026-08-29T05:35:26.246638+00:00,1309,ja,84
2518,更新料を払った。,I paid the lease renewal fee.,2026-07-12T12:57:23.906577+00:00,2026-08-29T05:35:26.246638+00:00,1310,ja,84
2519,仲介手数料がかかった。,A broker's commission was charged.,2026-07-12T12:57:23.906577+00:00,2026-08-29T05:35:26.246638+00:00,1311,ja,84
2520,礼金はなかった。,There was no key money.,2026-07-12T12:57:23.906577+00:00,2026-08-29T05:35:26.246638+00:00,1312,ja,84
2521,新しい住宅を探している。,I'm looking for new housing.,2026-07-12T12:57:23.906577+00:00,2026-08-29T05:35:26.246638+00:00,1313,ja,84
2522,賃貸のアパートに住んでいる。,I live in a rental apartment.,2026-07-12T12:57:23.906577+00:00,2026-08-29T05:35:26.246638+00:00,1314,ja,84
2523,全室禁煙だ。,All rooms are non-smoking.,2026-07-12T12:57:23.906577+00:00,2026-08-29T05:35:26.246638+00:00,1315,ja,84
2524,格安の物件を見つけた。,I found a cheap property.,2026-07-12T12:57:23.906577+00:00,2026-08-29T05:35:26.246638+00:00,1316,ja,84
2525,部屋の清掃をした。,I cleaned the room.,2026-07-12T12:57:23.906577+00:00,2026-08-29T05:35:26.246638+00:00,1317,ja,84
2526,引っ越しの費用がかかる。,Moving costs money.,2026-07-12T12:57:23.906577+00:00,2026-08-29T05:35:26.246638+00:00,1318,ja,84
2527,ゲストを招待した。,I invited a guest.,2026-07-12T12:57:23.906577+00:00,2026-08-29T05:35:26.246638+00:00,1319,ja,84
2528,この物件は人気だ。,This property is popular.,2026-07-12T12:57:23.906577+00:00,2026-08-29T05:35:26.246638+00:00,1320,ja,84
2529,乾燥機を使った。,I used the dryer.,2026-07-12T12:57:23.906577+00:00,2026-08-29T05:35:26.246638+00:00,1321,ja,84
2530,キッチンが広い。,The kitchen is spacious.,2026-07-12T12:57:23.906577+00:00,2026-08-29T05:35:26.246638+00:00,1322,ja,84
2531,駅徒歩五分だ。,It's a five-minute walk from the station.,2026-07-12T12:57:23.906577+00:00,2026-08-29T05:35:26.246638+00:00,1323,ja,84
2532,アパートを借りた。,I rented an apartment.,2026-07-12T12:57:23.906577+00:00,2026-08-29T05:35:26.246638+00:00,1324,ja,84
2533,専用の駐車場がある。,There's a dedicated parking space.,2026-07-12T12:57:23.906577+00:00,2026-08-29T05:35:26.246638+00:00,1325,ja,84
2534,シェアハウスに住んでいる。,I live in a share house.,2026-07-12T12:57:23.906577+00:00,2026-08-29T05:35:26.246638+00:00,1326,ja,84
2535,この家は資産価値が高い。,This house has high asset value.,2026-07-12T12:57:23.906577+00:00,2026-08-29T05:35:26.246638+00:00,1327,ja,84
2536,駐車場を借りた。,I rented a parking space.,2026-07-12T12:57:23.906577+00:00,2026-08-29T05:35:26.246638+00:00,1328,ja,84
2537,この部屋は三十平米だ。,This room is 30 square meters.,2026-07-12T12:57:23.906577+00:00,2026-08-29T05:35:26.246638+00:00,1329,ja,84
2538,保証会社を利用した。,I used a guarantor company.,2026-07-12T12:57:23.906577+00:00,2026-08-29T05:35:26.246638+00:00,1330,ja,84
2539,この家は木造だ。,This house is wooden.,2026-07-12T12:57:23.906577+00:00,2026-08-29T05:35:26.246638+00:00,1331,ja,84
2540,浴室が新しい。,The bathroom is new.,2026-07-12T12:57:23.906577+00:00,2026-08-29T05:35:26.246638+00:00,1332,ja,84
2541,部屋を見学した。,I toured the room.,2026-07-12T12:57:23.906577+00:00,2026-08-29T05:35:26.246638+00:00,1333,ja,84
2542,専有面積を確認した。,I checked the exclusive floor area.,2026-07-12T12:57:23.906577+00:00,2026-08-29T05:35:26.246638+00:00,1334,ja,84
2543,保証金を払った。,I paid the security deposit.,2026-07-12T12:57:23.906577+00:00,2026-08-29T05:35:26.246638+00:00,1335,ja,84
2544,初期費用が高い。,The initial costs are high.,2026-07-12T12:57:23.906577+00:00,2026-08-29T05:35:26.246638+00:00,1336,ja,84
2545,賃料を払った。,I paid the rent.,2026-07-12T12:57:23.906577+00:00,2026-08-29T05:35:26.246638+00:00,1337,ja,84
2546,不動産会社に相談した。,I consulted a real estate agency.,2026-07-12T12:57:23.906577+00:00,2026-08-29T05:35:26.246638+00:00,1338,ja,84
2547,新築のマンションを買った。,I bought a newly built condo.,2026-07-12T12:57:23.906577+00:00,2026-08-29T05:35:26.246638+00:00,1339,ja,84
2548,一戸建てに住みたい。,I want to live in a detached house.,2026-07-12T12:57:23.906577+00:00,2026-08-29T05:35:26.246638+00:00,1340,ja,84
2549,マンションを購入した。,I purchased a condominium.,2026-07-12T12:57:23.906577+00:00,2026-08-29T05:35:26.246638+00:00,1341,ja,84
2550,キャンペーンに参加した。,I participated in the campaign.,2026-07-12T12:57:23.906577+00:00,2026-08-29T05:35:26.246638+00:00,1342,ja,84
2551,顧客の目線で考える。,Think from the customer's perspective.,2026-07-12T12:57:23.906577+00:00,2026-08-29T05:35:26.246638+00:00,1343,ja,84
2552,スタッフに聞いた。,I asked the staff.,2026-07-12T12:57:23.906577+00:00,2026-08-29T05:35:26.246638+00:00,1344,ja,84
2553,サポートに連絡した。,I contacted support.,2026-07-12T12:57:23.906577+00:00,2026-08-29T05:35:26.246638+00:00,1345,ja,84
2554,新サービスが誕生した。,A new service was launched.,2026-07-12T12:57:23.906577+00:00,2026-08-29T05:35:26.246638+00:00,1346,ja,84
2555,この施設は便利だ。,This facility is convenient.,2026-07-12T12:57:23.906577+00:00,2026-08-29T05:35:26.246638+00:00,1347,ja,84
2556,広い空間がある。,There's a spacious area.,2026-07-12T12:57:23.906577+00:00,2026-08-29T05:35:26.246638+00:00,1348,ja,84
2557,この街には魅力がある。,This town has charm.,2026-07-12T12:57:23.906577+00:00,2026-08-29T05:35:26.246638+00:00,1349,ja,84
2558,新人を採用した。,We hired a new employee.,2026-07-12T12:57:23.906577+00:00,2026-08-29T05:35:26.246638+00:00,1350,ja,84
2559,食器を洗った。,I washed the dishes.,2026-07-12T12:57:23.906577+00:00,2026-08-29T05:35:26.246638+00:00,1351,ja,85
2560,タオルで拭いた。,I wiped it with a towel.,2026-07-12T12:57:23.906577+00:00,2026-08-29T05:35:26.246638+00:00,1352,ja,85
2561,猫を飼っている。,I keep a cat.,2026-07-12T12:57:23.906577+00:00,2026-08-29T05:35:26.246638+00:00,1353,ja,85
2562,犬を散歩させた。,I walked the dog.,2026-07-12T12:57:23.906577+00:00,2026-08-29T05:35:26.246638+00:00,1354,ja,85
2563,新しいバッグを買った。,I bought a new bag.,2026-07-12T12:57:23.906577+00:00,2026-08-29T05:35:26.246638+00:00,1355,ja,85
2564,靴を脱いだ。,I took off my shoes.,2026-07-12T12:57:23.906577+00:00,2026-08-29T05:35:26.246638+00:00,1356,ja,85
2565,新しいプランに変更した。,I switched to a new plan.,2026-07-12T12:57:23.906577+00:00,2026-08-29T05:35:26.246638+00:00,1357,ja,86
2566,無料診断を受けた。,I got a free diagnosis.,2026-07-12T12:57:23.906577+00:00,2026-08-29T05:35:26.246638+00:00,1358,ja,86
2567,申し込みを済ませた。,I completed the application.,2026-07-12T12:57:23.906577+00:00,2026-08-29T05:35:26.246638+00:00,1359,ja,86
2568,通信速度が遅い。,The communication speed is slow.,2026-07-12T12:57:23.906577+00:00,2026-08-29T05:35:26.246638+00:00,1360,ja,86
2569,法人向けのプランだ。,It's a plan for corporations.,2026-07-12T12:57:23.906577+00:00,2026-08-29T05:35:26.246638+00:00,1361,ja,86
2570,個人で利用している。,I use it as an individual.,2026-07-12T12:57:23.906577+00:00,2026-08-29T05:35:26.246638+00:00,1362,ja,86
2571,セキュリティを強化した。,I strengthened security.,2026-07-12T12:57:23.906577+00:00,2026-08-29T05:35:26.246638+00:00,1363,ja,80
2572,バーコードを読み取った。,I scanned the barcode.,2026-07-12T12:57:23.906577+00:00,2026-08-29T05:35:26.246638+00:00,1364,ja,80
2573,バーコードをスキャンした。,I scanned the barcode.,2026-07-12T12:57:23.906577+00:00,2026-08-29T05:35:26.246638+00:00,1365,ja,80
2574,不正利用を防ぐ。,Prevent fraudulent use.,2026-07-12T12:57:23.906577+00:00,2026-08-29T05:35:26.246638+00:00,1366,ja,80
2575,加盟店で使える。,It can be used at affiliated stores.,2026-07-12T12:57:23.906577+00:00,2026-08-29T05:35:26.246638+00:00,1367,ja,80
2576,投資を始めた。,I started investing.,2026-07-12T12:57:23.906577+00:00,2026-08-29T05:35:26.246638+00:00,1368,ja,80
2577,クーポンを使った。,I used a coupon.,2026-07-12T12:57:23.906577+00:00,2026-08-29T05:35:26.246638+00:00,1369,ja,80
2578,ポイントが貯まった。,Points have accumulated.,2026-07-12T12:57:23.906577+00:00,2026-08-29T05:35:26.246638+00:00,1370,ja,80
2579,公共料金を払った。,I paid the utility bills.,2026-07-12T12:57:23.906577+00:00,2026-08-29T05:35:26.246638+00:00,1371,ja,80
2580,本人確認が必要だ。,Identity verification is required.,2026-07-12T12:57:23.906577+00:00,2026-08-29T05:35:26.246638+00:00,1372,ja,80
2581,現金で払った。,I paid in cash.,2026-07-12T12:57:23.906577+00:00,2026-08-29T05:35:26.246638+00:00,1373,ja,80
2582,銀行口座を開いた。,I opened a bank account.,2026-07-12T12:57:23.906577+00:00,2026-08-29T05:35:26.246638+00:00,1374,ja,80
2583,カードにチャージした。,I topped up the card.,2026-07-12T12:57:23.906577+00:00,2026-08-29T05:35:26.246638+00:00,1375,ja,80
2584,残高を確認した。,I checked the balance.,2026-07-12T12:57:23.906577+00:00,2026-08-29T05:35:26.246638+00:00,1376,ja,80
2585,顧客に連絡した。,I contacted the customer.,2026-07-12T12:57:23.906577+00:00,2026-08-29T05:35:26.246638+00:00,1377,ja,80
2586,株価指数が上がった。,The stock index rose.,2026-07-12T12:57:23.906577+00:00,2026-08-29T05:35:26.246638+00:00,1378,ja,80
2587,出典を明記した。,I cited the source.,2026-07-12T12:57:23.906577+00:00,2026-08-29T05:35:26.246638+00:00,1379,ja,80
2588,バスに乗った。,I got on the bus.,2026-07-12T12:57:23.906577+00:00,2026-08-29T05:35:26.246638+00:00,1380,ja,80
2589,資料を用意した。,I prepared the documents.,2026-07-12T12:57:23.906577+00:00,2026-08-29T05:35:26.246638+00:00,1381,ja,80
2590,一部だけ払った。,I paid only part of it.,2026-07-12T12:57:23.906577+00:00,2026-08-29T05:35:26.246638+00:00,1382,ja,80
2591,ポイントが付与された。,Points were granted.,2026-07-12T12:57:23.906577+00:00,2026-08-29T05:35:26.246638+00:00,1383,ja,80
2592,記念品を進呈した。,We presented a commemorative gift.,2026-07-12T12:57:23.906577+00:00,2026-08-29T05:35:26.246638+00:00,1384,ja,80
2593,このセールは対象外だ。,This isn't eligible for the sale.,2026-07-12T12:57:23.906577+00:00,2026-08-29T05:35:26.246638+00:00,1385,ja,80
2594,期間限定の商品だ。,It's a limited-time product.,2026-07-12T12:57:23.906577+00:00,2026-08-29T05:35:26.246638+00:00,1386,ja,80
2595,ポイント還元があった。,There was a point cashback.,2026-07-12T12:57:23.906577+00:00,2026-08-29T05:35:26.246638+00:00,1387,ja,80
2596,スマホで決済した。,I paid with my phone.,2026-07-12T12:57:23.906577+00:00,2026-08-29T05:35:26.246638+00:00,1388,ja,80
2597,出発地点を決めた。,I decided on the starting point.,2026-07-12T12:57:23.906577+00:00,2026-08-29T05:35:26.246638+00:00,1389,ja,39
2598,電車が運行している。,The train is running.,2026-07-12T12:57:23.906577+00:00,2026-08-29T05:35:26.246638+00:00,1390,ja,39
2599,定期を買った。,I bought a commuter pass.,2026-07-12T12:57:23.906577+00:00,2026-08-29T05:35:26.246638+00:00,1391,ja,39
2600,電車が混雑している。,The train is crowded.,2026-07-12T12:57:23.906577+00:00,2026-08-29T05:35:26.246638+00:00,1392,ja,39
2601,東京経由で行った。,I went via Tokyo.,2026-07-12T12:57:23.906577+00:00,2026-08-29T05:35:26.246638+00:00,1393,ja,39
2602,旅行の目的は何ですか。,What's the purpose of the trip?,2026-07-12T12:57:23.906577+00:00,2026-08-29T05:35:26.246638+00:00,1394,ja,39
2603,目的地に着いた。,I arrived at the destination.,2026-07-12T12:57:23.906577+00:00,2026-08-29T05:35:26.246638+00:00,1395,ja,39
2604,出発地を入力した。,I entered the departure point.,2026-07-12T12:57:23.906577+00:00,2026-08-29T05:35:26.246638+00:00,1396,ja,39
2605,駅まで徒歩で行った。,I walked to the station.,2026-07-12T12:57:23.906577+00:00,2026-08-29T05:35:26.246638+00:00,1397,ja,39
2606,時刻表を確認した。,I checked the timetable.,2026-07-12T12:57:23.906577+00:00,2026-08-29T05:35:26.246638+00:00,1398,ja,39
2607,予定を変更した。,I changed the plan.,2026-07-12T12:57:23.906577+00:00,2026-08-29T05:35:26.246638+00:00,1399,ja,39
2608,直前に予約した。,I made a last-minute reservation.,2026-07-12T12:57:23.906577+00:00,2026-08-29T05:35:26.246638+00:00,1400,ja,39
2609,情報を集めた。,I gathered information.,2026-07-12T12:57:23.906577+00:00,2026-08-29T05:35:26.246638+00:00,1401,ja,39
2610,ペットと泊まれる宿だ。,It's an inn where you can stay with your pet.,2026-07-12T12:57:23.906577+00:00,2026-08-29T05:35:26.246638+00:00,1402,ja,39
2611,席を予約した。,I reserved a seat.,2026-07-12T12:57:23.906577+00:00,2026-08-29T05:35:26.246638+00:00,1403,ja,39
2612,送迎サービスがある。,There's a pick-up service.,2026-07-12T12:57:23.906577+00:00,2026-08-29T05:35:26.246638+00:00,1404,ja,39
2613,連休に旅行した。,I traveled during the consecutive holidays.,2026-07-12T12:57:23.906577+00:00,2026-08-29T05:35:26.246638+00:00,1405,ja,39
2614,民宿に泊まった。,I stayed at a guesthouse.,2026-07-12T12:57:23.906577+00:00,2026-08-29T05:35:26.246638+00:00,1406,ja,39
2615,日帰りで温泉に行った。,I went to a hot spring on a day trip.,2026-07-12T12:57:23.906577+00:00,2026-08-29T05:35:26.246638+00:00,1407,ja,39
2616,大阪へ出張した。,I went on a business trip to Osaka.,2026-07-12T12:57:23.906577+00:00,2026-08-29T05:35:26.246638+00:00,1408,ja,39
2617,いい宿を見つけた。,I found a nice inn.,2026-07-12T12:57:23.906577+00:00,2026-08-29T05:35:26.246638+00:00,1409,ja,39
2618,十時にチェックアウトした。,I checked out at ten.,2026-07-12T12:57:23.906577+00:00,2026-08-29T05:35:26.246638+00:00,1410,ja,39
2619,ホテルにチェックインした。,I checked in at the hotel.,2026-07-12T12:57:23.906577+00:00,2026-08-29T05:35:26.246638+00:00,1411,ja,39
2620,通常より高い。,It's more expensive than usual.,2026-07-12T12:57:23.906577+00:00,2026-08-29T05:35:26.246638+00:00,1412,ja,39
2621,朝食は無料だ。,Breakfast is free.,2026-07-12T12:57:23.906577+00:00,2026-08-29T05:35:26.246638+00:00,1413,ja,39
2622,公共交通機関を使った。,I used public transportation.,2026-07-12T12:57:23.906577+00:00,2026-08-29T05:35:26.246638+00:00,1414,ja,39
2623,民泊に泊まった。,I stayed at a private lodging.,2026-07-12T12:57:23.906577+00:00,2026-08-29T05:35:26.246638+00:00,1415,ja,39
2624,朝食を食べた。,I ate breakfast.,2026-07-12T12:57:23.906577+00:00,2026-08-29T05:35:26.246638+00:00,1416,ja,39
2625,博物館を訪れた。,I visited the museum.,2026-07-12T12:57:23.906577+00:00,2026-08-29T05:35:26.246638+00:00,1417,ja,39
2626,美術館で絵を見た。,I saw paintings at the art museum.,2026-07-12T12:57:23.906577+00:00,2026-08-29T05:35:26.246638+00:00,1418,ja,39
2627,設定を変更した。,I changed the settings.,2026-07-12T12:57:23.906577+00:00,2026-08-29T05:35:26.246638+00:00,1419,ja,39
2628,道が渋滞している。,The road is jammed with traffic.,2026-07-12T12:57:23.906577+00:00,2026-08-29T05:35:26.246638+00:00,1420,ja,39
2629,現在地を表示した。,It displayed the current location.,2026-07-12T12:57:23.906577+00:00,2026-08-29T05:35:26.246638+00:00,1421,ja,39
2630,職場まで一時間かかる。,It takes an hour to get to my workplace.,2026-07-12T12:57:23.906577+00:00,2026-08-29T05:35:26.246638+00:00,1422,ja,39
2631,自宅で働いている。,I work from home.,2026-07-12T12:57:23.906577+00:00,2026-08-29T05:35:26.246638+00:00,1423,ja,39
2632,加湿器をつけた。,I turned on the humidifier.,2026-07-12T12:57:23.906577+00:00,2026-08-29T05:35:26.246638+00:00,1424,ja,76
2633,服をハンガーにかけた。,I hung the clothes on a hanger.,2026-07-12T12:57:23.906577+00:00,2026-08-29T05:35:26.246638+00:00,1425,ja,76
2634,洗濯をした。,I did the laundry.,2026-07-12T12:57:23.906577+00:00,2026-08-29T05:35:26.246638+00:00,1426,ja,76
2635,保存容器に入れた。,I put it in a storage container.,2026-07-12T12:57:23.906577+00:00,2026-08-29T05:35:26.246638+00:00,1427,ja,76
2636,子供に玩具を買った。,I bought a toy for the child.,2026-07-12T12:57:23.906577+00:00,2026-08-29T05:35:26.246638+00:00,1428,ja,76
2637,ギフトを贈った。,I gave a gift.,2026-07-12T12:57:23.906577+00:00,2026-08-29T05:35:26.246638+00:00,1429,ja,76
2638,収納が多い部屋だ。,It's a room with lots of storage.,2026-07-12T12:57:23.906577+00:00,2026-08-29T05:35:26.246638+00:00,1430,ja,76
2639,文具を買った。,I bought stationery.,2026-07-12T12:57:23.906577+00:00,2026-08-29T05:35:26.246638+00:00,1431,ja,76
2640,メガネをかけた。,I put on glasses.,2026-07-12T12:57:23.906577+00:00,2026-08-29T05:35:26.246638+00:00,1432,ja,76
2641,救急箱を用意した。,I prepared a first-aid kit.,2026-07-12T12:57:23.906577+00:00,2026-08-29T05:35:26.246638+00:00,1433,ja,76
2642,衛生に気をつけている。,I'm careful about hygiene.,2026-07-12T12:57:23.906577+00:00,2026-08-29T05:35:26.246638+00:00,1434,ja,76
2643,ヘアケア用品を買った。,I bought hair care products.,2026-07-12T12:57:23.906577+00:00,2026-08-29T05:35:26.246638+00:00,1435,ja,76
2644,インテリアを変えた。,I changed the interior decor.,2026-07-12T12:57:23.906577+00:00,2026-08-29T05:35:26.246638+00:00,1436,ja,76
2645,新生児の服を買った。,I bought clothes for a newborn.,2026-07-12T12:57:23.906577+00:00,2026-08-29T05:35:26.246638+00:00,1437,ja,74
2646,来月出産する予定だ。,I'm due to give birth next month.,2026-07-12T12:57:23.906577+00:00,2026-08-29T05:35:26.246638+00:00,1438,ja,74
2647,フォーマルな服を着た。,I wore formal clothes.,2026-07-12T12:57:23.906577+00:00,2026-08-29T05:35:26.246638+00:00,1439,ja,74
2648,ルームウェアに着替えた。,I changed into loungewear.,2026-07-12T12:57:23.906577+00:00,2026-08-29T05:35:26.246638+00:00,1440,ja,74
2649,下着を買った。,I bought underwear.,2026-07-12T12:57:23.906577+00:00,2026-08-29T05:35:26.246638+00:00,1441,ja,74
2650,インナーを重ね着した。,I layered innerwear.,2026-07-12T12:57:23.906577+00:00,2026-08-29T05:35:26.246638+00:00,1442,ja,74
2651,寒いのでアウターを着た。,I wore outerwear because it was cold.,2026-07-12T12:57:23.906577+00:00,2026-08-29T05:35:26.246638+00:00,1443,ja,74
2652,ワンピースを買った。,I bought a dress.,2026-07-12T12:57:23.906577+00:00,2026-08-29T05:35:26.246638+00:00,1444,ja,74
2653,スカートを履いた。,I put on a skirt.,2026-07-12T12:57:23.906577+00:00,2026-08-29T05:35:26.246638+00:00,1445,ja,74
2654,パンツを試着した。,I tried on the pants.,2026-07-12T12:57:23.906577+00:00,2026-08-29T05:35:26.246638+00:00,1446,ja,74
2655,白いシャツを買った。,I bought a white shirt.,2026-07-12T12:57:23.906577+00:00,2026-08-29T05:35:26.246638+00:00,1447,ja,74
2656,カーディガンを羽織った。,I put on a cardigan.,2026-07-12T12:57:23.906577+00:00,2026-08-29T05:35:26.246638+00:00,1448,ja,74
2657,セーターを着た。,I wore a sweater.,2026-07-12T12:57:23.906577+00:00,2026-08-29T05:35:26.246638+00:00,1449,ja,74
2658,Tシャツを買った。,I bought a T-shirt.,2026-07-12T12:57:23.906577+00:00,2026-08-29T05:35:26.246638+00:00,1450,ja,74
2659,折りたたみの傘を持っている。,I have a folding umbrella.,2026-07-12T12:57:23.906577+00:00,2026-08-29T05:35:26.246638+00:00,1451,ja,77
2660,玄関で靴を脱いだ。,I took off my shoes at the entryway.,2026-07-12T12:57:23.906577+00:00,2026-08-29T05:35:26.246638+00:00,1452,ja,77
2661,座布団に座った。,I sat on a floor cushion.,2026-07-12T12:57:23.906577+00:00,2026-08-29T05:35:26.246638+00:00,1453,ja,77
2662,こたつに入った。,I got into the kotatsu.,2026-07-12T12:57:23.906577+00:00,2026-08-29T05:35:26.246638+00:00,1454,ja,77
2663,デスクを片付けた。,I tidied up the desk.,2026-07-12T12:57:23.906577+00:00,2026-08-29T05:35:26.246638+00:00,1455,ja,77
2664,本棚に本を並べた。,I lined up books on the bookshelf.,2026-07-12T12:57:23.906577+00:00,2026-08-29T05:35:26.246638+00:00,1456,ja,77
2665,テレビ台を買った。,I bought a TV stand.,2026-07-12T12:57:23.906577+00:00,2026-08-29T05:35:26.246638+00:00,1457,ja,77
2666,食器棚に皿を入れた。,I put plates in the cupboard.,2026-07-12T12:57:23.906577+00:00,2026-08-29T05:35:26.246638+00:00,1458,ja,77
2667,椅子に座った。,I sat in the chair.,2026-07-12T12:57:23.906577+00:00,2026-08-29T05:35:26.246638+00:00,1459,ja,77
2668,クッションを置いた。,I placed a cushion.,2026-07-12T12:57:23.906577+00:00,2026-08-29T05:35:26.246638+00:00,1460,ja,77
2669,カーペットを敷いた。,I laid down a carpet.,2026-07-12T12:57:23.906577+00:00,2026-08-29T05:35:26.246638+00:00,1461,ja,77
2670,カーテンを閉めた。,I closed the curtain.,2026-07-12T12:57:23.906577+00:00,2026-08-29T05:35:26.246638+00:00,1462,ja,77
2671,照明を暗くした。,I dimmed the lighting.,2026-07-12T12:57:23.906577+00:00,2026-08-29T05:35:26.246638+00:00,1463,ja,77
2672,ソファでくつろいだ。,I relaxed on the sofa.,2026-07-12T12:57:23.906577+00:00,2026-08-29T05:35:26.246638+00:00,1464,ja,77
2673,寝具を新しくした。,I got new bedding.,2026-07-12T12:57:23.906577+00:00,2026-08-29T05:35:26.246638+00:00,1465,ja,77
2674,布団を干した。,I aired out the futon.,2026-07-12T12:57:23.906577+00:00,2026-08-29T05:35:26.246638+00:00,1466,ja,77
2675,マットレスを買い替えた。,I replaced the mattress.,2026-07-12T12:57:23.906577+00:00,2026-08-29T05:35:26.246638+00:00,1467,ja,77
2676,ベッドで寝た。,I slept in the bed.,2026-07-12T12:57:23.906577+00:00,2026-08-29T05:35:26.246638+00:00,1468,ja,77
2677,石鹸で手を洗った。,I washed my hands with soap.,2026-07-12T12:57:23.906577+00:00,2026-08-29T05:35:26.246638+00:00,1469,ja,72
2678,シャンプーを変えた。,I changed shampoos.,2026-07-12T12:57:23.906577+00:00,2026-08-29T05:35:26.246638+00:00,1470,ja,72
2679,焼酎を飲んだ。,I drank shochu.,2026-07-12T12:57:23.906577+00:00,2026-08-29T05:35:26.246638+00:00,1471,ja,72
2680,紅茶を入れた。,I made black tea.,2026-07-12T12:57:23.906577+00:00,2026-08-29T05:35:26.246638+00:00,1472,ja,72
2681,炭酸水を飲んだ。,I drank carbonated water.,2026-07-12T12:57:23.906577+00:00,2026-08-29T05:35:26.246638+00:00,1473,ja,72
2682,朝はパンを食べる。,I eat bread in the morning.,2026-07-12T12:57:23.906577+00:00,2026-08-29T05:35:26.246638+00:00,1474,ja,72
2683,乾物を買った。,I bought dried goods.,2026-07-12T12:57:23.906577+00:00,2026-08-29T05:35:26.246638+00:00,1475,ja,72
2684,調味料を加えた。,I added seasoning.,2026-07-12T12:57:23.906577+00:00,2026-08-29T05:35:26.246638+00:00,1476,ja,72
2685,麺類が好きだ。,I like noodles.,2026-07-12T12:57:23.906577+00:00,2026-08-29T05:35:26.246638+00:00,1477,ja,72
2686,鮮魚コーナーで買った。,I bought it at the fresh fish section.,2026-07-12T12:57:23.906577+00:00,2026-08-29T05:35:26.246638+00:00,1478,ja,72
2687,精肉コーナーに行った。,I went to the meat section.,2026-07-12T12:57:23.906577+00:00,2026-08-29T05:35:26.246638+00:00,1479,ja,72
2688,青果コーナーで野菜を買った。,I bought vegetables at the produce section.,2026-07-12T12:57:23.906577+00:00,2026-08-29T05:35:26.246638+00:00,1480,ja,72
2689,冷凍食品を買った。,I bought frozen food.,2026-07-12T12:57:23.906577+00:00,2026-08-29T05:35:26.246638+00:00,1481,ja,72
2690,惣菜を買って帰った。,I bought prepared side dishes and went home.,2026-07-12T12:57:23.906577+00:00,2026-08-29T05:35:26.246638+00:00,1482,ja,72
2691,このサイトは幅広い情報を扱う。,This site covers a wide range of information.,2026-07-12T12:57:23.906577+00:00,2026-08-29T05:35:26.246638+00:00,1483,ja,54
2692,リビングでテレビを見た。,I watched TV in the living room.,2026-07-12T12:57:23.906577+00:00,2026-08-29T05:35:26.246638+00:00,1484,ja,28
2693,空室を確認した。,I checked for vacancies.,2026-07-12T12:57:23.906577+00:00,2026-08-29T05:35:26.246638+00:00,1485,ja,84
2694,自動車を運転した。,I drove a car.,2026-07-12T12:57:23.906577+00:00,2026-08-29T05:35:26.246638+00:00,1486,ja,59
2695,保険に入った。,I got insurance.,2026-07-12T12:57:23.906577+00:00,2026-08-29T05:35:26.246638+00:00,1487,ja,80
2696,部屋を掃除した。,I cleaned the room.,2026-07-12T12:57:23.906577+00:00,2026-08-29T05:35:26.246638+00:00,1488,ja,28
2697,洗剤を買った。,I bought detergent.,2026-07-12T12:57:23.906577+00:00,2026-08-29T05:35:26.246638+00:00,1489,ja,78
2698,ビールを飲んだ。,I drank beer.,2026-07-12T12:57:23.906577+00:00,2026-08-29T05:35:26.246638+00:00,1490,ja,28
2699,コーヒーを飲んだ。,I drank coffee.,2026-07-12T12:57:23.906577+00:00,2026-08-29T05:35:26.246638+00:00,1491,ja,28
2700,花を買った。,I bought flowers.,2026-07-12T12:57:23.906577+00:00,2026-08-29T05:35:26.246638+00:00,1492,ja,50
2701,帽子をかぶった。,I put on a hat.,2026-07-12T12:57:23.906577+00:00,2026-08-29T05:35:26.246638+00:00,1493,ja,74
2702,財布を忘れた。,I forgot my wallet.,2026-07-12T12:57:23.906577+00:00,2026-07-12T12:57:23.906577+00:00,1494,ja,
2703,近くの店舗に行った。,I went to the nearby store.,2026-07-12T12:57:23.906577+00:00,2026-07-12T12:57:23.906577+00:00,1495,ja,
2704,写真を編集した。,I edited the photo.,2026-07-12T12:57:23.906577+00:00,2026-08-29T05:35:26.246638+00:00,1496,ja,54
2705,ファイルを保存した。,I saved the file.,2026-07-12T12:57:23.906577+00:00,2026-08-29T05:35:26.246638+00:00,1497,ja,48
2706,アカウントを登録した。,I registered an account.,2026-07-12T12:57:23.906577+00:00,2026-08-29T05:35:26.246638+00:00,1498,ja,54
2707,インターネットで検索した。,I searched on the internet.,2026-07-12T12:57:23.906577+00:00,2026-08-29T05:35:26.246638+00:00,1499,ja,54
2708,個室を予約した。,I reserved a private room.,2026-07-12T12:57:23.906577+00:00,2026-08-29T05:35:26.246638+00:00,1500,ja,71
2709,寿司を食べに行った。,I went to eat sushi.,2026-07-12T12:57:23.906577+00:00,2026-08-29T05:35:26.246638+00:00,1501,ja,71
2710,目玉焼きを作った。,I made a fried egg.,2026-07-12T12:57:23.906577+00:00,2026-08-29T05:35:26.246638+00:00,1502,ja,28
2711,ポン酢をかけた。,I poured ponzu sauce on it.,2026-07-12T12:57:23.906577+00:00,2026-08-29T05:35:26.246638+00:00,1503,ja,28
2712,わさびを少しつけた。,I added a little wasabi.,2026-07-12T12:57:23.906577+00:00,2026-08-29T05:35:26.246638+00:00,1504,ja,28
2713,みそ汁を飲んだ。,I drank miso soup.,2026-07-12T12:57:23.906577+00:00,2026-08-29T05:35:26.246638+00:00,1505,ja,28
2714,ステーキを焼いた。,I grilled a steak.,2026-07-12T12:57:23.906577+00:00,2026-08-29T05:35:26.246638+00:00,1506,ja,28
