id,word_id,kanji_id,created_at,kanji_meaning_in_word,updated_at
127,3,1,2026-06-28T06:14:33.713204+00:00,to divide (the price),2026-06-28T07:02:31.383319+00:00
128,3,2,2026-06-28T06:14:33.713204+00:00,to pull down (the price),2026-06-28T07:02:31.383319+00:00
129,4,3,2026-06-28T06:14:33.713204+00:00,boxed meal,2026-06-28T07:02:31.383319+00:00
130,4,4,2026-06-28T06:14:33.713204+00:00,packed/contained,2026-06-28T07:02:31.383319+00:00
131,5,5,2026-06-28T06:14:33.713204+00:00,to make warm,2026-06-28T07:02:31.383319+00:00
132,6,6,2026-06-28T06:14:33.713204+00:00,bag/pouch,2026-06-28T07:02:31.383319+00:00
136,8,10,2026-06-28T06:14:33.713204+00:00,shop/establishment,2026-06-28T07:02:31.383319+00:00
137,8,11,2026-06-28T06:14:33.713204+00:00,person/staff member,2026-06-28T07:02:31.383319+00:00
138,9,12,2026-06-28T06:14:33.713204+00:00,to drink,2026-06-28T07:02:31.383319+00:00
139,9,13,2026-06-28T06:14:33.713204+00:00,thing/item,2026-06-28T07:02:31.383319+00:00
140,11,14,2026-06-28T06:14:33.713204+00:00,to go out,2026-06-28T07:02:31.383319+00:00
141,11,15,2026-06-28T06:14:33.713204+00:00,opening/gate,2026-06-28T07:02:31.383319+00:00
142,12,16,2026-06-28T06:14:33.713204+00:00,to go in,2026-06-28T07:02:31.383319+00:00
143,12,15,2026-06-28T06:14:33.713204+00:00,opening/gate,2026-06-28T07:02:31.383319+00:00
144,13,17,2026-06-28T06:14:33.713204+00:00,to board/ride,2026-06-28T07:02:31.383319+00:00
145,13,18,2026-06-28T06:14:33.713204+00:00,to switch/change,2026-06-28T07:02:31.383319+00:00
146,14,19,2026-06-28T06:14:33.713204+00:00,to check/verify,2026-06-28T07:02:31.383319+00:00
147,14,20,2026-06-28T06:14:33.713204+00:00,ticket/card,2026-06-28T07:02:31.383319+00:00
148,16,21,2026-06-28T06:14:33.713204+00:00,fixed/regular,2026-06-28T07:02:31.383319+00:00
149,16,22,2026-06-28T06:14:33.713204+00:00,period/term,2026-06-28T07:02:31.383319+00:00
150,16,23,2026-06-28T06:14:33.713204+00:00,pass/ticket,2026-06-28T07:02:31.383319+00:00
151,17,24,2026-06-28T06:14:33.713204+00:00,to be late,2026-06-28T07:02:31.383319+00:00
152,17,25,2026-06-28T06:14:33.713204+00:00,to stretch out (in time),2026-06-28T07:02:31.383319+00:00
153,18,26,2026-06-28T06:14:33.713204+00:00,to end/last,2026-06-28T07:02:31.383319+00:00
154,18,27,2026-06-28T06:14:33.713204+00:00,train (electric),2026-06-28T07:02:31.383319+00:00
155,19,28,2026-06-28T06:14:33.713204+00:00,to transport,2026-06-28T07:02:31.383319+00:00
156,19,29,2026-06-28T06:14:33.713204+00:00,fee/cost,2026-06-28T07:02:31.383319+00:00
157,20,30,2026-06-28T06:14:33.713204+00:00,self/one's own,2026-06-28T07:02:31.383319+00:00
158,20,31,2026-06-28T06:14:33.713204+00:00,free/unrestricted,2026-06-28T07:02:31.383319+00:00
159,20,32,2026-06-28T06:14:33.713204+00:00,seat,2026-06-28T07:02:31.383319+00:00
160,21,33,2026-06-28T06:14:33.713204+00:00,to try,2026-06-28T07:02:31.383319+00:00
161,21,34,2026-06-28T06:14:33.713204+00:00,to wear/put on,2026-06-28T07:02:31.383319+00:00
162,23,35,2026-06-28T06:14:33.713204+00:00,existing/in stock,2026-06-28T07:02:31.383319+00:00
163,23,36,2026-06-28T06:14:33.713204+00:00,storage/warehouse,2026-06-28T07:02:31.383319+00:00
164,24,37,2026-06-28T06:14:33.713204+00:00,to return,2026-06-28T07:02:31.383319+00:00
165,24,38,2026-06-28T06:14:33.713204+00:00,goods/item,2026-06-28T07:02:31.383319+00:00
166,26,39,2026-06-28T06:14:33.713204+00:00,to send/ship,2026-06-28T07:02:31.383319+00:00
167,26,40,2026-06-28T06:14:33.713204+00:00,fee/charge,2026-06-28T07:02:31.383319+00:00
168,27,41,2026-06-28T06:14:33.713204+00:00,cotton (material),2026-06-28T07:02:31.383319+00:00
169,28,42,2026-06-28T06:14:33.713204+00:00,color,2026-06-28T07:02:31.383319+00:00
170,28,43,2026-06-28T06:14:33.713204+00:00,to differ/be different,2026-06-28T07:02:31.383319+00:00
171,29,44,2026-06-28T06:14:33.713204+00:00,to settle/pay,2026-06-28T07:02:31.383319+00:00
172,29,45,2026-06-28T06:14:33.713204+00:00,to count/tally,2026-06-28T07:02:31.383319+00:00
173,31,46,2026-06-28T06:14:33.713204+00:00,to charge/fill,2026-06-28T07:02:31.383319+00:00
174,31,27,2026-06-28T06:14:33.713204+00:00,powered by electricity,2026-06-28T07:02:31.383319+00:00
175,31,47,2026-06-28T06:14:33.713204+00:00,device/equipment,2026-06-28T07:02:31.383319+00:00
176,32,48,2026-06-28T06:14:33.713204+00:00,to protect/guarantee,2026-06-28T07:02:31.383319+00:00
177,32,49,2026-06-28T06:14:33.713204+00:00,proof/certificate,2026-06-28T07:02:31.383319+00:00
178,33,50,2026-06-28T06:14:33.713204+00:00,to display/exhibit,2026-06-28T07:02:31.383319+00:00
179,33,51,2026-06-28T06:14:33.713204+00:00,to show,2026-06-28T07:02:31.383319+00:00
180,33,38,2026-06-28T06:14:33.713204+00:00,item/product,2026-06-28T07:02:31.383319+00:00
181,34,35,2026-06-28T06:14:33.713204+00:00,existing/in stock,2026-06-28T07:02:31.383319+00:00
182,34,36,2026-06-28T06:14:33.713204+00:00,storage/warehouse,2026-06-28T07:02:31.383319+00:00
183,34,52,2026-06-28T06:14:33.713204+00:00,to cut off/run out,2026-06-28T07:02:31.383319+00:00
184,35,53,2026-06-28T06:14:33.713204+00:00,to fix/restore,2026-06-28T07:02:31.383319+00:00
185,35,54,2026-06-28T06:14:33.713204+00:00,to process/handle,2026-06-28T07:02:31.383319+00:00
186,36,55,2026-06-28T06:14:33.713204+00:00,new/unused,2026-06-28T07:02:31.383319+00:00
187,36,38,2026-06-28T06:14:33.713204+00:00,item/product,2026-06-28T07:02:31.383319+00:00
188,37,56,2026-06-28T06:14:33.713204+00:00,used/pre-owned,2026-06-28T07:02:31.383319+00:00
189,37,57,2026-06-28T06:14:33.713204+00:00,old/previously owned,2026-06-28T07:02:31.383319+00:00
190,38,58,2026-06-28T06:14:33.713204+00:00,to handle/operate,2026-06-28T07:02:31.383319+00:00
191,38,59,2026-06-28T06:14:33.713204+00:00,to deal with,2026-06-28T07:02:31.383319+00:00
192,38,60,2026-06-28T06:14:33.713204+00:00,to explain,2026-06-28T07:02:31.383319+00:00
193,38,61,2026-06-28T06:14:33.713204+00:00,clear/easy to understand,2026-06-28T07:02:31.383319+00:00
194,38,9,2026-06-28T06:14:33.713204+00:00,written document,2026-06-28T07:02:31.383319+00:00
195,39,27,2026-06-28T06:14:33.713204+00:00,powered by electricity,2026-06-28T07:02:31.383319+00:00
196,39,62,2026-06-28T06:14:33.713204+00:00,cell/small container,2026-06-28T07:02:31.383319+00:00
197,40,63,2026-06-28T06:14:33.713204+00:00,in relation to,2026-06-28T07:02:31.383319+00:00
198,40,64,2026-06-28T06:14:33.713204+00:00,to respond/support,2026-06-28T07:02:31.383319+00:00
199,41,65,2026-06-28T06:14:33.713204+00:00,field/grown in nature,2026-06-28T07:02:31.383319+00:00
200,41,66,2026-06-28T06:14:33.713204+00:00,edible plant/greens,2026-06-28T07:02:31.383319+00:00
201,42,67,2026-06-28T06:14:33.713204+00:00,fruit/result,2026-06-28T07:02:31.383319+00:00
202,42,13,2026-06-28T06:14:33.713204+00:00,thing/item,2026-06-28T07:02:31.383319+00:00
203,43,68,2026-06-28T06:14:33.713204+00:00,flesh/animal meat,2026-06-28T07:02:31.383319+00:00
204,44,69,2026-06-28T06:14:33.713204+00:00,fish (seafood),2026-06-28T07:02:31.383319+00:00
205,45,70,2026-06-28T06:14:33.713204+00:00,cold/chilled,2026-06-28T07:02:31.383319+00:00
206,45,71,2026-06-28T06:14:33.713204+00:00,to freeze,2026-06-28T07:02:31.383319+00:00
207,46,72,2026-06-28T06:14:33.713204+00:00,to taste/judge quality,2026-06-28T07:02:31.383319+00:00
208,46,73,2026-06-28T06:14:33.713204+00:00,flavor/taste,2026-06-28T07:02:31.383319+00:00
209,46,22,2026-06-28T06:14:33.713204+00:00,period/term,2026-06-28T07:02:31.383319+00:00
210,46,74,2026-06-28T06:14:33.713204+00:00,limit/deadline,2026-06-28T07:02:31.383319+00:00
211,47,75,2026-06-28T06:14:33.713204+00:00,special/featured,2026-06-28T07:02:31.383319+00:00
212,47,76,2026-06-28T06:14:33.713204+00:00,to sell,2026-06-28T07:02:31.383319+00:00
213,48,77,2026-06-28T06:14:33.713204+00:00,country/domestic,2026-06-28T07:02:31.383319+00:00
214,48,78,2026-06-28T06:14:33.713204+00:00,produced/grown,2026-06-28T07:02:31.383319+00:00
215,49,79,2026-06-28T06:14:33.713204+00:00,to exist/have,2026-06-28T07:02:31.383319+00:00
216,49,80,2026-06-28T06:14:33.713204+00:00,naturally occurring/organic,2026-06-28T07:02:31.383319+00:00
217,50,81,2026-06-28T06:14:33.713204+00:00,bean/legume,2026-06-28T07:02:31.383319+00:00
218,50,82,2026-06-28T06:14:33.713204+00:00,fermented/soft,2026-06-28T07:02:31.383319+00:00
219,51,83,2026-06-28T06:14:33.713204+00:00,to scatter/cut (hair),2026-06-28T07:02:31.383319+00:00
220,51,84,2026-06-28T06:14:33.713204+00:00,hair (on head),2026-06-28T07:02:31.383319+00:00
221,52,85,2026-06-28T06:14:33.713204+00:00,in advance/beforehand,2026-06-28T07:02:31.383319+00:00
222,52,86,2026-06-28T06:14:33.713204+00:00,to promise/book,2026-06-28T07:02:31.383319+00:00
223,53,87,2026-06-28T06:14:33.713204+00:00,to arrange/style,2026-06-28T07:02:31.383319+00:00
224,53,84,2026-06-28T06:14:33.713204+00:00,hair (on head),2026-06-28T07:02:31.383319+00:00
225,53,40,2026-06-28T06:14:33.713204+00:00,product/material,2026-06-28T07:02:31.383319+00:00
226,54,88,2026-06-28T06:14:33.713204+00:00,beard/facial hair,2026-06-28T07:02:31.383319+00:00
227,54,89,2026-06-28T06:14:33.713204+00:00,to shave,2026-06-28T07:02:31.383319+00:00
228,55,90,2026-06-28T06:14:33.713204+00:00,front/forward,2026-06-28T07:02:31.383319+00:00
229,55,84,2026-06-28T06:14:33.713204+00:00,hair (on head),2026-06-28T07:02:31.383319+00:00
230,56,91,2026-06-28T06:14:33.713204+00:00,short,2026-06-28T07:02:31.383319+00:00
231,57,92,2026-06-28T06:14:33.713204+00:00,to finish/complete,2026-06-28T07:02:31.383319+00:00
232,57,93,2026-06-28T06:14:33.713204+00:00,top/final touch,2026-06-28T07:02:31.383319+00:00
233,58,94,2026-06-28T06:14:33.713204+00:00,to wash/clean,2026-06-28T07:02:31.383319+00:00
234,58,84,2026-06-28T06:14:33.713204+00:00,hair (on head),2026-06-28T07:02:31.383319+00:00
235,59,95,2026-06-28T06:14:33.713204+00:00,eyebrow,2026-06-28T07:02:31.383319+00:00
236,59,96,2026-06-28T06:14:33.713204+00:00,hair/fur,2026-06-28T07:02:31.383319+00:00
237,61,97,2026-06-28T06:14:33.713204+00:00,to pour/place an order,2026-06-28T07:02:31.383319+00:00
238,61,98,2026-06-28T06:14:33.713204+00:00,written order/text,2026-06-28T07:02:31.383319+00:00
239,62,21,2026-06-28T06:14:33.713204+00:00,fixed/set,2026-06-28T07:02:31.383319+00:00
240,62,99,2026-06-28T06:14:33.713204+00:00,meal/food,2026-06-28T07:02:31.383319+00:00
241,65,44,2026-06-28T06:14:33.713204+00:00,to settle/pay,2026-06-28T07:02:31.383319+00:00
242,65,45,2026-06-28T06:14:33.713204+00:00,to count/tally,2026-06-28T07:02:31.383319+00:00
243,66,100,2026-06-28T06:14:33.713204+00:00,full/packed,2026-06-28T07:02:31.383319+00:00
244,66,32,2026-06-28T06:14:33.713204+00:00,seat,2026-06-28T07:02:31.383319+00:00
245,67,101,2026-06-28T06:14:33.713204+00:00,to hold/carry,2026-06-28T07:02:31.383319+00:00
246,67,102,2026-06-28T06:14:33.713204+00:00,to return/go back,2026-06-28T07:02:31.383319+00:00
247,68,103,2026-06-28T06:14:33.713204+00:00,spicy/hot,2026-06-28T07:02:31.383319+00:00
248,69,104,2026-06-28T06:14:33.713204+00:00,to forbid/prohibit,2026-06-28T07:02:31.383319+00:00
249,69,105,2026-06-28T06:14:33.713204+00:00,smoke,2026-06-28T07:02:31.383319+00:00
250,70,99,2026-06-28T06:14:33.713204+00:00,to eat,2026-06-28T07:02:31.383319+00:00
251,70,106,2026-06-28T06:14:33.713204+00:00,to release/unlimited,2026-06-28T07:02:31.383319+00:00
252,70,107,2026-06-28T06:14:33.713204+00:00,amount/quantity,2026-06-28T07:02:31.383319+00:00
253,848,108,2026-07-11T13:39:40.647295+00:00,name,2026-07-11T13:39:40.647295+00:00
254,111,108,2026-07-11T13:39:40.647295+00:00,"famous, well-known",2026-07-11T13:39:40.647295+00:00
255,901,109,2026-07-11T13:39:40.647295+00:00,university,2026-07-11T13:39:40.647295+00:00
256,854,109,2026-07-11T13:39:40.647295+00:00,"adult, grown-up",2026-07-11T13:39:40.647295+00:00
257,211,109,2026-07-11T13:39:40.647295+00:00,"important, precious, valued",2026-07-11T13:39:40.647295+00:00
258,104,109,2026-07-11T13:39:40.647295+00:00,"big, large, great",2026-07-11T13:39:40.647295+00:00
259,1057,110,2026-07-11T13:39:40.647295+00:00,elementary school,2026-07-11T13:39:40.647295+00:00
260,72,110,2026-07-11T13:39:40.647295+00:00,"small, little, tiny",2026-07-11T13:39:40.647295+00:00
261,1060,111,2026-07-11T13:39:40.647295+00:00,letter (written),2026-07-11T13:39:40.647295+00:00
262,1050,111,2026-07-11T13:39:40.647295+00:00,left hand,2026-07-11T13:39:40.647295+00:00
263,844,111,2026-07-11T13:39:40.647295+00:00,right hand,2026-07-11T13:39:40.647295+00:00
264,204,111,2026-07-11T13:39:40.647295+00:00,"unskilled, poor at, clumsy",2026-07-11T13:39:40.647295+00:00
265,167,111,2026-07-11T13:39:40.647295+00:00,"skilled, good at, proficient",2026-07-11T13:39:40.647295+00:00
266,96,112,2026-07-11T13:39:40.647295+00:00,"early, fast",2026-07-11T13:39:40.647295+00:00
267,1035,113,2026-07-11T13:39:40.647295+00:00,Japan,2026-07-11T13:39:40.647295+00:00
268,152,113,2026-07-11T13:39:40.647295+00:00,"real, genuine, true",2026-07-11T13:39:40.647295+00:00
269,1031,114,2026-07-11T13:39:40.647295+00:00,"New Year, New Year's holiday",2026-07-11T13:39:40.647295+00:00
270,177,114,2026-07-11T13:39:40.647295+00:00,"correct, right, proper",2026-07-11T13:39:40.647295+00:00
271,121,114,2026-07-11T13:39:40.647295+00:00,"honest, frank, truthful",2026-07-11T13:39:40.647295+00:00
272,197,115,2026-07-11T13:39:40.647295+00:00,white,2026-07-11T13:39:40.647295+00:00
273,987,116,2026-07-11T13:39:40.647295+00:00,"baby, infant",2026-07-11T13:39:40.647295+00:00
274,140,116,2026-07-11T13:39:40.647295+00:00,red,2026-07-11T13:39:40.647295+00:00
275,153,117,2026-07-11T13:39:40.647295+00:00,"blue, green, pale",2026-07-11T13:39:40.647295+00:00
276,854,118,2026-07-11T13:39:40.647295+00:00,"adult, grown-up",2026-07-11T13:39:40.647295+00:00
277,914,119,2026-07-11T13:39:40.647295+00:00,last month,2026-07-11T13:39:40.647295+00:00
278,878,119,2026-07-11T13:39:40.647295+00:00,teacher,2026-07-11T13:39:40.647295+00:00
279,758,119,2026-07-11T13:39:40.647295+00:00,last week,2026-07-11T13:39:40.647295+00:00
280,731,121,2026-07-11T13:39:40.647295+00:00,"effort, endeavor, hard work",2026-07-11T13:39:40.647295+00:00
281,873,122,2026-07-11T13:39:40.647295+00:00,right side,2026-07-11T13:39:40.647295+00:00
282,844,122,2026-07-11T13:39:40.647295+00:00,right hand,2026-07-11T13:39:40.647295+00:00
283,900,123,2026-07-11T13:39:40.647295+00:00,Saturday,2026-07-11T13:39:40.647295+00:00
284,808,124,2026-07-11T13:39:40.647295+00:00,"evening, late afternoon",2026-07-11T13:39:40.647295+00:00
285,896,125,2026-07-11T13:39:40.647295+00:00,weather,2026-07-11T13:39:40.647295+00:00
286,868,126,2026-07-11T13:39:40.647295+00:00,girl,2026-07-11T13:39:40.647295+00:00
287,1061,127,2026-07-11T13:39:40.647295+00:00,boy,2026-07-11T13:39:40.647295+00:00
288,868,127,2026-07-11T13:39:40.647295+00:00,girl,2026-07-11T13:39:40.647295+00:00
289,843,127,2026-07-11T13:39:40.647295+00:00,"child, children",2026-07-11T13:39:40.647295+00:00
290,1001,128,2026-07-11T13:39:40.647295+00:00,"Chinese character, kanji",2026-07-11T13:39:40.647295+00:00
291,1074,130,2026-07-11T13:39:40.647295+00:00,left side,2026-07-11T13:39:40.647295+00:00
292,1050,130,2026-07-11T13:39:40.647295+00:00,left hand,2026-07-11T13:39:40.647295+00:00
293,986,131,2026-07-11T13:39:40.647295+00:00,next year,2026-07-11T13:39:40.647295+00:00
294,928,131,2026-07-11T13:39:40.647295+00:00,last year,2026-07-11T13:39:40.647295+00:00
295,891,131,2026-07-11T13:39:40.647295+00:00,this year,2026-07-11T13:39:40.647295+00:00
296,790,131,2026-07-11T13:39:40.647295+00:00,every year,2026-07-11T13:39:40.647295+00:00
297,1055,132,2026-07-11T13:39:40.647295+00:00,Sunday,2026-07-11T13:39:40.647295+00:00
298,1035,132,2026-07-11T13:39:40.647295+00:00,Japan,2026-07-11T13:39:40.647295+00:00
299,965,132,2026-07-11T13:39:40.647295+00:00,every day,2026-07-11T13:39:40.647295+00:00
300,746,132,2026-07-11T13:39:40.647295+00:00,"diary, journal",2026-07-11T13:39:40.647295+00:00
301,994,133,2026-07-11T13:39:40.647295+00:00,Monday,2026-07-11T13:39:40.647295+00:00
302,938,133,2026-07-11T13:39:40.647295+00:00,this month,2026-07-11T13:39:40.647295+00:00
303,914,133,2026-07-11T13:39:40.647295+00:00,last month,2026-07-11T13:39:40.647295+00:00
304,682,133,2026-07-11T13:39:40.647295+00:00,every month,2026-07-11T13:39:40.647295+00:00
305,1086,134,2026-07-11T13:39:40.647295+00:00,Thursday,2026-07-11T13:39:40.647295+00:00
306,1057,137,2026-07-11T13:39:40.647295+00:00,elementary school,2026-07-11T13:39:40.647295+00:00
307,889,137,2026-07-11T13:39:40.647295+00:00,"middle school, junior high school",2026-07-11T13:39:40.647295+00:00
308,841,137,2026-07-11T13:39:40.647295+00:00,school,2026-07-11T13:39:40.647295+00:00
309,822,137,2026-07-11T13:39:40.647295+00:00,high school,2026-07-11T13:39:40.647295+00:00
310,984,139,2026-07-11T13:39:40.647295+00:00,"feeling, mood, condition",2026-07-11T13:39:40.647295+00:00
311,969,139,2026-07-11T13:39:40.647295+00:00,"feeling, mood",2026-07-11T13:39:40.647295+00:00
312,896,139,2026-07-11T13:39:40.647295+00:00,weather,2026-07-11T13:39:40.647295+00:00
313,89,139,2026-07-11T13:39:40.647295+00:00,"healthy, energetic, cheerful",2026-07-11T13:39:40.647295+00:00
314,999,140,2026-07-11T13:39:40.647295+00:00,Wednesday,2026-07-11T13:39:40.647295+00:00
315,740,140,2026-07-11T13:39:40.647295+00:00,swimming,2026-07-11T13:39:40.647295+00:00
316,959,141,2026-07-11T13:39:40.647295+00:00,Tuesday,2026-07-11T13:39:40.647295+00:00
317,1209,14,2026-07-11T13:39:40.647295+00:00,"to go out, to exit, to leave",2026-07-11T13:39:40.647295+00:00
318,1148,14,2026-07-11T13:39:40.647295+00:00,"to take out, to put out, to submit",2026-07-11T13:39:40.647295+00:00
319,903,14,2026-07-11T13:39:40.647295+00:00,"departure, setting off",2026-07-11T13:39:40.647295+00:00
320,1194,16,2026-07-11T13:39:40.647295+00:00,"to enter, to go in, to be contained in",2026-07-11T13:39:40.647295+00:00
321,1070,55,2026-07-11T13:39:40.647295+00:00,newspaper,2026-07-11T13:39:40.647295+00:00
322,369,55,2026-07-11T13:39:40.647295+00:00,"Shinkansen, bullet train",2026-07-11T13:39:40.647295+00:00
323,85,55,2026-07-11T13:39:40.647295+00:00,"new, fresh, recent",2026-07-11T13:39:40.647295+00:00
324,889,56,2026-07-11T13:39:40.647295+00:00,"middle school, junior high school",2026-07-11T13:39:40.647295+00:00
325,222,57,2026-07-11T13:39:40.647295+00:00,"classical literature, classic",2026-07-11T13:39:40.647295+00:00
326,205,57,2026-07-11T13:39:40.647295+00:00,"old, ancient, antiquated",2026-07-11T13:39:40.647295+00:00
327,1056,61,2026-07-11T13:39:40.647295+00:00,"explanation, description",2026-07-11T13:39:40.647295+00:00
328,1036,61,2026-07-11T13:39:40.647295+00:00,tomorrow,2026-07-11T13:39:40.647295+00:00
329,115,61,2026-07-11T13:39:40.647295+00:00,"bright, cheerful, light",2026-07-11T13:39:40.647295+00:00
330,941,90,2026-07-11T13:39:40.647295+00:00,"front, before, ago",2026-07-11T13:39:40.647295+00:00
331,934,90,2026-07-11T13:39:40.647295+00:00,"morning, AM",2026-07-11T13:39:40.647295+00:00
332,848,90,2026-07-11T13:39:40.647295+00:00,name,2026-07-11T13:39:40.647295+00:00
333,1190,93,2026-07-11T13:39:40.647295+00:00,"to go up, to rise, to ascend",2026-07-11T13:39:40.647295+00:00
334,167,93,2026-07-11T13:39:40.647295+00:00,"skilled, good at, proficient",2026-07-11T13:39:40.647295+00:00
335,664,98,2026-07-11T13:39:40.647295+00:00,"culture, civilization",2026-07-11T13:39:40.647295+00:00
336,998,143,2026-07-11T13:39:40.647295+00:00,onion,2026-07-11T13:39:40.647295+00:00
337,1061,146,2026-07-11T13:39:40.647295+00:00,boy,2026-07-11T13:39:40.647295+00:00
338,460,149,2026-07-11T13:39:40.647295+00:00,"attention, notice, interest",2026-07-11T13:39:40.647295+00:00
339,469,150,2026-07-11T13:39:40.647295+00:00,"petroleum, oil",2026-07-11T13:39:40.647295+00:00
340,1079,151,2026-07-11T13:39:40.647295+00:00,airport,2026-07-11T13:39:40.647295+00:00
341,1112,159,2026-07-11T13:39:40.647295+00:00,"to be sufficient, to be enough",2026-07-11T13:39:40.647295+00:00
342,1064,160,2026-07-11T13:39:40.647295+00:00,"train, electric train",2026-07-11T13:39:40.647295+00:00
343,858,160,2026-07-11T13:39:40.647295+00:00,bicycle,2026-07-11T13:39:40.647295+00:00
344,963,161,2026-07-11T13:39:40.647295+00:00,Friday,2026-07-11T13:39:40.647295+00:00
345,829,161,2026-07-11T13:39:40.647295+00:00,"savings, bank savings",2026-07-11T13:39:40.647295+00:00
346,819,161,2026-07-11T13:39:40.647295+00:00,money,2026-07-11T13:39:40.647295+00:00
347,881,163,2026-07-11T13:39:40.647295+00:00,music,2026-07-11T13:39:40.647295+00:00
348,937,164,2026-07-11T13:39:40.647295+00:00,one (thing),2026-07-11T13:39:40.647295+00:00
349,933,164,2026-07-11T13:39:40.647295+00:00,"together, at the same time",2026-07-11T13:39:40.647295+00:00
350,857,164,2026-07-11T13:39:40.647295+00:00,"number one, most, first",2026-07-11T13:39:40.647295+00:00
351,828,164,2026-07-11T13:39:40.647295+00:00,"one person, alone",2026-07-11T13:39:40.647295+00:00
352,915,165,2026-07-11T13:39:40.647295+00:00,July,2026-07-11T13:39:40.647295+00:00
353,921,166,2026-07-11T13:39:40.647295+00:00,March,2026-07-11T13:39:40.647295+00:00
354,871,166,2026-07-11T13:39:40.647295+00:00,three people,2026-07-11T13:39:40.647295+00:00
355,835,167,2026-07-11T13:39:40.647295+00:00,September,2026-07-11T13:39:40.647295+00:00
356,922,168,2026-07-11T13:39:40.647295+00:00,"two people, couple",2026-07-11T13:39:40.647295+00:00
357,906,168,2026-07-11T13:39:40.647295+00:00,February,2026-07-11T13:39:40.647295+00:00
358,885,169,2026-07-11T13:39:40.647295+00:00,May,2026-07-11T13:39:40.647295+00:00
359,898,170,2026-07-11T13:39:40.647295+00:00,August,2026-07-11T13:39:40.647295+00:00
360,931,171,2026-07-11T13:39:40.647295+00:00,June,2026-07-11T13:39:40.647295+00:00
361,830,172,2026-07-11T13:39:40.647295+00:00,October,2026-07-11T13:39:40.647295+00:00
362,88,172,2026-07-11T13:39:40.647295+00:00,"sufficient, enough, adequate",2026-07-11T13:39:40.647295+00:00
363,910,173,2026-07-11T13:39:40.647295+00:00,1000 yen,2026-07-11T13:39:40.647295+00:00
364,838,174,2026-07-11T13:39:40.647295+00:00,April,2026-07-11T13:39:40.647295+00:00
365,1117,175,2026-07-11T13:39:40.647295+00:00,"to rest, to take a break, to be absent",2026-07-11T13:39:40.647295+00:00
366,946,175,2026-07-11T13:39:40.647295+00:00,summer vacation,2026-07-11T13:39:40.647295+00:00
367,1102,176,2026-07-11T13:39:40.647295+00:00,"to learn, to study",2026-07-11T13:39:40.647295+00:00
368,918,176,2026-07-11T13:39:40.647295+00:00,student,2026-07-11T13:39:40.647295+00:00
369,901,176,2026-07-11T13:39:40.647295+00:00,university,2026-07-11T13:39:40.647295+00:00
370,841,176,2026-07-11T13:39:40.647295+00:00,school,2026-07-11T13:39:40.647295+00:00
371,660,176,2026-07-11T13:39:40.647295+00:00,science,2026-07-11T13:39:40.647295+00:00
372,1176,178,2026-07-11T13:39:40.647295+00:00,to be born,2026-07-11T13:39:40.647295+00:00
373,1084,178,2026-07-11T13:39:40.647295+00:00,"to live, to be alive",2026-07-11T13:39:40.647295+00:00
374,918,178,2026-07-11T13:39:40.647295+00:00,student,2026-07-11T13:39:40.647295+00:00
375,878,178,2026-07-11T13:39:40.647295+00:00,teacher,2026-07-11T13:39:40.647295+00:00
376,730,178,2026-07-11T13:39:40.647295+00:00,"life, living, lifestyle",2026-07-11T13:39:40.647295+00:00
377,1207,179,2026-07-11T13:39:40.647295+00:00,"to stand, to stand up",2026-07-11T13:39:40.647295+00:00
378,1108,180,2026-07-11T13:39:40.647295+00:00,"to go down, to fall, to drop",2026-07-11T13:39:40.647295+00:00
379,679,180,2026-07-11T13:39:40.647295+00:00,"underground, basement",2026-07-11T13:39:40.647295+00:00
380,204,180,2026-07-11T13:39:40.647295+00:00,"unskilled, poor at, clumsy",2026-07-11T13:39:40.647295+00:00
381,1175,181,2026-07-11T13:39:40.647295+00:00,"to see, to look, to watch, to view, to observe, to examine, to look over, to assess",2026-07-11T13:39:40.647295+00:00
382,1151,181,2026-07-11T13:39:40.647295+00:00,"to show, to display, to make (something or someone) look ..., to present an appearance of ..., to make (something) worth watching",2026-07-11T13:39:40.647295+00:00
383,1136,181,2026-07-11T13:39:40.647295+00:00,"to be seen, to be visible, to be in sight, to look",2026-07-11T13:39:40.647295+00:00
384,787,181,2026-07-11T13:39:40.647295+00:00,opinion,2026-07-11T13:39:40.647295+00:00
385,547,181,2026-07-11T13:39:40.647295+00:00,"sightseeing, watching",2026-07-11T13:39:40.647295+00:00
386,464,181,2026-07-11T13:39:40.647295+00:00,discovery,2026-07-11T13:39:40.647295+00:00
387,331,181,2026-07-11T13:39:40.647295+00:00,"opinion, point of view",2026-07-11T13:39:40.647295+00:00
388,214,181,2026-07-11T13:39:40.647295+00:00,"guardianship, guardian",2026-07-11T13:39:40.647295+00:00
389,208,181,2026-07-11T13:39:40.647295+00:00,"splendid, magnificent, admirable",2026-07-11T13:39:40.647295+00:00
390,71,181,2026-07-11T13:39:40.647295+00:00,political views,2026-07-11T13:39:40.647295+00:00
391,1015,182,2026-07-11T13:39:40.647295+00:00,yellow (color),2026-07-11T13:39:40.647295+00:00
392,190,182,2026-07-11T13:39:40.647295+00:00,yellow,2026-07-11T13:39:40.647295+00:00
393,832,183,2026-07-11T13:39:40.647295+00:00,"blackboard, chalkboard",2026-07-11T13:39:40.647295+00:00
394,81,183,2026-07-11T13:39:40.647295+00:00,black,2026-07-11T13:39:40.647295+00:00
395,206,184,2026-07-11T13:39:40.647295+00:00,"round, circular, spherical",2026-07-11T13:39:40.647295+00:00
396,363,185,2026-07-11T13:39:40.647295+00:00,"local, hometown, home area",2026-07-11T13:39:40.647295+00:00
397,89,185,2026-07-11T13:39:40.647295+00:00,"healthy, energetic, lively",2026-07-11T13:39:40.647295+00:00
398,236,186,2026-07-11T13:39:40.647295+00:00,"simultaneous, at the same time",2026-07-11T13:39:40.647295+00:00
399,109,186,2026-07-11T13:39:40.647295+00:00,"same, identical",2026-07-11T13:39:40.647295+00:00
400,668,187,2026-07-11T13:39:40.647295+00:00,"probably, maybe, perhaps",2026-07-11T13:39:40.647295+00:00
401,79,187,2026-07-11T13:39:40.647295+00:00,"many, numerous, a lot",2026-07-11T13:39:40.647295+00:00
402,741,188,2026-07-11T13:39:40.647295+00:00,"sun, solar",2026-07-11T13:39:40.647295+00:00
403,112,188,2026-07-11T13:39:40.647295+00:00,"fat, thick, bold",2026-07-11T13:39:40.647295+00:00
404,207,189,2026-07-11T13:39:40.647295+00:00,"few, scarce, little",2026-07-11T13:39:40.647295+00:00
405,476,190,2026-07-11T13:39:40.647295+00:00,"plaza, square, open space",2026-07-11T13:39:40.647295+00:00
406,147,190,2026-07-11T13:39:40.647295+00:00,"wide, spacious, broad",2026-07-11T13:39:40.647295+00:00
407,394,191,2026-07-11T13:39:40.647295+00:00,"weak point, weakness",2026-07-11T13:39:40.647295+00:00
408,191,191,2026-07-11T13:39:40.647295+00:00,"weak, feeble, mild",2026-07-11T13:39:40.647295+00:00
409,840,192,2026-07-11T13:39:40.647295+00:00,"study, studying",2026-07-11T13:39:40.647295+00:00
410,185,192,2026-07-11T13:39:40.647295+00:00,"strong, powerful, tough",2026-07-11T13:39:40.647295+00:00
411,216,193,2026-07-11T13:39:40.647295+00:00,"thin, slender, narrow",2026-07-11T13:39:40.647295+00:00
412,158,193,2026-07-11T13:39:40.647295+00:00,"detailed, small, fine",2026-07-11T13:39:40.647295+00:00
413,926,194,2026-07-11T13:39:40.647295+00:00,"neighborhood, vicinity",2026-07-11T13:39:40.647295+00:00
414,806,194,2026-07-11T13:39:40.647295+00:00,"recently, these days",2026-07-11T13:39:40.647295+00:00
415,107,194,2026-07-11T13:39:40.647295+00:00,"near, close, soon",2026-07-11T13:39:40.647295+00:00
416,641,195,2026-07-11T13:39:40.647295+00:00,"excursion, field trip",2026-07-11T13:39:40.647295+00:00
417,82,195,2026-07-11T13:39:40.647295+00:00,"far, distant",2026-07-11T13:39:40.647295+00:00
418,874,196,2026-07-11T13:39:40.647295+00:00,height (of a person),2026-07-11T13:39:40.647295+00:00
419,390,196,2026-07-11T13:39:40.647295+00:00,school principal,2026-07-11T13:39:40.647295+00:00
420,217,196,2026-07-11T13:39:40.647295+00:00,"long, lengthy",2026-07-11T13:39:40.647295+00:00
421,822,197,2026-07-11T13:39:40.647295+00:00,high school,2026-07-11T13:39:40.647295+00:00
422,402,197,2026-07-11T13:39:40.647295+00:00,"best, highest, maximum",2026-07-11T13:39:40.647295+00:00
423,80,197,2026-07-11T13:39:40.647295+00:00,"tall, high, expensive",2026-07-11T13:39:40.647295+00:00
424,522,198,2026-07-11T13:39:40.647295+00:00,"traffic, transportation",2026-07-11T13:39:40.647295+00:00
425,358,198,2026-07-11T13:39:40.647295+00:00,"exchange, replacement",2026-07-11T13:39:40.647295+00:00
426,1008,199,2026-07-11T13:39:40.647295+00:00,Tokyo,2026-07-11T13:39:40.647295+00:00
427,587,199,2026-07-11T13:39:40.647295+00:00,Kyoto,2026-07-11T13:39:40.647295+00:00
428,938,200,2026-07-11T13:39:40.647295+00:00,this month,2026-07-11T13:39:40.647295+00:00
429,919,200,2026-07-11T13:39:40.647295+00:00,today,2026-07-11T13:39:40.647295+00:00
430,891,200,2026-07-11T13:39:40.647295+00:00,this year,2026-07-11T13:39:40.647295+00:00
431,861,201,2026-07-11T13:39:40.647295+00:00,body,2026-07-11T13:39:40.647295+00:00
432,606,201,2026-07-11T13:39:40.647295+00:00,"physical education, gym class",2026-07-11T13:39:40.647295+00:00
433,347,201,2026-07-11T13:39:40.647295+00:00,"experience, first-hand experience",2026-07-11T13:39:40.647295+00:00
434,850,202,2026-07-11T13:39:40.647295+00:00,what,2026-07-11T13:39:40.647295+00:00
435,930,203,2026-07-11T13:39:40.647295+00:00,older brother,2026-07-11T13:39:40.647295+00:00
436,727,203,2026-07-11T13:39:40.647295+00:00,"siblings, brothers",2026-07-11T13:39:40.647295+00:00
437,836,204,2026-07-11T13:39:40.647295+00:00,park,2026-07-11T13:39:40.647295+00:00
438,297,204,2026-07-11T13:39:40.647295+00:00,"official, formal, formula",2026-07-11T13:39:40.647295+00:00
439,452,205,2026-07-11T13:39:40.647295+00:00,"indoors, interior",2026-07-11T13:39:40.647295+00:00
440,352,205,2026-07-11T13:39:40.647295+00:00,"domestic, within the country",2026-07-11T13:39:40.647295+00:00
441,927,206,2026-07-11T13:39:40.647295+00:00,winter,2026-07-11T13:39:40.647295+00:00
442,899,206,2026-07-11T13:39:40.647295+00:00,winter vacation,2026-07-11T13:39:40.647295+00:00
443,472,207,2026-07-11T13:39:40.647295+00:00,"Japanese sword, katana",2026-07-11T13:39:40.647295+00:00
444,923,208,2026-07-11T13:39:40.647295+00:00,north,2026-07-11T13:39:40.647295+00:00
445,791,208,2026-07-11T13:39:40.647295+00:00,Hokkaido,2026-07-11T13:39:40.647295+00:00
446,934,209,2026-07-11T13:39:40.647295+00:00,"morning, AM",2026-07-11T13:39:40.647295+00:00
447,876,209,2026-07-11T13:39:40.647295+00:00,"afternoon, PM",2026-07-11T13:39:40.647295+00:00
448,571,270,2026-07-11T13:40:33.314941+00:00,"the West, Western world",2026-07-11T13:40:33.314941+00:00
449,751,230,2026-07-11T13:40:33.314941+00:00,city,2026-07-11T13:40:33.314941+00:00
450,730,249,2026-07-11T13:40:33.314941+00:00,"life, living, daily life",2026-07-11T13:40:33.314941+00:00
451,404,269,2026-07-11T13:40:33.314941+00:00,"matcha, powdered green tea",2026-07-11T13:40:33.314941+00:00
452,625,275,2026-07-11T13:40:33.314941+00:00,valley,2026-07-11T13:40:33.314941+00:00
453,849,226,2026-07-11T13:40:33.314941+00:00,family,2026-07-11T13:40:33.314941+00:00
454,662,261,2026-07-11T13:40:33.314941+00:00,"calculation, computation",2026-07-11T13:40:33.314941+00:00
455,775,229,2026-07-11T13:40:33.314941+00:00,"factory, plant",2026-07-11T13:40:33.314941+00:00
456,699,238,2026-07-11T13:40:33.314941+00:00,"method, way, means",2026-07-11T13:40:33.314941+00:00
457,870,65,2026-07-11T13:40:33.314941+00:00,"field, meadow",2026-07-11T13:40:33.314941+00:00
458,519,54,2026-07-11T13:40:33.314941+00:00,"management, administration",2026-07-11T13:40:33.314941+00:00
459,770,246,2026-07-11T13:40:33.314941+00:00,mother,2026-07-11T13:40:33.314941+00:00
460,858,30,2026-07-11T13:40:33.314941+00:00,bicycle,2026-07-11T13:40:33.314941+00:00
461,388,245,2026-07-11T13:40:33.314941+00:00,east exit/entrance,2026-07-11T13:40:33.314941+00:00
462,418,96,2026-07-11T13:40:33.314941+00:00,blanket,2026-07-11T13:40:33.314941+00:00
463,879,246,2026-07-11T13:40:33.314941+00:00,mom (polite),2026-07-11T13:40:33.314941+00:00
464,774,226,2026-07-11T13:40:33.314941+00:00,"home, household",2026-07-11T13:40:33.314941+00:00
465,424,256,2026-07-11T13:40:33.314941+00:00,TV/radio program,2026-07-11T13:40:33.314941+00:00
466,785,252,2026-07-11T13:40:33.314941+00:00,father,2026-07-11T13:40:33.314941+00:00
467,703,77,2026-07-11T13:40:33.314941+00:00,foreign country,2026-07-11T13:40:33.314941+00:00
468,591,244,2026-07-11T13:40:33.314941+00:00,this morning,2026-07-11T13:40:33.314941+00:00
469,862,221,2026-07-11T13:40:33.314941+00:00,"outside, outdoors",2026-07-11T13:40:33.314941+00:00
470,430,281,2026-07-11T13:40:33.314941+00:00,"heavy snow, snowstorm",2026-07-11T13:40:33.314941+00:00
471,701,263,2026-07-11T13:40:33.314941+00:00,newspaper paper,2026-07-11T13:40:33.314941+00:00
472,912,271,2026-07-11T13:40:33.314941+00:00,"kindness, kind",2026-07-11T13:40:33.314941+00:00
473,436,260,2026-07-11T13:40:33.314941+00:00,textbook,2026-07-11T13:40:33.314941+00:00
474,631,262,2026-07-11T13:40:33.314941+00:00,United States of America,2026-07-11T13:40:33.314941+00:00
475,235,65,2026-07-11T13:40:33.314941+00:00,"field, area, domain",2026-07-11T13:40:33.314941+00:00
476,834,258,2026-07-11T13:40:33.314941+00:00,"company, corporation",2026-07-11T13:40:33.314941+00:00
477,427,257,2026-07-11T13:40:33.314941+00:00,arrow,2026-07-11T13:40:33.314941+00:00
478,773,227,2026-07-11T13:40:33.314941+00:00,Buddhist temple,2026-07-11T13:40:33.314941+00:00
479,405,251,2026-07-11T13:40:33.314941+00:00,perfect score,2026-07-11T13:40:33.314941+00:00
480,377,236,2026-07-11T13:40:33.314941+00:00,"door, sliding door",2026-07-11T13:40:33.314941+00:00
481,948,42,2026-07-11T13:40:33.314941+00:00,"various, all kinds",2026-07-11T13:40:33.314941+00:00
482,524,279,2026-07-11T13:40:33.314941+00:00,"gate, entrance",2026-07-11T13:40:33.314941+00:00
483,679,217,2026-07-11T13:40:33.314941+00:00,"underground, basement",2026-07-11T13:40:33.314941+00:00
484,936,271,2026-07-11T13:40:33.314941+00:00,parent,2026-07-11T13:40:33.314941+00:00
485,1083,252,2026-07-11T13:40:33.314941+00:00,father (humble),2026-07-11T13:40:33.314941+00:00
486,750,214,2026-07-11T13:40:33.314941+00:00,typhoon,2026-07-11T13:40:33.314941+00:00
487,369,266,2026-07-11T13:40:33.314941+00:00,bullet train,2026-07-11T13:40:33.314941+00:00
488,719,262,2026-07-11T13:40:33.314941+00:00,(uncooked) rice,2026-07-11T13:40:33.314941+00:00
489,985,250,2026-07-11T13:40:33.314941+00:00,"sea, ocean",2026-07-11T13:40:33.314941+00:00
490,526,266,2026-07-11T13:40:33.314941+00:00,"route, line",2026-07-11T13:40:33.314941+00:00
491,706,253,2026-07-11T13:40:33.314941+00:00,beef,2026-07-11T13:40:33.314941+00:00
492,876,234,2026-07-11T13:40:33.314941+00:00,"afternoon, PM",2026-07-11T13:40:33.314941+00:00
493,1072,232,2026-07-11T13:40:33.314941+00:00,younger brother,2026-07-11T13:40:33.314941+00:00
494,703,221,2026-07-11T13:40:33.314941+00:00,foreign country,2026-07-11T13:40:33.314941+00:00
495,702,276,2026-07-11T13:40:33.314941+00:00,next week,2026-07-11T13:40:33.314941+00:00
496,781,235,2026-07-11T13:40:33.314941+00:00,"worry, concern, anxiety",2026-07-11T13:40:33.314941+00:00
497,718,260,2026-07-11T13:40:33.314941+00:00,science (school subject),2026-07-11T13:40:33.314941+00:00
498,1078,242,2026-07-11T13:40:33.314941+00:00,"time, duration",2026-07-11T13:40:33.314941+00:00
499,586,238,2026-07-11T13:40:33.314941+00:00,"how to use, way of using",2026-07-11T13:40:33.314941+00:00
500,407,237,2026-07-11T13:40:33.314941+00:00,"genius, prodigy",2026-07-11T13:40:33.314941+00:00
501,446,279,2026-07-11T13:40:33.314941+00:00,"specialty, expertise",2026-07-11T13:40:33.314941+00:00
502,632,278,2026-07-11T13:40:33.314941+00:00,"village, hometown, birthplace",2026-07-11T13:40:33.314941+00:00
503,181,231,2026-07-11T13:40:33.314941+00:00,Japanese archery,2026-07-11T13:40:33.314941+00:00
504,706,68,2026-07-11T13:40:33.314941+00:00,beef,2026-07-11T13:40:33.314941+00:00
505,990,225,2026-07-11T13:40:33.314941+00:00,classroom,2026-07-11T13:40:33.314941+00:00
506,293,212,2026-07-11T13:40:33.314941+00:00,"cause, reason, origin",2026-07-11T13:40:33.314941+00:00
507,489,251,2026-07-11T13:40:33.314941+00:00,"score, points",2026-07-11T13:40:33.314941+00:00
508,743,240,2026-07-11T13:40:33.314941+00:00,spring vacation,2026-07-11T13:40:33.314941+00:00
509,869,217,2026-07-11T13:40:33.314941+00:00,map,2026-07-11T13:40:33.314941+00:00
510,379,96,2026-07-11T13:40:33.314941+00:00,"wool yarn, knitting yarn",2026-07-11T13:40:33.314941+00:00
511,465,251,2026-07-11T13:40:33.314941+00:00,"defect, flaw",2026-07-11T13:40:33.314941+00:00
512,803,235,2026-07-11T13:40:33.314941+00:00,"heart, mind, spirit",2026-07-11T13:40:33.314941+00:00
513,473,229,2026-07-11T13:40:33.314941+00:00,"device, ingenuity, scheme",2026-07-11T13:40:33.314941+00:00
514,810,45,2026-07-11T13:40:33.314941+00:00,"plan, project",2026-07-11T13:40:33.314941+00:00
515,602,30,2026-07-11T13:40:33.314941+00:00,"nature, natural",2026-07-11T13:40:33.314941+00:00
516,809,226,2026-07-11T13:40:33.314941+00:00,"house, home",2026-07-11T13:40:33.314941+00:00
517,696,245,2026-07-11T13:40:33.314941+00:00,east,2026-07-11T13:40:33.314941+00:00
518,777,241,2026-07-11T13:40:33.314941+00:00,daytime,2026-07-11T13:40:33.314941+00:00
519,780,210,2026-07-11T13:40:33.314941+00:00,"half a year, six months",2026-07-11T13:40:33.314941+00:00
520,637,271,2026-07-11T13:40:33.314941+00:00,parents (both),2026-07-11T13:40:33.314941+00:00
521,965,247,2026-07-11T13:40:33.314941+00:00,every day,2026-07-11T13:40:33.314941+00:00
522,726,247,2026-07-11T13:40:33.314941+00:00,every week,2026-07-11T13:40:33.314941+00:00
523,957,244,2026-07-11T13:40:33.314941+00:00,morning,2026-07-11T13:40:33.314941+00:00
524,940,77,2026-07-11T13:40:33.314941+00:00,"country, nation",2026-07-11T13:40:33.314941+00:00
525,1025,265,2026-07-11T13:40:33.314941+00:00,"picture, painting, drawing",2026-07-11T13:40:33.314941+00:00
526,560,274,2026-07-11T13:40:33.314941+00:00,language study,2026-07-11T13:40:33.314941+00:00
527,875,262,2026-07-11T13:40:33.314941+00:00,rice (polite),2026-07-11T13:40:33.314941+00:00
528,724,239,2026-07-11T13:40:33.314941+00:00,star,2026-07-11T13:40:33.314941+00:00
529,836,216,2026-07-11T13:40:33.314941+00:00,park,2026-07-11T13:40:33.314941+00:00
530,243,268,2026-07-11T13:40:33.314941+00:00,boarding a ship,2026-07-11T13:40:33.314941+00:00
531,991,280,2026-07-11T13:40:33.314941+00:00,"interval, space, between",2026-07-11T13:40:33.314941+00:00
532,966,246,2026-07-11T13:40:33.314941+00:00,mother (humble),2026-07-11T13:40:33.314941+00:00
533,424,264,2026-07-11T13:40:33.314941+00:00,TV/radio program,2026-07-11T13:40:33.314941+00:00
534,682,247,2026-07-11T13:40:33.314941+00:00,every month,2026-07-11T13:40:33.314941+00:00
535,882,252,2026-07-11T13:40:33.314941+00:00,dad (polite),2026-07-11T13:40:33.314941+00:00
536,846,269,2026-07-11T13:40:33.314941+00:00,tea,2026-07-11T13:40:33.314941+00:00
537,686,214,2026-07-11T13:40:33.314941+00:00,kitchen,2026-07-11T13:40:33.314941+00:00
538,593,273,2026-07-11T13:40:33.314941+00:00,"commemoration, memory, souvenir",2026-07-11T13:40:33.314941+00:00
539,639,277,2026-07-11T13:40:33.314941+00:00,"road, street",2026-07-11T13:40:33.314941+00:00
540,573,273,2026-07-11T13:40:33.314941+00:00,"record, document",2026-07-11T13:40:33.314941+00:00
541,508,234,2026-07-11T13:40:33.314941+00:00,"regret, remorse",2026-07-11T13:40:33.314941+00:00
542,542,266,2026-07-11T13:40:33.314941+00:00,"line, wire",2026-07-11T13:40:33.314941+00:00
543,676,261,2026-07-11T13:40:33.314941+00:00,"arithmetic, elementary math",2026-07-11T13:40:33.314941+00:00
544,839,282,2026-07-11T13:40:33.314941+00:00,cloud,2026-07-11T13:40:33.314941+00:00
545,904,223,2026-07-11T13:40:33.314941+00:00,younger sister,2026-07-11T13:40:33.314941+00:00
546,746,273,2026-07-11T13:40:33.314941+00:00,"diary, journal",2026-07-11T13:40:33.314941+00:00
547,766,263,2026-07-11T13:40:33.314941+00:00,paper,2026-07-11T13:40:33.314941+00:00
548,946,220,2026-07-11T13:40:33.314941+00:00,summer vacation,2026-07-11T13:40:33.314941+00:00
549,1044,54,2026-07-11T13:40:33.314941+00:00,"cooking, cuisine",2026-07-11T13:40:33.314941+00:00
550,980,241,2026-07-11T13:40:33.314941+00:00,"noon, daytime",2026-07-11T13:40:33.314941+00:00
551,395,239,2026-07-11T13:40:33.314941+00:00,constellation,2026-07-11T13:40:33.314941+00:00
552,790,247,2026-07-11T13:40:33.314941+00:00,every year,2026-07-11T13:40:33.314941+00:00
553,517,272,2026-07-11T13:40:33.314941+00:00,"corner, angle",2026-07-11T13:40:33.314941+00:00
554,1082,241,2026-07-11T13:40:33.314941+00:00,lunch,2026-07-11T13:40:33.314941+00:00
555,704,254,2026-07-11T13:40:33.314941+00:00,"errand, business to attend to",2026-07-11T13:40:33.314941+00:00
556,432,277,2026-07-11T13:40:33.314941+00:00,calligraphy,2026-07-11T13:40:33.314941+00:00
557,1018,244,2026-07-11T13:40:33.314941+00:00,breakfast,2026-07-11T13:40:33.314941+00:00
558,728,216,2026-07-11T13:40:33.314941+00:00,zoo,2026-07-11T13:40:33.314941+00:00
559,1071,42,2026-07-11T13:40:33.314941+00:00,color,2026-07-11T13:40:33.314941+00:00
560,279,254,2026-07-11T13:40:33.314941+00:00,"use, usage",2026-07-11T13:40:33.314941+00:00
561,525,264,2026-07-11T13:40:33.314941+00:00,"combination, pairing",2026-07-11T13:40:33.314941+00:00
562,670,224,2026-07-11T13:40:33.314941+00:00,sisters,2026-07-11T13:40:33.314941+00:00
563,504,236,2026-07-11T13:40:33.314941+00:00,"outdoors, open air",2026-07-11T13:40:33.314941+00:00
564,457,229,2026-07-11T13:40:33.314941+00:00,construction work,2026-07-11T13:40:33.314941+00:00
565,1059,274,2026-07-11T13:40:33.314941+00:00,English language,2026-07-11T13:40:33.314941+00:00
566,711,216,2026-07-11T13:40:33.314941+00:00,kindergarten,2026-07-11T13:40:33.314941+00:00
567,646,258,2026-07-11T13:40:33.314941+00:00,Shinto shrine,2026-07-11T13:40:33.314941+00:00
568,811,269,2026-07-11T13:40:33.314941+00:00,brown (color),2026-07-11T13:40:33.314941+00:00
569,607,259,2026-07-11T13:40:33.314941+00:00,autumn equinox,2026-07-11T13:40:33.314941+00:00
570,662,45,2026-07-11T13:40:33.314941+00:00,calculation,2026-07-11T13:40:33.314941+00:00
571,816,222,2026-07-11T13:40:33.314941+00:00,"tonight, this evening",2026-07-11T13:40:33.314941+00:00
572,939,30,2026-07-11T13:40:33.314941+00:00,"oneself, myself",2026-07-11T13:40:33.314941+00:00
573,997,10,2026-07-11T13:40:33.314941+00:00,"shop, store",2026-07-11T13:40:33.314941+00:00
574,726,276,2026-07-11T13:40:33.314941+00:00,every week,2026-07-11T13:40:33.314941+00:00
575,319,77,2026-07-11T13:40:33.314941+00:00,international,2026-07-11T13:40:33.314941+00:00
576,487,219,2026-07-11T13:40:33.314941+00:00,"loud voice, shout",2026-07-11T13:40:33.314941+00:00
577,952,243,2026-07-11T13:40:33.314941+00:00,day of the week,2026-07-11T13:40:33.314941+00:00
578,950,224,2026-07-11T13:40:33.314941+00:00,older sister,2026-07-11T13:40:33.314941+00:00
579,502,240,2026-07-11T13:40:33.314941+00:00,spring equinox,2026-07-11T13:40:33.314941+00:00
580,807,62,2026-07-11T13:40:33.314941+00:00,pond,2026-07-11T13:40:33.314941+00:00
581,391,255,2026-07-11T13:40:33.314941+00:00,"painter, artist",2026-07-11T13:40:33.314941+00:00
582,660,260,2026-07-11T13:40:33.314941+00:00,science,2026-07-11T13:40:33.314941+00:00
583,644,212,2026-07-11T13:40:33.314941+00:00,"plateau, highlands",2026-07-11T13:40:33.314941+00:00
584,461,230,2026-07-11T13:40:33.314941+00:00,"market, marketplace",2026-07-11T13:40:33.314941+00:00
585,810,255,2026-07-11T13:40:33.314941+00:00,"plan, project",2026-07-11T13:40:33.314941+00:00
586,674,54,2026-07-11T13:40:33.314941+00:00,"reason, cause",2026-07-11T13:40:33.314941+00:00
587,761,240,2026-07-11T13:40:33.314941+00:00,spring (season),2026-07-11T13:40:33.314941+00:00
588,897,213,2026-07-11T13:40:33.314941+00:00,friend,2026-07-11T13:40:33.314941+00:00
589,400,228,2026-07-11T13:40:33.314941+00:00,"rock, boulder, crag",2026-07-11T13:40:33.314941+00:00
590,729,250,2026-07-11T13:40:33.314941+00:00,"overseas, abroad",2026-07-11T13:40:33.314941+00:00
591,764,259,2026-07-11T13:40:33.314941+00:00,"autumn, fall",2026-07-11T13:40:33.314941+00:00
592,462,268,2026-07-11T13:40:33.314941+00:00,"steamship, steamboat",2026-07-11T13:40:33.314941+00:00
593,1000,234,2026-07-11T13:40:33.314941+00:00,"after, later, behind",2026-07-11T13:40:33.314941+00:00
594,366,254,2026-07-11T13:40:33.314941+00:00,"use, utilization",2026-07-11T13:40:33.314941+00:00
595,488,242,2026-07-11T13:40:33.314941+00:00,"era, period",2026-07-11T13:40:33.314941+00:00
596,554,272,2026-07-11T13:40:33.314941+00:00,triangle,2026-07-11T13:40:33.314941+00:00
597,820,215,2026-07-11T13:40:33.314941+00:00,library,2026-07-11T13:40:33.314941+00:00
598,1078,280,2026-07-11T13:40:33.314941+00:00,"time, hour",2026-07-11T13:40:33.314941+00:00
599,450,225,2026-07-11T13:40:33.314941+00:00,bedroom,2026-07-11T13:40:33.314941+00:00
600,771,256,2026-07-11T13:40:33.314941+00:00,"number, phone number",2026-07-11T13:40:33.314941+00:00
601,648,280,2026-07-11T13:40:33.314941+00:00,"human being, person",2026-07-11T13:40:33.314941+00:00
602,577,275,2026-07-11T13:40:33.314941+00:00,"valley floor, bottom of valley",2026-07-11T13:40:33.314941+00:00
603,775,218,2026-07-11T13:40:33.314941+00:00,"factory, plant",2026-07-11T13:40:33.314941+00:00
604,354,267,2026-07-11T13:40:33.314941+00:00,"feather, wing, shuttlecock",2026-07-11T13:40:33.314941+00:00
605,1022,255,2026-07-11T13:40:33.314941+00:00,"movie, film",2026-07-11T13:40:33.314941+00:00
606,1042,242,2026-07-11T13:40:33.314941+00:00,"clock, watch",2026-07-11T13:40:33.314941+00:00
607,747,253,2026-07-11T13:40:33.314941+00:00,milk (cow's milk),2026-07-11T13:40:33.314941+00:00
608,924,270,2026-07-11T13:40:33.314941+00:00,west,2026-07-11T13:40:33.314941+00:00
609,886,277,2026-07-11T13:40:33.314941+00:00,"road, way, path",2026-07-11T13:40:33.314941+00:00
610,716,218,2026-07-11T13:40:33.314941+00:00,"place, location, spot",2026-07-11T13:40:33.314941+00:00
611,866,222,2026-07-11T13:40:33.314941+00:00,"night, evening",2026-07-11T13:40:33.314941+00:00
612,1038,274,2026-07-11T13:40:33.314941+00:00,Japanese language,2026-07-11T13:40:33.314941+00:00
613,484,278,2026-07-11T13:40:33.314941+00:00,"hometown, native place",2026-07-11T13:40:33.314941+00:00
614,454,257,2026-07-11T13:40:33.314941+00:00,bow and arrow,2026-07-11T13:40:33.314941+00:00
615,1042,45,2026-07-11T13:40:33.314941+00:00,"clock, watch",2026-07-11T13:40:33.314941+00:00
616,576,276,2026-07-11T13:40:33.314941+00:00,this week,2026-07-11T13:40:33.314941+00:00
617,888,281,2026-07-11T13:40:33.314941+00:00,snow,2026-07-11T13:40:33.314941+00:00
618,708,217,2026-07-11T13:40:33.314941+00:00,"Earth, globe",2026-07-11T13:40:33.314941+00:00
619,776,264,2026-07-11T13:40:33.314941+00:00,"class, group, team",2026-07-11T13:40:33.314941+00:00
620,618,258,2026-07-11T13:40:33.314941+00:00,company president,2026-07-11T13:40:33.314941+00:00
621,944,268,2026-07-11T13:40:33.314941+00:00,"ship, boat",2026-07-11T13:40:33.314941+00:00
622,783,10,2026-07-11T13:40:33.314941+00:00,"coffee shop, café",2026-07-11T13:40:33.314941+00:00
623,842,220,2026-07-11T13:40:33.314941+00:00,summer,2026-07-11T13:40:33.314941+00:00
624,694,218,2026-07-11T13:40:33.314941+00:00,"case, situation",2026-07-11T13:40:33.314941+00:00
625,441,248,2026-07-11T13:40:33.314941+00:00,"steam train, (old-style) train",2026-07-11T13:40:33.314941+00:00
626,869,215,2026-07-11T13:40:33.314941+00:00,map,2026-07-11T13:40:33.314941+00:00
627,778,235,2026-07-11T13:40:33.314941+00:00,"peace of mind, relief",2026-07-11T13:40:33.314941+00:00
628,851,211,2026-07-11T13:40:33.314941+00:00,south,2026-07-11T13:40:33.314941+00:00
629,929,68,2026-07-11T13:40:33.314941+00:00,chicken (meat),2026-07-11T13:40:33.314941+00:00
630,233,279,2026-07-11T13:40:33.314941+00:00,"introduction, primer",2026-07-11T13:40:33.314941+00:00
631,1060,263,2026-07-11T13:40:33.314941+00:00,letter (written),2026-07-11T13:40:33.314941+00:00
632,670,223,2026-07-11T13:40:33.314941+00:00,sisters,2026-07-11T13:40:33.314941+00:00
633,477,42,2026-07-11T13:40:33.314941+00:00,"scenery, view",2026-07-11T13:40:33.314941+00:00
634,237,261,2026-07-11T13:40:33.314941+00:00,budget,2026-07-11T13:40:33.314941+00:00
635,857,256,2026-07-11T13:40:33.314941+00:00,"first, best, most",2026-07-11T13:40:33.314941+00:00
636,725,265,2026-07-11T13:40:33.314941+00:00,picture book,2026-07-11T13:40:33.314941+00:00
637,758,276,2026-07-11T13:40:33.314941+00:00,last week,2026-07-11T13:40:33.314941+00:00
638,707,210,2026-07-11T13:40:33.314941+00:00,half,2026-07-11T13:40:33.314941+00:00
639,805,219,2026-07-11T13:40:33.314941+00:00,voice,2026-07-11T13:40:33.314941+00:00
640,729,221,2026-07-11T13:40:33.314941+00:00,"overseas, abroad",2026-07-11T13:40:33.314941+00:00
641,784,213,2026-07-11T13:40:33.314941+00:00,friend (formal),2026-07-11T13:40:33.314941+00:00
642,471,249,2026-07-11T13:40:33.314941+00:00,"activity, action",2026-07-11T13:40:33.314941+00:00
643,727,232,2026-07-11T13:40:33.314941+00:00,"siblings, brothers",2026-07-11T13:40:33.314941+00:00
644,373,237,2026-07-11T13:40:33.314941+00:00,"talent, ability, gift",2026-07-11T13:40:33.314941+00:00
645,565,270,2026-07-11T13:40:33.314941+00:00,Kansai region,2026-07-11T13:40:33.314941+00:00
646,552,340,2026-07-11T13:41:27.060786+00:00,"relationship, connection, relevance",2026-07-11T13:41:27.060786+00:00
647,1153,300,2026-07-11T13:41:27.060786+00:00,to come,2026-07-11T13:41:27.060786+00:00
648,856,310,2026-07-11T13:41:27.060786+00:00,"word, language, expression",2026-07-11T13:41:27.060786+00:00
649,1160,308,2026-07-11T13:41:27.060786+00:00,"to listen, to hear, to ask",2026-07-11T13:41:27.060786+00:00
650,265,295,2026-07-11T13:41:27.060786+00:00,"this time, now",2026-07-11T13:41:27.060786+00:00
651,694,294,2026-07-11T13:41:27.060786+00:00,"case, situation, occasion",2026-07-11T13:41:27.060786+00:00
652,350,319,2026-07-11T13:41:27.060786+00:00,"accident, incident",2026-07-11T13:41:27.060786+00:00
653,1165,303,2026-07-11T13:41:27.060786+00:00,to walk,2026-07-11T13:41:27.060786+00:00
654,1225,298,2026-07-11T13:41:27.060786+00:00,to count,2026-07-11T13:41:27.060786+00:00
655,364,336,2026-07-11T13:41:27.060786+00:00,"both, both sides",2026-07-11T13:41:27.060786+00:00
656,553,315,2026-07-11T13:41:27.060786+00:00,commuting to school,2026-07-11T13:41:27.060786+00:00
657,1204,305,2026-07-11T13:41:27.060786+00:00,"to know, to learn",2026-07-11T13:41:27.060786+00:00
658,101,330,2026-07-11T13:41:27.060786+00:00,"painful, difficult",2026-07-11T13:41:27.060786+00:00
659,642,316,2026-07-11T13:41:27.060786+00:00,"animal cry, call, chirp",2026-07-11T13:41:27.060786+00:00
660,892,328,2026-07-11T13:41:27.060786+00:00,photograph,2026-07-11T13:41:27.060786+00:00
661,111,79,2026-07-11T13:41:27.060786+00:00,"famous, well-known",2026-07-11T13:41:27.060786+00:00
662,442,346,2026-07-11T13:41:27.060786+00:00,"change, variation, transformation",2026-07-11T13:41:27.060786+00:00
663,247,341,2026-07-11T13:41:27.060786+00:00,"double, twice",2026-07-11T13:41:27.060786+00:00
664,1208,9,2026-07-11T13:41:27.060786+00:00,to write,2026-07-11T13:41:27.060786+00:00
665,343,340,2026-07-11T13:41:27.060786+00:00,"person in charge, official",2026-07-11T13:41:27.060786+00:00
666,942,288,2026-07-11T13:41:27.060786+00:00,bird,2026-07-11T13:41:27.060786+00:00
667,334,337,2026-07-11T13:41:27.060786+00:00,subject (grammar),2026-07-11T13:41:27.060786+00:00
668,86,329,2026-07-11T13:41:27.060786+00:00,beautiful,2026-07-11T13:41:27.060786+00:00
669,74,91,2026-07-11T13:41:27.060786+00:00,"short, brief",2026-07-11T13:41:27.060786+00:00
670,977,299,2026-07-11T13:41:27.060786+00:00,"clear weather, sunny day",2026-07-11T13:41:27.060786+00:00
671,544,318,2026-07-11T13:41:27.060786+00:00,block (in an address),2026-07-11T13:41:27.060786+00:00
672,1107,44,2026-07-11T13:41:27.060786+00:00,"to meet, to see",2026-07-11T13:41:27.060786+00:00
673,1111,293,2026-07-11T13:41:27.060786+00:00,"to understand, to be clear",2026-07-11T13:41:27.060786+00:00
674,778,320,2026-07-11T13:41:27.060786+00:00,"relief, peace of mind",2026-07-11T13:41:27.060786+00:00
675,193,320,2026-07-11T13:41:27.060786+00:00,"cheap, inexpensive",2026-07-11T13:41:27.060786+00:00
676,890,99,2026-07-11T13:41:27.060786+00:00,"meal, dining",2026-07-11T13:41:27.060786+00:00
677,1171,307,2026-07-11T13:41:27.060786+00:00,"to think, to consider",2026-07-11T13:41:27.060786+00:00
678,161,331,2026-07-11T13:41:27.060786+00:00,"light (weight), not serious",2026-07-11T13:41:27.060786+00:00
679,507,313,2026-07-11T13:41:27.060786+00:00,"buying and selling, trade",2026-07-11T13:41:27.060786+00:00
680,129,321,2026-07-11T13:41:27.060786+00:00,cold (weather),2026-07-11T13:41:27.060786+00:00
681,920,283,2026-07-11T13:41:27.060786+00:00,"head, mind",2026-07-11T13:41:27.060786+00:00
682,1101,102,2026-07-11T13:41:27.060786+00:00,"to return, to go home, to come back",2026-07-11T13:41:27.060786+00:00
683,752,5,2026-07-11T13:41:27.060786+00:00,temperature,2026-07-11T13:41:27.060786+00:00
684,374,4,2026-07-11T13:41:27.060786+00:00,"charge, responsibility, being in charge",2026-07-11T13:41:27.060786+00:00
685,255,319,2026-07-11T13:41:27.060786+00:00,"incident, case, event",2026-07-11T13:41:27.060786+00:00
686,605,310,2026-07-11T13:41:27.060786+00:00,language,2026-07-11T13:41:27.060786+00:00
687,432,9,2026-07-11T13:41:27.060786+00:00,calligraphy,2026-07-11T13:41:27.060786+00:00
688,124,318,2026-07-11T13:41:27.060786+00:00,"polite, careful, thorough",2026-07-11T13:41:27.060786+00:00
689,481,303,2026-07-11T13:41:27.060786+00:00,"sidewalk, footpath",2026-07-11T13:41:27.060786+00:00
690,750,285,2026-07-11T13:41:27.060786+00:00,typhoon,2026-07-11T13:41:27.060786+00:00
691,186,2,2026-07-11T13:41:27.060786+00:00,"quotation, citation",2026-07-11T13:41:27.060786+00:00
692,1216,310,2026-07-11T13:41:27.060786+00:00,"to say, to speak",2026-07-11T13:41:27.060786+00:00
693,664,346,2026-07-11T13:41:27.060786+00:00,culture,2026-07-11T13:41:27.060786+00:00
694,913,286,2026-07-11T13:41:27.060786+00:00,neck,2026-07-11T13:41:27.060786+00:00
695,1032,292,2026-07-11T13:41:27.060786+00:00,"to shine, to glitter, to sparkle",2026-07-11T13:41:27.060786+00:00
696,195,320,2026-07-11T13:41:27.060786+00:00,"anxious, uneasy",2026-07-11T13:41:27.060786+00:00
697,162,333,2026-07-11T13:41:27.060786+00:00,"heavy, serious",2026-07-11T13:41:27.060786+00:00
698,702,300,2026-07-11T13:41:27.060786+00:00,next week,2026-07-11T13:41:27.060786+00:00
699,409,326,2026-07-11T13:41:27.060786+00:00,memorization,2026-07-11T13:41:27.060786+00:00
700,116,325,2026-07-11T13:41:27.060786+00:00,hot (weather),2026-07-11T13:41:27.060786+00:00
701,308,302,2026-07-11T13:41:27.060786+00:00,"prohibition, ban",2026-07-11T13:41:27.060786+00:00
702,1004,27,2026-07-11T13:41:27.060786+00:00,telephone,2026-07-11T13:41:27.060786+00:00
703,451,327,2026-07-11T13:41:27.060786+00:00,late at night,2026-07-11T13:41:27.060786+00:00
704,401,9,2026-07-11T13:41:27.060786+00:00,"documents, papers",2026-07-11T13:41:27.060786+00:00
705,1226,291,2026-07-11T13:41:27.060786+00:00,"to make, to create, to produce",2026-07-11T13:41:27.060786+00:00
706,637,336,2026-07-11T13:41:27.060786+00:00,"both parents, parents",2026-07-11T13:41:27.060786+00:00
707,1202,316,2026-07-11T13:41:27.060786+00:00,"to ring, to sound",2026-07-11T13:41:27.060786+00:00
708,986,300,2026-07-11T13:41:27.060786+00:00,next year,2026-07-11T13:41:27.060786+00:00
709,769,288,2026-07-11T13:41:27.060786+00:00,"small bird, little bird",2026-07-11T13:41:27.060786+00:00
710,608,283,2026-07-11T13:41:27.060786+00:00,headache,2026-07-11T13:41:27.060786+00:00
711,1068,2,2026-07-11T13:41:27.060786+00:00,to move (to a new residence),2026-07-11T13:41:27.060786+00:00
712,1180,308,2026-07-11T13:41:27.060786+00:00,"to be audible, to sound",2026-07-11T13:41:27.060786+00:00
713,617,343,2026-07-11T13:41:27.060786+00:00,"tool, instrument",2026-07-11T13:41:27.060786+00:00
714,1166,306,2026-07-11T13:41:27.060786+00:00,"to answer, to reply",2026-07-11T13:41:27.060786+00:00
715,371,4,2026-07-11T13:41:27.060786+00:00,"natural, obvious, of course",2026-07-11T13:41:27.060786+00:00
716,1199,302,2026-07-11T13:41:27.060786+00:00,to stop (transitive),2026-07-11T13:41:27.060786+00:00
717,676,298,2026-07-11T13:41:27.060786+00:00,arithmetic (elementary school math),2026-07-11T13:41:27.060786+00:00
718,707,293,2026-07-11T13:41:27.060786+00:00,half,2026-07-11T13:41:27.060786+00:00
719,567,330,2026-07-11T13:41:27.060786+00:00,"hardship, toil",2026-07-11T13:41:27.060786+00:00
720,323,290,2026-07-11T13:41:27.060786+00:00,fountain pen,2026-07-11T13:41:27.060786+00:00
721,94,332,2026-07-11T13:41:27.060786+00:00,"fast, quick",2026-07-11T13:41:27.060786+00:00
722,336,292,2026-07-11T13:41:27.060786+00:00,"light, ray, gleam",2026-07-11T13:41:27.060786+00:00
723,1186,316,2026-07-11T13:41:27.060786+00:00,"to chirp, to cry, to bark (animals)",2026-07-11T13:41:27.060786+00:00
724,1161,309,2026-07-11T13:41:27.060786+00:00,to go,2026-07-11T13:41:27.060786+00:00
725,800,342,2026-07-11T13:41:27.060786+00:00,"the whole country, nationwide",2026-07-11T13:41:27.060786+00:00
726,733,5,2026-07-11T13:41:27.060786+00:00,hot spring,2026-07-11T13:41:27.060786+00:00
727,887,319,2026-07-11T13:41:27.060786+00:00,"work, job",2026-07-11T13:41:27.060786+00:00
728,881,317,2026-07-11T13:41:27.060786+00:00,music,2026-07-11T13:41:27.060786+00:00
729,428,339,2026-07-11T13:41:27.060786+00:00,"modern times, contemporary",2026-07-11T13:41:27.060786+00:00
730,1159,299,2026-07-11T13:41:27.060786+00:00,to clear up (weather),2026-07-11T13:41:27.060786+00:00
731,628,85,2026-07-11T13:41:27.060786+00:00,preparation for class,2026-07-11T13:41:27.060786+00:00
732,497,289,2026-07-11T13:41:27.060786+00:00,wheat,2026-07-11T13:41:27.060786+00:00
733,925,99,2026-07-11T13:41:27.060786+00:00,food,2026-07-11T13:41:27.060786+00:00
734,1092,317,2026-07-11T13:41:27.060786+00:00,to enjoy,2026-07-11T13:41:27.060786+00:00
735,488,339,2026-07-11T13:41:27.060786+00:00,"era, age, period",2026-07-11T13:41:27.060786+00:00
736,908,99,2026-07-11T13:41:27.060786+00:00,"cafeteria, dining room",2026-07-11T13:41:27.060786+00:00
737,975,311,2026-07-11T13:41:27.060786+00:00,"story, talk, conversation",2026-07-11T13:41:27.060786+00:00
738,321,335,2026-07-11T13:41:27.060786+00:00,century,2026-07-11T13:41:27.060786+00:00
739,884,69,2026-07-11T13:41:27.060786+00:00,goldfish,2026-07-11T13:41:27.060786+00:00
740,1013,27,2026-07-11T13:41:27.060786+00:00,"electricity, electric light",2026-07-11T13:41:27.060786+00:00
741,1089,302,2026-07-11T13:41:27.060786+00:00,to stop (intransitive),2026-07-11T13:41:27.060786+00:00
742,1138,99,2026-07-11T13:41:27.060786+00:00,to eat,2026-07-11T13:41:27.060786+00:00
743,503,5,2026-07-11T13:41:27.060786+00:00,air temperature,2026-07-11T13:41:27.060786+00:00
744,295,342,2026-07-11T13:41:27.060786+00:00,"all members, everyone",2026-07-11T13:41:27.060786+00:00
745,435,91,2026-07-11T13:41:27.060786+00:00,"shortcoming, weak point",2026-07-11T13:41:27.060786+00:00
746,246,283,2026-07-11T13:41:27.060786+00:00,"front, lead, top",2026-07-11T13:41:27.060786+00:00
747,449,79,2026-07-11T13:41:27.060786+00:00,"validity, effectiveness",2026-07-11T13:41:27.060786+00:00
748,834,44,2026-07-11T13:41:27.060786+00:00,"company, firm",2026-07-11T13:41:27.060786+00:00
749,1064,27,2026-07-11T13:41:27.060786+00:00,"train, electric train",2026-07-11T13:41:27.060786+00:00
750,654,333,2026-07-11T13:41:27.060786+00:00,"important, crucial",2026-07-11T13:41:27.060786+00:00
751,530,287,2026-07-11T13:41:27.060786+00:00,horse racing,2026-07-11T13:41:27.060786+00:00
752,1213,312,2026-07-11T13:41:27.060786+00:00,to read,2026-07-11T13:41:27.060786+00:00
753,840,345,2026-07-11T13:41:27.060786+00:00,"study, learning",2026-07-11T13:41:27.060786+00:00
754,597,314,2026-07-11T13:41:27.060786+00:00,race,2026-07-11T13:41:27.060786+00:00
755,187,334,2026-07-11T13:41:27.060786+00:00,"interesting, funny",2026-07-11T13:41:27.060786+00:00
756,1004,311,2026-07-11T13:41:27.060786+00:00,"telephone, phone call",2026-07-11T13:41:27.060786+00:00
757,492,300,2026-07-11T13:41:27.060786+00:00,future,2026-07-11T13:41:27.060786+00:00
758,895,284,2026-07-11T13:41:27.060786+00:00,face,2026-07-11T13:41:27.060786+00:00
759,753,85,2026-07-11T13:41:27.060786+00:00,weather forecast,2026-07-11T13:41:27.060786+00:00
760,1152,2,2026-07-11T13:41:27.060786+00:00,"to pull, to draw, to lead",2026-07-11T13:41:27.060786+00:00
761,1163,294,2026-07-11T13:41:27.060786+00:00,"to fit, to match, to suit",2026-07-11T13:41:27.060786+00:00
762,564,344,2026-07-11T13:41:27.060786+00:00,"line, queue, procession",2026-07-11T13:41:27.060786+00:00
763,865,319,2026-07-11T13:41:27.060786+00:00,"reply, answer",2026-07-11T13:41:27.060786+00:00
764,248,344,2026-07-11T13:41:27.060786+00:00,"row, line, queue",2026-07-11T13:41:27.060786+00:00
765,1146,76,2026-07-11T13:41:27.060786+00:00,to sell,2026-07-11T13:41:27.060786+00:00
766,311,335,2026-07-11T13:41:27.060786+00:00,"care, looking after",2026-07-11T13:41:27.060786+00:00
767,121,304,2026-07-11T13:41:27.060786+00:00,"honest, honesty",2026-07-11T13:41:27.060786+00:00
768,595,284,2026-07-11T13:41:27.060786+00:00,"complexion, facial expression",2026-07-11T13:41:27.060786+00:00
769,90,322,2026-07-11T13:41:27.060786+00:00,"happiness, happy",2026-07-11T13:41:27.060786+00:00
770,864,52,2026-07-11T13:41:27.060786+00:00,postage stamp,2026-07-11T13:41:27.060786+00:00
771,327,307,2026-07-11T13:41:27.060786+00:00,"reference, consultation",2026-07-11T13:41:27.060786+00:00
772,448,304,2026-07-11T13:41:27.060786+00:00,"direct, directly",2026-07-11T13:41:27.060786+00:00
773,220,326,2026-07-11T13:41:27.060786+00:00,"dark, gloomy",2026-07-11T13:41:27.060786+00:00
774,745,309,2026-07-11T13:41:27.060786+00:00,"travel, trip",2026-07-11T13:41:27.060786+00:00
775,245,339,2026-07-11T13:41:27.060786+00:00,"substitute, replacement",2026-07-11T13:41:27.060786+00:00
776,568,288,2026-07-11T13:41:27.060786+00:00,wild bird,2026-07-11T13:41:27.060786+00:00
777,533,92,2026-07-11T13:41:27.060786+00:00,"way, method, manner",2026-07-11T13:41:27.060786+00:00
778,154,317,2026-07-11T13:41:27.060786+00:00,"fun, enjoyable, pleasant",2026-07-11T13:41:27.060786+00:00
779,426,102,2026-07-11T13:41:27.060786+00:00,returning home,2026-07-11T13:41:27.060786+00:00
780,1206,52,2026-07-11T13:41:27.060786+00:00,"to cut, to slice",2026-07-11T13:41:27.060786+00:00
781,529,291,2026-07-11T13:41:27.060786+00:00,"work of art, creation, piece",2026-07-11T13:41:27.060786+00:00
782,1126,315,2026-07-11T13:41:27.060786+00:00,"to pass, to go through",2026-07-11T13:41:27.060786+00:00
783,1115,313,2026-07-11T13:41:27.060786+00:00,"to buy, to purchase",2026-07-11T13:41:27.060786+00:00
784,1139,304,2026-07-11T13:41:27.060786+00:00,"to fix, to repair",2026-07-11T13:41:27.060786+00:00
785,643,335,2026-07-11T13:41:27.060786+00:00,world,2026-07-11T13:41:27.060786+00:00
786,655,334,2026-07-11T13:41:27.060786+00:00,interview,2026-07-11T13:41:27.060786+00:00
787,793,298,2026-07-11T13:41:27.060786+00:00,"mathematics, math",2026-07-11T13:41:27.060786+00:00
788,984,293,2026-07-11T13:41:27.060786+00:00,"mood, feeling",2026-07-11T13:41:27.060786+00:00
789,1140,314,2026-07-11T13:41:27.060786+00:00,to run,2026-07-11T13:41:27.060786+00:00
790,349,291,2026-07-11T13:41:27.060786+00:00,"writer, author, artist",2026-07-11T13:41:27.060786+00:00
791,715,76,2026-07-11T13:41:27.060786+00:00,"sales floor, counter",2026-07-11T13:41:27.060786+00:00
792,801,342,2026-07-11T13:41:27.060786+00:00,"all, everything, the whole",2026-07-11T13:41:27.060786+00:00
793,802,44,2026-07-11T13:41:27.060786+00:00,society,2026-07-11T13:41:27.060786+00:00
794,1046,4,2026-07-11T13:41:27.060786+00:00,"to hit, to strike, to be correct",2026-07-11T13:41:27.060786+00:00
795,893,320,2026-07-11T13:41:27.060786+00:00,"safety, security",2026-07-11T13:41:27.060786+00:00
796,837,289,2026-07-11T13:41:27.060786+00:00,barley tea,2026-07-11T13:41:27.060786+00:00
797,887,92,2026-07-11T13:41:27.060786+00:00,"work, job",2026-07-11T13:41:27.060786+00:00
798,580,334,2026-07-11T13:41:27.060786+00:00,"surface, exterior",2026-07-11T13:41:27.060786+00:00
799,575,85,2026-07-11T13:41:27.060786+00:00,"plan, schedule",2026-07-11T13:41:27.060786+00:00
800,518,294,2026-07-11T13:41:27.060786+00:00,"circumstances, convenience",2026-07-11T13:41:27.060786+00:00
801,196,328,2026-07-11T13:41:27.060786+00:00,"serious, earnest",2026-07-11T13:41:27.060786+00:00
802,680,303,2026-07-11T13:41:27.060786+00:00,"walk, stroll",2026-07-11T13:41:27.060786+00:00
803,362,322,2026-07-11T13:41:27.060786+00:00,"misfortune, unhappiness",2026-07-11T13:41:27.060786+00:00
804,231,295,2026-07-11T13:41:27.060786+00:00,"answer, reply",2026-07-11T13:41:27.060786+00:00
805,164,324,2026-07-11T13:41:27.060786+00:00,"sad, sorrowful",2026-07-11T13:41:27.060786+00:00
806,634,285,2026-07-11T13:41:27.060786+00:00,"scenery, landscape",2026-07-11T13:41:27.060786+00:00
807,590,332,2026-07-11T13:41:27.060786+00:00,"speed, velocity",2026-07-11T13:41:27.060786+00:00
808,827,312,2026-07-11T13:41:27.060786+00:00,reading (books as a hobby),2026-07-11T13:41:27.060786+00:00
809,479,305,2026-07-11T13:41:27.060786+00:00,acquaintance,2026-07-11T13:41:27.060786+00:00
810,258,339,2026-07-11T13:41:27.060786+00:00,"representative, representation",2026-07-11T13:41:27.060786+00:00
811,671,52,2026-07-11T13:41:27.060786+00:00,ticket,2026-07-11T13:41:27.060786+00:00
812,277,346,2026-07-11T13:41:27.060786+00:00,chemistry,2026-07-11T13:41:27.060786+00:00
813,1201,297,2026-07-11T13:41:27.060786+00:00,"to teach, to tell, to inform",2026-07-11T13:41:27.060786+00:00
814,990,297,2026-07-11T13:41:27.060786+00:00,classroom,2026-07-11T13:41:27.060786+00:00
815,1066,313,2026-07-11T13:41:27.060786+00:00,shopping,2026-07-11T13:41:27.060786+00:00
816,556,289,2026-07-11T13:41:27.060786+00:00,"wheat, barley, grain",2026-07-11T13:41:27.060786+00:00
817,183,330,2026-07-11T13:41:27.060786+00:00,"poor at, not good at",2026-07-11T13:41:27.060786+00:00
818,867,285,2026-07-11T13:41:27.060786+00:00,"wind, cold (illness)",2026-07-11T13:41:27.060786+00:00
819,932,309,2026-07-11T13:41:27.060786+00:00,bank,2026-07-11T13:41:27.060786+00:00
820,894,287,2026-07-11T13:41:27.060786+00:00,horse,2026-07-11T13:41:27.060786+00:00
821,1130,311,2026-07-11T13:41:27.060786+00:00,"to speak, to talk",2026-07-11T13:41:27.060786+00:00
822,621,329,2026-07-11T13:41:27.060786+00:00,"art, fine arts",2026-07-11T13:41:27.060786+00:00
823,155,327,2026-07-11T13:41:27.060786+00:00,"deep, profound",2026-07-11T13:41:27.060786+00:00
824,138,319,2026-07-11T13:41:27.060786+00:00,"important, precious",2026-07-11T13:41:27.060786+00:00
825,199,5,2026-07-11T13:41:27.060786+00:00,"warm, warm-hearted",2026-07-11T13:41:27.060786+00:00
826,629,286,2026-07-11T13:41:27.060786+00:00,prime minister,2026-07-11T13:41:27.060786+00:00
827,312,344,2026-07-11T13:41:27.060786+00:00,train,2026-07-11T13:41:27.060786+00:00
828,434,322,2026-07-11T13:41:27.060786+00:00,good luck,2026-07-11T13:41:27.060786+00:00
829,798,307,2026-07-11T13:41:27.060786+00:00,"idea, thought, thinking",2026-07-11T13:41:27.060786+00:00
830,681,306,2026-07-11T13:41:27.060786+00:00,"answer, solution",2026-07-11T13:41:27.060786+00:00
831,252,338,2026-07-11T13:41:27.060786+00:00,"other person, stranger",2026-07-11T13:41:27.060786+00:00
832,1189,295,2026-07-11T13:41:27.060786+00:00,"to turn, to go around, to rotate",2026-07-11T13:41:27.060786+00:00
833,522,315,2026-07-11T13:41:27.060786+00:00,"traffic, transportation",2026-07-11T13:41:27.060786+00:00
834,423,343,2026-07-11T13:41:27.060786+00:00,furniture,2026-07-11T13:41:27.060786+00:00
835,610,337,2026-07-11T13:41:27.060786+00:00,"husband, master, owner",2026-07-11T13:41:27.060786+00:00
836,592,292,2026-07-11T13:41:27.060786+00:00,"sightseeing, tourism",2026-07-11T13:41:27.060786+00:00
837,422,297,2026-07-11T13:41:27.060786+00:00,education,2026-07-11T13:41:27.060786+00:00
838,1218,296,2026-07-11T13:41:27.060786+00:00,"to think, to feel, to consider",2026-07-11T13:41:27.060786+00:00
839,463,305,2026-07-11T13:41:27.060786+00:00,knowledge,2026-07-11T13:41:27.060786+00:00
840,797,296,2026-07-11T13:41:27.060786+00:00,"memory, recollection, reminiscence",2026-07-11T13:41:27.060786+00:00
841,286,44,2026-07-11T13:41:27.060786+00:00,"meeting, conference",2026-07-11T13:41:27.060786+00:00
842,211,52,2026-07-11T13:41:27.060786+00:00,"important, precious, valued",2026-07-11T13:41:27.060786+00:00
843,282,367,2026-07-11T13:42:19.812773+00:00,Kyushu (southernmost main island of Japan),2026-07-11T13:42:19.812773+00:00
844,421,423,2026-07-11T13:42:19.812773+00:00,imagination,2026-07-11T13:42:19.812773+00:00
845,649,415,2026-07-11T13:42:19.812773+00:00,writing brush,2026-07-11T13:42:19.812773+00:00
846,684,493,2026-07-11T13:42:19.812773+00:00,second (time unit),2026-07-11T13:42:19.812773+00:00
847,693,106,2026-07-11T13:42:19.812773+00:00,after school,2026-07-11T13:42:19.812773+00:00
848,509,427,2026-07-11T13:42:19.812773+00:00,"other party, partner",2026-07-11T13:42:19.812773+00:00
849,583,390,2026-07-11T13:42:19.812773+00:00,fairy tale,2026-07-11T13:42:19.812773+00:00
850,760,351,2026-07-11T13:42:19.812773+00:00,you (familiar),2026-07-11T13:42:19.812773+00:00
851,739,453,2026-07-11T13:42:19.812773+00:00,"harbor, port",2026-07-11T13:42:19.812773+00:00
852,849,419,2026-07-11T13:42:19.812773+00:00,family,2026-07-11T13:42:19.812773+00:00
853,322,409,2026-07-11T13:42:19.812773+00:00,"industry, field",2026-07-11T13:42:19.812773+00:00
854,686,416,2026-07-11T13:42:19.812773+00:00,kitchen,2026-07-11T13:42:19.812773+00:00
855,943,491,2026-07-11T13:42:19.812773+00:00,blood,2026-07-11T13:42:19.812773+00:00
856,403,476,2026-07-11T13:42:19.812773+00:00,Pacific Ocean,2026-07-11T13:42:19.812773+00:00
857,820,36,2026-07-11T13:42:19.812773+00:00,library,2026-07-11T13:42:19.812773+00:00
858,464,474,2026-07-11T13:42:19.812773+00:00,discovery,2026-07-11T13:42:19.812773+00:00
859,431,22,2026-07-11T13:42:19.812773+00:00,"period, duration",2026-07-11T13:42:19.812773+00:00
860,754,463,2026-07-11T13:42:19.812773+00:00,"side, beside, width, horizontal",2026-07-11T13:42:19.812773+00:00
861,721,398,2026-07-11T13:42:19.812773+00:00,dentist,2026-07-11T13:42:19.812773+00:00
862,636,352,2026-07-11T13:42:19.812773+00:00,"fate, destiny",2026-07-11T13:42:19.812773+00:00
863,439,106,2026-07-11T13:42:19.812773+00:00,broadcast,2026-07-11T13:42:19.812773+00:00
864,698,462,2026-07-11T13:42:19.812773+00:00,"field, farm",2026-07-11T13:42:19.812773+00:00
865,563,416,2026-07-11T13:42:19.812773+00:00,research institute,2026-07-11T13:42:19.812773+00:00
866,752,412,2026-07-11T13:42:19.812773+00:00,temperature,2026-07-11T13:42:19.812773+00:00
867,332,354,2026-07-11T13:42:19.812773+00:00,"store, shop",2026-07-11T13:42:19.812773+00:00
868,396,436,2026-07-11T13:42:19.812773+00:00,"happiness, bliss",2026-07-11T13:42:19.812773+00:00
869,799,382,2026-07-11T13:42:19.812773+00:00,roof,2026-07-11T13:42:19.812773+00:00
870,415,409,2026-07-11T13:42:19.812773+00:00,industry,2026-07-11T13:42:19.812773+00:00
871,225,349,2026-07-11T13:42:19.812773+00:00,"reflection, self-examination",2026-07-11T13:42:19.812773+00:00
872,856,465,2026-07-11T13:42:19.812773+00:00,"word, language",2026-07-11T13:42:19.812773+00:00
873,399,428,2026-07-11T13:42:19.812773+00:00,"circumstances, as soon as",2026-07-11T13:42:19.812773+00:00
874,712,454,2026-07-11T13:42:19.812773+00:00,Western-style clothes,2026-07-11T13:42:19.812773+00:00
875,239,416,2026-07-11T13:42:19.812773+00:00,office,2026-07-11T13:42:19.812773+00:00
876,296,348,2026-07-11T13:42:19.812773+00:00,"clinic, medical office",2026-07-11T13:42:19.812773+00:00
877,264,442,2026-07-11T13:42:19.812773+00:00,school entrance ceremony,2026-07-11T13:42:19.812773+00:00
878,444,369,2026-07-11T13:42:19.812773+00:00,"carbonation, fizzy",2026-07-11T13:42:19.812773+00:00
879,501,459,2026-07-11T13:42:19.812773+00:00,Showa era (1926-1989),2026-07-11T13:42:19.812773+00:00
880,582,412,2026-07-11T13:42:19.812773+00:00,"degree, extent",2026-07-11T13:42:19.812773+00:00
881,709,405,2026-07-11T13:42:19.812773+00:00,"practice, training",2026-07-11T13:42:19.812773+00:00
882,1037,364,2026-07-11T13:42:19.812773+00:00,room,2026-07-11T13:42:19.812773+00:00
883,322,418,2026-07-11T13:42:19.812773+00:00,"industry, business world",2026-07-11T13:42:19.812773+00:00
884,949,13,2026-07-11T13:42:19.812773+00:00,animal,2026-07-11T13:42:19.812773+00:00
885,328,347,2026-07-11T13:42:19.812773+00:00,"area, district, zone",2026-07-11T13:42:19.812773+00:00
886,531,11,2026-07-11T13:42:19.812773+00:00,company employee,2026-07-11T13:42:19.812773+00:00
887,736,469,2026-07-11T13:42:19.812773+00:00,son,2026-07-11T13:42:19.812773+00:00
888,755,360,2026-07-11T13:42:19.812773+00:00,"guest, customer, visitor",2026-07-11T13:42:19.812773+00:00
889,733,455,2026-07-11T13:42:19.812773+00:00,hot spring,2026-07-11T13:42:19.812773+00:00
890,767,496,2026-07-11T13:42:19.812773+00:00,school class,2026-07-11T13:42:19.812773+00:00
891,832,385,2026-07-11T13:42:19.812773+00:00,blackboard,2026-07-11T13:42:19.812773+00:00
892,690,356,2026-07-11T13:42:19.812773+00:00,"slope, hill",2026-07-11T13:42:19.812773+00:00
893,685,73,2026-07-11T13:42:19.812773+00:00,"taste, flavor",2026-07-11T13:42:19.812773+00:00
894,532,420,2026-07-11T13:42:19.812773+00:00,musical composition,2026-07-11T13:42:19.812773+00:00
895,514,365,2026-07-11T13:42:19.812773+00:00,"seashore, coast",2026-07-11T13:42:19.812773+00:00
896,674,31,2026-07-11T13:42:19.812773+00:00,"reason, cause",2026-07-11T13:42:19.812773+00:00
897,558,452,2026-07-11T13:42:19.812773+00:00,"bankbook, passbook",2026-07-11T13:42:19.812773+00:00
898,443,464,2026-07-11T13:42:19.812773+00:00,"state, situation, appearance",2026-07-11T13:42:19.812773+00:00
899,557,489,2026-07-11T13:42:19.812773+00:00,"flute, whistle",2026-07-11T13:42:19.812773+00:00
900,666,431,2026-07-11T13:42:19.812773+00:00,"oil, fat",2026-07-11T13:42:19.812773+00:00
901,399,484,2026-07-11T13:42:19.812773+00:00,"depending on, as soon as",2026-07-11T13:42:19.812773+00:00
902,847,13,2026-07-11T13:42:19.812773+00:00,"luggage, baggage",2026-07-11T13:42:19.812773+00:00
903,384,21,2026-07-11T13:42:19.812773+00:00,"decision, determination",2026-07-11T13:42:19.812773+00:00
904,271,11,2026-07-11T13:42:19.812773+00:00,member (of a club or organization),2026-07-11T13:42:19.812773+00:00
905,406,359,2026-07-11T13:42:19.812773+00:00,"reality, actuality",2026-07-11T13:42:19.812773+00:00
906,712,476,2026-07-11T13:42:19.812773+00:00,Western-style clothes,2026-07-11T13:42:19.812773+00:00
907,903,474,2026-07-11T13:42:19.812773+00:00,departure,2026-07-11T13:42:19.812773+00:00
908,486,468,2026-07-11T13:42:19.812773+00:00,"role, part",2026-07-11T13:42:19.812773+00:00
909,745,396,2026-07-11T13:42:19.812773+00:00,"travel, trip",2026-07-11T13:42:19.812773+00:00
910,722,395,2026-07-11T13:42:19.812773+00:00,"meaning, significance",2026-07-11T13:42:19.812773+00:00
911,600,370,2026-07-11T13:42:19.812773+00:00,"research, study",2026-07-11T13:42:19.812773+00:00
912,569,375,2026-07-11T13:42:19.812773+00:00,utility pole,2026-07-11T13:42:19.812773+00:00
913,907,81,2026-07-11T13:42:19.812773+00:00,"bean, pea",2026-07-11T13:42:19.812773+00:00
914,513,106,2026-07-11T13:42:19.812773+00:00,broadcasting station,2026-07-11T13:42:19.812773+00:00
915,469,431,2026-07-11T13:42:19.812773+00:00,"petroleum, oil",2026-07-11T13:42:19.812773+00:00
916,772,395,2026-07-11T13:42:19.812773+00:00,"attention, caution",2026-07-11T13:42:19.812773+00:00
917,643,418,2026-07-11T13:42:19.812773+00:00,world,2026-07-11T13:42:19.812773+00:00
918,310,38,2026-07-11T13:42:19.812773+00:00,"product, merchandise",2026-07-11T13:42:19.812773+00:00
919,661,369,2026-07-11T13:42:19.812773+00:00,coal,2026-07-11T13:42:19.812773+00:00
920,672,399,2026-07-11T13:42:19.812773+00:00,"plate, dish",2026-07-11T13:42:19.812773+00:00
921,295,11,2026-07-11T13:42:19.812773+00:00,"all members, everyone",2026-07-11T13:42:19.812773+00:00
922,429,460,2026-07-11T13:42:19.812773+00:00,"announcement, presentation",2026-07-11T13:42:19.812773+00:00
923,1053,364,2026-07-11T13:42:19.812773+00:00,bookstore,2026-07-11T13:42:19.812773+00:00
924,398,393,2026-07-11T13:42:19.812773+00:00,"consultation, discussion",2026-07-11T13:42:19.812773+00:00
925,772,97,2026-07-11T13:42:19.812773+00:00,"caution, attention",2026-07-11T13:42:19.812773+00:00
926,392,395,2026-07-11T13:42:19.812773+00:00,"unexpectedness, surprise",2026-07-11T13:42:19.812773+00:00
927,594,455,2026-07-11T13:42:19.812773+00:00,hot water,2026-07-11T13:42:19.812773+00:00
928,119,403,2026-07-11T13:42:19.812773+00:00,"average, mean",2026-07-11T13:42:19.812773+00:00
929,440,385,2026-07-11T13:42:19.812773+00:00,"signboard, sign",2026-07-11T13:42:19.812773+00:00
930,341,346,2026-07-11T13:42:19.812773+00:00,"makeup, cosmetics",2026-07-11T13:42:19.812773+00:00
931,708,433,2026-07-11T13:42:19.812773+00:00,"Earth, globe",2026-07-11T13:42:19.812773+00:00
932,804,434,2026-07-11T13:42:19.812773+00:00,ice,2026-07-11T13:42:19.812773+00:00
933,825,355,2026-07-11T13:42:19.812773+00:00,"question, inquiry",2026-07-11T13:42:19.812773+00:00
934,482,481,2026-07-11T13:42:19.812773+00:00,"garden, park",2026-07-11T13:42:19.812773+00:00
935,787,395,2026-07-11T13:42:19.812773+00:00,"opinion, view",2026-07-11T13:42:19.812773+00:00
936,669,468,2026-07-11T13:42:19.812773+00:00,government office,2026-07-11T13:42:19.812773+00:00
937,771,350,2026-07-11T13:42:19.812773+00:00,"number, serial number",2026-07-11T13:42:19.812773+00:00
938,622,38,2026-07-11T13:42:19.812773+00:00,"food, foodstuff",2026-07-11T13:42:19.812773+00:00
939,258,460,2026-07-11T13:42:19.812773+00:00,representative,2026-07-11T13:42:19.812773+00:00
940,468,22,2026-07-11T13:42:19.812773+00:00,"time, season",2026-07-11T13:42:19.812773+00:00
941,496,358,2026-07-11T13:42:19.812773+00:00,committee,2026-07-11T13:42:19.812773+00:00
942,376,22,2026-07-11T13:42:19.812773+00:00,"expectation, anticipation",2026-07-11T13:42:19.812773+00:00
943,947,465,2026-07-11T13:42:19.812773+00:00,leaf,2026-07-11T13:42:19.812773+00:00
944,447,419,2026-07-11T13:42:19.812773+00:00,"ethnic group, people",2026-07-11T13:42:19.812773+00:00
945,852,363,2026-07-11T13:42:19.812773+00:00,post office,2026-07-11T13:42:19.812773+00:00
946,276,454,2026-07-11T13:42:19.812773+00:00,uniform,2026-07-11T13:42:19.812773+00:00
947,168,395,2026-07-11T13:42:19.812773+00:00,"consciousness, awareness",2026-07-11T13:42:19.812773+00:00
948,429,474,2026-07-11T13:42:19.812773+00:00,"announcement, presentation",2026-07-11T13:42:19.812773+00:00
949,232,366,2026-07-11T13:42:19.812773+00:00,peninsula,2026-07-11T13:42:19.812773+00:00
950,863,73,2026-07-11T13:42:19.812773+00:00,"hobby, pastime",2026-07-11T13:42:19.812773+00:00
951,359,352,2026-07-11T13:42:19.812773+00:00,life,2026-07-11T13:42:19.812773+00:00
952,549,349,2026-07-11T13:42:19.812773+00:00,"violation, infringement",2026-07-11T13:42:19.812773+00:00
953,536,442,2026-07-11T13:42:19.812773+00:00,wedding ceremony,2026-07-11T13:42:19.812773+00:00
954,555,406,2026-07-11T13:42:19.812773+00:00,"thanks, gratitude",2026-07-11T13:42:19.812773+00:00
955,600,444,2026-07-11T13:42:19.812773+00:00,"research, study",2026-07-11T13:42:19.812773+00:00
956,483,409,2026-07-11T13:42:19.812773+00:00,manufacturing industry,2026-07-11T13:42:19.812773+00:00
957,269,469,2026-07-11T13:42:19.812773+00:00,"rest, break",2026-07-11T13:42:19.812773+00:00
958,665,349,2026-07-11T13:42:19.812773+00:00,"opposition, the opposite",2026-07-11T13:42:19.812773+00:00
959,795,450,2026-07-11T13:42:19.812773+00:00,"folktale, old story",2026-07-11T13:42:19.812773+00:00
960,410,414,2026-07-11T13:42:19.812773+00:00,"sentence, text, writing",2026-07-11T13:42:19.812773+00:00
961,818,348,2026-07-11T13:42:19.812773+00:00,"doctor, physician",2026-07-11T13:42:19.812773+00:00
962,847,483,2026-07-11T13:42:19.812773+00:00,"baggage, luggage, package",2026-07-11T13:42:19.812773+00:00
963,386,423,2026-07-11T13:42:19.812773+00:00,"impression, thoughts",2026-07-11T13:42:19.812773+00:00
964,543,405,2026-07-11T13:42:19.812773+00:00,"training, drill",2026-07-11T13:42:19.812773+00:00
965,416,474,2026-07-11T13:42:19.812773+00:00,"development, growth",2026-07-11T13:42:19.812773+00:00
966,677,452,2026-07-11T13:42:19.812773+00:00,"notebook, planner",2026-07-11T13:42:19.812773+00:00
967,1079,453,2026-07-11T13:42:19.812773+00:00,airport,2026-07-11T13:42:19.812773+00:00
968,310,354,2026-07-11T13:42:19.812773+00:00,"product, merchandise",2026-07-11T13:42:19.812773+00:00
969,297,442,2026-07-11T13:42:19.812773+00:00,"official, formula",2026-07-11T13:42:19.812773+00:00
970,521,451,2026-07-11T13:42:19.812773+00:00,"radio waves, signal",2026-07-11T13:42:19.812773+00:00
971,393,451,2026-07-11T13:42:19.812773+00:00,wave,2026-07-11T13:42:19.812773+00:00
972,1029,374,2026-07-11T13:42:19.812773+00:00,hospital,2026-07-11T13:42:19.812773+00:00
973,356,354,2026-07-11T13:42:19.812773+00:00,"business, trade",2026-07-11T13:42:19.812773+00:00
974,639,487,2026-07-11T13:42:19.812773+00:00,"road, street",2026-07-11T13:42:19.812773+00:00
975,398,427,2026-07-11T13:42:19.812773+00:00,"consultation, discussion",2026-07-11T13:42:19.812773+00:00
976,716,416,2026-07-11T13:42:19.812773+00:00,"place, location",2026-07-11T13:42:19.812773+00:00
977,498,440,2026-07-11T13:42:19.812773+00:00,skin (of the body),2026-07-11T13:42:19.812773+00:00
978,756,463,2026-07-11T13:42:19.812773+00:00,"pedestrian crossing, crosswalk",2026-07-11T13:42:19.812773+00:00
979,173,348,2026-07-11T13:42:19.812773+00:00,medical science,2026-07-11T13:42:19.812773+00:00
980,646,404,2026-07-11T13:42:19.812773+00:00,Shinto shrine,2026-07-11T13:42:19.812773+00:00
981,538,13,2026-07-11T13:42:19.812773+00:00,"vehicle, means of transport",2026-07-11T13:42:19.812773+00:00
982,722,73,2026-07-11T13:42:19.812773+00:00,"meaning, significance",2026-07-11T13:42:19.812773+00:00
983,475,399,2026-07-11T13:42:19.812773+00:00,ashtray,2026-07-11T13:42:19.812773+00:00
984,551,393,2026-07-11T13:42:19.812773+00:00,"talk, conversation",2026-07-11T13:42:19.812773+00:00
985,673,353,2026-07-11T13:42:19.812773+00:00,"Japanese food, Japanese cuisine",2026-07-11T13:42:19.812773+00:00
986,584,392,2026-07-11T13:42:19.812773+00:00,"poem, poetry",2026-07-11T13:42:19.812773+00:00
987,821,460,2026-07-11T13:42:19.812773+00:00,"table, chart",2026-07-11T13:42:19.812773+00:00
988,692,404,2026-07-11T13:42:19.812773+00:00,"God, deity (respectful)",2026-07-11T13:42:19.812773+00:00
989,737,397,2026-07-11T13:42:19.812773+00:00,prefecture,2026-07-11T13:42:19.812773+00:00
990,460,97,2026-07-11T13:42:19.812773+00:00,"attention, notice",2026-07-11T13:42:19.812773+00:00
991,917,31,2026-07-11T13:42:19.812773+00:00,"freedom, liberty",2026-07-11T13:42:19.812773+00:00
992,485,396,2026-07-11T13:42:19.812773+00:00,Japanese-style inn,2026-07-11T13:42:19.812773+00:00
993,150,357,2026-07-11T13:42:19.812773+00:00,"center, middle, central",2026-07-11T13:42:19.812773+00:00
994,789,353,2026-07-11T13:42:19.812773+00:00,peace,2026-07-11T13:42:19.812773+00:00
995,689,355,2026-07-11T13:42:19.812773+00:00,"problem, question, issue",2026-07-11T13:42:19.812773+00:00
996,495,358,2026-07-11T13:42:19.812773+00:00,committee member,2026-07-11T13:42:19.812773+00:00
997,619,392,2026-07-11T13:42:19.812773+00:00,poet,2026-07-11T13:42:19.812773+00:00
998,732,364,2026-07-11T13:42:19.812773+00:00,butcher shop,2026-07-11T13:42:19.812773+00:00
999,789,403,2026-07-11T13:42:19.812773+00:00,peace,2026-07-11T13:42:19.812773+00:00
1000,734,430,2026-07-11T13:42:19.812773+00:00,festival,2026-07-11T13:42:19.812773+00:00
1001,678,473,2026-07-11T13:42:19.812773+00:00,bridge,2026-07-11T13:42:19.812773+00:00
1002,782,353,2026-07-11T13:42:19.812773+00:00,Japanese-style room,2026-07-11T13:42:19.812773+00:00
1003,640,409,2026-07-11T13:42:19.812773+00:00,agriculture,2026-07-11T13:42:19.812773+00:00
1004,513,363,2026-07-11T13:42:19.812773+00:00,broadcasting station,2026-07-11T13:42:19.812773+00:00
1005,419,13,2026-07-11T13:42:19.812773+00:00,"story, tale",2026-07-11T13:42:19.812773+00:00
1006,420,478,2026-07-11T13:42:19.812773+00:00,scholar,2026-07-11T13:42:19.812773+00:00
1007,748,435,2026-07-11T13:42:19.812773+00:00,sheep,2026-07-11T13:42:19.812773+00:00
1008,563,370,2026-07-11T13:42:19.812773+00:00,research institute,2026-07-11T13:42:19.812773+00:00
1009,988,383,2026-07-11T13:42:19.812773+00:00,medicine,2026-07-11T13:42:19.812773+00:00
1010,273,418,2026-07-11T13:42:19.812773+00:00,"limit, boundary",2026-07-11T13:42:19.812773+00:00
1011,437,410,2026-07-11T13:42:19.812773+00:00,equality,2026-07-11T13:42:19.812773+00:00
1012,1021,362,2026-07-11T13:42:19.812773+00:00,homework,2026-07-11T13:42:19.812773+00:00
1013,73,361,2026-07-11T13:42:19.812773+00:00,palace,2026-07-11T13:42:19.812773+00:00
1014,381,362,2026-07-11T13:42:19.812773+00:00,"lodging, overnight stay",2026-07-11T13:42:19.812773+00:00
1015,759,458,2026-07-11T13:42:19.812773+00:00,lake,2026-07-11T13:42:19.812773+00:00
1016,559,406,2026-07-11T13:42:19.812773+00:00,"manners, courtesy",2026-07-11T13:42:19.812773+00:00
1017,456,359,2026-07-11T13:42:19.812773+00:00,"in practice, actually, in reality",2026-07-11T13:42:19.812773+00:00
1018,657,478,2026-07-11T13:42:19.812773+00:00,"journalist, reporter",2026-07-11T13:42:19.812773+00:00
1019,818,478,2026-07-11T13:42:19.812773+00:00,doctor,2026-07-11T13:42:19.812773+00:00
1020,786,425,2026-07-11T13:42:19.812773+00:00,"box, case",2026-07-11T13:42:19.812773+00:00
1021,872,383,2026-07-11T13:42:19.812773+00:00,pharmacy,2026-07-11T13:42:19.812773+00:00
1022,799,364,2026-07-11T13:42:19.812773+00:00,roof,2026-07-11T13:42:19.812773+00:00
1023,290,361,2026-07-11T13:42:19.812773+00:00,"grand shrine (e.g., Ise Jingu)",2026-07-11T13:42:19.812773+00:00
1024,1001,466,2026-07-11T13:42:19.812773+00:00,"Chinese character, kanji",2026-07-11T13:42:19.812773+00:00
1025,683,476,2026-07-11T13:42:19.812773+00:00,Western cuisine,2026-07-11T13:42:19.812773+00:00
1026,774,481,2026-07-11T13:42:19.812773+00:00,"home, family",2026-07-11T13:42:19.812773+00:00
1027,1023,374,2026-07-11T13:42:19.812773+00:00,"illness, sickness",2026-07-11T13:42:19.812773+00:00
1028,534,350,2026-07-11T13:42:19.812773+00:00,"traffic light, signal",2026-07-11T13:42:19.812773+00:00
1029,1011,381,2026-07-11T13:42:19.812773+00:00,green (color),2026-07-11T13:42:19.812773+00:00
1030,630,491,2026-07-11T13:42:19.812773+00:00,blood pressure,2026-07-11T13:42:19.812773+00:00
1031,880,433,2026-07-11T13:42:19.812773+00:00,baseball,2026-07-11T13:42:19.812773+00:00
1032,665,63,2026-07-11T13:42:19.812773+00:00,"opposition, opposite",2026-07-11T13:42:19.812773+00:00
1033,575,21,2026-07-11T13:42:19.812773+00:00,"plan, schedule",2026-07-11T13:42:19.812773+00:00
1034,335,347,2026-07-11T13:42:19.812773+00:00,"distinction, difference",2026-07-11T13:42:19.812773+00:00
1035,470,63,2026-07-11T13:42:19.812773+00:00,"target, object",2026-07-11T13:42:19.812773+00:00
1036,710,36,2026-07-11T13:42:19.812773+00:00,refrigerator,2026-07-11T13:42:19.812773+00:00
1037,659,465,2026-07-11T13:42:19.812773+00:00,autumn leaves,2026-07-11T13:42:19.812773+00:00
1038,1198,408,2026-07-11T13:43:15.681858+00:00,"to raise, to bring up, to nurture",2026-07-11T13:43:15.681858+00:00
1039,439,39,2026-07-11T13:43:15.681858+00:00,broadcast,2026-07-11T13:43:15.681858+00:00
1040,1128,26,2026-07-11T13:43:15.681858+00:00,"to end, to finish",2026-07-11T13:43:15.681858+00:00
1041,307,588,2026-07-11T13:43:15.681858+00:00,impression,2026-07-11T13:43:15.681858+00:00
1042,425,501,2026-07-11T13:43:15.681858+00:00,"hope, wish, desire",2026-07-11T13:43:15.681858+00:00
1043,572,457,2026-07-11T13:43:15.681858+00:00,"burden, load",2026-07-11T13:43:15.681858+00:00
1044,817,485,2026-07-11T13:43:15.681858+00:00,silver color,2026-07-11T13:43:15.681858+00:00
1045,1219,447,2026-07-11T13:43:15.681858+00:00,"to play, to have fun",2026-07-11T13:43:15.681858+00:00
1046,1134,492,2026-07-11T13:43:15.681858+00:00,"to receive, to undergo, to take (exam)",2026-07-11T13:43:15.681858+00:00
1047,1039,439,2026-07-11T13:43:15.681858+00:00,"to apply, to register",2026-07-11T13:43:15.681858+00:00
1048,623,379,2026-07-11T13:43:15.681858+00:00,address,2026-07-11T13:43:15.681858+00:00
1049,709,471,2026-07-11T13:43:15.681858+00:00,"practice, training",2026-07-11T13:43:15.681858+00:00
1050,788,461,2026-07-11T13:43:15.681858+00:00,"the other side, over there",2026-07-11T13:43:15.681858+00:00
1051,378,499,2026-07-11T13:43:15.681858+00:00,"trend, fashion, epidemic",2026-07-11T13:43:15.681858+00:00
1052,1162,12,2026-07-11T13:43:15.681858+00:00,"to drink, to swallow",2026-07-11T13:43:15.681858+00:00
1053,949,377,2026-07-11T13:43:15.681858+00:00,animal,2026-07-11T13:43:15.681858+00:00
1054,801,373,2026-07-11T13:43:15.681858+00:00,"all, everything",2026-07-11T13:43:15.681858+00:00
1055,537,596,2026-07-11T13:43:15.681858+00:00,"above, more than, that is all",2026-07-11T13:43:15.681858+00:00
1056,723,441,2026-07-11T13:43:15.681858+00:00,"birthplace, background",2026-07-11T13:43:15.681858+00:00
1057,383,87,2026-07-11T13:43:15.681858+00:00,"tidying up, organizing",2026-07-11T13:43:15.681858+00:00
1058,351,499,2026-07-11T13:43:15.681858+00:00,"exchange, interaction",2026-07-11T13:43:15.681858+00:00
1059,640,443,2026-07-11T13:43:15.681858+00:00,agriculture,2026-07-11T13:43:15.681858+00:00
1060,438,577,2026-07-11T13:43:15.681858+00:00,season,2026-07-11T13:43:15.681858+00:00
1061,279,407,2026-07-11T13:43:15.681858+00:00,"use, application",2026-07-11T13:43:15.681858+00:00
1062,1132,456,2026-07-11T13:43:15.681858+00:00,"to be saved, to be helpful",2026-07-11T13:43:15.681858+00:00
1063,820,411,2026-07-11T13:43:15.681858+00:00,library,2026-07-11T13:43:15.681858+00:00
1064,1100,429,2026-07-11T13:43:15.681858+00:00,"to gather, to assemble",2026-07-11T13:43:15.681858+00:00
1065,471,377,2026-07-11T13:43:15.681858+00:00,activity,2026-07-11T13:43:15.681858+00:00
1066,234,610,2026-07-11T13:43:15.681858+00:00,"common, shared",2026-07-11T13:43:15.681858+00:00
1067,932,485,2026-07-11T13:43:15.681858+00:00,bank,2026-07-11T13:43:15.681858+00:00
1068,650,394,2026-07-11T13:43:15.681858+00:00,delivery,2026-07-11T13:43:15.681858+00:00
1069,329,34,2026-07-11T13:43:15.681858+00:00,arrival,2026-07-11T13:43:15.681858+00:00
1070,928,422,2026-07-11T13:43:15.681858+00:00,last year,2026-07-11T13:43:15.681858+00:00
1071,892,402,2026-07-11T13:43:15.681858+00:00,"photograph, photo",2026-07-11T13:43:15.681858+00:00
1072,741,386,2026-07-11T13:43:15.681858+00:00,the sun,2026-07-11T13:43:15.681858+00:00
1073,695,389,2026-07-11T13:43:15.681858+00:00,"subway, underground train",2026-07-11T13:43:15.681858+00:00
1074,714,603,2026-07-11T13:43:15.681858+00:00,"first, beginning",2026-07-11T13:43:15.681858+00:00
1075,1197,376,2026-07-11T13:43:15.681858+00:00,"to win, to be victorious",2026-07-11T13:43:15.681858+00:00
1076,628,471,2026-07-11T13:43:15.681858+00:00,preparation for a lesson,2026-07-11T13:43:15.681858+00:00
1077,1006,58,2026-07-11T13:43:15.681858+00:00,"to receive, to accept",2026-07-11T13:43:15.681858+00:00
1078,606,408,2026-07-11T13:43:15.681858+00:00,physical education,2026-07-11T13:43:15.681858+00:00
1079,613,386,2026-07-11T13:43:15.681858+00:00,"cheerful, fine weather",2026-07-11T13:43:15.681858+00:00
1080,969,101,2026-07-11T13:43:15.681858+00:00,"feeling, mood",2026-07-11T13:43:15.681858+00:00
1081,908,613,2026-07-11T13:43:15.681858+00:00,"dining room, cafeteria, restaurant",2026-07-11T13:43:15.681858+00:00
1082,781,394,2026-07-11T13:43:15.681858+00:00,"worry, concern",2026-07-11T13:43:15.681858+00:00
1083,651,441,2026-07-11T13:43:15.681858+00:00,body,2026-07-11T13:43:15.681858+00:00
1084,1210,377,2026-07-11T13:43:15.681858+00:00,"to move, to operate",2026-07-11T13:43:15.681858+00:00
1085,1093,456,2026-07-11T13:43:15.681858+00:00,"to help, to rescue",2026-07-11T13:43:15.681858+00:00
1086,1141,388,2026-07-11T13:43:15.681858+00:00,to decide,2026-07-11T13:43:15.681858+00:00
1087,1169,379,2026-07-11T13:43:15.681858+00:00,"to live, to reside",2026-07-11T13:43:15.681858+00:00
1088,831,421,2026-07-11T13:43:15.681858+00:00,second floor,2026-07-11T13:43:15.681858+00:00
1089,1157,394,2026-07-11T13:43:15.681858+00:00,"to distribute, to hand out",2026-07-11T13:43:15.681858+00:00
1090,1221,39,2026-07-11T13:43:15.681858+00:00,"to send, to see off",2026-07-11T13:43:15.681858+00:00
1091,653,389,2026-07-11T13:43:15.681858+00:00,"railroad, railway",2026-07-11T13:43:15.681858+00:00
1092,567,541,2026-07-11T13:43:15.681858+00:00,"trouble, hardship, difficulty",2026-07-11T13:43:15.681858+00:00
1093,1164,407,2026-07-11T13:43:15.681858+00:00,to use,2026-07-11T13:43:15.681858+00:00
1094,858,368,2026-07-11T13:43:15.681858+00:00,bicycle,2026-07-11T13:43:15.681858+00:00
1095,402,568,2026-07-11T13:43:15.681858+00:00,"highest, best, maximum",2026-07-11T13:43:15.681858+00:00
1096,345,457,2026-07-11T13:43:15.681858+00:00,"match, contest",2026-07-11T13:43:15.681858+00:00
1097,916,28,2026-07-11T13:43:15.681858+00:00,"luck, fortune",2026-07-11T13:43:15.681858+00:00
1098,250,588,2026-07-11T13:43:15.681858+00:00,printing,2026-07-11T13:43:15.681858+00:00
1099,1129,486,2026-07-11T13:43:15.681858+00:00,to die,2026-07-11T13:43:15.681858+00:00
1100,249,379,2026-07-11T13:43:15.681858+00:00,"resident, inhabitant",2026-07-11T13:43:15.681858+00:00
1101,327,634,2026-07-11T13:43:15.681858+00:00,"reference, consultation",2026-07-11T13:43:15.681858+00:00
1102,1143,426,2026-07-11T13:43:15.681858+00:00,"to disappear, to go out",2026-07-11T13:43:15.681858+00:00
1103,585,636,2026-07-11T13:43:15.681858+00:00,bus stop,2026-07-11T13:43:15.681858+00:00
1104,1156,472,2026-07-11T13:43:15.681858+00:00,"to feel, to sense",2026-07-11T13:43:15.681858+00:00
1105,609,438,2026-07-11T13:43:15.681858+00:00,"condition, state, tone",2026-07-11T13:43:15.681858+00:00
1106,806,568,2026-07-11T13:43:15.681858+00:00,"recently, lately",2026-07-11T13:43:15.681858+00:00
1107,376,490,2026-07-11T13:43:15.681858+00:00,"expectation, hope",2026-07-11T13:43:15.681858+00:00
1108,971,499,2026-07-11T13:43:15.681858+00:00,"to flow, to stream",2026-07-11T13:43:15.681858+00:00
1109,1155,58,2026-07-11T13:43:15.681858+00:00,"to take, to get, to obtain",2026-07-11T13:43:15.681858+00:00
1110,874,441,2026-07-11T13:43:15.681858+00:00,height,2026-07-11T13:43:15.681858+00:00
1111,238,635,2026-07-11T13:43:15.681858+00:00,"status, standing, position",2026-07-11T13:43:15.681858+00:00
1112,485,411,2026-07-11T13:43:15.681858+00:00,Japanese inn,2026-07-11T13:43:15.681858+00:00
1113,738,533,2026-07-11T13:43:15.681858+00:00,history,2026-07-11T13:43:15.681858+00:00
1114,412,472,2026-07-11T13:43:15.681858+00:00,being emotionally moved,2026-07-11T13:43:15.681858+00:00
1115,1205,448,2026-07-11T13:43:15.681858+00:00,"to drop, to lose",2026-07-11T13:43:15.681858+00:00
1116,1063,482,2026-07-11T13:43:15.681858+00:00,"to point to, to indicate",2026-07-11T13:43:15.681858+00:00
1117,179,498,2026-07-11T13:43:15.681858+00:00,"public release, open to the public",2026-07-11T13:43:15.681858+00:00
1118,1133,494,2026-07-11T13:43:15.681858+00:00,"to chase, to pursue",2026-07-11T13:43:15.681858+00:00
1119,740,446,2026-07-11T13:43:15.681858+00:00,swimming,2026-07-11T13:43:15.681858+00:00
1120,467,472,2026-07-11T13:43:15.681858+00:00,"gratitude, thanks",2026-07-11T13:43:15.681858+00:00
1121,601,107,2026-07-11T13:43:15.681858+00:00,"topic, subject of talk",2026-07-11T13:43:15.681858+00:00
1122,1116,461,2026-07-11T13:43:15.681858+00:00,"to face, to turn toward",2026-07-11T13:43:15.681858+00:00
1123,505,437,2026-07-11T13:43:15.681858+00:00,limited express train,2026-07-11T13:43:15.681858+00:00
1124,523,471,2026-07-11T13:43:15.681858+00:00,"habit, custom",2026-07-11T13:43:15.681858+00:00
1125,1024,371,2026-07-11T13:43:15.681858+00:00,to throw,2026-07-11T13:43:15.681858+00:00
1126,972,605,2026-07-11T13:43:15.681858+00:00,yesterday,2026-07-11T13:43:15.681858+00:00
1127,945,467,2026-07-11T13:43:15.681858+00:00,"station staff, station worker",2026-07-11T13:43:15.681858+00:00
1128,1090,445,2026-07-11T13:43:15.681858+00:00,to plant,2026-07-11T13:43:15.681858+00:00
1129,1181,438,2026-07-11T13:43:15.681858+00:00,"to investigate, to look up",2026-07-11T13:43:15.681858+00:00
1130,1105,401,2026-07-11T13:43:15.681858+00:00,"to wake someone up, to cause",2026-07-11T13:43:15.681858+00:00
1131,1185,28,2026-07-11T13:43:15.681858+00:00,"to carry, to transport",2026-07-11T13:43:15.681858+00:00
1132,1182,497,2026-07-11T13:43:15.681858+00:00,"to begin, to start (intransitive)",2026-07-11T13:43:15.681858+00:00
1133,667,40,2026-07-11T13:43:15.681858+00:00,"fee, charge, fare",2026-07-11T13:43:15.681858+00:00
1134,954,477,2026-07-11T13:43:15.681858+00:00,"to hit, to strike",2026-07-11T13:43:15.681858+00:00
1135,518,432,2026-07-11T13:43:15.681858+00:00,"circumstances, convenience",2026-07-11T13:43:15.681858+00:00
1136,160,479,2026-07-11T13:43:15.681858+00:00,graduate school,2026-07-11T13:43:15.681858+00:00
1137,855,28,2026-07-11T13:43:15.681858+00:00,"driving, operation",2026-07-11T13:43:15.681858+00:00
1138,368,26,2026-07-11T13:43:15.681858+00:00,"last, final",2026-07-11T13:43:15.681858+00:00
1139,593,391,2026-07-11T13:43:15.681858+00:00,"commemoration, memory",2026-07-11T13:43:15.681858+00:00
1140,951,467,2026-07-11T13:43:15.681858+00:00,(train) station,2026-07-11T13:43:15.681858+00:00
1141,1106,470,2026-07-11T13:43:15.681858+00:00,"to protect, to keep, to obey",2026-07-11T13:43:15.681858+00:00
1142,615,494,2026-07-11T13:43:15.681858+00:00,"addition, supplement",2026-07-11T13:43:15.681858+00:00
1143,652,443,2026-07-11T13:43:15.681858+00:00,"farmhouse, farming family",2026-07-11T13:43:15.681858+00:00
1144,459,486,2026-07-11T13:43:15.681858+00:00,"death, mortality",2026-07-11T13:43:15.681858+00:00
1145,1212,37,2026-07-11T13:43:15.681858+00:00,"to return, to give back",2026-07-11T13:43:15.681858+00:00
1146,1228,498,2026-07-11T13:43:15.681858+00:00,to open (transitive),2026-07-11T13:43:15.681858+00:00
1147,658,422,2026-07-11T13:43:15.681858+00:00,the past,2026-07-11T13:43:15.681858+00:00
1148,714,568,2026-07-11T13:43:15.681858+00:00,"first, beginning",2026-07-11T13:43:15.681858+00:00
1149,1154,387,2026-07-11T13:43:15.681858+00:00,"to advance, to progress",2026-07-11T13:43:15.681858+00:00
1150,570,12,2026-07-11T13:43:15.681858+00:00,"eating and drinking, food and drink",2026-07-11T13:43:15.681858+00:00
1151,1114,439,2026-07-11T13:43:15.681858+00:00,to say (humble),2026-07-11T13:43:15.681858+00:00
1152,422,408,2026-07-11T13:43:15.681858+00:00,education,2026-07-11T13:43:15.681858+00:00
1153,527,107,2026-07-11T13:43:15.681858+00:00,"title, name of a work",2026-07-11T13:43:15.681858+00:00
1154,1147,497,2026-07-11T13:43:15.681858+00:00,"to begin, to start (transitive)",2026-07-11T13:43:15.681858+00:00
1155,638,429,2026-07-11T13:43:15.681858+00:00,"gathering, assembly, meeting",2026-07-11T13:43:15.681858+00:00
1156,1188,368,2026-07-11T13:43:15.681858+00:00,to fall down,2026-07-11T13:43:15.681858+00:00
1157,865,37,2026-07-11T13:43:15.681858+00:00,"reply, response",2026-07-11T13:43:15.681858+00:00
1158,1006,492,2026-07-11T13:43:15.681858+00:00,"to receive, to accept",2026-07-11T13:43:15.681858+00:00
1159,340,596,2026-07-11T13:43:15.681858+00:00,"since, from that time",2026-07-11T13:43:15.681858+00:00
1160,367,376,2026-07-11T13:43:15.681858+00:00,"victory, triumph",2026-07-11T13:43:15.681858+00:00
1161,1094,471,2026-07-11T13:43:15.681858+00:00,to learn (from a teacher),2026-07-11T13:43:15.681858+00:00
1162,413,482,2026-07-11T13:43:15.681858+00:00,"instructions, directions",2026-07-11T13:43:15.681858+00:00
1163,815,495,2026-07-11T13:43:15.681858+00:00,"mail, post",2026-07-11T13:43:15.681858+00:00
1164,794,445,2026-07-11T13:43:15.681858+00:00,"plant, vegetation",2026-07-11T13:43:15.681858+00:00
1165,260,492,2026-07-11T13:43:15.681858+00:00,"reception, front desk",2026-07-11T13:43:15.681858+00:00
1166,720,482,2026-07-11T13:43:15.681858+00:00,ring (for finger),2026-07-11T13:43:15.681858+00:00
1167,757,480,2026-07-11T13:43:15.681858+00:00,"word, vocabulary",2026-07-11T13:43:15.681858+00:00
1168,1149,384,2026-07-11T13:43:15.681858+00:00,to climb a mountain,2026-07-11T13:43:15.681858+00:00
1169,240,596,2026-07-11T13:43:15.681858+00:00,"before, previously, formerly",2026-07-11T13:43:15.681858+00:00
1170,375,426,2026-07-11T13:43:15.681858+00:00,consumption,2026-07-11T13:43:15.681858+00:00
1171,1095,17,2026-07-11T13:43:15.681858+00:00,"to ride, to get on",2026-07-11T13:43:15.681858+00:00
1172,635,377,2026-07-11T13:43:15.681858+00:00,"action, conduct, behavior",2026-07-11T13:43:15.681858+00:00
1173,1097,384,2026-07-11T13:43:15.681858+00:00,to climb,2026-07-11T13:43:15.681858+00:00
1174,1172,101,2026-07-11T13:43:15.681858+00:00,"to hold, to have",2026-07-11T13:43:15.681858+00:00
1175,386,472,2026-07-11T13:43:15.681858+00:00,"impression, thoughts",2026-07-11T13:43:15.681858+00:00
1176,535,401,2026-07-11T13:43:15.681858+00:00,"getting up, rising",2026-07-11T13:43:15.681858+00:00
1177,385,371,2026-07-11T13:43:15.681858+00:00,"voting, ballot",2026-07-11T13:43:15.681858+00:00
1178,1047,87,2026-07-11T13:43:15.681858+00:00,"to arrange, to tidy",2026-07-11T13:43:15.681858+00:00
1179,445,461,2026-07-11T13:43:15.681858+00:00,direction,2026-07-11T13:43:15.681858+00:00
1180,1091,461,2026-07-11T13:43:15.681858+00:00,"to head toward, to face",2026-07-11T13:43:15.681858+00:00
1181,1150,34,2026-07-11T13:43:15.681858+00:00,to arrive,2026-07-11T13:43:15.681858+00:00
1182,1124,457,2026-07-11T13:43:15.681858+00:00,"to lose, to be defeated",2026-07-11T13:43:15.681858+00:00
1183,455,488,2026-07-11T13:43:15.681858+00:00,"Japanese sake, rice wine",2026-07-11T13:43:15.681858+00:00
1184,877,488,2026-07-11T13:43:15.681858+00:00,"alcohol, sake (polite)",2026-07-11T13:43:15.681858+00:00
1185,550,387,2026-07-11T13:43:15.681858+00:00,"progress, improvement",2026-07-11T13:43:15.681858+00:00
1186,1131,437,2026-07-11T13:43:15.681858+00:00,to hurry,2026-07-11T13:43:15.681858+00:00
1187,883,28,2026-07-11T13:43:15.681858+00:00,"exercise, movement",2026-07-11T13:43:15.681858+00:00
1188,581,421,2026-07-11T13:43:15.681858+00:00,"stairs, staircase",2026-07-11T13:43:15.681858+00:00
1189,345,376,2026-07-11T13:43:15.681858+00:00,"match, contest, game",2026-07-11T13:43:15.681858+00:00
1190,166,456,2026-07-11T13:43:15.681858+00:00,"aid, assistance",2026-07-11T13:43:15.681858+00:00
1191,361,596,2026-07-11T13:43:15.681858+00:00,"within, no more than",2026-07-11T13:43:15.681858+00:00
1192,1196,498,2026-07-11T13:43:15.681858+00:00,to open (intransitive/transitive),2026-07-11T13:43:15.681858+00:00
1193,855,368,2026-07-11T13:43:15.681858+00:00,driving,2026-07-11T13:43:15.681858+00:00
1194,195,380,2026-07-11T13:43:15.681858+00:00,"uneasy, anxious",2026-07-11T13:43:15.681858+00:00
1195,603,479,2026-07-11T13:43:15.681858+00:00,beauty salon,2026-07-11T13:43:15.681858+00:00
1197,1104,417,2026-07-11T13:43:15.681858+00:00,to pick up,2026-07-11T13:43:15.681858+00:00
1198,370,407,2026-07-11T13:43:15.681858+00:00,ambassador,2026-07-11T13:43:15.681858+00:00
1199,935,373,2026-07-11T13:43:15.681858+00:00,club activities,2026-07-11T13:43:15.681858+00:00
1200,824,449,2026-07-11T13:43:15.681858+00:00,nose,2026-07-11T13:43:15.681858+00:00
1201,257,610,2026-07-11T13:43:15.681858+00:00,"cooperation, joint",2026-07-11T13:43:15.681858+00:00
1202,562,432,2026-07-11T13:43:15.681858+00:00,"city, urban area",2026-07-11T13:43:15.681858+00:00
1203,735,605,2026-07-11T13:43:15.681858+00:00,last year,2026-07-11T13:43:15.681858+00:00
1204,911,373,2026-07-11T13:43:15.681858+00:00,"part, portion",2026-07-11T13:43:15.681858+00:00
1205,301,635,2026-07-11T13:43:15.681858+00:00,"position, location",2026-07-11T13:43:15.681858+00:00
1206,1168,34,2026-07-11T13:43:15.681858+00:00,to wear (clothing),2026-07-11T13:43:15.681858+00:00
1207,538,17,2026-07-11T13:43:15.681858+00:00,"vehicle, means of transport",2026-07-11T13:43:15.681858+00:00
1208,540,498,2026-07-11T13:43:15.681858+00:00,development,2026-07-11T13:43:15.681858+00:00
1209,1227,426,2026-07-11T13:43:15.681858+00:00,"to erase, to turn off",2026-07-11T13:43:15.681858+00:00
1210,1087,422,2026-07-11T13:43:15.681858+00:00,"to leave, to go away",2026-07-11T13:43:15.681858+00:00
1211,541,388,2026-07-11T13:43:15.681858+00:00,"resolution, solution",2026-07-11T13:43:15.681858+00:00
1212,1174,402,2026-07-11T13:43:15.681858+00:00,"to copy, to photograph, to transcribe",2026-07-11T13:43:15.681858+00:00
1213,1121,429,2026-07-11T13:43:15.681858+00:00,"to collect, to gather",2026-07-11T13:43:15.681858+00:00
1214,705,532,2026-07-11T13:43:15.681858+00:00,student (secondary school),2026-07-11T13:43:15.681858+00:00
1215,1229,490,2026-07-11T13:43:15.681858+00:00,to wait,2026-07-11T13:43:15.681858+00:00
1216,526,487,2026-07-11T13:43:15.681858+00:00,"route, line",2026-07-11T13:43:15.681858+00:00
1217,823,447,2026-07-11T13:43:15.681858+00:00,"play, game, fun",2026-07-11T13:43:15.681858+00:00
1218,689,107,2026-07-11T13:43:15.681858+00:00,"problem, question, issue",2026-07-11T13:43:15.681858+00:00
1219,796,587,2026-07-11T13:43:15.681858+00:00,husband,2026-07-11T13:43:15.681858+00:00
1220,294,492,2026-07-11T13:43:15.681858+00:00,taking an exam,2026-07-11T13:43:15.681858+00:00
1221,616,449,2026-07-11T13:43:15.681858+00:00,nosebleed,2026-07-11T13:43:15.681858+00:00
1222,1109,446,2026-07-11T13:43:15.681858+00:00,to swim,2026-07-11T13:43:15.681858+00:00
1223,366,424,2026-07-11T13:43:15.681858+00:00,"use, utilization",2026-07-11T13:43:15.681858+00:00
1224,477,580,2026-07-11T13:43:15.681858+00:00,"scenery, landscape",2026-07-11T13:43:15.681858+00:00
1225,280,635,2026-07-11T13:43:15.681858+00:00,"unit, credit (academic)",2026-07-11T13:43:15.681858+00:00
1226,779,621,2026-07-11T13:43:15.681858+00:00,salt,2026-07-11T13:43:15.681858+00:00
1227,384,388,2026-07-11T13:43:15.681858+00:00,"decision, determination",2026-07-11T13:43:15.681858+00:00
1228,1044,40,2026-07-11T13:43:15.681858+00:00,"cooking, dish",2026-07-11T13:43:15.681858+00:00
1229,596,596,2026-07-11T13:43:15.681858+00:00,"below, less than, as follows",2026-07-11T13:43:15.681858+00:00
1230,1118,401,2026-07-11T13:43:15.681858+00:00,"to wake up, to get up",2026-07-11T13:43:15.681858+00:00
1231,1037,373,2026-07-11T13:43:15.681858+00:00,room,2026-07-11T13:43:15.681858+00:00
1232,744,411,2026-07-11T13:43:15.681858+00:00,"cinema, movie theater",2026-07-11T13:43:15.681858+00:00
1233,717,568,2026-07-11T13:43:15.681858+00:00,"last, final, end",2026-07-11T13:43:15.681858+00:00
1234,1029,479,2026-07-11T13:43:15.681858+00:00,hospital,2026-07-11T13:43:15.681858+00:00
1235,1167,448,2026-07-11T13:43:15.681858+00:00,"to fall, to fail",2026-07-11T13:43:15.681858+00:00
1236,763,587,2026-07-11T13:43:15.681858+00:00,"married couple, husband and wife",2026-07-11T13:43:15.681858+00:00
1237,411,35,2026-07-11T13:44:13.223243+00:00,"present, now, currently",2026-07-11T13:44:13.223243+00:00
1238,612,548,2026-07-11T13:44:13.223243+00:00,observation,2026-07-11T13:44:13.223243+00:00
1239,589,760,2026-07-11T13:44:13.223243+00:00,"demand, request",2026-07-11T13:44:13.223243+00:00
1240,833,705,2026-07-11T13:44:13.223243+00:00,"athlete, player",2026-07-11T13:44:13.223243+00:00
1241,425,509,2026-07-11T13:44:13.223243+00:00,"hope, wish",2026-07-11T13:44:13.223243+00:00
1242,552,656,2026-07-11T13:44:13.223243+00:00,"relationship, connection",2026-07-11T13:44:13.223243+00:00
1243,962,749,2026-07-11T13:44:13.223243+00:00,to leave behind,2026-07-11T13:44:13.223243+00:00
1244,956,100,2026-07-11T13:44:13.223243+00:00,"to be full, fill up",2026-07-11T13:44:13.223243+00:00
1245,1214,767,2026-07-11T13:44:13.223243+00:00,"to laugh, smile",2026-07-11T13:44:13.223243+00:00
1246,421,657,2026-07-11T13:44:13.223243+00:00,"imagination, supposition",2026-07-11T13:44:13.223243+00:00
1247,103,710,2026-07-11T13:44:13.223243+00:00,"comfortable, pleasant, cozy",2026-07-11T13:44:13.223243+00:00
1248,180,700,2026-07-11T13:44:13.223243+00:00,"old-fashioned, obsolete",2026-07-11T13:44:13.223243+00:00
1249,573,562,2026-07-11T13:44:13.223243+00:00,"record, document",2026-07-11T13:44:13.223243+00:00
1250,371,531,2026-07-11T13:44:13.223243+00:00,"natural, of course",2026-07-11T13:44:13.223243+00:00
1251,382,738,2026-07-11T13:44:13.223243+00:00,"nutrition, nourishment",2026-07-11T13:44:13.223243+00:00
1252,961,644,2026-07-11T13:44:13.223243+00:00,"to calm down, quiet down",2026-07-11T13:44:13.223243+00:00
1253,1200,694,2026-07-11T13:44:13.223243+00:00,"to reach, achieve, attain",2026-07-11T13:44:13.223243+00:00
1254,1033,83,2026-07-11T13:44:13.223243+00:00,"to scatter, fall (petals)",2026-07-11T13:44:13.223243+00:00
1255,444,675,2026-07-11T13:44:13.223243+00:00,"carbonic acid, carbonation",2026-07-11T13:44:13.223243+00:00
1256,1016,760,2026-07-11T13:44:13.223243+00:00,"to seek, request, demand",2026-07-11T13:44:13.223243+00:00
1257,397,626,2026-07-11T13:44:13.223243+00:00,"lesson, moral, teaching",2026-07-11T13:44:13.223243+00:00
1258,1119,561,2026-07-11T13:44:13.223243+00:00,"to stick, be attached",2026-07-11T13:44:13.223243+00:00
1259,1007,597,2026-07-11T13:44:13.223243+00:00,"to believe, trust",2026-07-11T13:44:13.223243+00:00
1260,814,622,2026-07-11T13:44:13.223243+00:00,"examination, test",2026-07-11T13:44:13.223243+00:00
1261,118,671,2026-07-11T13:44:13.223243+00:00,"executive, management, leaders",2026-07-11T13:44:13.223243+00:00
1262,465,652,2026-07-11T13:44:13.223243+00:00,"defect, shortcoming, fault",2026-07-11T13:44:13.223243+00:00
1263,313,582,2026-07-11T13:44:13.223243+00:00,"processing, manufacturing",2026-07-11T13:44:13.223243+00:00
1264,1230,563,2026-07-11T13:44:13.223243+00:00,"to borrow, rent",2026-07-11T13:44:13.223243+00:00
1265,1020,19,2026-07-11T13:44:13.223243+00:00,"to reform, correct, change",2026-07-11T13:44:13.223243+00:00
1266,113,678,2026-07-11T13:44:13.223243+00:00,"concise, brief, succinct",2026-07-11T13:44:13.223243+00:00
1267,749,611,2026-07-11T13:44:13.223243+00:00,"failure, mistake",2026-07-11T13:44:13.223243+00:00
1268,974,690,2026-07-11T13:44:13.223243+00:00,"to spend, use up, expend",2026-07-11T13:44:13.223243+00:00
1269,1026,723,2026-07-11T13:44:13.223243+00:00,airplane,2026-07-11T13:44:13.223243+00:00
1270,357,722,2026-07-11T13:44:13.223243+00:00,"permanence, eternity",2026-07-11T13:44:13.223243+00:00
1271,515,80,2026-07-11T13:44:13.223243+00:00,"machine, machinery",2026-07-11T13:44:13.223243+00:00
1272,241,725,2026-07-11T13:44:13.223243+00:00,weekly publication,2026-07-11T13:44:13.223243+00:00
1273,103,688,2026-07-11T13:44:13.223243+00:00,"comfortable, pleasant",2026-07-11T13:44:13.223243+00:00
1274,218,733,2026-07-11T13:44:13.223243+00:00,"foundation, basis, basics",2026-07-11T13:44:13.223243+00:00
1275,131,728,2026-07-11T13:44:13.223243+00:00,"benefactor, person one is indebted to",2026-07-11T13:44:13.223243+00:00
1276,812,593,2026-07-11T13:44:13.223243+00:00,"town, city, street",2026-07-11T13:44:13.223243+00:00
1277,321,566,2026-07-11T13:44:13.223243+00:00,century,2026-07-11T13:44:13.223243+00:00
1278,979,615,2026-07-11T13:44:13.223243+00:00,"to fold, break",2026-07-11T13:44:13.223243+00:00
1279,1059,602,2026-07-11T13:44:13.223243+00:00,English language,2026-07-11T13:44:13.223243+00:00
1280,860,708,2026-07-11T13:44:13.223243+00:00,"contact, communication",2026-07-11T13:44:13.223243+00:00
1281,1041,595,2026-07-11T13:44:13.223243+00:00,"to be transmitted, spread",2026-07-11T13:44:13.223243+00:00
1282,357,643,2026-07-11T13:44:13.223243+00:00,"permanence, eternity",2026-07-11T13:44:13.223243+00:00
1283,968,638,2026-07-11T13:44:13.223243+00:00,"to heal, recover (intransitive)",2026-07-11T13:44:13.223243+00:00
1284,1034,743,2026-07-11T13:44:13.223243+00:00,"to compete, rival",2026-07-11T13:44:13.223243+00:00
1285,1127,731,2026-07-11T13:44:13.223243+00:00,"to cry, weep",2026-07-11T13:44:13.223243+00:00
1286,528,511,2026-07-11T13:44:13.223243+00:00,election,2026-07-11T13:44:13.223243+00:00
1287,433,762,2026-07-11T13:44:13.223243+00:00,"personality, character, nature",2026-07-11T13:44:13.223243+00:00
1288,960,639,2026-07-11T13:44:13.223243+00:00,"to illuminate, light up",2026-07-11T13:44:13.223243+00:00
1289,438,581,2026-07-11T13:44:13.223243+00:00,season,2026-07-11T13:44:13.223243+00:00
1290,738,555,2026-07-11T13:44:13.223243+00:00,history,2026-07-11T13:44:13.223243+00:00
1291,749,557,2026-07-11T13:44:13.223243+00:00,"failure, mistake",2026-07-11T13:44:13.223243+00:00
1292,995,33,2026-07-11T13:44:13.223243+00:00,"to try, attempt",2026-07-11T13:44:13.223243+00:00
1293,1110,759,2026-07-11T13:44:13.223243+00:00,"to quit, resign",2026-07-11T13:44:13.223243+00:00
1294,1122,742,2026-07-11T13:44:13.223243+00:00,to continue (transitive),2026-07-11T13:44:13.223243+00:00
1295,229,711,2026-07-11T13:44:13.223243+00:00,"management, administration",2026-07-11T13:44:13.223243+00:00
1296,453,734,2026-07-11T13:44:13.223243+00:00,"round trip, going and returning",2026-07-11T13:44:13.223243+00:00
1297,512,733,2026-07-11T13:44:13.223243+00:00,"standard, criterion, benchmark",2026-07-11T13:44:13.223243+00:00
1298,285,687,2026-07-11T13:44:13.223243+00:00,"value, worth",2026-07-11T13:44:13.223243+00:00
1299,688,599,2026-07-11T13:44:13.223243+00:00,"dinner, evening meal",2026-07-11T13:44:13.223243+00:00
1300,566,771,2026-07-11T13:44:13.223243+00:00,"trade, commerce",2026-07-11T13:44:13.223243+00:00
1301,466,64,2026-07-11T13:44:13.223243+00:00,"application, practical use",2026-07-11T13:44:13.223243+00:00
1302,385,594,2026-07-11T13:44:13.223243+00:00,"voting, ballot",2026-07-11T13:44:13.223243+00:00
1303,768,749,2026-07-11T13:44:13.223243+00:00,"remainder, rest",2026-07-11T13:44:13.223243+00:00
1304,225,746,2026-07-11T13:44:13.223243+00:00,"reflection, regret, self-examination",2026-07-11T13:44:13.223243+00:00
1305,588,524,2026-07-11T13:44:13.223243+00:00,"example, precedent",2026-07-11T13:44:13.223243+00:00
1306,506,733,2026-07-11T13:44:13.223243+00:00,"basics, fundamentals, basics",2026-07-11T13:44:13.223243+00:00
1307,144,703,2026-07-11T13:44:13.223243+00:00,"pressure, stress",2026-07-11T13:44:13.223243+00:00
1308,1223,749,2026-07-11T13:44:13.223243+00:00,"to remain, be left",2026-07-11T13:44:13.223243+00:00
1309,713,526,2026-07-11T13:44:13.223243+00:00,"glasses, spectacles",2026-07-11T13:44:13.223243+00:00
1310,1103,656,2026-07-11T13:44:13.223243+00:00,"to relate to, concern",2026-07-11T13:44:13.223243+00:00
1311,373,736,2026-07-11T13:44:13.223243+00:00,"talent, ability, gift",2026-07-11T13:44:13.223243+00:00
1312,1010,511,2026-07-11T13:44:13.223243+00:00,"to raise, cite, give as example",2026-07-11T13:44:13.223243+00:00
1313,137,651,2026-07-11T13:44:13.223243+00:00,"boundary, border, limit",2026-07-11T13:44:13.223243+00:00
1314,293,754,2026-07-11T13:44:13.223243+00:00,"cause, reason",2026-07-11T13:44:13.223243+00:00
1315,490,628,2026-07-11T13:44:13.223243+00:00,"rescue, relief",2026-07-11T13:44:13.223243+00:00
1316,519,513,2026-07-11T13:44:13.223243+00:00,"management, control",2026-07-11T13:44:13.223243+00:00
1317,546,622,2026-07-11T13:44:13.223243+00:00,experience,2026-07-11T13:44:13.223243+00:00
1318,981,619,2026-07-11T13:44:13.223243+00:00,to print,2026-07-11T13:44:13.223243+00:00
1319,1135,732,2026-07-11T13:44:13.223243+00:00,"to change, alter",2026-07-11T13:44:13.223243+00:00
1320,627,602,2026-07-11T13:44:13.223243+00:00,hero,2026-07-11T13:44:13.223243+00:00
1321,645,520,2026-07-11T13:44:13.223243+00:00,"argument, discussion",2026-07-11T13:44:13.223243+00:00
1322,1017,557,2026-07-11T13:44:13.223243+00:00,to lose,2026-07-11T13:44:13.223243+00:00
1323,1195,732,2026-07-11T13:44:13.223243+00:00,to change (transitive),2026-07-11T13:44:13.223243+00:00
1324,281,528,2026-07-11T13:44:13.223243+00:00,"joy, delight, pleasure",2026-07-11T13:44:13.223243+00:00
1325,1145,709,2026-07-11T13:44:13.223243+00:00,"to celebrate, congratulate",2026-07-11T13:44:13.223243+00:00
1326,1085,524,2026-07-11T13:44:13.223243+00:00,"to compare, use as an example",2026-07-11T13:44:13.223243+00:00
1327,227,711,2026-07-11T13:44:13.223243+00:00,"business, sales, operation",2026-07-11T13:44:13.223243+00:00
1328,143,706,2026-07-11T13:44:13.223243+00:00,"beneficial, profitable, useful",2026-07-11T13:44:13.223243+00:00
1329,792,717,2026-07-11T13:44:13.223243+00:00,marriage,2026-07-11T13:44:13.223243+00:00
1330,1203,591,2026-07-11T13:44:13.223243+00:00,to work,2026-07-11T13:44:13.223243+00:00
1331,77,659,2026-07-11T13:44:13.223243+00:00,mask,2026-07-11T13:44:13.223243+00:00
1332,826,544,2026-07-11T13:44:13.223243+00:00,weekend,2026-07-11T13:44:13.223243+00:00
1333,592,519,2026-07-11T13:44:13.223243+00:00,sightseeing,2026-07-11T13:44:13.223243+00:00
1334,1123,523,2026-07-11T13:44:13.223243+00:00,to graduate,2026-07-11T13:44:13.223243+00:00
1335,1120,564,2026-07-11T13:44:13.223243+00:00,to become,2026-07-11T13:44:13.223243+00:00
1336,814,33,2026-07-11T13:44:13.223243+00:00,"exam, test",2026-07-11T13:44:13.223243+00:00
1337,543,626,2026-07-11T13:44:13.223243+00:00,"training, drill",2026-07-11T13:44:13.223243+00:00
1338,574,630,2026-07-11T13:44:13.223243+00:00,"task, assignment, challenge",2026-07-11T13:44:13.223243+00:00
1339,188,643,2026-07-11T13:44:13.223243+00:00,"eternal, everlasting",2026-07-11T13:44:13.223243+00:00
1340,365,64,2026-07-11T13:44:13.223243+00:00,"reaction, response",2026-07-11T13:44:13.223243+00:00
1341,1192,723,2026-07-11T13:44:13.223243+00:00,"to fly, jump, leap",2026-07-11T13:44:13.223243+00:00
1342,624,527,2026-07-11T13:44:13.223243+00:00,"military, armed forces",2026-07-11T13:44:13.223243+00:00
1343,1222,561,2026-07-11T13:44:13.223243+00:00,"to attach, turn on, apply",2026-07-11T13:44:13.223243+00:00
1344,1178,677,2026-07-11T13:44:13.223243+00:00,to measure (weight/volume),2026-07-11T13:44:13.223243+00:00
1345,286,520,2026-07-11T13:44:13.223243+00:00,"meeting, conference",2026-07-11T13:44:13.223243+00:00
1346,1096,742,2026-07-11T13:44:13.223243+00:00,"to continue, last",2026-07-11T13:44:13.223243+00:00
1347,1184,575,2026-07-11T13:44:13.223243+00:00,"to build, construct",2026-07-11T13:44:13.223243+00:00
1348,955,528,2026-07-11T13:44:13.223243+00:00,"to be glad, rejoice",2026-07-11T13:44:13.223243+00:00
1349,697,557,2026-07-11T13:44:13.223243+00:00,rudeness; excuse me,2026-07-11T13:44:13.223243+00:00
1350,578,686,2026-07-11T13:44:13.223243+00:00,"rule, regulation",2026-07-11T13:44:13.223243+00:00
1351,598,687,2026-07-11T13:44:13.223243+00:00,"evaluation, assessment",2026-07-11T13:44:13.223243+00:00
1352,548,654,2026-07-11T13:44:13.223243+00:00,"permission, approval",2026-07-11T13:44:13.223243+00:00
1353,198,659,2026-07-11T13:44:13.223243+00:00,"assumption, hypothesis",2026-07-11T13:44:13.223243+00:00
1354,612,519,2026-07-11T13:44:13.223243+00:00,observation,2026-07-11T13:44:13.223243+00:00
1355,494,19,2026-07-11T13:44:13.223243+00:00,improvement,2026-07-11T13:44:13.223243+00:00
1356,1173,704,2026-07-11T13:44:13.223243+00:00,"to part, separate",2026-07-11T13:44:13.223243+00:00
1357,534,597,2026-07-11T13:44:13.223243+00:00,"traffic signal, sign",2026-07-11T13:44:13.223243+00:00
1358,1177,727,2026-07-11T13:44:13.223243+00:00,"to save (money), accumulate",2026-07-11T13:44:13.223243+00:00
1359,731,589,2026-07-11T13:44:13.223243+00:00,"effort, endeavor",2026-07-11T13:44:13.223243+00:00
1360,106,688,2026-07-11T13:44:13.223243+00:00,"refreshing, exhilarating",2026-07-11T13:44:13.223243+00:00
1361,1014,561,2026-07-11T13:44:13.223243+00:00,"to notice, realize",2026-07-11T13:44:13.223243+00:00
1362,1217,666,2026-07-11T13:44:13.223243+00:00,"to bathe in, shower, be exposed to",2026-07-11T13:44:13.223243+00:00
1363,765,709,2026-07-11T13:44:13.223243+00:00,"national holiday, public holiday",2026-07-11T13:44:13.223243+00:00
1364,996,628,2026-07-11T13:44:13.223243+00:00,"to save, rescue",2026-07-11T13:44:13.223243+00:00
1365,647,586,2026-07-11T13:44:13.223243+00:00,"range, scope",2026-07-11T13:44:13.223243+00:00
1366,127,734,2026-07-11T13:44:13.223243+00:00,"coming and going, traffic",2026-07-11T13:44:13.223243+00:00
1367,307,560,2026-07-11T13:44:13.223243+00:00,impression,2026-07-11T13:44:13.223243+00:00
1368,1081,611,2026-07-11T13:44:13.223243+00:00,"to be defeated, lose",2026-07-11T13:44:13.223243+00:00
1369,1005,509,2026-07-11T13:44:13.223243+00:00,"to hope, desire, wish",2026-07-11T13:44:13.223243+00:00
1370,656,673,2026-07-11T13:44:13.223243+00:00,"duty, obligation",2026-07-11T13:44:13.223243+00:00
1371,1077,589,2026-07-11T13:44:13.223243+00:00,"to endeavor, make effort",2026-07-11T13:44:13.223243+00:00
1372,228,711,2026-07-11T13:44:13.223243+00:00,"operation, management, administration",2026-07-11T13:44:13.223243+00:00
1373,1045,738,2026-07-11T13:44:13.223243+00:00,"to prosper, flourish",2026-07-11T13:44:13.223243+00:00
1374,201,725,2026-07-11T13:44:13.223243+00:00,monthly publication,2026-07-11T13:44:13.223243+00:00
1375,266,687,2026-07-11T13:44:13.223243+00:00,"price, cost",2026-07-11T13:44:13.223243+00:00
1376,1125,746,2026-07-11T13:44:13.223243+00:00,"to omit, save, reduce",2026-07-11T13:44:13.223243+00:00
1377,324,754,2026-07-11T13:44:13.223243+00:00,"factor, main cause",2026-07-11T13:44:13.223243+00:00
1378,909,599,2026-07-11T13:44:13.223243+00:00,"cooked rice, meal",2026-07-11T13:44:13.223243+00:00
1379,447,551,2026-07-11T13:44:13.223243+00:00,"ethnic group, people",2026-07-11T13:44:13.223243+00:00
1380,1040,67,2026-07-11T13:44:13.223243+00:00,"to accomplish, fulfill",2026-07-11T13:44:13.223243+00:00
1381,250,619,2026-07-11T13:44:13.223243+00:00,printing,2026-07-11T13:44:13.223243+00:00
1382,1067,740,2026-07-11T13:44:13.223243+00:00,"to burn, bake, be roasted",2026-07-11T13:44:13.223243+00:00
1383,680,83,2026-07-11T13:44:13.223243+00:00,"walk, stroll",2026-07-11T13:44:13.223243+00:00
1384,1009,740,2026-07-11T13:44:13.223243+00:00,"to grill, bake, burn",2026-07-11T13:44:13.223243+00:00
1385,633,717,2026-07-11T13:44:13.223243+00:00,"result, outcome",2026-07-11T13:44:13.223243+00:00
1386,1052,582,2026-07-11T13:44:13.223243+00:00,"to add, include",2026-07-11T13:44:13.223243+00:00
1387,687,575,2026-07-11T13:44:13.223243+00:00,"building, structure",2026-07-11T13:44:13.223243+00:00
1388,176,700,2026-07-11T13:44:13.223243+00:00,"restoration, recovery",2026-07-11T13:44:13.223243+00:00
1389,1215,695,2026-07-11T13:44:13.223243+00:00,"to wish, request, hope",2026-07-11T13:44:13.223243+00:00
1390,515,600,2026-07-11T13:44:13.223243+00:00,"machine, machinery",2026-07-11T13:44:13.223243+00:00
1391,456,684,2026-07-11T13:44:13.223243+00:00,"actual practice, reality, in fact",2026-07-11T13:44:13.223243+00:00
1392,1062,508,2026-07-11T13:44:13.223243+00:00,"to tell, announce, inform",2026-07-11T13:44:13.223243+00:00
1393,382,773,2026-07-11T13:44:13.223243+00:00,"nutrition, nourishment",2026-07-11T13:44:13.223243+00:00
1394,1113,653,2026-07-11T13:44:13.223243+00:00,"to memorize, remember",2026-07-11T13:44:13.223243+00:00
1395,1049,638,2026-07-11T13:44:13.223243+00:00,"to cure, heal (transitive)",2026-07-11T13:44:13.223243+00:00
1396,415,78,2026-07-11T13:44:13.223243+00:00,industry,2026-07-11T13:44:13.223243+00:00
1397,442,732,2026-07-11T13:44:13.223243+00:00,"change, variation",2026-07-11T13:44:13.223243+00:00
1398,301,679,2026-07-11T13:44:13.223243+00:00,"position, location",2026-07-11T13:44:13.223243+00:00
1399,1142,708,2026-07-11T13:44:13.223243+00:00,to take (someone) along,2026-07-11T13:44:13.223243+00:00
1400,614,521,2026-07-11T13:44:13.223243+00:00,"salary, wages",2026-07-11T13:44:13.223243+00:00
1401,97,771,2026-07-11T13:44:13.223243+00:00,"easy-going, careless, simplistic",2026-07-11T13:44:13.223243+00:00
1402,93,771,2026-07-11T13:44:13.223243+00:00,"easy, simple, effortless",2026-07-11T13:44:13.223243+00:00
1403,528,705,2026-07-11T13:44:13.223243+00:00,election,2026-07-11T13:44:13.223243+00:00
1404,897,694,2026-07-11T13:44:13.223243+00:00,friend,2026-07-11T13:44:13.223243+00:00
1405,189,728,2026-07-11T13:44:13.223243+00:00,"repaying a favor, returning a kindness",2026-07-11T13:44:13.223243+00:00
1406,491,582,2026-07-11T13:44:13.223243+00:00,increase,2026-07-11T13:44:13.223243+00:00
1407,182,651,2026-07-11T13:44:13.223243+00:00,"national border, frontier",2026-07-11T13:44:13.223243+00:00
1408,993,530,2026-07-11T13:44:13.223243+00:00,"to compete, dispute, fight",2026-07-11T13:44:13.223243+00:00
1409,114,671,2026-07-11T13:44:13.223243+00:00,"main line, trunk line",2026-07-11T13:44:13.223243+00:00
1410,1043,574,2026-07-11T13:44:13.223243+00:00,"to chant, recite",2026-07-11T13:44:13.223243+00:00
1411,1030,518,2026-07-11T13:44:13.223243+00:00,"to fight, battle",2026-07-11T13:44:13.223243+00:00
1412,1144,705,2026-07-11T13:44:13.223243+00:00,"to choose, select",2026-07-11T13:44:13.223243+00:00
1413,1224,773,2026-07-11T13:44:13.223243+00:00,"to raise, support, nourish",2026-07-11T13:44:13.223243+00:00
1414,92,736,2026-07-11T13:44:13.223243+00:00,"possible, potential, feasible",2026-07-11T13:44:13.223243+00:00
1415,128,706,2026-07-11T13:44:13.223243+00:00,"profit, benefit, gain",2026-07-11T13:44:13.223243+00:00
1416,624,553,2026-07-11T13:44:13.223243+00:00,"military, armed forces",2026-07-11T13:44:13.223243+00:00
1417,1220,681,2026-07-11T13:44:13.223243+00:00,"to need, be necessary",2026-07-11T13:44:13.223243+00:00
1418,339,753,2026-07-11T13:44:13.223243+00:00,"total amount, grand total",2026-07-11T13:44:13.223243+00:00
1419,360,696,2026-07-11T13:44:13.223243+00:00,haiku (Japanese poem),2026-07-11T13:44:13.223243+00:00
1420,992,759,2026-07-11T13:44:13.223243+00:00,dictionary,2026-07-11T13:44:13.223243+00:00
1421,710,70,2026-07-11T13:44:13.223243+00:00,refrigerator,2026-07-11T13:44:13.223243+00:00
1422,92,654,2026-07-11T13:44:13.223243+00:00,"possible, potential",2026-07-11T13:44:13.223243+00:00
1423,953,620,2026-07-11T13:44:13.223243+00:00,"to wrap, envelop",2026-07-11T13:44:13.223243+00:00
1424,829,727,2026-07-11T13:44:13.223243+00:00,"savings, bank account",2026-07-11T13:44:13.223243+00:00
1425,1170,679,2026-07-11T13:44:13.223243+00:00,"to put, place, leave",2026-07-11T13:44:13.223243+00:00
1426,762,503,2026-07-11T13:44:13.223243+00:00,"guidance, information, tour",2026-07-11T13:44:13.223243+00:00
1427,1026,80,2026-07-11T13:44:13.223243+00:00,airplane,2026-07-11T13:44:13.223243+00:00
1428,255,658,2026-07-11T13:44:13.223243+00:00,"incident, event, case",2026-07-11T13:44:13.223243+00:00
1429,224,703,2026-07-11T13:44:13.223243+00:00,atmospheric pressure,2026-07-11T13:44:13.223243+00:00
1430,1019,586,2026-07-11T13:44:13.223243+00:00,"to surround, enclose",2026-07-11T13:44:13.223243+00:00
1431,516,80,2026-07-11T13:44:13.223243+00:00,"opportunity, chance",2026-07-11T13:44:13.223243+00:00
1432,976,595,2026-07-11T13:44:13.223243+00:00,"to convey, tell, pass on",2026-07-11T13:44:13.223243+00:00
1433,633,67,2026-07-11T13:44:13.223243+00:00,"result, outcome",2026-07-11T13:44:13.223243+00:00
1434,480,809,2026-07-11T13:45:13.25548+00:00,"universe, outer space",2026-07-11T13:45:13.25548+00:00
1435,546,747,2026-07-11T13:45:13.25548+00:00,experience,2026-07-11T13:45:13.25548+00:00
1436,292,812,2026-07-11T13:45:13.25548+00:00,"process, course",2026-07-11T13:45:13.25548+00:00
1437,203,782,2026-07-11T13:45:13.25548+00:00,New Year's greetings,2026-07-11T13:45:13.25548+00:00
1438,1211,857,2026-07-11T13:45:13.25548+00:00,"to be, to exist (for animate objects)",2026-07-11T13:45:13.25548+00:00
1439,275,669,2026-07-11T13:45:13.25548+00:00,"rivers, waterways",2026-07-11T13:45:13.25548+00:00
1440,825,853,2026-07-11T13:45:13.25548+00:00,"question, inquiry",2026-07-11T13:45:13.25548+00:00
1441,330,910,2026-07-11T13:45:13.25548+00:00,"release, liberation",2026-07-11T13:45:13.25548+00:00
1442,306,916,2026-07-11T13:45:13.25548+00:00,"nobility, aristocracy",2026-07-11T13:45:13.25548+00:00
1443,710,1014,2026-07-11T13:45:13.25548+00:00,"refrigerator, fridge",2026-07-11T13:45:13.25548+00:00
1444,608,844,2026-07-11T13:45:13.25548+00:00,headache,2026-07-11T13:45:13.25548+00:00
1445,512,770,2026-07-11T13:45:13.25548+00:00,"standard, criterion, benchmark",2026-07-11T13:45:13.25548+00:00
1446,1054,947,2026-07-11T13:45:13.25548+00:00,"to doubt, to suspect",2026-07-11T13:45:13.25548+00:00
1447,99,802,2026-07-11T13:45:13.25548+00:00,"gray, ashen",2026-07-11T13:45:13.25548+00:00
1448,284,741,2026-07-11T13:45:13.25548+00:00,"liquid, fluid",2026-07-11T13:45:13.25548+00:00
1449,1058,951,2026-07-11T13:45:13.25548+00:00,"to expand, to enlarge, to magnify",2026-07-11T13:45:13.25548+00:00
1450,983,1,2026-07-11T13:45:13.25548+00:00,"to divide, to break, to split",2026-07-11T13:45:13.25548+00:00
1451,599,785,2026-07-11T13:45:13.25548+00:00,"movement, travel, transfer",2026-07-11T13:45:13.25548+00:00
1452,325,741,2026-07-11T13:45:13.25548+00:00,blood,2026-07-11T13:45:13.25548+00:00
1453,428,692,2026-07-11T13:45:13.25548+00:00,"modern times, contemporary",2026-07-11T13:45:13.25548+00:00
1454,982,978,2026-07-11T13:45:13.25548+00:00,"to be reflected, to appear",2026-07-11T13:45:13.25548+00:00
1455,292,752,2026-07-11T13:45:13.25548+00:00,"process, course, procedure",2026-07-11T13:45:13.25548+00:00
1456,395,970,2026-07-11T13:45:13.25548+00:00,constellation,2026-07-11T13:45:13.25548+00:00
1457,141,661,2026-07-11T13:45:13.25548+00:00,"skill, ability, technical skill",2026-07-11T13:45:13.25548+00:00
1458,417,910,2026-07-11T13:45:13.25548+00:00,"understanding, comprehension",2026-07-11T13:45:13.25548+00:00
1459,967,848,2026-07-11T13:45:13.25548+00:00,"to perform, to play a role, to act",2026-07-11T13:45:13.25548+00:00
1460,304,778,2026-07-11T13:45:13.25548+00:00,"display, demonstration (of ability)",2026-07-11T13:45:13.25548+00:00
1461,133,948,2026-07-11T13:45:13.25548+00:00,"parallel, concurrent",2026-07-11T13:45:13.25548+00:00
1462,287,961,2026-07-11T13:45:13.25548+00:00,"innovation, reform",2026-07-11T13:45:13.25548+00:00
1463,259,1015,2026-07-11T13:45:13.25548+00:00,"Your Majesty, His/Her Majesty",2026-07-11T13:45:13.25548+00:00
1464,145,923,2026-07-11T13:45:13.25548+00:00,"guideline, policy, pointer",2026-07-11T13:45:13.25548+00:00
1465,474,29,2026-07-11T13:45:13.25548+00:00,rent (for housing),2026-07-11T13:45:13.25548+00:00
1466,541,910,2026-07-11T13:45:13.25548+00:00,"resolution, settlement",2026-07-11T13:45:13.25548+00:00
1467,626,923,2026-07-11T13:45:13.25548+00:00,"needle, pin, thorn",2026-07-11T13:45:13.25548+00:00
1468,108,963,2026-07-11T13:45:13.25548+00:00,"exile, defection",2026-07-11T13:45:13.25548+00:00
1469,1187,924,2026-07-11T13:45:13.25548+00:00,"to fall (rain, snow, hail)",2026-07-11T13:45:13.25548+00:00
1470,440,989,2026-07-11T13:45:13.25548+00:00,"signboard, billboard",2026-07-11T13:45:13.25548+00:00
1471,149,25,2026-07-11T13:45:13.25548+00:00,"postponement, delay",2026-07-11T13:45:13.25548+00:00
1472,406,692,2026-07-11T13:45:13.25548+00:00,"reality, actuality",2026-07-11T13:45:13.25548+00:00
1473,360,877,2026-07-11T13:45:13.25548+00:00,haiku (17-syllable poem),2026-07-11T13:45:13.25548+00:00
1474,1028,1008,2026-07-11T13:45:13.25548+00:00,"to inhale, to suck, to smoke",2026-07-11T13:45:13.25548+00:00
1475,500,842,2026-07-11T13:45:13.25548+00:00,"donation, contribution",2026-07-11T13:45:13.25548+00:00
1476,113,895,2026-07-11T13:45:13.25548+00:00,"concise, brief",2026-07-11T13:45:13.25548+00:00
1477,1051,824,2026-07-11T13:45:13.25548+00:00,"to get used to, to become accustomed to",2026-07-11T13:45:13.25548+00:00
1478,251,995,2026-07-11T13:45:13.25548+00:00,"coast, shore, coastal area",2026-07-11T13:45:13.25548+00:00
1479,157,916,2026-07-11T13:45:13.25548+00:00,"precious, valuable",2026-07-11T13:45:13.25548+00:00
1480,1022,978,2026-07-11T13:45:13.25548+00:00,"movie, film",2026-07-11T13:45:13.25548+00:00
1481,136,957,2026-07-11T13:45:13.25548+00:00,"low tide, ebb tide",2026-07-11T13:45:13.25548+00:00
1482,747,908,2026-07-11T13:45:13.25548+00:00,cow's milk,2026-07-11T13:45:13.25548+00:00
1483,174,1004,2026-07-11T13:45:13.25548+00:00,"steel, hard steel",2026-07-11T13:45:13.25548+00:00
1484,1012,842,2026-07-11T13:45:13.25548+00:00,"to approach, to drop by, to gather",2026-07-11T13:45:13.25548+00:00
1485,1099,812,2026-07-11T13:45:13.25548+00:00,"to spend (time), to pass",2026-07-11T13:45:13.25548+00:00
1486,123,788,2026-07-11T13:45:13.25548+00:00,"difficult, hard, complicated",2026-07-11T13:45:13.25548+00:00
1487,815,987,2026-07-11T13:45:13.25548+00:00,"mail, post",2026-07-11T13:45:13.25548+00:00
1488,100,978,2026-07-11T13:45:13.25548+00:00,"screening, showing (of a film)",2026-07-11T13:45:13.25548+00:00
1489,268,839,2026-07-11T13:45:13.25548+00:00,"crowd, mob, multitude",2026-07-11T13:45:13.25548+00:00
1490,1076,1019,2026-07-11T13:45:13.25548+00:00,"to be in disorder, to be disturbed",2026-07-11T13:45:13.25548+00:00
1491,339,869,2026-07-11T13:45:13.25548+00:00,"total amount, grand total",2026-07-11T13:45:13.25548+00:00
1492,285,813,2026-07-11T13:45:13.25548+00:00,"value, worth",2026-07-11T13:45:13.25548+00:00
1493,582,752,2026-07-11T13:45:13.25548+00:00,"degree, level, extent",2026-07-11T13:45:13.25548+00:00
1494,139,833,2026-07-11T13:45:13.25548+00:00,ruling party,2026-07-11T13:45:13.25548+00:00
1495,510,943,2026-07-11T13:45:13.25548+00:00,musical performance,2026-07-11T13:45:13.25548+00:00
1496,184,951,2026-07-11T13:45:13.25548+00:00,"expansion, enlargement",2026-07-11T13:45:13.25548+00:00
1497,326,849,2026-07-11T13:45:13.25548+00:00,satellite,2026-07-11T13:45:13.25548+00:00
1498,219,817,2026-07-11T13:45:13.25548+00:00,"we, us",2026-07-11T13:45:13.25548+00:00
1499,256,849,2026-07-11T13:45:13.25548+00:00,"defense, protection",2026-07-11T13:45:13.25548+00:00
1500,291,669,2026-07-11T13:45:13.25548+00:00,"galaxy, Milky Way",2026-07-11T13:45:13.25548+00:00
1501,964,25,2026-07-11T13:45:13.25548+00:00,"to extend, to be prolonged, to grow",2026-07-11T13:45:13.25548+00:00
1502,578,783,2026-07-11T13:45:13.25548+00:00,"rule, regulation",2026-07-11T13:45:13.25548+00:00
1503,1183,930,2026-07-11T13:45:13.25548+00:00,"to close, to be shut (intransitive)",2026-07-11T13:45:13.25548+00:00
1504,458,817,2026-07-11T13:45:13.25548+00:00,"patience, endurance, tolerance",2026-07-11T13:45:13.25548+00:00
1505,221,1002,2026-07-11T13:45:13.25548+00:00,"disability, obstacle, impediment",2026-07-11T13:45:13.25548+00:00
1506,223,947,2026-07-11T13:45:13.25548+00:00,"suspicion, doubt",2026-07-11T13:45:13.25548+00:00
1507,229,747,2026-07-11T13:45:13.25548+00:00,"management, administration",2026-07-11T13:45:13.25548+00:00
1508,970,948,2026-07-11T13:45:13.25548+00:00,"to line up, to stand in a row",2026-07-11T13:45:13.25548+00:00
1509,374,988,2026-07-11T13:45:13.25548+00:00,"in charge of, responsible for",2026-07-11T13:45:13.25548+00:00
1510,209,937,2026-07-11T13:45:13.25548+00:00,"work, duty, service",2026-07-11T13:45:13.25548+00:00
1511,278,877,2026-07-11T13:45:13.25548+00:00,"actor, actress",2026-07-11T13:45:13.25548+00:00
1512,711,871,2026-07-11T13:45:13.25548+00:00,kindergarten,2026-07-11T13:45:13.25548+00:00
1513,83,798,2026-07-11T13:45:13.25548+00:00,stock price,2026-07-11T13:45:13.25548+00:00
1514,446,880,2026-07-11T13:45:13.25548+00:00,"specialty, expertise, major field",2026-07-11T13:45:13.25548+00:00
1515,355,7,2026-07-11T13:45:13.25548+00:00,"domain, territory, area, field",2026-07-11T13:45:13.25548+00:00
1516,126,833,2026-07-11T13:45:13.25548+00:00,political party,2026-07-11T13:45:13.25548+00:00
1517,852,987,2026-07-11T13:45:13.25548+00:00,post office,2026-07-11T13:45:13.25548+00:00
1518,333,857,2026-07-11T13:45:13.25548+00:00,"living together, cohabitation",2026-07-11T13:45:13.25548+00:00
1519,1003,995,2026-07-11T13:45:13.25548+00:00,"to run along, to follow",2026-07-11T13:45:13.25548+00:00
1520,1065,927,2026-07-11T13:45:13.25548+00:00,"to roll, to wind, to wrap",2026-07-11T13:45:13.25548+00:00
1521,539,783,2026-07-11T13:45:13.25548+00:00,"scale, scope, size",2026-07-11T13:45:13.25548+00:00
1522,989,842,2026-07-11T13:45:13.25548+00:00,"to bring near, to push, to collect",2026-07-11T13:45:13.25548+00:00
1523,459,963,2026-07-11T13:45:13.25548+00:00,"death, mortality",2026-07-11T13:45:13.25548+00:00
1524,499,857,2026-07-11T13:45:13.25548+00:00,living room,2026-07-11T13:45:13.25548+00:00
1525,843,801,2026-07-11T13:45:13.25548+00:00,"child, children",2026-07-11T13:45:13.25548+00:00
1526,372,814,2026-07-11T13:45:13.25548+00:00,"technology, technique, skill",2026-07-11T13:45:13.25548+00:00
1527,493,947,2026-07-11T13:45:13.25548+00:00,"question, doubt, uncertainty",2026-07-11T13:45:13.25548+00:00
1528,159,801,2026-07-11T13:45:13.25548+00:00,"offer, provision, supply",2026-07-11T13:45:13.25548+00:00
1529,691,813,2026-07-11T13:45:13.25548+00:00,price,2026-07-11T13:45:13.25548+00:00
1530,658,812,2026-07-11T13:45:13.25548+00:00,"past, bygone days",2026-07-11T13:45:13.25548+00:00
1531,151,795,2026-07-11T13:45:13.25548+00:00,"accurate, precise, exact",2026-07-11T13:45:13.25548+00:00
1532,213,1008,2026-07-11T13:45:13.25548+00:00,"absorption, assimilation",2026-07-11T13:45:13.25548+00:00
1533,1191,930,2026-07-11T13:45:13.25548+00:00,"to close, to shut (transitive)",2026-07-11T13:45:13.25548+00:00
1534,169,851,2026-07-11T13:45:13.25548+00:00,"dangerous, risky",2026-07-11T13:45:13.25548+00:00
1535,958,978,2026-07-11T13:45:13.25548+00:00,"to project, to reflect, to cast (a shadow)",2026-07-11T13:45:13.25548+00:00
1536,387,989,2026-07-11T13:45:13.25548+00:00,"nursing, care",2026-07-11T13:45:13.25548+00:00
1537,76,945,2026-07-11T13:45:13.25548+00:00,"difficulty, hardship, trouble",2026-07-11T13:45:13.25548+00:00
1538,463,867,2026-07-11T13:45:13.25548+00:00,"knowledge, information",2026-07-11T13:45:13.25548+00:00
1539,510,848,2026-07-11T13:45:13.25548+00:00,musical performance,2026-07-11T13:45:13.25548+00:00
1540,102,798,2026-07-11T13:45:13.25548+00:00,"stock, shares",2026-07-11T13:45:13.25548+00:00
1541,1027,937,2026-07-11T13:45:13.25548+00:00,"to work at, to serve",2026-07-11T13:45:13.25548+00:00
1542,267,972,2026-07-11T13:45:13.25548+00:00,"hometown, native place, local",2026-07-11T13:45:13.25548+00:00
1543,122,1005,2026-07-11T13:45:13.25548+00:00,cabinet (government),2026-07-11T13:45:13.25548+00:00
1544,156,1,2026-07-11T13:45:13.25548+00:00,"ratio, proportion, rate",2026-07-11T13:45:13.25548+00:00
1545,202,937,2026-07-11T13:45:13.25548+00:00,"going to work, attendance",2026-07-11T13:45:13.25548+00:00
1546,411,692,2026-07-11T13:45:13.25548+00:00,"present, now, currently",2026-07-11T13:45:13.25548+00:00
1547,1075,948,2026-07-11T13:45:13.25548+00:00,"to line up, to arrange",2026-07-11T13:45:13.25548+00:00
1548,303,1019,2026-07-11T13:45:13.25548+00:00,"confusion, disorder, chaos",2026-07-11T13:45:13.25548+00:00
1549,320,812,2026-07-11T13:45:13.25548+00:00,"passing through, transit",2026-07-11T13:45:13.25548+00:00
1550,342,980,2026-07-11T13:45:13.25548+00:00,"warning, caution",2026-07-11T13:45:13.25548+00:00
1551,620,29,2026-07-11T13:45:13.25548+00:00,"wages, salary, pay",2026-07-11T13:45:13.25548+00:00
1552,274,779,2026-07-11T13:45:13.25548+00:00,"region, area, district",2026-07-11T13:45:13.25548+00:00
1553,244,782,2026-07-11T13:45:13.25548+00:00,"celebration, congratulation",2026-07-11T13:45:13.25548+00:00
1554,165,25,2026-07-11T13:45:13.25548+00:00,"extension, prolongation",2026-07-11T13:45:13.25548+00:00
1555,408,888,2026-07-11T13:45:13.25548+00:00,"decrease, reduction, decline",2026-07-11T13:45:13.25548+00:00
1556,348,949,2026-07-11T13:45:13.25548+00:00,"ruins, historic site",2026-07-11T13:45:13.25548+00:00
1557,491,919,2026-07-11T13:45:13.25548+00:00,"increase, growth, rise",2026-07-11T13:45:13.25548+00:00
1558,523,824,2026-07-11T13:45:13.25548+00:00,"habit, custom, practice",2026-07-11T13:45:13.25548+00:00
1559,230,961,2026-07-11T13:45:13.25548+00:00,revolution,2026-07-11T13:45:13.25548+00:00
1560,316,908,2026-07-11T13:45:13.25548+00:00,breast milk,2026-07-11T13:45:13.25548+00:00
1561,171,949,2026-07-11T13:45:13.25548+00:00,"inheritance, legacy",2026-07-11T13:45:13.25548+00:00
1562,380,848,2026-07-11T13:45:13.25548+00:00,"acting, performance",2026-07-11T13:45:13.25548+00:00
1563,242,995,2026-07-11T13:45:13.25548+00:00,area along a railway line,2026-07-11T13:45:13.25548+00:00
1564,598,896,2026-07-11T13:45:13.25548+00:00,"evaluation, assessment, appraisal",2026-07-11T13:45:13.25548+00:00
1565,579,980,2026-07-11T13:45:13.25548+00:00,police,2026-07-11T13:45:13.25548+00:00
1566,130,841,2026-07-11T13:45:13.25548+00:00,"humanity and justice, duty",2026-07-11T13:45:13.25548+00:00
1567,105,847,2026-07-11T13:45:13.25548+00:00,definition,2026-07-11T13:45:13.25548+00:00
1568,262,1008,2026-07-11T13:45:13.25548+00:00,"breathing, respiration",2026-07-11T13:45:13.25548+00:00
1569,355,779,2026-07-11T13:45:13.25548+00:00,"territory, domain, field",2026-07-11T13:45:13.25548+00:00
1570,1080,999,2026-07-11T13:45:13.25548+00:00,"to wound, to hurt, to damage",2026-07-11T13:45:13.25548+00:00
1572,200,779,2026-07-11T13:45:13.25548+00:00,"zone, area, district",2026-07-11T13:45:13.25548+00:00
1573,192,895,2026-07-11T13:45:13.25548+00:00,"simple, easy",2026-07-11T13:45:13.25548+00:00
1574,305,698,2026-07-11T13:45:13.25548+00:00,"ophthalmology, eye clinic",2026-07-11T13:45:13.25548+00:00
1575,1098,924,2026-07-11T13:45:13.25548+00:00,"to get off, to descend, to step down",2026-07-11T13:45:13.25548+00:00
1576,475,802,2026-07-11T13:45:13.25548+00:00,ashtray,2026-07-11T13:45:13.25548+00:00
1577,733,876,2026-07-11T13:45:13.25548+00:00,"hot spring, onsen",2026-07-11T13:45:13.25548+00:00
1578,1179,866,2026-07-11T13:45:13.25548+00:00,"to forgive, to permit, to allow",2026-07-11T13:45:13.25548+00:00
1579,700,826,2026-07-11T13:45:13.25548+00:00,desk,2026-07-11T13:45:13.25548+00:00
1580,545,795,2026-07-11T13:45:13.25548+00:00,"confirmation, verification",2026-07-11T13:45:13.25548+00:00
1581,98,1004,2026-07-11T13:45:13.25548+00:00,iron and steel,2026-07-11T13:45:13.25548+00:00
1582,511,693,2026-07-11T13:45:13.25548+00:00,"inspection, examination, check",2026-07-11T13:45:13.25548+00:00
1583,315,862,2026-07-11T13:45:13.25548+00:00,"reversal, turnaround, comeback",2026-07-11T13:45:13.25548+00:00
1584,566,913,2026-07-11T13:45:13.25548+00:00,"trade, commerce, foreign trade",2026-07-11T13:45:13.25548+00:00
1585,713,698,2026-07-11T13:45:13.25548+00:00,"eyeglasses, spectacles",2026-07-11T13:45:13.25548+00:00
1586,656,847,2026-07-11T13:45:13.25548+00:00,"duty, obligation",2026-07-11T13:45:13.25548+00:00
1587,148,851,2026-07-11T13:45:13.25548+00:00,"crisis, emergency",2026-07-11T13:45:13.25548+00:00
1588,742,699,2026-07-11T13:45:13.25548+00:00,"cherry blossom, cherry tree",2026-07-11T13:45:13.25548+00:00
1589,337,689,2026-07-11T13:45:13.25548+00:00,"disparity, gap",2026-07-11T13:45:13.25548+00:00
1590,317,785,2026-07-11T13:45:13.25548+00:00,"emigration, immigration, migration",2026-07-11T13:45:13.25548+00:00
1591,87,801,2026-07-11T13:45:13.25548+00:00,"supply, provision",2026-07-11T13:45:13.25548+00:00
1592,289,833,2026-07-11T13:45:13.25548+00:00,opposition party,2026-07-11T13:45:13.25548+00:00
1593,1002,981,2026-07-11T13:45:13.25548+00:00,"to dry, to air out, to hang up",2026-07-11T13:45:13.25548+00:00
1594,372,661,2026-07-11T13:45:13.25548+00:00,"technology, technique, skill",2026-07-11T13:45:13.25548+00:00
1595,389,989,2026-07-11T13:45:13.25548+00:00,nurse,2026-07-11T13:45:13.25548+00:00
1596,263,848,2026-07-11T13:45:13.25548+00:00,"lecture, public speech",2026-07-11T13:45:13.25548+00:00
1597,520,959,2026-07-11T13:45:13.25548+00:00,"chest, breast, heart",2026-07-11T13:45:13.25548+00:00
1598,492,882,2026-07-11T13:45:13.25548+00:00,"future, prospects",2026-07-11T13:45:13.25548+00:00
1599,486,1,2026-07-11T13:45:13.25548+00:00,"role, part, duty",2026-07-11T13:45:13.25548+00:00
1600,350,713,2026-07-11T13:45:13.25548+00:00,"accident, incident",2026-07-11T13:45:13.25548+00:00
1601,663,869,2026-07-11T13:45:13.25548+00:00,"amount of money, sum",2026-07-11T13:45:13.25548+00:00
1602,308,104,2026-07-11T13:45:13.25548+00:00,"prohibition, ban",2026-07-11T13:45:13.25548+00:00
1603,1048,963,2026-07-11T13:45:13.25548+00:00,"to die, to pass away",2026-07-11T13:45:13.25548+00:00
1604,262,993,2026-07-11T13:45:13.25548+00:00,"breathing, respiration",2026-07-11T13:45:13.25548+00:00
1605,338,999,2026-07-11T13:45:13.25548+00:00,"wound, injury, scratch",2026-07-11T13:45:13.25548+00:00
1606,146,999,2026-07-11T13:45:13.25548+00:00,"wound, cut, gash",2026-07-11T13:45:13.25548+00:00
1607,273,74,2026-07-11T13:45:13.25548+00:00,"limit, boundary, capacity",2026-07-11T13:45:13.25548+00:00
1608,413,51,2026-07-11T13:45:13.25548+00:00,"instruction, direction, indication",2026-07-11T13:45:13.25548+00:00
1609,604,1016,2026-07-11T13:45:13.25548+00:00,"bone, skeleton",2026-07-11T13:45:13.25548+00:00
1610,194,961,2026-07-11T13:45:13.25548+00:00,"reform, reformation",2026-07-11T13:45:13.25548+00:00
1611,172,949,2026-07-11T13:45:13.25548+00:00,bereaved family,2026-07-11T13:45:13.25548+00:00
1612,300,980,2026-07-11T13:45:13.25548+00:00,"guard, caution, vigilance",2026-07-11T13:45:13.25548+00:00
1613,467,822,2026-07-11T13:45:13.25548+00:00,"gratitude, appreciation, thanks",2026-07-11T13:45:13.25548+00:00
1614,95,972,2026-07-11T13:45:13.25548+00:00,"hometown, birthplace",2026-07-11T13:45:13.25548+00:00
1615,380,661,2026-07-11T13:45:13.25548+00:00,"acting, performance",2026-07-11T13:45:13.25548+00:00
1616,302,788,2026-07-11T13:45:13.25548+00:00,refugee,2026-07-11T13:45:13.25548+00:00
1617,135,951,2026-07-11T13:45:13.25548+00:00,"expansion, extension",2026-07-11T13:45:13.25548+00:00
1618,545,990,2026-07-11T13:45:13.25548+00:00,"confirmation, verification",2026-07-11T13:45:13.25548+00:00
1619,78,847,2026-07-11T13:45:13.25548+00:00,"meaning, significance",2026-07-11T13:45:13.25548+00:00
1620,511,761,2026-07-11T13:45:13.25548+00:00,"inspection, examination, test",2026-07-11T13:45:13.25548+00:00
1621,136,981,2026-07-11T13:45:13.25548+00:00,"low tide, ebb tide",2026-07-11T13:45:13.25548+00:00
1622,134,795,2026-07-11T13:45:13.25548+00:00,"certain, reliable, definite",2026-07-11T13:45:13.25548+00:00
1623,288,849,2026-07-11T13:45:13.25548+00:00,self-defense,2026-07-11T13:45:13.25548+00:00
1624,299,1016,2026-07-11T13:45:13.25548+00:00,"bone fracture, broken bone",2026-07-11T13:45:13.25548+00:00
1625,548,866,2026-07-11T13:45:13.25548+00:00,"permission, approval, authorization",2026-07-11T13:45:13.25548+00:00
1626,433,689,2026-07-11T13:45:13.25548+00:00,"personality, character",2026-07-11T13:45:13.25548+00:00
1627,480,803,2026-07-11T13:45:13.25548+00:00,"universe, outer space, cosmos",2026-07-11T13:45:13.25548+00:00
1628,478,1002,2026-07-11T13:45:13.25548+00:00,"breakdown, malfunction, trouble",2026-07-11T13:45:13.25548+00:00
1629,561,893,2026-07-11T13:45:13.25548+00:00,"qualification, credential, license",2026-07-11T13:45:13.25548+00:00
1630,561,689,2026-07-11T13:45:13.25548+00:00,"qualification, credential",2026-07-11T13:45:13.25548+00:00
1631,84,1005,2026-07-11T13:45:13.25548+00:00,cabinet minister,2026-07-11T13:45:13.25548+00:00
1632,76,788,2026-07-11T13:45:13.25548+00:00,"difficulty, hardship, trouble",2026-07-11T13:45:13.25548+00:00
1633,178,778,2026-07-11T13:45:13.25548+00:00,"command, direction, conducting",2026-07-11T13:45:13.25548+00:00
1634,278,920,2026-07-11T13:45:25.326408+00:00,"actor, actress",2026-07-11T13:45:25.326408+00:00
1635,261,940,2026-07-11T13:45:25.326408+00:00,"different culture, foreign culture",2026-07-11T13:45:25.326408+00:00
1636,344,982,2026-07-11T13:45:25.326408+00:00,"summit, top, peak",2026-07-11T13:45:25.326408+00:00
1637,1193,982,2026-07-11T13:45:25.326408+00:00,"to receive (humble), to eat/drink (humble)",2026-07-11T13:45:25.326408+00:00
1638,210,940,2026-07-11T13:45:25.326408+00:00,"abnormal, unusual",2026-07-11T13:45:25.326408+00:00
1639,91,1012,2026-07-11T13:45:25.326408+00:00,"exclusion, elimination, removal",2026-07-11T13:45:25.326408+00:00
1640,978,1012,2026-07-11T13:45:25.326408+00:00,"to exclude, to remove, to except",2026-07-11T13:45:25.326408+00:00
1641,142,920,2026-07-11T13:45:25.326408+00:00,"excellent, outstanding",2026-07-11T13:45:25.326408+00:00
1642,117,940,2026-07-11T13:45:25.326408+00:00,foreign country,2026-07-11T13:45:25.326408+00:00
1643,1069,920,2026-07-11T13:45:25.326408+00:00,"to excel, to surpass, to be superior",2026-07-11T13:45:25.326408+00:00
1644,318,1012,2026-07-11T13:45:25.326408+00:00,"removal, elimination",2026-07-11T13:45:25.326408+00:00
1645,1073,940,2026-07-11T13:45:25.326408+00:00,"to differ, to vary",2026-07-11T13:45:25.326408+00:00
1646,110,920,2026-07-11T13:45:25.326408+00:00,"kind, gentle, easy",2026-07-11T13:45:25.326408+00:00
1647,75,678,2026-07-16T12:17:08.060061+00:00,"pure, upright (in conduct)",2026-07-16T12:17:08.060061+00:00
1648,120,359,2026-07-16T12:17:08.060061+00:00,"actual, becoming true",2026-07-16T12:17:08.060061+00:00
1649,120,692,2026-07-16T12:17:08.060061+00:00,"to appear, manifest",2026-07-16T12:17:08.060061+00:00
1650,125,763,2026-07-16T12:17:08.060061+00:00,"to control, regulate",2026-07-16T12:17:08.060061+00:00
1651,125,74,2026-07-16T12:17:08.060061+00:00,"to limit, restrict",2026-07-16T12:17:08.060061+00:00
1652,132,730,2026-07-16T12:17:08.060061+00:00,"clause, item (of terms)",2026-07-16T12:17:08.060061+00:00
1653,132,658,2026-07-16T12:17:08.060061+00:00,"matter, case",2026-07-16T12:17:08.060061+00:00
1654,163,17,2026-07-16T12:17:08.060061+00:00,"to board, ride",2026-07-16T12:17:08.060061+00:00
1655,163,160,2026-07-16T12:17:08.060061+00:00,"train, vehicle",2026-07-16T12:17:08.060061+00:00
1656,163,23,2026-07-16T12:17:08.060061+00:00,ticket,2026-07-16T12:17:08.060061+00:00
1657,175,98,2026-07-16T12:17:08.060061+00:00,"words, phrase",2026-07-16T12:17:08.060061+00:00
1658,175,696,2026-07-16T12:17:08.060061+00:00,"phrase, wording",2026-07-16T12:17:08.060061+00:00
1659,212,23,2026-07-16T12:17:08.060061+00:00,ticket,2026-07-16T12:17:08.060061+00:00
1660,212,76,2026-07-16T12:17:08.060061+00:00,to sell,2026-07-16T12:17:08.060061+00:00
1661,212,80,2026-07-16T12:17:08.060061+00:00,machine,2026-07-16T12:17:08.060061+00:00
1662,215,696,2026-07-16T12:17:08.060061+00:00,"phrase, clause",2026-07-16T12:17:08.060061+00:00
1663,215,312,2026-07-16T12:17:08.060061+00:00,reading,2026-07-16T12:17:08.060061+00:00
1664,215,251,2026-07-16T12:17:08.060061+00:00,"mark, dot",2026-07-16T12:17:08.060061+00:00
1665,226,866,2026-07-16T12:17:08.060061+00:00,to permit,2026-07-16T12:17:08.060061+00:00
1666,226,654,2026-07-16T12:17:08.060061+00:00,"allowed, permissible",2026-07-16T12:17:08.060061+00:00
1667,226,49,2026-07-16T12:17:08.060061+00:00,"certificate, proof",2026-07-16T12:17:08.060061+00:00
1668,253,648,2026-07-16T12:17:08.060061+00:00,"steep, treacherous",2026-07-16T12:17:08.060061+00:00
1669,254,998,2026-07-16T12:17:08.060061+00:00,"various, many",2026-07-16T12:17:08.060061+00:00
1670,254,77,2026-07-16T12:17:08.060061+00:00,country,2026-07-16T12:17:08.060061+00:00
1671,270,74,2026-07-16T12:17:08.060061+00:00,to limit,2026-07-16T12:17:08.060061+00:00
1672,270,412,2026-07-16T12:17:08.060061+00:00,"degree, extent",2026-07-16T12:17:08.060061+00:00
1673,272,747,2026-07-16T12:17:08.060061+00:00,"to manage, run",2026-07-16T12:17:08.060061+00:00
1674,272,933,2026-07-16T12:17:08.060061+00:00,"to save, economize",2026-07-16T12:17:08.060061+00:00
1675,283,692,2026-07-16T12:17:08.060061+00:00,"present, current",2026-07-16T12:17:08.060061+00:00
1676,283,720,2026-07-16T12:17:08.060061+00:00,"condition, state",2026-07-16T12:17:08.060061+00:00
1677,298,888,2026-07-16T12:17:08.060061+00:00,"to cut, reduce",2026-07-16T12:17:08.060061+00:00
1678,309,658,2026-07-16T12:17:08.060061+00:00,"case, matter",2026-07-16T12:17:08.060061+00:00
1679,309,298,2026-07-16T12:17:08.060061+00:00,"number, count",2026-07-16T12:17:08.060061+00:00
1680,314,839,2026-07-16T12:17:08.060061+00:00,"group, cluster",2026-07-16T12:17:08.060061+00:00
1681,314,366,2026-07-16T12:17:08.060061+00:00,island,2026-07-16T12:17:08.060061+00:00
1682,346,693,2026-07-16T12:17:08.060061+00:00,"to inspect, examine",2026-07-16T12:17:08.060061+00:00
1683,346,956,2026-07-16T12:17:08.060061+00:00,"to discuss, deliberate",2026-07-16T12:17:08.060061+00:00
1684,353,570,2026-07-16T12:17:08.060061+00:00,"pure, clean",2026-07-16T12:17:08.060061+00:00
1685,353,678,2026-07-16T12:17:08.060061+00:00,"clean, pure",2026-07-16T12:17:08.060061+00:00
1686,414,729,2026-07-16T12:17:08.060061+00:00,"even, equal",2026-07-16T12:17:08.060061+00:00
1687,414,410,2026-07-16T12:17:08.060061+00:00,"equal, uniform",2026-07-16T12:17:08.060061+00:00
1688,611,201,2026-07-16T12:17:08.060061+00:00,body,2026-07-16T12:17:08.060061+00:00
1689,611,333,2026-07-16T12:17:08.060061+00:00,weight,2026-07-16T12:17:08.060061+00:00
1690,675,857,2026-07-16T12:17:08.060061+00:00,"to sit, stay",2026-07-16T12:17:08.060061+00:00
1691,675,488,2026-07-16T12:17:08.060061+00:00,"alcohol, sake",2026-07-16T12:17:08.060061+00:00
1692,675,364,2026-07-16T12:17:08.060061+00:00,"shop, establishment",2026-07-16T12:17:08.060061+00:00
1693,813,172,2026-07-16T12:17:08.060061+00:00,ten,2026-07-16T12:17:08.060061+00:00
1694,813,168,2026-07-16T12:17:08.060061+00:00,two,2026-07-16T12:17:08.060061+00:00
1695,813,133,2026-07-16T12:17:08.060061+00:00,month,2026-07-16T12:17:08.060061+00:00
1696,845,164,2026-07-16T12:17:08.060061+00:00,one,2026-07-16T12:17:08.060061+00:00
1697,845,132,2026-07-16T12:17:08.060061+00:00,day,2026-07-16T12:17:08.060061+00:00
1698,853,164,2026-07-16T12:17:08.060061+00:00,"one, first",2026-07-16T12:17:08.060061+00:00
1699,853,133,2026-07-16T12:17:08.060061+00:00,month,2026-07-16T12:17:08.060061+00:00
1700,859,488,2026-07-16T12:17:08.060061+00:00,"alcohol, sake",2026-07-16T12:17:08.060061+00:00
1701,902,172,2026-07-16T12:17:08.060061+00:00,ten,2026-07-16T12:17:08.060061+00:00
1702,902,164,2026-07-16T12:17:08.060061+00:00,one,2026-07-16T12:17:08.060061+00:00
1703,902,133,2026-07-16T12:17:08.060061+00:00,month,2026-07-16T12:17:08.060061+00:00
1704,905,331,2026-07-16T12:17:08.060061+00:00,light (not heavy),2026-07-16T12:17:08.060061+00:00
1705,905,99,2026-07-16T12:17:08.060061+00:00,"food, meal",2026-07-16T12:17:08.060061+00:00
1706,973,74,2026-07-16T12:17:08.060061+00:00,"to limit, restrict",2026-07-16T12:17:08.060061+00:00
1707,1088,639,2026-07-16T12:17:08.060061+00:00,"to shine, illuminate",2026-07-16T12:17:08.060061+00:00
1708,1137,401,2026-07-16T12:17:08.060061+00:00,"to arise, occur",2026-07-16T12:17:08.060061+00:00
1709,1243,101,2026-07-16T12:17:08.060061+00:00,"to hold, carry",2026-07-16T12:17:08.060061+00:00
1710,1243,102,2026-07-16T12:17:08.060061+00:00,to take home,2026-07-16T12:17:08.060061+00:00
1711,1244,480,2026-07-16T12:17:08.060061+00:00,"single, individual",2026-07-16T12:17:08.060061+00:00
1712,1244,38,2026-07-16T12:17:08.060061+00:00,"item, product",2026-07-16T12:17:08.060061+00:00
1713,1245,110,2026-07-16T12:17:08.060061+00:00,small,2026-07-16T12:17:08.060061+00:00
1714,1247,253,2026-07-16T12:17:08.060061+00:00,beef,2026-07-16T12:17:08.060061+00:00
1715,1251,996,2026-07-16T12:17:08.060061+00:00,"stored, fermented",2026-07-16T12:17:08.060061+00:00
1716,1251,81,2026-07-16T12:17:08.060061+00:00,bean,2026-07-16T12:17:08.060061+00:00
1717,1254,253,2026-07-16T12:17:08.060061+00:00,beef,2026-07-16T12:17:08.060061+00:00
1718,1255,12,2026-07-16T12:17:08.060061+00:00,to drink,2026-07-16T12:17:08.060061+00:00
1719,1255,106,2026-07-16T12:17:08.060061+00:00,"unrestricted, free",2026-07-16T12:17:08.060061+00:00
1720,1255,107,2026-07-16T12:17:08.060061+00:00,as much as one likes,2026-07-16T12:17:08.060061+00:00
1721,1258,125,2026-07-16T12:17:08.060061+00:00,"tempura (ateji, phonetic)",2026-07-16T12:17:08.060061+00:00
1722,1262,740,2026-07-16T12:17:08.060061+00:00,"to grill, roast",2026-07-16T12:17:08.060061+00:00
1723,1262,68,2026-07-16T12:17:08.060061+00:00,meat,2026-07-16T12:17:08.060061+00:00
1724,1263,304,2026-07-16T12:17:08.060061+00:00,direct,2026-07-16T12:17:08.060061+00:00
1725,1263,141,2026-07-16T12:17:08.060061+00:00,"fire, flame",2026-07-16T12:17:08.060061+00:00
1726,1263,740,2026-07-16T12:17:08.060061+00:00,to grill,2026-07-16T12:17:08.060061+00:00
1727,1265,744,2026-07-16T12:17:08.060061+00:00,thick,2026-07-16T12:17:08.060061+00:00
1728,1265,52,2026-07-16T12:17:08.060061+00:00,"to cut, slice",2026-07-16T12:17:08.060061+00:00
1729,1271,16,2026-07-16T12:17:08.060061+00:00,"to acquire, bring in",2026-07-16T12:17:08.060061+00:00
1730,1272,315,2026-07-16T12:17:08.060061+00:00,"to convey, pass on",2026-07-16T12:17:08.060061+00:00
1731,1272,305,2026-07-16T12:17:08.060061+00:00,"to inform, notify",2026-07-16T12:17:08.060061+00:00
1732,1276,910,2026-07-16T12:17:08.060061+00:00,"to release, undo",2026-07-16T12:17:08.060061+00:00
1733,1276,1012,2026-07-16T12:17:08.060061+00:00,"to cancel, remove",2026-07-16T12:17:08.060061+00:00
1734,1277,668,2026-07-16T12:17:08.060061+00:00,"to report, inform",2026-07-16T12:17:08.060061+00:00
1735,1277,508,2026-07-16T12:17:08.060061+00:00,"to announce, tell",2026-07-16T12:17:08.060061+00:00
1736,1278,1012,2026-07-16T12:17:08.060061+00:00,"to remove, delete",2026-07-16T12:17:08.060061+00:00
1737,1280,255,2026-07-16T12:17:08.060061+00:00,"picture, drawing",2026-07-16T12:17:08.060061+00:00
1738,1281,79,2026-07-16T12:17:08.060061+00:00,"to have, possess (fame)",2026-07-16T12:17:08.060061+00:00
1739,1281,108,2026-07-16T12:17:08.060061+00:00,"name, fame",2026-07-16T12:17:08.060061+00:00
1740,1281,118,2026-07-16T12:17:08.060061+00:00,person,2026-07-16T12:17:08.060061+00:00
1741,1282,719,2026-07-16T12:17:08.060061+00:00,"government, politics",2026-07-16T12:17:08.060061+00:00
1742,1282,638,2026-07-16T12:17:08.060061+00:00,"to govern, rule",2026-07-16T12:17:08.060061+00:00
1743,1283,98,2026-07-16T12:17:08.060061+00:00,"writing, text",2026-07-16T12:17:08.060061+00:00
1744,1283,128,2026-07-16T12:17:08.060061+00:00,character,2026-07-16T12:17:08.060061+00:00
1745,1283,401,2026-07-16T12:17:08.060061+00:00,"to raise, produce (transcribe)",2026-07-16T12:17:08.060061+00:00
1746,1284,377,2026-07-16T12:17:08.060061+00:00,moving,2026-07-16T12:17:08.060061+00:00
1747,1284,255,2026-07-16T12:17:08.060061+00:00,"picture, image",2026-07-16T12:17:08.060061+00:00
1748,1287,681,2026-07-16T12:17:08.060061+00:00,"main point, essential",2026-07-16T12:17:08.060061+00:00
1749,1288,950,2026-07-16T12:17:08.060061+00:00,"to view, watch",2026-07-16T12:17:08.060061+00:00
1750,1289,37,2026-07-16T12:17:08.060061+00:00,"to return, reply",2026-07-16T12:17:08.060061+00:00
1751,1289,597,2026-07-16T12:17:08.060061+00:00,"message, correspondence",2026-07-16T12:17:08.060061+00:00
1752,1290,610,2026-07-16T12:17:08.060061+00:00,"together, jointly",2026-07-16T12:17:08.060061+00:00
1753,1290,79,2026-07-16T12:17:08.060061+00:00,"to possess, own",2026-07-16T12:17:08.060061+00:00
1754,1291,904,2026-07-16T12:17:08.060061+00:00,"again, replay",2026-07-16T12:17:08.060061+00:00
1755,1291,178,2026-07-16T12:17:08.060061+00:00,"to produce, play (media)",2026-07-16T12:17:08.060061+00:00
1756,1292,555,2026-07-16T12:17:08.060061+00:00,"history, record",2026-07-16T12:17:08.060061+00:00
1757,1293,291,2026-07-16T12:17:08.060061+00:00,to make,2026-07-16T12:17:08.060061+00:00
1758,1293,564,2026-07-16T12:17:08.060061+00:00,"to form, become",2026-07-16T12:17:08.060061+00:00
1759,1294,55,2026-07-16T12:17:08.060061+00:00,new,2026-07-16T12:17:08.060061+00:00
1760,1294,34,2026-07-16T12:17:08.060061+00:00,arrival,2026-07-16T12:17:08.060061+00:00
1761,1295,394,2026-07-16T12:17:08.060061+00:00,to distribute,2026-07-16T12:17:08.060061+00:00
1762,1295,597,2026-07-16T12:17:08.060061+00:00,"signal, message",2026-07-16T12:17:08.060061+00:00
1763,1296,425,2026-07-16T12:17:08.060061+00:00,"box, bin",2026-07-16T12:17:08.060061+00:00
1764,1297,775,2026-07-16T12:17:08.060061+00:00,"to be troubled, bewildered",2026-07-16T12:17:08.060061+00:00
1765,1298,180,2026-07-16T12:17:08.060061+00:00,"preliminary, rough (draft)",2026-07-16T12:17:08.060061+00:00
1766,1298,9,2026-07-16T12:17:08.060061+00:00,to write,2026-07-16T12:17:08.060061+00:00
1767,1299,39,2026-07-16T12:17:08.060061+00:00,to send,2026-07-16T12:17:08.060061+00:00
1768,1299,597,2026-07-16T12:17:08.060061+00:00,"signal, message",2026-07-16T12:17:08.060061+00:00
1769,1300,492,2026-07-16T12:17:08.060061+00:00,to receive,2026-07-16T12:17:08.060061+00:00
1770,1300,597,2026-07-16T12:17:08.060061+00:00,"signal, message",2026-07-16T12:17:08.060061+00:00
1771,1301,13,2026-07-16T12:17:08.060061+00:00,"thing, property",2026-07-16T12:17:08.060061+00:00
1772,1301,658,2026-07-16T12:17:08.060061+00:00,"item, case",2026-07-16T12:17:08.060061+00:00
1773,1302,86,2026-07-16T12:17:08.060061+00:00,"agreement, promise",2026-07-16T12:17:08.060061+00:00
1774,1303,205,2026-07-16T12:17:08.060061+00:00,"inside, interior",2026-07-16T12:17:08.060061+00:00
1775,1303,985,2026-07-16T12:17:08.060061+00:00,"to view, look over",2026-07-16T12:17:08.060061+00:00
1776,1304,16,2026-07-16T12:17:08.060061+00:00,to enter,2026-07-16T12:17:08.060061+00:00
1777,1304,857,2026-07-16T12:17:08.060061+00:00,to reside,2026-07-16T12:17:08.060061+00:00
1778,1305,861,2026-07-16T12:17:08.060061+00:00,"to establish, set up",2026-07-16T12:17:08.060061+00:00
1779,1305,899,2026-07-16T12:17:08.060061+00:00,"equipment, provision",2026-07-16T12:17:08.060061+00:00
1780,1306,280,2026-07-16T12:17:08.060061+00:00,"room, space (layout)",2026-07-16T12:17:08.060061+00:00
1781,1306,58,2026-07-16T12:17:08.060061+00:00,"to arrange, lay out",2026-07-16T12:17:08.060061+00:00
1782,1307,830,2026-07-16T12:17:08.060061+00:00,"built, construction",2026-07-16T12:17:08.060061+00:00
1783,1307,131,2026-07-16T12:17:08.060061+00:00,year,2026-07-16T12:17:08.060061+00:00
1784,1307,298,2026-07-16T12:17:08.060061+00:00,"number, count",2026-07-16T12:17:08.060061+00:00
1785,1308,161,2026-07-16T12:17:08.060061+00:00,"money, deposit",2026-07-16T12:17:08.060061+00:00
1786,1309,48,2026-07-16T12:17:08.060061+00:00,to guarantee,2026-07-16T12:17:08.060061+00:00
1787,1309,49,2026-07-16T12:17:08.060061+00:00,"proof, certification",2026-07-16T12:17:08.060061+00:00
1788,1309,118,2026-07-16T12:17:08.060061+00:00,person,2026-07-16T12:17:08.060061+00:00
1789,1310,55,2026-07-16T12:17:08.060061+00:00,"renewal, new",2026-07-16T12:17:08.060061+00:00
1790,1310,40,2026-07-16T12:17:08.060061+00:00,fee,2026-07-16T12:17:08.060061+00:00
1791,1311,569,2026-07-16T12:17:08.060061+00:00,"intermediary, go-between",2026-07-16T12:17:08.060061+00:00
1792,1311,111,2026-07-16T12:17:08.060061+00:00,"hand, agent",2026-07-16T12:17:08.060061+00:00
1793,1311,298,2026-07-16T12:17:08.060061+00:00,"number, count",2026-07-16T12:17:08.060061+00:00
1794,1311,40,2026-07-16T12:17:08.060061+00:00,fee,2026-07-16T12:17:08.060061+00:00
1795,1312,406,2026-07-16T12:17:08.060061+00:00,gift of gratitude,2026-07-16T12:17:08.060061+00:00
1796,1312,161,2026-07-16T12:17:08.060061+00:00,money,2026-07-16T12:17:08.060061+00:00
1797,1313,379,2026-07-16T12:17:08.060061+00:00,"to live, dwell",2026-07-16T12:17:08.060061+00:00
1798,1313,873,2026-07-16T12:17:08.060061+00:00,"residence, home",2026-07-16T12:17:08.060061+00:00
1799,1314,29,2026-07-16T12:17:08.060061+00:00,"rent, fee",2026-07-16T12:17:08.060061+00:00
1800,1314,905,2026-07-16T12:17:08.060061+00:00,"to lend, rent out",2026-07-16T12:17:08.060061+00:00
1801,1315,342,2026-07-16T12:17:08.060061+00:00,"all, entire",2026-07-16T12:17:08.060061+00:00
1802,1315,225,2026-07-16T12:17:08.060061+00:00,room,2026-07-16T12:17:08.060061+00:00
1803,1316,689,2026-07-16T12:17:08.060061+00:00,"price, standard",2026-07-16T12:17:08.060061+00:00
1804,1316,320,2026-07-16T12:17:08.060061+00:00,cheap,2026-07-16T12:17:08.060061+00:00
1805,1317,570,2026-07-16T12:17:08.060061+00:00,"clean, pure",2026-07-16T12:17:08.060061+00:00
1806,1318,690,2026-07-16T12:17:08.060061+00:00,"expense, cost",2026-07-16T12:17:08.060061+00:00
1807,1318,254,2026-07-16T12:17:08.060061+00:00,"use, purpose",2026-07-16T12:17:08.060061+00:00
1808,1320,118,2026-07-16T12:17:08.060061+00:00,people,2026-07-16T12:17:08.060061+00:00
1809,1320,139,2026-07-16T12:17:08.060061+00:00,"attention, spirit (popularity)",2026-07-16T12:17:08.060061+00:00
1810,1321,80,2026-07-16T12:17:08.060061+00:00,machine,2026-07-16T12:17:08.060061+00:00
1811,1323,467,2026-07-16T12:17:08.060061+00:00,station,2026-07-16T12:17:08.060061+00:00
1812,1323,532,2026-07-16T12:17:08.060061+00:00,on foot,2026-07-16T12:17:08.060061+00:00
1813,1323,303,2026-07-16T12:17:08.060061+00:00,walk,2026-07-16T12:17:08.060061+00:00
1814,1325,880,2026-07-16T12:17:08.060061+00:00,"exclusive, dedicated",2026-07-16T12:17:08.060061+00:00
1815,1325,254,2026-07-16T12:17:08.060061+00:00,use,2026-07-16T12:17:08.060061+00:00
1816,1327,893,2026-07-16T12:17:08.060061+00:00,"asset, capital",2026-07-16T12:17:08.060061+00:00
1817,1327,78,2026-07-16T12:17:08.060061+00:00,"property, production",2026-07-16T12:17:08.060061+00:00
1818,1327,687,2026-07-16T12:17:08.060061+00:00,"price, value",2026-07-16T12:17:08.060061+00:00
1819,1327,813,2026-07-16T12:17:08.060061+00:00,value,2026-07-16T12:17:08.060061+00:00
1820,1328,160,2026-07-16T12:17:08.060061+00:00,"vehicle, car",2026-07-16T12:17:08.060061+00:00
1821,1328,218,2026-07-16T12:17:08.060061+00:00,"place, lot",2026-07-16T12:17:08.060061+00:00
1822,1329,403,2026-07-16T12:17:08.060061+00:00,flat (square area),2026-07-16T12:17:08.060061+00:00
1823,1329,262,2026-07-16T12:17:08.060061+00:00,"meter (unit, from メートル)",2026-07-16T12:17:08.060061+00:00
1824,1330,48,2026-07-16T12:17:08.060061+00:00,to guarantee,2026-07-16T12:17:08.060061+00:00
1825,1330,49,2026-07-16T12:17:08.060061+00:00,"proof, certification",2026-07-16T12:17:08.060061+00:00
1826,1330,44,2026-07-16T12:17:08.060061+00:00,"association, company",2026-07-16T12:17:08.060061+00:00
1827,1330,258,2026-07-16T12:17:08.060061+00:00,"company, firm",2026-07-16T12:17:08.060061+00:00
1828,1331,134,2026-07-16T12:17:08.060061+00:00,wood,2026-07-16T12:17:08.060061+00:00
1829,1331,776,2026-07-16T12:17:08.060061+00:00,"construction, built",2026-07-16T12:17:08.060061+00:00
1830,1332,666,2026-07-16T12:17:08.060061+00:00,bathing,2026-07-16T12:17:08.060061+00:00
1831,1332,225,2026-07-16T12:17:08.060061+00:00,room,2026-07-16T12:17:08.060061+00:00
1832,1333,181,2026-07-16T12:17:08.060061+00:00,"to see, view",2026-07-16T12:17:08.060061+00:00
1833,1333,176,2026-07-16T12:17:08.060061+00:00,"to study, learn (tour)",2026-07-16T12:17:08.060061+00:00
1834,1334,880,2026-07-16T12:17:08.060061+00:00,exclusive,2026-07-16T12:17:08.060061+00:00
1835,1334,79,2026-07-16T12:17:08.060061+00:00,to possess,2026-07-16T12:17:08.060061+00:00
1836,1334,334,2026-07-16T12:17:08.060061+00:00,"surface, area",2026-07-16T12:17:08.060061+00:00
1837,1334,715,2026-07-16T12:17:08.060061+00:00,"area, size (accumulated)",2026-07-16T12:17:08.060061+00:00
1838,1335,48,2026-07-16T12:17:08.060061+00:00,to guarantee,2026-07-16T12:17:08.060061+00:00
1839,1335,49,2026-07-16T12:17:08.060061+00:00,"proof, certification",2026-07-16T12:17:08.060061+00:00
1840,1335,161,2026-07-16T12:17:08.060061+00:00,money,2026-07-16T12:17:08.060061+00:00
1841,1336,603,2026-07-16T12:17:08.060061+00:00,"initial, first",2026-07-16T12:17:08.060061+00:00
1842,1336,22,2026-07-16T12:17:08.060061+00:00,"period, term",2026-07-16T12:17:08.060061+00:00
1843,1336,690,2026-07-16T12:17:08.060061+00:00,expense,2026-07-16T12:17:08.060061+00:00
1844,1336,254,2026-07-16T12:17:08.060061+00:00,"cost, use",2026-07-16T12:17:08.060061+00:00
1845,1337,29,2026-07-16T12:17:08.060061+00:00,rent,2026-07-16T12:17:08.060061+00:00
1846,1337,40,2026-07-16T12:17:08.060061+00:00,fee,2026-07-16T12:17:08.060061+00:00
1847,1338,380,2026-07-16T12:17:08.060061+00:00,not (immovable),2026-07-16T12:17:08.060061+00:00
1848,1338,377,2026-07-16T12:17:08.060061+00:00,to move,2026-07-16T12:17:08.060061+00:00
1849,1338,78,2026-07-16T12:17:08.060061+00:00,"property, asset",2026-07-16T12:17:08.060061+00:00
1850,1339,55,2026-07-16T12:17:08.060061+00:00,new,2026-07-16T12:17:08.060061+00:00
1851,1339,830,2026-07-16T12:17:08.060061+00:00,"built, constructed",2026-07-16T12:17:08.060061+00:00
1852,1340,164,2026-07-16T12:17:08.060061+00:00,"one, single",2026-07-16T12:17:08.060061+00:00
1853,1340,236,2026-07-16T12:17:08.060061+00:00,"house, door",2026-07-16T12:17:08.060061+00:00
1854,1340,575,2026-07-16T12:17:08.060061+00:00,to build,2026-07-16T12:17:08.060061+00:00
1855,1343,149,2026-07-16T12:17:08.060061+00:00,eye,2026-07-16T12:17:08.060061+00:00
1856,1343,266,2026-07-16T12:17:08.060061+00:00,line (line of sight),2026-07-16T12:17:08.060061+00:00
1857,1346,941,2026-07-16T12:17:08.060061+00:00,birth,2026-07-16T12:17:08.060061+00:00
1858,1346,178,2026-07-16T12:17:08.060061+00:00,"to be born, life",2026-07-16T12:17:08.060061+00:00
1859,1347,861,2026-07-16T12:17:08.060061+00:00,"establishment, facility",2026-07-16T12:17:08.060061+00:00
1860,1348,151,2026-07-16T12:17:08.060061+00:00,"empty, open",2026-07-16T12:17:08.060061+00:00
1861,1348,280,2026-07-16T12:17:08.060061+00:00,"space, interval",2026-07-16T12:17:08.060061+00:00
1862,1349,121,2026-07-16T12:17:08.060061+00:00,"power, appeal",2026-07-16T12:17:08.060061+00:00
1863,1350,774,2026-07-16T12:17:08.060061+00:00,"to adopt, select",2026-07-16T12:17:08.060061+00:00
1864,1350,254,2026-07-16T12:17:08.060061+00:00,"use, employment",2026-07-16T12:17:08.060061+00:00
1865,1351,99,2026-07-16T12:17:08.060061+00:00,"food, eating",2026-07-16T12:17:08.060061+00:00
1866,1351,47,2026-07-16T12:17:08.060061+00:00,"utensil, vessel",2026-07-16T12:17:08.060061+00:00
1867,1354,142,2026-07-16T12:17:08.060061+00:00,dog,2026-07-16T12:17:08.060061+00:00
1868,1358,834,2026-07-16T12:17:08.060061+00:00,"to judge, determine",2026-07-16T12:17:08.060061+00:00
1869,1359,439,2026-07-16T12:17:08.060061+00:00,"to apply, state",2026-07-16T12:17:08.060061+00:00
1870,1360,315,2026-07-16T12:17:08.060061+00:00,"to pass, communicate",2026-07-16T12:17:08.060061+00:00
1871,1360,597,2026-07-16T12:17:08.060061+00:00,"message, signal",2026-07-16T12:17:08.060061+00:00
1872,1361,502,2026-07-16T12:17:08.060061+00:00,law,2026-07-16T12:17:08.060061+00:00
1873,1361,118,2026-07-16T12:17:08.060061+00:00,person (legal entity),2026-07-16T12:17:08.060061+00:00
1874,1362,702,2026-07-16T12:17:08.060061+00:00,"individual, single",2026-07-16T12:17:08.060061+00:00
1875,1362,118,2026-07-16T12:17:08.060061+00:00,person,2026-07-16T12:17:08.060061+00:00
1876,1364,312,2026-07-16T12:17:08.060061+00:00,to read,2026-07-16T12:17:08.060061+00:00
1877,1364,58,2026-07-16T12:17:08.060061+00:00,"to take, capture (scan)",2026-07-16T12:17:08.060061+00:00
1878,1366,380,2026-07-16T12:17:08.060061+00:00,not (improper),2026-07-16T12:17:08.060061+00:00
1879,1366,114,2026-07-16T12:17:08.060061+00:00,"correct, proper",2026-07-16T12:17:08.060061+00:00
1880,1366,424,2026-07-16T12:17:08.060061+00:00,"benefit, use",2026-07-16T12:17:08.060061+00:00
1881,1366,254,2026-07-16T12:17:08.060061+00:00,to use,2026-07-16T12:17:08.060061+00:00
1882,1367,582,2026-07-16T12:17:08.060061+00:00,"to join, add",2026-07-16T12:17:08.060061+00:00
1883,1367,975,2026-07-16T12:17:08.060061+00:00,"alliance, membership",2026-07-16T12:17:08.060061+00:00
1884,1367,10,2026-07-16T12:17:08.060061+00:00,store,2026-07-16T12:17:08.060061+00:00
1885,1368,371,2026-07-16T12:17:08.060061+00:00,"to put in, invest",2026-07-16T12:17:08.060061+00:00
1886,1368,893,2026-07-16T12:17:08.060061+00:00,"capital, funds",2026-07-16T12:17:08.060061+00:00
1887,1370,727,2026-07-16T12:17:08.060061+00:00,"to accumulate, save up",2026-07-16T12:17:08.060061+00:00
1888,1371,204,2026-07-16T12:17:08.060061+00:00,public,2026-07-16T12:17:08.060061+00:00
1889,1371,610,2026-07-16T12:17:08.060061+00:00,"shared, communal",2026-07-16T12:17:08.060061+00:00
1890,1371,40,2026-07-16T12:17:08.060061+00:00,"fee, charge",2026-07-16T12:17:08.060061+00:00
1891,1371,161,2026-07-16T12:17:08.060061+00:00,money,2026-07-16T12:17:08.060061+00:00
1892,1372,113,2026-07-16T12:17:08.060061+00:00,"main, self (the person themselves)",2026-07-16T12:17:08.060061+00:00
1893,1372,118,2026-07-16T12:17:08.060061+00:00,person,2026-07-16T12:17:08.060061+00:00
1894,1372,795,2026-07-16T12:17:08.060061+00:00,"to confirm, verify",2026-07-16T12:17:08.060061+00:00
1895,1372,990,2026-07-16T12:17:08.060061+00:00,"to recognize, verify",2026-07-16T12:17:08.060061+00:00
1896,1373,692,2026-07-16T12:17:08.060061+00:00,"present, actual",2026-07-16T12:17:08.060061+00:00
1897,1373,161,2026-07-16T12:17:08.060061+00:00,money,2026-07-16T12:17:08.060061+00:00
1898,1374,15,2026-07-16T12:17:08.060061+00:00,opening (account slot),2026-07-16T12:17:08.060061+00:00
1899,1374,970,2026-07-16T12:17:08.060061+00:00,"seat, account",2026-07-16T12:17:08.060061+00:00
1900,1376,749,2026-07-16T12:17:08.060061+00:00,remaining,2026-07-16T12:17:08.060061+00:00
1901,1376,197,2026-07-16T12:17:08.060061+00:00,"amount, sum",2026-07-16T12:17:08.060061+00:00
1902,1377,360,2026-07-16T12:17:08.060061+00:00,"customer, guest",2026-07-16T12:17:08.060061+00:00
1903,1378,482,2026-07-16T12:17:08.060061+00:00,"to point, indicate",2026-07-16T12:17:08.060061+00:00
1904,1378,298,2026-07-16T12:17:08.060061+00:00,number,2026-07-16T12:17:08.060061+00:00
1905,1379,14,2026-07-16T12:17:08.060061+00:00,"to come from, originate",2026-07-16T12:17:08.060061+00:00
1906,1379,537,2026-07-16T12:17:08.060061+00:00,"reference, text",2026-07-16T12:17:08.060061+00:00
1907,1381,254,2026-07-16T12:17:08.060061+00:00,"use, need",2026-07-16T12:17:08.060061+00:00
1908,1381,395,2026-07-16T12:17:08.060061+00:00,intention (readiness),2026-07-16T12:17:08.060061+00:00
1909,1382,164,2026-07-16T12:17:08.060061+00:00,one,2026-07-16T12:17:08.060061+00:00
1910,1382,373,2026-07-16T12:17:08.060061+00:00,"part, section",2026-07-16T12:17:08.060061+00:00
1911,1383,561,2026-07-16T12:17:08.060061+00:00,"to attach, grant",2026-07-16T12:17:08.060061+00:00
1912,1384,387,2026-07-16T12:17:08.060061+00:00,"to offer, present",2026-07-16T12:17:08.060061+00:00
1913,1385,63,2026-07-16T12:17:08.060061+00:00,"toward, regarding",2026-07-16T12:17:08.060061+00:00
1914,1385,560,2026-07-16T12:17:08.060061+00:00,"target, object",2026-07-16T12:17:08.060061+00:00
1915,1385,221,2026-07-16T12:17:08.060061+00:00,"outside, excluded",2026-07-16T12:17:08.060061+00:00
1916,1386,22,2026-07-16T12:17:08.060061+00:00,period,2026-07-16T12:17:08.060061+00:00
1917,1386,280,2026-07-16T12:17:08.060061+00:00,interval,2026-07-16T12:17:08.060061+00:00
1918,1386,74,2026-07-16T12:17:08.060061+00:00,limited,2026-07-16T12:17:08.060061+00:00
1919,1386,21,2026-07-16T12:17:08.060061+00:00,"fixed, set",2026-07-16T12:17:08.060061+00:00
1920,1387,185,2026-07-16T12:17:08.060061+00:00,origin (returned to),2026-07-16T12:17:08.060061+00:00
1921,1388,388,2026-07-16T12:17:08.060061+00:00,"to decide, settle",2026-07-16T12:17:08.060061+00:00
1922,1388,933,2026-07-16T12:17:08.060061+00:00,to settle (financially),2026-07-16T12:17:08.060061+00:00
1923,1389,217,2026-07-16T12:17:08.060061+00:00,"ground, place",2026-07-16T12:17:08.060061+00:00
1924,1389,251,2026-07-16T12:17:08.060061+00:00,point,2026-07-16T12:17:08.060061+00:00
1925,1390,28,2026-07-16T12:17:08.060061+00:00,"to operate, transport",2026-07-16T12:17:08.060061+00:00
1926,1390,309,2026-07-16T12:17:08.060061+00:00,"to go, run (service)",2026-07-16T12:17:08.060061+00:00
1927,1391,21,2026-07-16T12:17:08.060061+00:00,"fixed, regular",2026-07-16T12:17:08.060061+00:00
1928,1391,22,2026-07-16T12:17:08.060061+00:00,"period, term",2026-07-16T12:17:08.060061+00:00
1929,1392,777,2026-07-16T12:17:08.060061+00:00,"to mix, crowd",2026-07-16T12:17:08.060061+00:00
1930,1392,660,2026-07-16T12:17:08.060061+00:00,"mixed, disorderly",2026-07-16T12:17:08.060061+00:00
1931,1393,747,2026-07-16T12:17:08.060061+00:00,to pass through,2026-07-16T12:17:08.060061+00:00
1932,1393,31,2026-07-16T12:17:08.060061+00:00,"route, reason",2026-07-16T12:17:08.060061+00:00
1933,1394,149,2026-07-16T12:17:08.060061+00:00,"aim, goal",2026-07-16T12:17:08.060061+00:00
1934,1394,552,2026-07-16T12:17:08.060061+00:00,target (nominal suffix),2026-07-16T12:17:08.060061+00:00
1935,1395,149,2026-07-16T12:17:08.060061+00:00,"aim, goal",2026-07-16T12:17:08.060061+00:00
1936,1395,552,2026-07-16T12:17:08.060061+00:00,target,2026-07-16T12:17:08.060061+00:00
1937,1395,217,2026-07-16T12:17:08.060061+00:00,"place, ground",2026-07-16T12:17:08.060061+00:00
1938,1396,14,2026-07-16T12:17:08.060061+00:00,"to depart, exit",2026-07-16T12:17:08.060061+00:00
1939,1396,474,2026-07-16T12:17:08.060061+00:00,"departure, setting out",2026-07-16T12:17:08.060061+00:00
1940,1396,217,2026-07-16T12:17:08.060061+00:00,place,2026-07-16T12:17:08.060061+00:00
1941,1397,532,2026-07-16T12:17:08.060061+00:00,"on foot, by walking",2026-07-16T12:17:08.060061+00:00
1942,1397,303,2026-07-16T12:17:08.060061+00:00,to walk,2026-07-16T12:17:08.060061+00:00
1943,1398,242,2026-07-16T12:17:08.060061+00:00,time,2026-07-16T12:17:08.060061+00:00
1944,1398,1009,2026-07-16T12:17:08.060061+00:00,"time, moment",2026-07-16T12:17:08.060061+00:00
1945,1398,460,2026-07-16T12:17:08.060061+00:00,"table, chart",2026-07-16T12:17:08.060061+00:00
1946,1399,732,2026-07-16T12:17:08.060061+00:00,to change,2026-07-16T12:17:08.060061+00:00
1947,1400,304,2026-07-16T12:17:08.060061+00:00,"direct, immediately",2026-07-16T12:17:08.060061+00:00
1948,1400,90,2026-07-16T12:17:08.060061+00:00,before,2026-07-16T12:17:08.060061+00:00
1949,1401,766,2026-07-16T12:17:08.060061+00:00,"circumstances, facts",2026-07-16T12:17:08.060061+00:00
1950,1401,668,2026-07-16T12:17:08.060061+00:00,"information, report",2026-07-16T12:17:08.060061+00:00
1951,1403,32,2026-07-16T12:17:08.060061+00:00,seat,2026-07-16T12:17:08.060061+00:00
1952,1404,39,2026-07-16T12:17:08.060061+00:00,"to send off, transport",2026-07-16T12:17:08.060061+00:00
1953,1405,708,2026-07-16T12:17:08.060061+00:00,"consecutive, connected",2026-07-16T12:17:08.060061+00:00
1954,1405,175,2026-07-16T12:17:08.060061+00:00,"holiday, rest",2026-07-16T12:17:08.060061+00:00
1955,1406,551,2026-07-16T12:17:08.060061+00:00,"folk, private (people's)",2026-07-16T12:17:08.060061+00:00
1956,1406,362,2026-07-16T12:17:08.060061+00:00,"lodging, inn",2026-07-16T12:17:08.060061+00:00
1957,1407,132,2026-07-16T12:17:08.060061+00:00,day,2026-07-16T12:17:08.060061+00:00
1958,1407,102,2026-07-16T12:17:08.060061+00:00,to return,2026-07-16T12:17:08.060061+00:00
1959,1408,14,2026-07-16T12:17:08.060061+00:00,to go out,2026-07-16T12:17:08.060061+00:00
1960,1408,726,2026-07-16T12:17:08.060061+00:00,to extend (travel for work),2026-07-16T12:17:08.060061+00:00
1961,1409,362,2026-07-16T12:17:08.060061+00:00,"inn, lodging",2026-07-16T12:17:08.060061+00:00
1962,1412,315,2026-07-16T12:17:08.060061+00:00,"generally, throughout",2026-07-16T12:17:08.060061+00:00
1963,1412,739,2026-07-16T12:17:08.060061+00:00,"usual, ordinary",2026-07-16T12:17:08.060061+00:00
1964,1413,516,2026-07-16T12:17:08.060061+00:00,"without, none",2026-07-16T12:17:08.060061+00:00
1965,1413,40,2026-07-16T12:17:08.060061+00:00,"fee, charge",2026-07-16T12:17:08.060061+00:00
1966,1414,198,2026-07-16T12:17:08.060061+00:00,"to cross, interchange",2026-07-16T12:17:08.060061+00:00
1967,1414,315,2026-07-16T12:17:08.060061+00:00,"to pass, transit",2026-07-16T12:17:08.060061+00:00
1968,1414,80,2026-07-16T12:17:08.060061+00:00,"mechanism, machine",2026-07-16T12:17:08.060061+00:00
1969,1414,656,2026-07-16T12:17:08.060061+00:00,"connection, institution",2026-07-16T12:17:08.060061+00:00
1970,1415,551,2026-07-16T12:17:08.060061+00:00,"private, folk",2026-07-16T12:17:08.060061+00:00
1971,1416,244,2026-07-16T12:17:08.060061+00:00,morning,2026-07-16T12:17:08.060061+00:00
1972,1416,99,2026-07-16T12:17:08.060061+00:00,meal,2026-07-16T12:17:08.060061+00:00
1973,1417,617,2026-07-16T12:17:08.060061+00:00,"broad, extensive (knowledge)",2026-07-16T12:17:08.060061+00:00
1974,1417,13,2026-07-16T12:17:08.060061+00:00,"objects, things",2026-07-16T12:17:08.060061+00:00
1975,1417,411,2026-07-16T12:17:08.060061+00:00,"building, hall",2026-07-16T12:17:08.060061+00:00
1976,1418,329,2026-07-16T12:17:08.060061+00:00,"beauty, art",2026-07-16T12:17:08.060061+00:00
1977,1418,814,2026-07-16T12:17:08.060061+00:00,"art, technique",2026-07-16T12:17:08.060061+00:00
1978,1418,411,2026-07-16T12:17:08.060061+00:00,"building, hall",2026-07-16T12:17:08.060061+00:00
1979,1419,861,2026-07-16T12:17:08.060061+00:00,"to establish, set up",2026-07-16T12:17:08.060061+00:00
1980,1419,21,2026-07-16T12:17:08.060061+00:00,"to fix, determine",2026-07-16T12:17:08.060061+00:00
1981,1421,692,2026-07-16T12:17:08.060061+00:00,"present, current",2026-07-16T12:17:08.060061+00:00
1982,1421,35,2026-07-16T12:17:08.060061+00:00,"to be located, exist",2026-07-16T12:17:08.060061+00:00
1983,1421,217,2026-07-16T12:17:08.060061+00:00,"place, location",2026-07-16T12:17:08.060061+00:00
1984,1422,790,2026-07-16T12:17:08.060061+00:00,"job, occupation",2026-07-16T12:17:08.060061+00:00
1985,1422,218,2026-07-16T12:17:08.060061+00:00,place,2026-07-16T12:17:08.060061+00:00
1986,1423,30,2026-07-16T12:17:08.060061+00:00,"self, one's own",2026-07-16T12:17:08.060061+00:00
1987,1423,873,2026-07-16T12:17:08.060061+00:00,"home, residence",2026-07-16T12:17:08.060061+00:00
1988,1424,582,2026-07-16T12:17:08.060061+00:00,to add,2026-07-16T12:17:08.060061+00:00
1989,1424,47,2026-07-16T12:17:08.060061+00:00,"appliance, device",2026-07-16T12:17:08.060061+00:00
1990,1426,94,2026-07-16T12:17:08.060061+00:00,to wash,2026-07-16T12:17:08.060061+00:00
1991,1427,48,2026-07-16T12:17:08.060061+00:00,"to keep, preserve",2026-07-16T12:17:08.060061+00:00
1992,1427,858,2026-07-16T12:17:08.060061+00:00,"to preserve, exist",2026-07-16T12:17:08.060061+00:00
1993,1427,716,2026-07-16T12:17:08.060061+00:00,"contain, hold",2026-07-16T12:17:08.060061+00:00
1994,1427,47,2026-07-16T12:17:08.060061+00:00,"container, vessel",2026-07-16T12:17:08.060061+00:00
1995,1428,343,2026-07-16T12:17:08.060061+00:00,"tool, item",2026-07-16T12:17:08.060061+00:00
1996,1430,8,2026-07-16T12:17:08.060061+00:00,"to put away, store",2026-07-16T12:17:08.060061+00:00
1997,1430,996,2026-07-16T12:17:08.060061+00:00,"to store, contain",2026-07-16T12:17:08.060061+00:00
1998,1431,98,2026-07-16T12:17:08.060061+00:00,"writing, script",2026-07-16T12:17:08.060061+00:00
1999,1431,343,2026-07-16T12:17:08.060061+00:00,"tool, implement",2026-07-16T12:17:08.060061+00:00
2000,1433,628,2026-07-16T12:17:08.060061+00:00,"to rescue, save",2026-07-16T12:17:08.060061+00:00
2001,1433,437,2026-07-16T12:17:08.060061+00:00,"urgent, sudden",2026-07-16T12:17:08.060061+00:00
2002,1434,849,2026-07-16T12:17:08.060061+00:00,"guard, protect (health)",2026-07-16T12:17:08.060061+00:00
2003,1434,178,2026-07-16T12:17:08.060061+00:00,"life, living",2026-07-16T12:17:08.060061+00:00
2004,1437,55,2026-07-16T12:17:08.060061+00:00,new,2026-07-16T12:17:08.060061+00:00
2005,1437,178,2026-07-16T12:17:08.060061+00:00,born,2026-07-16T12:17:08.060061+00:00
2006,1437,578,2026-07-16T12:17:08.060061+00:00,"child, infant",2026-07-16T12:17:08.060061+00:00
2007,1438,14,2026-07-16T12:17:08.060061+00:00,to come out,2026-07-16T12:17:08.060061+00:00
2008,1438,78,2026-07-16T12:17:08.060061+00:00,to give birth,2026-07-16T12:17:08.060061+00:00
2009,1441,180,2026-07-16T12:17:08.060061+00:00,"under, below",2026-07-16T12:17:08.060061+00:00
2010,1441,34,2026-07-16T12:17:08.060061+00:00,"garment, wear",2026-07-16T12:17:08.060061+00:00
2011,1451,615,2026-07-16T12:17:08.060061+00:00,to fold,2026-07-16T12:17:08.060061+00:00
2012,1452,656,2026-07-16T12:17:08.060061+00:00,"gateway, entrance (barrier)",2026-07-16T12:17:08.060061+00:00
2013,1453,970,2026-07-16T12:17:08.060061+00:00,to sit,2026-07-16T12:17:08.060061+00:00
2014,1453,724,2026-07-16T12:17:08.060061+00:00,cloth,2026-07-16T12:17:08.060061+00:00
2015,1453,737,2026-07-16T12:17:08.060061+00:00,round bundle (cushion),2026-07-16T12:17:08.060061+00:00
2016,1456,113,2026-07-16T12:17:08.060061+00:00,book,2026-07-16T12:17:08.060061+00:00
2017,1457,214,2026-07-16T12:17:08.060061+00:00,"stand, platform",2026-07-16T12:17:08.060061+00:00
2018,1458,99,2026-07-16T12:17:08.060061+00:00,food,2026-07-16T12:17:08.060061+00:00
2019,1458,47,2026-07-16T12:17:08.060061+00:00,"tableware, utensil",2026-07-16T12:17:08.060061+00:00
2020,1459,127,2026-07-16T12:17:08.060061+00:00,noun suffix (chair),2026-07-16T12:17:08.060061+00:00
2021,1463,639,2026-07-16T12:17:08.060061+00:00,"to shine, illuminate",2026-07-16T12:17:08.060061+00:00
2022,1463,61,2026-07-16T12:17:08.060061+00:00,"bright, light",2026-07-16T12:17:08.060061+00:00
2023,1465,343,2026-07-16T12:17:08.060061+00:00,"equipment, gear",2026-07-16T12:17:08.060061+00:00
2024,1466,724,2026-07-16T12:17:08.060061+00:00,cloth,2026-07-16T12:17:08.060061+00:00
2025,1466,737,2026-07-16T12:17:08.060061+00:00,round bundle (futon),2026-07-16T12:17:08.060061+00:00
2026,1469,150,2026-07-16T12:17:08.060061+00:00,"stone (mineral, historic soap)",2026-07-16T12:17:08.060061+00:00
2027,1471,740,2026-07-16T12:17:08.060061+00:00,distilled (burnt/heated),2026-07-16T12:17:08.060061+00:00
2028,1472,935,2026-07-16T12:17:08.060061+00:00,"red, crimson",2026-07-16T12:17:08.060061+00:00
2029,1472,269,2026-07-16T12:17:08.060061+00:00,tea,2026-07-16T12:17:08.060061+00:00
2030,1473,369,2026-07-16T12:17:08.060061+00:00,carbon,2026-07-16T12:17:08.060061+00:00
2031,1473,675,2026-07-16T12:17:08.060061+00:00,acid (carbonation),2026-07-16T12:17:08.060061+00:00
2032,1473,140,2026-07-16T12:17:08.060061+00:00,water,2026-07-16T12:17:08.060061+00:00
2033,1475,13,2026-07-16T12:17:08.060061+00:00,"goods, things",2026-07-16T12:17:08.060061+00:00
2034,1476,438,2026-07-16T12:17:08.060061+00:00,"to blend, adjust",2026-07-16T12:17:08.060061+00:00
2035,1476,73,2026-07-16T12:17:08.060061+00:00,"flavor, taste",2026-07-16T12:17:08.060061+00:00
2036,1476,40,2026-07-16T12:17:08.060061+00:00,"ingredient, material",2026-07-16T12:17:08.060061+00:00
2037,1477,540,2026-07-16T12:17:08.060061+00:00,"type, category (noodle varieties)",2026-07-16T12:17:08.060061+00:00
2038,1478,69,2026-07-16T12:17:08.060061+00:00,fish,2026-07-16T12:17:08.060061+00:00
2039,1479,764,2026-07-16T12:17:08.060061+00:00,"refined, pure",2026-07-16T12:17:08.060061+00:00
2040,1479,68,2026-07-16T12:17:08.060061+00:00,meat,2026-07-16T12:17:08.060061+00:00
2041,1480,117,2026-07-16T12:17:08.060061+00:00,"green, fresh (produce)",2026-07-16T12:17:08.060061+00:00
2042,1480,67,2026-07-16T12:17:08.060061+00:00,fruit,2026-07-16T12:17:08.060061+00:00
2043,1481,70,2026-07-16T12:17:08.060061+00:00,cold,2026-07-16T12:17:08.060061+00:00
2044,1481,71,2026-07-16T12:17:08.060061+00:00,to freeze,2026-07-16T12:17:08.060061+00:00
2045,1481,99,2026-07-16T12:17:08.060061+00:00,food,2026-07-16T12:17:08.060061+00:00
2046,1481,38,2026-07-16T12:17:08.060061+00:00,"product, item",2026-07-16T12:17:08.060061+00:00
2047,1482,66,2026-07-16T12:17:08.060061+00:00,"dish, vegetable",2026-07-16T12:17:08.060061+00:00
2048,1483,190,2026-07-16T12:17:08.060061+00:00,"wide, broad",2026-07-16T12:17:08.060061+00:00
2049,1485,151,2026-07-16T12:17:08.060061+00:00,"empty, vacant",2026-07-16T12:17:08.060061+00:00
2050,1485,225,2026-07-16T12:17:08.060061+00:00,room,2026-07-16T12:17:08.060061+00:00
2051,1486,30,2026-07-16T12:17:08.060061+00:00,self,2026-07-16T12:17:08.060061+00:00
2052,1486,377,2026-07-16T12:17:08.060061+00:00,to move,2026-07-16T12:17:08.060061+00:00
2053,1486,160,2026-07-16T12:17:08.060061+00:00,vehicle,2026-07-16T12:17:08.060061+00:00
2054,1487,48,2026-07-16T12:17:08.060061+00:00,"to protect, guarantee",2026-07-16T12:17:08.060061+00:00
2055,1487,648,2026-07-16T12:17:08.060061+00:00,risk (insured against),2026-07-16T12:17:08.060061+00:00
2056,1488,1012,2026-07-16T12:17:08.060061+00:00,to remove (dirt),2026-07-16T12:17:08.060061+00:00
2057,1489,94,2026-07-16T12:17:08.060061+00:00,to wash,2026-07-16T12:17:08.060061+00:00
2058,1492,155,2026-07-16T12:17:08.060061+00:00,flower,2026-07-16T12:17:08.060061+00:00
2059,1493,127,2026-07-16T12:17:08.060061+00:00,noun suffix (hat),2026-07-16T12:17:08.060061+00:00
2060,1494,829,2026-07-16T12:17:08.060061+00:00,"wealth, money",2026-07-16T12:17:08.060061+00:00
2061,1494,724,2026-07-16T12:17:08.060061+00:00,cloth (wallet material),2026-07-16T12:17:08.060061+00:00
2062,1495,10,2026-07-16T12:17:08.060061+00:00,shop,2026-07-16T12:17:08.060061+00:00
2063,1496,891,2026-07-16T12:17:08.060061+00:00,"to compile, edit",2026-07-16T12:17:08.060061+00:00
2064,1496,429,2026-07-16T12:17:08.060061+00:00,"to gather, compile",2026-07-16T12:17:08.060061+00:00
2065,1497,48,2026-07-16T12:17:08.060061+00:00,to keep,2026-07-16T12:17:08.060061+00:00
2066,1497,858,2026-07-16T12:17:08.060061+00:00,"to preserve, exist",2026-07-16T12:17:08.060061+00:00
2067,1498,384,2026-07-16T12:17:08.060061+00:00,"to register, enter",2026-07-16T12:17:08.060061+00:00
2068,1498,562,2026-07-16T12:17:08.060061+00:00,to record,2026-07-16T12:17:08.060061+00:00
2069,1499,693,2026-07-16T12:17:08.060061+00:00,"to inspect, examine",2026-07-16T12:17:08.060061+00:00
2070,1500,702,2026-07-16T12:17:08.060061+00:00,"individual, single",2026-07-16T12:17:08.060061+00:00
2071,1500,225,2026-07-16T12:17:08.060061+00:00,room,2026-07-16T12:17:08.060061+00:00
2072,1501,612,2026-07-16T12:17:08.060061+00:00,"sushi (ateji, phonetic)",2026-07-16T12:17:08.060061+00:00
2073,1502,149,2026-07-16T12:17:08.060061+00:00,eye (round shape),2026-07-16T12:17:08.060061+00:00
2074,1502,143,2026-07-16T12:17:08.060061+00:00,"ball, sphere (egg yolk)",2026-07-16T12:17:08.060061+00:00
2075,1502,740,2026-07-16T12:17:08.060061+00:00,"to fry, cook",2026-07-16T12:17:08.060061+00:00
